transaction_id,customer_id,transaction_date,amount,category,discount_used
TXN0000001,CUST00001,2025-10-31,75.49,Sports,0
TXN0000002,CUST00002,2025-08-31,27.37,Books,0
TXN0000003,CUST00002,2025-02-20,67.09,Beauty,0
TXN0000004,CUST00002,2025-01-18,35.56,Home & Kitchen,0
TXN0000005,CUST00002,2025-04-17,34.42,Books,1
TXN0000006,CUST00002,2025-12-03,132.9,Electronics,0
TXN0000007,CUST00002,2024-08-11,27.99,Sports,0
TXN0000008,CUST00002,2025-04-01,72.71,Home & Kitchen,0
TXN0000009,CUST00002,2025-04-03,81.68,Sports,0
TXN0000010,CUST00002,2025-04-07,71.46,Electronics,1
TXN0000011,CUST00002,2025-07-22,72.64,Books,0
TXN0000012,CUST00002,2024-05-19,41.53,Electronics,1
TXN0000013,CUST00002,2025-01-25,34.19,Home & Kitchen,1
TXN0000014,CUST00002,2024-10-05,20.43,Electronics,0
TXN0000015,CUST00002,2025-11-11,108.95,Fashion,0
TXN0000016,CUST00002,2025-09-02,209.55,Sports,0
TXN0000017,CUST00002,2024-07-08,94.37,Electronics,1
TXN0000018,CUST00002,2025-08-06,64.77,Electronics,0
TXN0000019,CUST00002,2024-06-21,35.38,Books,0
TXN0000020,CUST00002,2025-07-13,90.31,Fashion,0
TXN0000021,CUST00002,2025-02-14,127.7,Sports,1
TXN0000022,CUST00002,2025-06-23,69.1,Beauty,0
TXN0000023,CUST00002,2024-12-30,78.9,Fashion,0
TXN0000024,CUST00002,2024-11-14,34.72,Fashion,0
TXN0000025,CUST00002,2024-06-11,144.44,Sports,0
TXN0000026,CUST00002,2025-10-26,51.3,Books,0
TXN0000027,CUST00002,2025-10-29,75.0,Fashion,0
TXN0000028,CUST00002,2025-10-08,91.22,Sports,0
TXN0000029,CUST00002,2024-09-14,20.35,Books,0
TXN0000030,CUST00002,2024-10-19,45.07,Fashion,0
TXN0000031,CUST00002,2024-11-20,81.74,Sports,0
TXN0000032,CUST00002,2025-07-25,74.1,Books,0
TXN0000033,CUST00003,2025-12-13,24.01,Sports,0
TXN0000034,CUST00003,2025-11-18,94.36,Beauty,1
TXN0000035,CUST00003,2025-10-06,21.39,Books,0
TXN0000036,CUST00003,2025-12-04,25.52,Electronics,0
TXN0000037,CUST00004,2025-12-21,88.17,Books,0
TXN0000038,CUST00004,2025-11-24,16.97,Sports,1
TXN0000039,CUST00004,2025-12-27,175.31,Home & Kitchen,0
TXN0000040,CUST00004,2025-11-21,86.44,Books,1
TXN0000041,CUST00005,2025-02-06,26.07,Beauty,0
TXN0000042,CUST00005,2025-09-21,22.14,Books,0
TXN0000043,CUST00006,2025-05-07,54.87,Books,0
TXN0000044,CUST00006,2025-03-29,20.69,Beauty,0
TXN0000045,CUST00006,2025-02-12,87.44,Electronics,1
TXN0000046,CUST00006,2025-09-05,54.45,Fashion,1
TXN0000047,CUST00006,2025-05-30,63.38,Fashion,0
TXN0000048,CUST00006,2025-01-02,12.79,Sports,1
TXN0000049,CUST00006,2025-07-28,28.7,Beauty,0
TXN0000050,CUST00007,2025-10-29,34.8,Sports,0
TXN0000051,CUST00007,2025-10-23,23.21,Home & Kitchen,0
TXN0000052,CUST00007,2025-08-14,61.71,Books,1
TXN0000053,CUST00007,2024-08-19,40.37,Fashion,0
TXN0000054,CUST00007,2025-08-10,8.02,Sports,1
TXN0000055,CUST00007,2025-09-19,53.1,Sports,0
TXN0000056,CUST00007,2025-02-16,90.91,Beauty,0
TXN0000057,CUST00007,2024-12-19,46.65,Home & Kitchen,0
TXN0000058,CUST00007,2024-08-21,51.43,Home & Kitchen,0
TXN0000059,CUST00007,2025-03-23,100.26,Sports,0
TXN0000060,CUST00007,2025-01-13,39.62,Home & Kitchen,1
TXN0000061,CUST00007,2024-08-18,22.45,Home & Kitchen,1
TXN0000062,CUST00007,2025-10-17,46.03,Beauty,0
TXN0000063,CUST00007,2025-04-22,68.21,Books,0
TXN0000064,CUST00007,2025-07-13,33.42,Beauty,1
TXN0000065,CUST00007,2024-09-06,77.26,Books,0
TXN0000066,CUST00007,2025-01-31,48.69,Home & Kitchen,0
TXN0000067,CUST00007,2025-12-14,18.55,Sports,0
TXN0000068,CUST00007,2024-11-18,51.09,Fashion,0
TXN0000069,CUST00007,2025-06-17,52.52,Sports,1
TXN0000070,CUST00007,2025-06-21,11.09,Sports,0
TXN0000071,CUST00007,2025-05-22,57.75,Fashion,0
TXN0000072,CUST00007,2024-09-03,15.59,Beauty,0
TXN0000073,CUST00007,2024-10-31,90.37,Sports,1
TXN0000074,CUST00008,2024-12-19,37.61,Books,1
TXN0000075,CUST00008,2024-12-20,10.2,Home & Kitchen,0
TXN0000076,CUST00008,2025-05-12,80.69,Home & Kitchen,0
TXN0000077,CUST00008,2025-05-04,45.37,Beauty,1
TXN0000078,CUST00008,2024-09-14,28.71,Beauty,0
TXN0000079,CUST00008,2024-09-30,12.46,Beauty,0
TXN0000080,CUST00008,2024-10-07,71.19,Electronics,0
TXN0000081,CUST00008,2025-03-29,32.14,Books,0
TXN0000082,CUST00009,2025-09-09,54.61,Electronics,1
TXN0000083,CUST00009,2025-07-11,74.24,Home & Kitchen,0
TXN0000084,CUST00010,2024-11-26,8.64,Sports,0
TXN0000085,CUST00010,2024-09-05,34.44,Electronics,1
TXN0000086,CUST00010,2025-05-16,42.99,Sports,0
TXN0000087,CUST00010,2024-07-10,27.82,Fashion,0
TXN0000088,CUST00010,2025-07-11,4.11,Home & Kitchen,1
TXN0000089,CUST00010,2024-10-10,16.3,Electronics,0
TXN0000090,CUST00010,2025-06-06,41.84,Home & Kitchen,1
TXN0000091,CUST00011,2025-05-01,57.64,Fashion,0
TXN0000092,CUST00011,2025-03-28,94.43,Fashion,1
TXN0000093,CUST00011,2024-05-22,31.46,Home & Kitchen,0
TXN0000094,CUST00011,2025-11-21,48.64,Electronics,0
TXN0000095,CUST00011,2025-02-10,48.46,Books,0
TXN0000096,CUST00011,2025-11-28,24.13,Home & Kitchen,1
TXN0000097,CUST00011,2025-04-18,24.17,Sports,1
TXN0000098,CUST00012,2025-10-20,25.96,Sports,0
TXN0000099,CUST00012,2024-11-04,79.66,Sports,0
TXN0000100,CUST00012,2025-02-17,27.17,Sports,0
TXN0000101,CUST00013,2025-01-11,101.5,Sports,1
TXN0000102,CUST00013,2025-07-11,81.74,Fashion,0
TXN0000103,CUST00013,2025-12-24,126.48,Electronics,0
TXN0000104,CUST00013,2025-08-25,90.55,Electronics,0
TXN0000105,CUST00013,2025-10-29,18.58,Beauty,0
TXN0000106,CUST00013,2025-07-06,116.09,Home & Kitchen,0
TXN0000107,CUST00013,2025-02-07,90.63,Fashion,0
TXN0000108,CUST00013,2025-09-18,112.01,Fashion,1
TXN0000109,CUST00013,2025-06-15,61.03,Home & Kitchen,0
TXN0000110,CUST00013,2025-10-16,78.89,Home & Kitchen,1
TXN0000111,CUST00013,2025-06-29,53.25,Sports,1
TXN0000112,CUST00013,2025-01-31,47.41,Fashion,0
TXN0000113,CUST00013,2025-02-20,66.02,Fashion,0
TXN0000114,CUST00013,2025-08-08,62.67,Home & Kitchen,0
TXN0000115,CUST00013,2025-08-13,36.48,Home & Kitchen,1
TXN0000116,CUST00013,2025-04-19,48.92,Electronics,0
TXN0000117,CUST00013,2024-12-19,139.44,Sports,0
TXN0000118,CUST00013,2025-04-09,71.37,Beauty,0
TXN0000119,CUST00013,2025-07-27,83.61,Sports,0
TXN0000120,CUST00013,2025-03-12,21.9,Fashion,0
TXN0000121,CUST00013,2025-03-15,92.5,Books,0
TXN0000122,CUST00013,2025-09-14,56.16,Electronics,0
TXN0000123,CUST00013,2025-11-25,96.62,Books,0
TXN0000124,CUST00014,2025-04-27,45.55,Home & Kitchen,0
TXN0000125,CUST00014,2025-02-27,53.29,Beauty,1
TXN0000126,CUST00014,2025-11-12,106.39,Fashion,1
TXN0000127,CUST00014,2025-02-16,88.65,Beauty,0
TXN0000128,CUST00014,2025-12-06,81.83,Books,0
TXN0000129,CUST00014,2025-08-13,76.61,Books,0
TXN0000130,CUST00014,2025-12-17,39.21,Sports,0
TXN0000131,CUST00014,2025-06-17,65.79,Electronics,0
TXN0000132,CUST00014,2025-09-23,121.23,Sports,1
TXN0000133,CUST00015,2025-10-23,17.25,Books,1
TXN0000134,CUST00015,2024-07-06,47.35,Home & Kitchen,0
TXN0000135,CUST00015,2025-03-06,40.5,Electronics,0
TXN0000136,CUST00015,2025-08-20,25.19,Books,0
TXN0000137,CUST00015,2024-12-23,61.74,Sports,0
TXN0000138,CUST00016,2025-03-12,81.27,Beauty,0
TXN0000139,CUST00016,2025-08-14,46.21,Electronics,1
TXN0000140,CUST00016,2024-12-21,64.59,Electronics,1
TXN0000141,CUST00016,2024-09-02,28.62,Home & Kitchen,0
TXN0000142,CUST00016,2024-12-30,54.68,Home & Kitchen,0
TXN0000143,CUST00016,2025-03-14,134.15,Beauty,0
TXN0000144,CUST00016,2025-04-17,73.95,Beauty,1
TXN0000145,CUST00016,2024-10-09,67.9,Electronics,0
TXN0000146,CUST00016,2025-10-29,56.4,Fashion,0
TXN0000147,CUST00016,2025-04-04,61.44,Books,0
TXN0000148,CUST00016,2025-05-15,77.8,Books,1
TXN0000149,CUST00016,2025-11-05,100.92,Sports,0
TXN0000150,CUST00016,2024-11-01,67.45,Electronics,0
TXN0000151,CUST00016,2025-09-10,50.1,Books,1
TXN0000152,CUST00016,2024-10-21,52.13,Books,0
TXN0000153,CUST00016,2024-06-12,90.29,Beauty,0
TXN0000154,CUST00016,2024-10-15,86.69,Electronics,1
TXN0000155,CUST00016,2024-07-02,30.65,Home & Kitchen,0
TXN0000156,CUST00016,2025-02-28,23.36,Sports,0
TXN0000157,CUST00016,2024-05-30,28.95,Electronics,1
TXN0000158,CUST00016,2024-11-11,70.89,Home & Kitchen,0
TXN0000159,CUST00016,2024-06-17,50.49,Sports,0
TXN0000160,CUST00016,2024-09-17,270.6,Sports,1
TXN0000161,CUST00016,2025-09-28,73.73,Fashion,0
TXN0000162,CUST00016,2024-07-18,25.9,Home & Kitchen,0
TXN0000163,CUST00016,2025-03-02,61.39,Sports,0
TXN0000164,CUST00016,2024-08-01,18.09,Books,0
TXN0000165,CUST00016,2025-11-09,44.8,Fashion,0
TXN0000166,CUST00016,2025-08-28,14.24,Fashion,0
TXN0000167,CUST00017,2025-12-05,72.77,Electronics,0
TXN0000168,CUST00017,2025-04-14,48.63,Books,0
TXN0000169,CUST00017,2025-08-21,69.68,Books,0
TXN0000170,CUST00017,2024-12-01,10.62,Beauty,0
TXN0000171,CUST00017,2024-12-28,73.45,Beauty,0
TXN0000172,CUST00017,2025-12-02,145.58,Sports,0
TXN0000173,CUST00017,2024-12-27,35.09,Sports,0
TXN0000174,CUST00017,2025-08-05,56.07,Sports,0
TXN0000175,CUST00017,2025-05-15,80.92,Electronics,1
TXN0000176,CUST00017,2025-12-23,78.02,Fashion,0
TXN0000177,CUST00017,2025-10-16,92.92,Beauty,0
TXN0000178,CUST00017,2025-04-20,24.93,Home & Kitchen,0
TXN0000179,CUST00017,2025-06-29,75.82,Beauty,0
TXN0000180,CUST00017,2024-10-14,64.46,Fashion,0
TXN0000181,CUST00017,2024-09-28,36.0,Fashion,0
TXN0000182,CUST00017,2025-12-24,162.01,Home & Kitchen,0
TXN0000183,CUST00017,2025-12-18,88.17,Electronics,0
TXN0000184,CUST00017,2025-07-07,16.35,Beauty,0
TXN0000185,CUST00017,2025-11-08,74.19,Sports,0
TXN0000186,CUST00017,2024-09-16,91.79,Books,0
TXN0000187,CUST00017,2024-12-02,157.46,Electronics,1
TXN0000188,CUST00017,2024-11-11,21.65,Sports,0
TXN0000189,CUST00017,2025-10-04,164.3,Beauty,0
TXN0000190,CUST00017,2025-01-15,34.19,Home & Kitchen,0
TXN0000191,CUST00017,2025-03-12,89.59,Electronics,0
TXN0000192,CUST00017,2024-10-04,113.57,Beauty,0
TXN0000193,CUST00018,2024-12-16,17.73,Sports,1
TXN0000194,CUST00019,2025-03-02,18.1,Beauty,0
TXN0000195,CUST00019,2025-04-13,93.89,Books,0
TXN0000196,CUST00019,2025-07-21,13.98,Fashion,1
TXN0000197,CUST00019,2025-12-30,36.02,Fashion,0
TXN0000198,CUST00019,2025-04-03,43.92,Beauty,1
TXN0000199,CUST00020,2025-12-06,17.55,Sports,0
TXN0000200,CUST00021,2025-06-17,8.54,Fashion,0
TXN0000201,CUST00021,2025-03-08,26.15,Beauty,0
TXN0000202,CUST00021,2025-01-22,43.38,Beauty,0
TXN0000203,CUST00021,2025-01-08,53.69,Books,0
TXN0000204,CUST00021,2025-10-09,31.63,Sports,0
TXN0000205,CUST00021,2025-09-23,54.19,Fashion,0
TXN0000206,CUST00021,2025-04-13,37.98,Sports,0
TXN0000207,CUST00022,2024-08-01,57.94,Sports,0
TXN0000208,CUST00022,2024-10-28,164.09,Books,0
TXN0000209,CUST00022,2025-04-12,48.16,Sports,0
TXN0000210,CUST00022,2025-04-30,32.67,Fashion,0
TXN0000211,CUST00022,2025-01-25,35.94,Fashion,1
TXN0000212,CUST00022,2025-08-09,19.05,Electronics,0
TXN0000213,CUST00022,2024-04-02,11.18,Home & Kitchen,1
TXN0000214,CUST00023,2025-08-09,71.77,Beauty,1
TXN0000215,CUST00023,2024-12-12,34.1,Home & Kitchen,0
TXN0000216,CUST00023,2025-05-05,18.4,Books,0
TXN0000217,CUST00023,2025-08-30,41.9,Sports,0
TXN0000218,CUST00023,2024-06-03,48.07,Electronics,1
TXN0000219,CUST00023,2024-04-26,123.23,Electronics,0
TXN0000220,CUST00023,2024-11-15,21.26,Books,0
TXN0000221,CUST00023,2024-07-09,52.23,Beauty,1
TXN0000222,CUST00023,2025-11-06,84.38,Beauty,0
TXN0000223,CUST00023,2024-06-07,93.18,Home & Kitchen,0
TXN0000224,CUST00023,2024-12-17,53.03,Home & Kitchen,0
TXN0000225,CUST00024,2025-12-24,119.79,Fashion,0
TXN0000226,CUST00024,2025-12-29,81.22,Home & Kitchen,0
TXN0000227,CUST00024,2025-10-26,20.28,Home & Kitchen,0
TXN0000228,CUST00024,2024-06-21,16.05,Sports,0
TXN0000229,CUST00024,2024-06-15,90.06,Books,0
TXN0000230,CUST00024,2024-07-31,10.93,Electronics,1
TXN0000231,CUST00024,2024-12-10,33.62,Home & Kitchen,0
TXN0000232,CUST00024,2024-05-31,52.17,Fashion,1
TXN0000233,CUST00024,2024-12-12,131.54,Home & Kitchen,1
TXN0000234,CUST00024,2025-01-14,82.44,Sports,0
TXN0000235,CUST00024,2024-09-25,33.51,Beauty,0
TXN0000236,CUST00024,2024-09-29,52.66,Sports,0
TXN0000237,CUST00024,2024-06-05,52.58,Fashion,0
TXN0000238,CUST00024,2025-03-25,131.91,Beauty,0
TXN0000239,CUST00024,2024-04-04,67.46,Electronics,1
TXN0000240,CUST00024,2025-05-18,72.75,Fashion,0
TXN0000241,CUST00024,2024-03-11,97.05,Fashion,0
TXN0000242,CUST00024,2024-08-22,66.65,Books,0
TXN0000243,CUST00024,2025-10-03,91.89,Home & Kitchen,1
TXN0000244,CUST00024,2025-02-10,30.4,Fashion,0
TXN0000245,CUST00024,2025-07-12,153.65,Books,0
TXN0000246,CUST00024,2025-07-24,68.01,Electronics,0
TXN0000247,CUST00025,2024-09-20,38.65,Electronics,1
TXN0000248,CUST00025,2025-07-22,65.49,Books,0
TXN0000249,CUST00025,2025-02-04,73.16,Electronics,0
TXN0000250,CUST00025,2024-08-30,96.33,Fashion,1
TXN0000251,CUST00025,2025-05-12,19.08,Sports,0
TXN0000252,CUST00025,2025-12-07,31.16,Fashion,1
TXN0000253,CUST00025,2025-03-17,49.0,Home & Kitchen,0
TXN0000254,CUST00025,2025-08-26,57.46,Electronics,0
TXN0000255,CUST00025,2024-10-02,71.78,Home & Kitchen,0
TXN0000256,CUST00025,2024-10-24,44.49,Books,1
TXN0000257,CUST00027,2025-06-01,28.34,Electronics,0
TXN0000258,CUST00027,2025-08-29,76.75,Home & Kitchen,0
TXN0000259,CUST00027,2025-11-01,111.23,Beauty,0
TXN0000260,CUST00027,2025-06-12,25.46,Beauty,0
TXN0000261,CUST00027,2025-11-02,85.96,Electronics,0
TXN0000262,CUST00027,2025-10-02,50.15,Home & Kitchen,0
TXN0000263,CUST00027,2025-10-25,118.74,Fashion,0
TXN0000264,CUST00027,2025-06-06,138.94,Books,0
TXN0000265,CUST00028,2025-04-21,41.52,Sports,0
TXN0000266,CUST00028,2024-12-22,41.35,Fashion,0
TXN0000267,CUST00028,2025-12-09,37.26,Fashion,0
TXN0000268,CUST00028,2025-07-10,32.38,Sports,1
TXN0000269,CUST00030,2025-12-25,17.0,Sports,0
TXN0000270,CUST00030,2025-01-30,72.6,Home & Kitchen,0
TXN0000271,CUST00030,2025-03-14,62.43,Sports,0
TXN0000272,CUST00030,2025-05-31,50.77,Beauty,1
TXN0000273,CUST00030,2025-11-25,15.13,Sports,0
TXN0000274,CUST00031,2025-08-01,80.76,Books,0
TXN0000275,CUST00032,2024-07-07,43.61,Fashion,0
TXN0000276,CUST00032,2025-10-08,43.53,Books,0
TXN0000277,CUST00032,2024-11-08,20.49,Books,0
TXN0000278,CUST00032,2024-12-16,46.23,Books,0
TXN0000279,CUST00032,2025-09-08,29.18,Electronics,0
TXN0000280,CUST00032,2024-03-03,87.39,Beauty,0
TXN0000281,CUST00032,2025-01-23,22.8,Sports,0
TXN0000282,CUST00032,2024-07-28,39.74,Books,0
TXN0000283,CUST00032,2024-02-29,38.22,Sports,0
TXN0000284,CUST00032,2025-12-12,33.53,Electronics,0
TXN0000285,CUST00032,2025-09-13,22.43,Home & Kitchen,1
TXN0000286,CUST00032,2025-10-18,151.8,Fashion,0
TXN0000287,CUST00032,2025-05-06,126.48,Electronics,0
TXN0000288,CUST00032,2024-12-28,83.12,Home & Kitchen,1
TXN0000289,CUST00032,2024-07-14,51.8,Fashion,0
TXN0000290,CUST00032,2024-11-19,48.36,Books,0
TXN0000291,CUST00033,2025-07-02,20.72,Sports,0
TXN0000292,CUST00033,2025-10-20,17.1,Home & Kitchen,1
TXN0000293,CUST00033,2024-05-19,60.53,Electronics,0
TXN0000294,CUST00033,2025-08-26,42.79,Beauty,0
TXN0000295,CUST00033,2025-03-20,5.72,Books,0
TXN0000296,CUST00033,2024-09-20,29.03,Electronics,0
TXN0000297,CUST00033,2025-05-27,59.39,Electronics,0
TXN0000298,CUST00033,2024-06-10,32.32,Beauty,1
TXN0000299,CUST00033,2025-04-25,64.17,Books,0
TXN0000300,CUST00033,2024-07-06,174.78,Home & Kitchen,0
TXN0000301,CUST00033,2024-12-02,57.43,Books,1
TXN0000302,CUST00033,2024-08-01,24.13,Books,1
TXN0000303,CUST00033,2025-11-18,38.9,Home & Kitchen,1
TXN0000304,CUST00033,2024-05-31,32.43,Electronics,0
TXN0000305,CUST00034,2024-06-02,47.0,Electronics,0
TXN0000306,CUST00034,2024-07-26,142.4,Home & Kitchen,0
TXN0000307,CUST00036,2025-12-23,28.79,Books,0
TXN0000308,CUST00036,2025-11-20,20.51,Beauty,1
TXN0000309,CUST00036,2025-09-06,49.69,Fashion,0
TXN0000310,CUST00036,2025-01-24,23.46,Beauty,1
TXN0000311,CUST00036,2025-09-28,71.61,Sports,1
TXN0000312,CUST00036,2025-10-22,20.81,Books,0
TXN0000313,CUST00036,2024-12-14,70.84,Electronics,0
TXN0000314,CUST00036,2025-05-09,82.06,Home & Kitchen,1
TXN0000315,CUST00036,2025-06-27,89.36,Beauty,1
TXN0000316,CUST00038,2025-09-29,138.4,Sports,0
TXN0000317,CUST00038,2025-08-22,28.4,Sports,0
TXN0000318,CUST00038,2025-02-21,47.85,Electronics,1
TXN0000319,CUST00038,2025-01-26,82.77,Fashion,0
TXN0000320,CUST00038,2025-09-22,52.2,Fashion,0
TXN0000321,CUST00038,2025-06-08,15.37,Sports,0
TXN0000322,CUST00038,2025-09-03,40.23,Beauty,0
TXN0000323,CUST00038,2025-12-15,34.97,Sports,0
TXN0000324,CUST00038,2024-06-27,36.39,Books,1
TXN0000325,CUST00038,2024-06-21,123.15,Electronics,0
TXN0000326,CUST00038,2024-08-16,82.67,Electronics,0
TXN0000327,CUST00038,2024-10-16,68.77,Fashion,0
TXN0000328,CUST00038,2025-06-02,47.61,Sports,0
TXN0000329,CUST00038,2025-04-28,38.61,Home & Kitchen,0
TXN0000330,CUST00038,2025-07-30,79.94,Home & Kitchen,0
TXN0000331,CUST00038,2025-05-06,64.48,Beauty,0
TXN0000332,CUST00039,2024-12-07,75.2,Beauty,1
TXN0000333,CUST00039,2025-08-19,39.92,Books,1
TXN0000334,CUST00039,2025-10-24,23.02,Fashion,1
TXN0000335,CUST00039,2024-10-04,53.11,Electronics,1
TXN0000336,CUST00039,2025-12-25,23.98,Home & Kitchen,0
TXN0000337,CUST00039,2025-09-23,25.43,Books,1
TXN0000338,CUST00039,2025-09-08,80.71,Home & Kitchen,0
TXN0000339,CUST00039,2025-12-18,32.18,Home & Kitchen,1
TXN0000340,CUST00039,2024-12-21,154.43,Books,0
TXN0000341,CUST00039,2025-01-14,34.48,Home & Kitchen,0
TXN0000342,CUST00039,2024-08-24,74.43,Fashion,1
TXN0000343,CUST00039,2025-10-26,95.04,Sports,1
TXN0000344,CUST00039,2025-02-24,39.13,Home & Kitchen,0
TXN0000345,CUST00039,2025-03-07,64.13,Electronics,0
TXN0000346,CUST00039,2025-08-06,85.08,Books,0
TXN0000347,CUST00039,2025-12-06,53.91,Home & Kitchen,0
TXN0000348,CUST00039,2025-10-04,85.78,Beauty,1
TXN0000349,CUST00039,2025-09-20,86.93,Electronics,0
TXN0000350,CUST00039,2025-09-14,34.95,Sports,0
TXN0000351,CUST00039,2025-03-19,9.04,Home & Kitchen,0
TXN0000352,CUST00040,2025-11-17,32.48,Fashion,0
TXN0000353,CUST00040,2025-07-17,15.08,Fashion,1
TXN0000354,CUST00042,2024-05-12,79.68,Home & Kitchen,1
TXN0000355,CUST00042,2024-08-16,36.2,Beauty,0
TXN0000356,CUST00042,2024-10-09,32.54,Books,0
TXN0000357,CUST00042,2024-09-18,34.29,Fashion,0
TXN0000358,CUST00042,2024-08-17,19.92,Electronics,0
TXN0000359,CUST00042,2024-06-08,70.03,Books,0
TXN0000360,CUST00042,2024-07-23,44.02,Beauty,0
TXN0000361,CUST00042,2024-08-28,39.02,Sports,0
TXN0000362,CUST00042,2025-02-22,38.61,Books,0
TXN0000363,CUST00042,2025-02-25,21.76,Sports,1
TXN0000364,CUST00043,2025-07-13,20.03,Books,0
TXN0000365,CUST00043,2025-07-28,14.44,Books,1
TXN0000366,CUST00043,2025-07-28,43.91,Fashion,0
TXN0000367,CUST00044,2025-09-09,16.66,Beauty,0
TXN0000368,CUST00044,2025-07-25,33.39,Fashion,1
TXN0000369,CUST00044,2025-11-30,25.39,Sports,0
TXN0000370,CUST00044,2025-12-23,158.59,Fashion,1
TXN0000371,CUST00044,2025-01-10,86.73,Beauty,1
TXN0000372,CUST00044,2024-12-13,39.4,Home & Kitchen,0
TXN0000373,CUST00044,2025-08-02,30.53,Sports,0
TXN0000374,CUST00044,2025-07-24,125.96,Home & Kitchen,1
TXN0000375,CUST00044,2025-06-23,14.93,Beauty,0
TXN0000376,CUST00044,2025-12-21,22.47,Sports,0
TXN0000377,CUST00044,2025-07-24,55.16,Fashion,0
TXN0000378,CUST00044,2025-06-24,118.47,Fashion,0
TXN0000379,CUST00044,2025-01-04,87.16,Books,0
TXN0000380,CUST00044,2025-08-15,40.4,Fashion,1
TXN0000381,CUST00044,2025-10-09,102.35,Sports,0
TXN0000382,CUST00044,2025-02-24,31.11,Sports,0
TXN0000383,CUST00044,2025-05-19,2.36,Books,0
TXN0000384,CUST00044,2025-07-30,120.13,Fashion,0
TXN0000385,CUST00044,2025-11-09,89.04,Fashion,0
TXN0000386,CUST00044,2025-09-04,80.1,Home & Kitchen,0
TXN0000387,CUST00046,2025-09-03,47.36,Books,1
TXN0000388,CUST00046,2025-11-21,71.93,Books,0
TXN0000389,CUST00046,2025-09-04,142.56,Sports,0
TXN0000390,CUST00046,2025-11-28,35.47,Fashion,0
TXN0000391,CUST00046,2025-08-02,55.85,Beauty,0
TXN0000392,CUST00046,2025-11-19,12.23,Fashion,0
TXN0000393,CUST00046,2025-09-01,111.76,Books,1
TXN0000394,CUST00046,2025-10-07,51.11,Sports,0
TXN0000395,CUST00046,2025-08-28,105.46,Fashion,0
TXN0000396,CUST00047,2025-09-24,31.93,Home & Kitchen,0
TXN0000397,CUST00047,2025-08-06,27.92,Electronics,0
TXN0000398,CUST00047,2025-12-19,53.73,Sports,1
TXN0000399,CUST00047,2025-10-06,20.23,Sports,1
TXN0000400,CUST00047,2025-08-08,145.85,Books,0
TXN0000401,CUST00048,2025-09-11,8.5,Electronics,1
TXN0000402,CUST00048,2025-09-27,70.05,Fashion,0
TXN0000403,CUST00048,2025-08-14,77.79,Home & Kitchen,0
TXN0000404,CUST00049,2024-09-23,104.75,Fashion,0
TXN0000405,CUST00049,2024-11-11,28.94,Books,0
TXN0000406,CUST00049,2024-06-17,37.33,Electronics,1
TXN0000407,CUST00049,2024-10-05,37.25,Home & Kitchen,0
TXN0000408,CUST00049,2024-10-19,46.79,Beauty,0
TXN0000409,CUST00049,2025-01-14,66.16,Beauty,1
TXN0000410,CUST00049,2024-07-19,25.4,Home & Kitchen,0
TXN0000411,CUST00049,2024-07-18,33.69,Beauty,0
TXN0000412,CUST00049,2025-05-30,123.65,Books,1
TXN0000413,CUST00049,2024-11-23,76.89,Books,0
TXN0000414,CUST00049,2025-01-27,31.76,Books,0
TXN0000415,CUST00049,2024-05-19,29.79,Home & Kitchen,0
TXN0000416,CUST00049,2025-10-15,25.64,Fashion,0
TXN0000417,CUST00049,2025-06-04,59.68,Fashion,0
TXN0000418,CUST00049,2025-11-17,51.75,Electronics,1
TXN0000419,CUST00050,2024-12-13,16.86,Fashion,0
TXN0000420,CUST00050,2024-08-21,46.3,Fashion,1
TXN0000421,CUST00050,2024-05-01,63.37,Electronics,0
TXN0000422,CUST00050,2025-04-24,45.44,Sports,0
TXN0000423,CUST00050,2024-08-28,38.82,Sports,0
TXN0000424,CUST00050,2024-11-12,64.22,Home & Kitchen,0
TXN0000425,CUST00051,2025-04-21,46.27,Sports,0
TXN0000426,CUST00051,2025-10-27,89.21,Sports,1
TXN0000427,CUST00051,2025-05-08,72.47,Sports,0
TXN0000428,CUST00051,2025-03-27,57.45,Fashion,0
TXN0000429,CUST00051,2025-01-15,47.49,Sports,0
TXN0000430,CUST00051,2025-06-30,25.66,Fashion,0
TXN0000431,CUST00051,2025-08-22,31.99,Fashion,0
TXN0000432,CUST00052,2025-02-05,51.05,Books,1
TXN0000433,CUST00052,2024-10-29,21.29,Electronics,0
TXN0000434,CUST00052,2025-01-29,55.17,Home & Kitchen,1
TXN0000435,CUST00052,2025-01-06,8.98,Electronics,1
TXN0000436,CUST00052,2025-05-21,5.51,Books,1
TXN0000437,CUST00052,2024-10-01,64.9,Beauty,0
TXN0000438,CUST00052,2025-05-28,36.11,Fashion,0
TXN0000439,CUST00052,2025-07-25,97.49,Sports,0
TXN0000440,CUST00055,2025-12-17,31.78,Sports,0
TXN0000441,CUST00055,2025-04-10,48.31,Beauty,0
TXN0000442,CUST00055,2025-09-15,18.47,Books,1
TXN0000443,CUST00055,2025-06-21,88.94,Books,0
TXN0000444,CUST00055,2025-07-25,92.56,Home & Kitchen,1
TXN0000445,CUST00055,2025-11-07,149.13,Fashion,1
TXN0000446,CUST00055,2025-07-29,25.96,Beauty,0
TXN0000447,CUST00055,2025-08-28,9.2,Beauty,1
TXN0000448,CUST00056,2025-02-24,10.72,Beauty,0
TXN0000449,CUST00056,2024-09-13,36.59,Fashion,0
TXN0000450,CUST00056,2025-03-24,71.29,Fashion,0
TXN0000451,CUST00056,2025-07-19,28.47,Fashion,1
TXN0000452,CUST00056,2024-09-02,25.31,Fashion,0
TXN0000453,CUST00057,2025-12-01,27.92,Electronics,1
TXN0000454,CUST00057,2025-10-07,66.66,Beauty,0
TXN0000455,CUST00058,2024-10-13,31.62,Electronics,0
TXN0000456,CUST00058,2025-01-07,33.23,Home & Kitchen,0
TXN0000457,CUST00058,2025-06-22,50.76,Beauty,0
TXN0000458,CUST00058,2025-11-25,63.4,Fashion,0
TXN0000459,CUST00058,2024-12-25,48.95,Books,0
TXN0000460,CUST00058,2024-10-03,13.04,Books,1
TXN0000461,CUST00058,2025-01-19,27.59,Fashion,1
TXN0000462,CUST00058,2025-05-14,125.3,Fashion,1
TXN0000463,CUST00058,2025-04-29,87.91,Electronics,0
TXN0000464,CUST00058,2025-10-26,27.99,Fashion,0
TXN0000465,CUST00058,2024-12-14,18.29,Beauty,1
TXN0000466,CUST00058,2025-01-01,26.13,Sports,0
TXN0000467,CUST00059,2025-09-28,99.35,Beauty,0
TXN0000468,CUST00059,2025-09-24,92.87,Books,0
TXN0000469,CUST00060,2025-04-12,27.11,Home & Kitchen,1
TXN0000470,CUST00060,2025-09-24,24.57,Beauty,0
TXN0000471,CUST00060,2024-07-18,31.62,Fashion,0
TXN0000472,CUST00061,2025-10-07,62.14,Beauty,0
TXN0000473,CUST00061,2025-11-15,87.89,Beauty,1
TXN0000474,CUST00061,2025-10-13,58.03,Electronics,0
TXN0000475,CUST00061,2025-10-04,47.35,Sports,0
TXN0000476,CUST00061,2025-11-07,98.56,Books,1
TXN0000477,CUST00062,2025-10-27,45.29,Beauty,0
TXN0000478,CUST00062,2025-03-01,153.49,Books,0
TXN0000479,CUST00062,2025-08-06,57.39,Home & Kitchen,0
TXN0000480,CUST00062,2025-09-23,17.44,Beauty,1
TXN0000481,CUST00062,2024-05-17,53.32,Sports,1
TXN0000482,CUST00062,2024-11-21,51.03,Books,1
TXN0000483,CUST00062,2025-04-19,109.38,Sports,0
TXN0000484,CUST00062,2025-12-26,14.79,Sports,0
TXN0000485,CUST00062,2025-10-16,109.5,Sports,0
TXN0000486,CUST00062,2024-09-30,24.09,Sports,0
TXN0000487,CUST00062,2025-07-11,92.7,Books,0
TXN0000488,CUST00062,2025-04-18,63.09,Books,0
TXN0000489,CUST00062,2025-04-11,47.38,Electronics,0
TXN0000490,CUST00062,2025-07-18,87.72,Sports,0
TXN0000491,CUST00062,2025-01-18,45.81,Electronics,0
TXN0000492,CUST00062,2024-07-07,61.25,Beauty,0
TXN0000493,CUST00062,2025-04-11,66.76,Beauty,1
TXN0000494,CUST00062,2025-05-07,203.97,Electronics,0
TXN0000495,CUST00062,2025-01-05,169.69,Fashion,1
TXN0000496,CUST00062,2024-07-13,100.98,Sports,0
TXN0000497,CUST00063,2025-07-19,16.8,Sports,0
TXN0000498,CUST00063,2025-05-07,28.44,Beauty,1
TXN0000499,CUST00064,2024-06-20,31.28,Books,0
TXN0000500,CUST00064,2025-11-29,23.21,Electronics,1
TXN0000501,CUST00064,2025-08-29,57.48,Sports,0
TXN0000502,CUST00064,2025-06-04,87.51,Beauty,1
TXN0000503,CUST00064,2025-08-02,52.75,Sports,0
TXN0000504,CUST00064,2025-03-14,49.49,Books,1
TXN0000505,CUST00064,2025-02-20,70.52,Electronics,0
TXN0000506,CUST00064,2025-09-25,144.33,Fashion,0
TXN0000507,CUST00065,2025-07-23,64.28,Home & Kitchen,0
TXN0000508,CUST00065,2025-06-24,24.53,Beauty,0
TXN0000509,CUST00065,2025-08-10,28.48,Beauty,0
TXN0000510,CUST00065,2025-12-02,62.86,Home & Kitchen,1
TXN0000511,CUST00067,2025-02-13,20.43,Home & Kitchen,1
TXN0000512,CUST00067,2025-06-29,46.77,Beauty,0
TXN0000513,CUST00067,2024-09-19,91.84,Fashion,0
TXN0000514,CUST00067,2025-06-20,82.86,Beauty,0
TXN0000515,CUST00067,2025-06-23,146.27,Home & Kitchen,0
TXN0000516,CUST00067,2025-04-05,13.91,Sports,0
TXN0000517,CUST00067,2025-02-18,88.82,Electronics,0
TXN0000518,CUST00067,2025-07-12,52.98,Books,0
TXN0000519,CUST00067,2025-12-03,63.49,Sports,0
TXN0000520,CUST00067,2025-01-11,42.26,Fashion,0
TXN0000521,CUST00067,2025-05-15,28.92,Beauty,1
TXN0000522,CUST00067,2024-11-04,157.37,Books,0
TXN0000523,CUST00067,2025-02-22,70.34,Beauty,0
TXN0000524,CUST00067,2025-05-07,18.0,Electronics,0
TXN0000525,CUST00067,2024-10-08,89.2,Books,0
TXN0000526,CUST00067,2024-11-02,25.62,Sports,0
TXN0000527,CUST00067,2025-02-05,102.38,Electronics,0
TXN0000528,CUST00067,2025-06-07,14.75,Fashion,0
TXN0000529,CUST00067,2025-10-13,33.5,Sports,1
TXN0000530,CUST00067,2024-11-03,82.32,Books,0
TXN0000531,CUST00067,2025-02-10,92.96,Sports,0
TXN0000532,CUST00067,2025-04-17,59.25,Fashion,1
TXN0000533,CUST00067,2025-05-16,48.86,Beauty,0
TXN0000534,CUST00070,2025-12-01,51.95,Beauty,0
TXN0000535,CUST00070,2025-06-07,55.44,Home & Kitchen,0
TXN0000536,CUST00070,2024-12-21,30.16,Beauty,0
TXN0000537,CUST00070,2025-09-21,92.28,Electronics,1
TXN0000538,CUST00070,2025-09-14,27.49,Fashion,0
TXN0000539,CUST00071,2025-10-04,22.36,Beauty,0
TXN0000540,CUST00071,2025-09-06,51.74,Sports,0
TXN0000541,CUST00071,2025-06-08,128.13,Books,0
TXN0000542,CUST00071,2025-09-26,31.57,Fashion,0
TXN0000543,CUST00071,2025-07-24,86.43,Beauty,1
TXN0000544,CUST00072,2025-12-27,182.45,Electronics,0
TXN0000545,CUST00073,2025-12-01,107.5,Home & Kitchen,1
TXN0000546,CUST00073,2025-04-24,66.14,Home & Kitchen,1
TXN0000547,CUST00074,2025-12-28,63.03,Books,1
TXN0000548,CUST00074,2025-12-06,86.52,Books,0
TXN0000549,CUST00075,2025-07-07,29.51,Books,0
TXN0000550,CUST00075,2025-12-13,119.44,Fashion,0
TXN0000551,CUST00075,2025-04-01,50.55,Books,0
TXN0000552,CUST00075,2025-06-03,22.02,Books,0
TXN0000553,CUST00075,2024-11-23,47.74,Electronics,0
TXN0000554,CUST00075,2025-07-27,75.91,Electronics,1
TXN0000555,CUST00075,2025-03-14,42.52,Electronics,1
TXN0000556,CUST00075,2025-10-24,33.78,Books,0
TXN0000557,CUST00075,2025-10-25,28.64,Beauty,0
TXN0000558,CUST00076,2025-04-13,74.23,Books,0
TXN0000559,CUST00076,2025-06-12,131.23,Home & Kitchen,0
TXN0000560,CUST00076,2025-09-20,107.18,Electronics,1
TXN0000561,CUST00076,2025-10-28,105.43,Sports,0
TXN0000562,CUST00076,2025-12-08,80.62,Books,1
TXN0000563,CUST00076,2025-12-17,79.02,Beauty,0
TXN0000564,CUST00076,2025-12-12,182.36,Books,1
TXN0000565,CUST00076,2025-02-18,26.65,Sports,0
TXN0000566,CUST00076,2025-10-21,99.98,Sports,0
TXN0000567,CUST00076,2025-06-10,69.09,Fashion,0
TXN0000568,CUST00076,2025-07-26,102.05,Beauty,1
TXN0000569,CUST00076,2025-12-06,208.6,Sports,1
TXN0000570,CUST00076,2025-06-03,55.98,Beauty,1
TXN0000571,CUST00077,2025-11-19,129.88,Electronics,0
TXN0000572,CUST00077,2025-12-17,104.39,Fashion,1
TXN0000573,CUST00079,2025-06-11,30.11,Home & Kitchen,0
TXN0000574,CUST00079,2025-01-12,24.22,Sports,1
TXN0000575,CUST00079,2025-04-27,93.35,Books,0
TXN0000576,CUST00079,2025-10-09,57.42,Fashion,0
TXN0000577,CUST00079,2025-08-18,29.71,Fashion,0
TXN0000578,CUST00079,2025-04-16,38.59,Fashion,0
TXN0000579,CUST00079,2025-07-08,46.72,Fashion,0
TXN0000580,CUST00079,2025-09-18,25.75,Books,0
TXN0000581,CUST00079,2025-01-26,32.0,Electronics,1
TXN0000582,CUST00079,2025-09-19,93.27,Beauty,0
TXN0000583,CUST00079,2025-03-19,137.14,Home & Kitchen,0
TXN0000584,CUST00079,2025-07-14,89.17,Home & Kitchen,1
TXN0000585,CUST00079,2025-10-18,65.89,Books,0
TXN0000586,CUST00079,2025-04-04,121.04,Beauty,1
TXN0000587,CUST00079,2025-02-17,61.74,Home & Kitchen,1
TXN0000588,CUST00079,2025-02-26,24.85,Books,1
TXN0000589,CUST00079,2025-05-12,36.06,Fashion,0
TXN0000590,CUST00079,2025-10-20,135.83,Electronics,0
TXN0000591,CUST00079,2025-11-18,25.36,Fashion,0
TXN0000592,CUST00079,2025-03-05,41.67,Fashion,0
TXN0000593,CUST00079,2025-10-05,28.86,Electronics,1
TXN0000594,CUST00079,2025-05-19,86.44,Sports,0
TXN0000595,CUST00079,2025-06-15,26.35,Home & Kitchen,0
TXN0000596,CUST00079,2025-11-03,77.83,Electronics,0
TXN0000597,CUST00080,2025-05-24,67.71,Beauty,1
TXN0000598,CUST00080,2025-06-13,52.79,Beauty,1
TXN0000599,CUST00081,2024-12-20,76.89,Beauty,0
TXN0000600,CUST00081,2025-09-19,60.1,Sports,0
TXN0000601,CUST00081,2024-08-19,100.37,Electronics,0
TXN0000602,CUST00081,2024-11-30,28.69,Sports,0
TXN0000603,CUST00081,2024-07-30,115.49,Beauty,0
TXN0000604,CUST00081,2025-02-06,86.05,Fashion,0
TXN0000605,CUST00081,2025-03-23,50.92,Fashion,1
TXN0000606,CUST00081,2025-12-30,74.85,Sports,0
TXN0000607,CUST00081,2024-07-28,25.88,Books,0
TXN0000608,CUST00081,2024-08-04,21.78,Beauty,0
TXN0000609,CUST00081,2024-10-19,85.05,Beauty,0
TXN0000610,CUST00083,2025-09-28,38.79,Beauty,0
TXN0000611,CUST00083,2025-03-27,20.75,Beauty,0
TXN0000612,CUST00083,2025-12-02,124.59,Electronics,1
TXN0000613,CUST00084,2025-12-01,82.9,Sports,0
TXN0000614,CUST00084,2025-11-09,20.22,Sports,1
TXN0000615,CUST00084,2025-08-19,19.68,Electronics,1
TXN0000616,CUST00086,2025-12-10,21.1,Fashion,0
TXN0000617,CUST00086,2025-04-11,78.01,Sports,0
TXN0000618,CUST00086,2025-09-22,25.89,Home & Kitchen,0
TXN0000619,CUST00086,2024-09-22,14.84,Sports,0
TXN0000620,CUST00087,2025-02-22,76.64,Books,1
TXN0000621,CUST00087,2025-08-20,15.86,Sports,0
TXN0000622,CUST00087,2025-02-18,48.66,Fashion,0
TXN0000623,CUST00087,2025-03-17,7.35,Electronics,0
TXN0000624,CUST00087,2025-07-06,66.32,Fashion,0
TXN0000625,CUST00087,2025-09-29,45.45,Fashion,1
TXN0000626,CUST00087,2025-05-26,26.69,Electronics,0
TXN0000627,CUST00087,2025-03-11,45.78,Books,0
TXN0000628,CUST00087,2025-02-09,80.6,Home & Kitchen,0
TXN0000629,CUST00087,2025-09-23,105.95,Electronics,0
TXN0000630,CUST00087,2025-05-07,68.29,Fashion,0
TXN0000631,CUST00087,2025-06-24,52.66,Electronics,0
TXN0000632,CUST00087,2025-12-27,42.74,Books,0
TXN0000633,CUST00087,2025-06-17,67.48,Sports,1
TXN0000634,CUST00087,2025-01-25,19.83,Sports,0
TXN0000635,CUST00087,2025-06-27,59.78,Home & Kitchen,0
TXN0000636,CUST00087,2025-03-06,47.04,Home & Kitchen,0
TXN0000637,CUST00088,2025-04-19,44.64,Electronics,1
TXN0000638,CUST00088,2024-04-11,168.93,Electronics,1
TXN0000639,CUST00088,2024-03-17,64.19,Electronics,0
TXN0000640,CUST00088,2024-10-19,117.71,Beauty,0
TXN0000641,CUST00088,2025-08-29,20.37,Fashion,0
TXN0000642,CUST00088,2024-03-10,57.19,Fashion,1
TXN0000643,CUST00088,2025-07-02,44.41,Books,0
TXN0000644,CUST00088,2024-08-07,28.13,Home & Kitchen,1
TXN0000645,CUST00088,2025-08-15,68.43,Sports,0
TXN0000646,CUST00088,2024-10-03,64.39,Books,1
TXN0000647,CUST00088,2024-11-01,137.09,Books,0
TXN0000648,CUST00088,2025-01-11,26.57,Books,0
TXN0000649,CUST00088,2025-07-23,38.25,Sports,0
TXN0000650,CUST00088,2025-05-01,90.37,Sports,0
TXN0000651,CUST00088,2025-06-29,86.43,Sports,0
TXN0000652,CUST00088,2025-10-23,79.92,Fashion,1
TXN0000653,CUST00088,2024-06-09,98.64,Beauty,0
TXN0000654,CUST00088,2024-10-27,40.03,Books,0
TXN0000655,CUST00088,2025-10-02,134.79,Sports,0
TXN0000656,CUST00088,2024-05-17,40.98,Home & Kitchen,0
TXN0000657,CUST00088,2024-06-15,75.33,Electronics,0
TXN0000658,CUST00088,2024-11-30,61.85,Electronics,0
TXN0000659,CUST00088,2024-04-29,47.77,Home & Kitchen,0
TXN0000660,CUST00088,2025-07-30,209.69,Home & Kitchen,0
TXN0000661,CUST00088,2024-05-19,100.05,Home & Kitchen,0
TXN0000662,CUST00088,2025-01-26,90.55,Beauty,0
TXN0000663,CUST00088,2025-08-24,65.95,Electronics,0
TXN0000664,CUST00088,2024-07-29,93.75,Beauty,0
TXN0000665,CUST00088,2025-06-01,32.21,Sports,0
TXN0000666,CUST00088,2024-11-02,88.43,Electronics,0
TXN0000667,CUST00088,2024-09-14,66.61,Home & Kitchen,0
TXN0000668,CUST00088,2024-09-03,71.14,Beauty,0
TXN0000669,CUST00088,2024-08-23,126.26,Fashion,1
TXN0000670,CUST00088,2025-12-07,12.24,Electronics,0
TXN0000671,CUST00088,2025-02-18,27.28,Books,1
TXN0000672,CUST00088,2025-02-04,86.86,Home & Kitchen,1
TXN0000673,CUST00088,2025-08-12,89.63,Home & Kitchen,0
TXN0000674,CUST00088,2024-01-28,12.26,Sports,0
TXN0000675,CUST00088,2025-09-23,39.79,Beauty,0
TXN0000676,CUST00088,2024-12-30,20.84,Sports,0
TXN0000677,CUST00088,2025-06-15,62.17,Fashion,0
TXN0000678,CUST00088,2025-06-12,40.97,Books,1
TXN0000679,CUST00088,2024-06-18,79.78,Fashion,0
TXN0000680,CUST00088,2024-05-03,54.99,Sports,1
TXN0000681,CUST00088,2025-03-27,149.26,Electronics,0
TXN0000682,CUST00089,2024-09-13,19.65,Electronics,1
TXN0000683,CUST00090,2025-03-11,67.23,Sports,0
TXN0000684,CUST00090,2024-11-03,49.69,Books,0
TXN0000685,CUST00090,2025-12-14,15.73,Books,1
TXN0000686,CUST00090,2024-10-02,82.63,Sports,0
TXN0000687,CUST00091,2024-11-18,59.85,Electronics,1
TXN0000688,CUST00091,2025-02-26,35.33,Beauty,0
TXN0000689,CUST00091,2024-03-13,44.66,Books,0
TXN0000690,CUST00091,2024-03-10,43.43,Books,1
TXN0000691,CUST00091,2025-05-07,11.04,Sports,1
TXN0000692,CUST00091,2025-08-08,32.74,Books,0
TXN0000693,CUST00091,2025-08-11,34.16,Home & Kitchen,0
TXN0000694,CUST00091,2025-12-21,20.54,Beauty,0
TXN0000695,CUST00091,2025-08-03,43.01,Sports,0
TXN0000696,CUST00091,2025-04-03,7.14,Home & Kitchen,0
TXN0000697,CUST00092,2025-08-21,26.99,Home & Kitchen,0
TXN0000698,CUST00092,2025-07-16,64.94,Sports,1
TXN0000699,CUST00092,2025-12-28,22.0,Sports,1
TXN0000700,CUST00092,2025-04-23,75.15,Sports,0
TXN0000701,CUST00092,2025-08-12,33.84,Home & Kitchen,1
TXN0000702,CUST00094,2025-10-10,62.64,Fashion,0
TXN0000703,CUST00094,2024-07-10,41.74,Sports,0
TXN0000704,CUST00094,2025-11-12,28.56,Sports,0
TXN0000705,CUST00094,2024-10-29,23.28,Beauty,0
TXN0000706,CUST00094,2024-08-08,87.57,Sports,0
TXN0000707,CUST00094,2025-05-10,23.51,Books,1
TXN0000708,CUST00095,2025-06-22,82.8,Books,1
TXN0000709,CUST00095,2025-05-28,80.89,Beauty,0
TXN0000710,CUST00095,2024-03-10,23.9,Beauty,1
TXN0000711,CUST00095,2024-11-14,37.99,Fashion,0
TXN0000712,CUST00095,2024-06-16,24.2,Sports,0
TXN0000713,CUST00095,2024-07-16,145.66,Fashion,0
TXN0000714,CUST00095,2024-08-29,56.7,Books,0
TXN0000715,CUST00095,2024-04-26,83.21,Home & Kitchen,1
TXN0000716,CUST00095,2025-09-10,41.83,Fashion,0
TXN0000717,CUST00095,2024-05-07,39.2,Electronics,0
TXN0000718,CUST00095,2025-10-07,19.61,Electronics,0
TXN0000719,CUST00095,2024-08-24,82.45,Electronics,0
TXN0000720,CUST00096,2024-12-22,30.51,Beauty,1
TXN0000721,CUST00096,2025-08-04,34.48,Books,0
TXN0000722,CUST00096,2025-04-24,32.35,Electronics,0
TXN0000723,CUST00096,2025-04-10,180.1,Books,0
TXN0000724,CUST00096,2025-07-31,45.43,Fashion,0
TXN0000725,CUST00096,2025-09-18,30.47,Sports,0
TXN0000726,CUST00096,2024-12-02,14.49,Beauty,1
TXN0000727,CUST00096,2025-04-05,79.04,Beauty,0
TXN0000728,CUST00096,2024-05-21,42.15,Electronics,0
TXN0000729,CUST00096,2025-09-11,98.26,Home & Kitchen,1
TXN0000730,CUST00096,2025-10-29,44.22,Home & Kitchen,0
TXN0000731,CUST00096,2024-11-19,66.97,Sports,0
TXN0000732,CUST00096,2025-02-15,95.15,Books,1
TXN0000733,CUST00096,2025-07-18,71.15,Fashion,0
TXN0000734,CUST00097,2024-06-27,49.33,Electronics,0
TXN0000735,CUST00097,2024-07-09,53.66,Books,0
TXN0000736,CUST00097,2025-08-06,74.61,Fashion,0
TXN0000737,CUST00097,2025-12-22,96.57,Books,1
TXN0000738,CUST00097,2025-06-24,96.18,Home & Kitchen,0
TXN0000739,CUST00097,2024-08-18,51.63,Home & Kitchen,0
TXN0000740,CUST00097,2024-10-26,141.11,Electronics,0
TXN0000741,CUST00097,2024-06-24,76.19,Home & Kitchen,1
TXN0000742,CUST00097,2025-09-16,104.02,Home & Kitchen,0
TXN0000743,CUST00097,2025-03-15,59.04,Sports,1
TXN0000744,CUST00097,2025-04-12,28.5,Sports,0
TXN0000745,CUST00097,2024-10-29,35.13,Home & Kitchen,0
TXN0000746,CUST00097,2025-07-07,63.3,Electronics,1
TXN0000747,CUST00097,2025-09-15,149.38,Electronics,0
TXN0000748,CUST00097,2025-12-21,34.95,Books,0
TXN0000749,CUST00097,2025-12-19,40.61,Home & Kitchen,0
TXN0000750,CUST00097,2025-06-22,44.72,Home & Kitchen,1
TXN0000751,CUST00097,2025-02-10,62.27,Beauty,0
TXN0000752,CUST00097,2024-10-24,48.27,Books,1
TXN0000753,CUST00097,2025-01-22,29.95,Sports,1
TXN0000754,CUST00097,2024-11-04,69.68,Sports,1
TXN0000755,CUST00097,2024-10-25,64.13,Electronics,0
TXN0000756,CUST00097,2024-12-18,44.48,Fashion,1
TXN0000757,CUST00097,2025-03-24,38.38,Fashion,0
TXN0000758,CUST00097,2024-08-19,36.59,Home & Kitchen,0
TXN0000759,CUST00097,2024-11-09,71.26,Home & Kitchen,1
TXN0000760,CUST00098,2025-03-17,49.53,Books,0
TXN0000761,CUST00098,2024-07-31,23.29,Beauty,1
TXN0000762,CUST00098,2025-02-11,81.78,Beauty,0
TXN0000763,CUST00098,2025-10-16,56.78,Electronics,1
TXN0000764,CUST00098,2024-11-19,38.03,Books,0
TXN0000765,CUST00098,2024-11-13,39.42,Fashion,1
TXN0000766,CUST00098,2025-10-03,120.05,Beauty,0
TXN0000767,CUST00098,2025-11-15,70.43,Fashion,0
TXN0000768,CUST00099,2025-12-07,23.82,Books,0
TXN0000769,CUST00100,2025-08-20,49.78,Beauty,0
TXN0000770,CUST00100,2025-08-01,39.03,Sports,0
TXN0000771,CUST00100,2025-06-13,133.2,Home & Kitchen,1
TXN0000772,CUST00100,2025-10-22,42.29,Beauty,0
TXN0000773,CUST00100,2024-07-02,42.81,Beauty,0
TXN0000774,CUST00100,2025-11-21,81.82,Books,0
TXN0000775,CUST00100,2025-04-08,75.13,Electronics,0
TXN0000776,CUST00100,2024-12-18,36.59,Sports,0
TXN0000777,CUST00100,2024-07-07,35.01,Home & Kitchen,1
TXN0000778,CUST00101,2025-09-30,56.4,Sports,1
TXN0000779,CUST00101,2025-08-05,32.03,Books,0
TXN0000780,CUST00101,2025-11-02,32.49,Books,0
TXN0000781,CUST00101,2025-08-19,66.65,Home & Kitchen,0
TXN0000782,CUST00101,2025-11-20,103.95,Sports,1
TXN0000783,CUST00101,2025-08-07,61.6,Sports,0
TXN0000784,CUST00102,2024-09-01,70.15,Electronics,0
TXN0000785,CUST00102,2025-02-03,43.8,Fashion,0
TXN0000786,CUST00102,2025-06-03,90.33,Sports,1
TXN0000787,CUST00102,2024-04-05,93.73,Books,0
TXN0000788,CUST00102,2024-09-30,8.32,Home & Kitchen,1
TXN0000789,CUST00102,2024-05-06,25.9,Home & Kitchen,0
TXN0000790,CUST00102,2025-04-25,35.97,Electronics,0
TXN0000791,CUST00102,2024-11-12,86.51,Fashion,1
TXN0000792,CUST00102,2024-05-20,43.11,Home & Kitchen,0
TXN0000793,CUST00102,2024-06-12,25.39,Electronics,0
TXN0000794,CUST00102,2024-10-04,42.84,Home & Kitchen,1
TXN0000795,CUST00102,2024-11-01,135.51,Beauty,1
TXN0000796,CUST00102,2025-11-02,42.29,Books,0
TXN0000797,CUST00102,2025-07-01,53.32,Sports,0
TXN0000798,CUST00102,2025-10-31,51.01,Fashion,0
TXN0000799,CUST00103,2025-03-03,41.98,Sports,0
TXN0000800,CUST00103,2025-06-11,60.35,Sports,0
TXN0000801,CUST00103,2025-08-30,70.98,Beauty,1
TXN0000802,CUST00103,2025-03-06,12.01,Fashion,0
TXN0000803,CUST00103,2025-07-10,24.11,Sports,1
TXN0000804,CUST00103,2025-11-23,34.54,Electronics,0
TXN0000805,CUST00103,2025-06-09,3.8,Home & Kitchen,0
TXN0000806,CUST00104,2025-04-06,78.64,Books,1
TXN0000807,CUST00104,2025-11-21,57.65,Home & Kitchen,0
TXN0000808,CUST00104,2025-11-06,95.53,Books,0
TXN0000809,CUST00104,2025-12-02,13.82,Electronics,0
TXN0000810,CUST00104,2025-12-30,18.59,Home & Kitchen,1
TXN0000811,CUST00105,2024-03-07,40.13,Beauty,0
TXN0000812,CUST00105,2025-04-28,80.16,Electronics,0
TXN0000813,CUST00105,2024-06-16,58.09,Beauty,0
TXN0000814,CUST00105,2025-08-08,12.92,Fashion,0
TXN0000815,CUST00105,2024-08-20,29.41,Home & Kitchen,0
TXN0000816,CUST00105,2024-06-11,47.09,Beauty,0
TXN0000817,CUST00105,2024-09-16,55.98,Home & Kitchen,1
TXN0000818,CUST00105,2024-04-13,53.09,Fashion,0
TXN0000819,CUST00105,2024-03-29,30.92,Sports,0
TXN0000820,CUST00105,2024-08-19,123.4,Home & Kitchen,0
TXN0000821,CUST00105,2024-09-28,73.28,Fashion,1
TXN0000822,CUST00105,2024-08-05,63.83,Electronics,0
TXN0000823,CUST00105,2025-05-19,46.35,Home & Kitchen,1
TXN0000824,CUST00105,2025-09-06,40.54,Electronics,1
TXN0000825,CUST00106,2025-10-09,41.3,Fashion,0
TXN0000826,CUST00107,2025-07-07,31.6,Electronics,0
TXN0000827,CUST00107,2024-05-24,6.7,Beauty,0
TXN0000828,CUST00107,2025-08-11,36.11,Sports,0
TXN0000829,CUST00107,2025-09-28,13.91,Electronics,0
TXN0000830,CUST00107,2024-09-16,73.35,Beauty,0
TXN0000831,CUST00107,2024-08-04,138.28,Sports,0
TXN0000832,CUST00107,2024-05-16,63.61,Fashion,1
TXN0000833,CUST00107,2024-11-05,33.39,Fashion,0
TXN0000834,CUST00107,2025-07-07,85.68,Home & Kitchen,0
TXN0000835,CUST00107,2025-04-01,26.93,Beauty,0
TXN0000836,CUST00107,2025-05-11,9.3,Books,1
TXN0000837,CUST00108,2025-09-19,55.52,Sports,1
TXN0000838,CUST00108,2025-08-19,110.76,Home & Kitchen,1
TXN0000839,CUST00108,2025-02-23,99.87,Home & Kitchen,0
TXN0000840,CUST00108,2025-08-23,98.13,Fashion,0
TXN0000841,CUST00108,2025-03-14,33.87,Electronics,0
TXN0000842,CUST00108,2025-10-08,232.73,Sports,1
TXN0000843,CUST00108,2025-06-25,35.88,Books,0
TXN0000844,CUST00108,2025-08-17,45.4,Fashion,1
TXN0000845,CUST00108,2025-07-27,56.48,Fashion,1
TXN0000846,CUST00108,2025-11-13,53.55,Books,1
TXN0000847,CUST00108,2025-08-21,110.69,Electronics,0
TXN0000848,CUST00108,2025-11-30,78.44,Beauty,1
TXN0000849,CUST00108,2025-11-29,68.26,Beauty,1
TXN0000850,CUST00108,2025-07-15,56.08,Books,0
TXN0000851,CUST00108,2025-05-27,49.09,Sports,0
TXN0000852,CUST00108,2025-06-24,75.27,Electronics,1
TXN0000853,CUST00108,2025-09-26,189.34,Electronics,0
TXN0000854,CUST00110,2025-05-17,81.93,Home & Kitchen,0
TXN0000855,CUST00110,2025-12-06,35.63,Electronics,0
TXN0000856,CUST00110,2025-11-27,23.0,Books,0
TXN0000857,CUST00110,2025-11-04,16.64,Sports,0
TXN0000858,CUST00110,2025-10-02,51.8,Electronics,0
TXN0000859,CUST00110,2025-05-23,46.05,Home & Kitchen,1
TXN0000860,CUST00110,2025-04-18,66.11,Beauty,1
TXN0000861,CUST00110,2025-06-30,62.24,Electronics,1
TXN0000862,CUST00110,2025-08-02,53.55,Electronics,1
TXN0000863,CUST00110,2025-06-15,7.12,Sports,0
TXN0000864,CUST00110,2025-02-01,115.25,Books,0
TXN0000865,CUST00111,2025-12-08,83.87,Books,1
TXN0000866,CUST00112,2024-11-11,31.04,Home & Kitchen,1
TXN0000867,CUST00112,2025-10-28,26.83,Electronics,0
TXN0000868,CUST00112,2025-12-07,80.77,Sports,1
TXN0000869,CUST00112,2025-03-21,48.32,Home & Kitchen,1
TXN0000870,CUST00112,2024-12-12,15.26,Books,0
TXN0000871,CUST00112,2025-12-08,70.96,Fashion,1
TXN0000872,CUST00112,2025-04-10,56.06,Home & Kitchen,0
TXN0000873,CUST00112,2024-11-12,26.24,Fashion,0
TXN0000874,CUST00112,2025-06-05,54.74,Fashion,0
TXN0000875,CUST00112,2025-07-12,68.03,Home & Kitchen,1
TXN0000876,CUST00112,2025-09-01,31.5,Home & Kitchen,0
TXN0000877,CUST00112,2025-01-02,97.13,Sports,0
TXN0000878,CUST00112,2025-11-04,28.59,Home & Kitchen,0
TXN0000879,CUST00112,2025-02-15,24.82,Beauty,0
TXN0000880,CUST00112,2025-10-17,55.86,Books,0
TXN0000881,CUST00112,2025-02-11,90.66,Electronics,0
TXN0000882,CUST00112,2024-11-17,39.79,Home & Kitchen,1
TXN0000883,CUST00112,2024-12-05,6.44,Fashion,1
TXN0000884,CUST00112,2025-10-24,134.54,Fashion,0
TXN0000885,CUST00113,2025-04-26,55.2,Home & Kitchen,1
TXN0000886,CUST00113,2024-09-15,22.04,Electronics,0
TXN0000887,CUST00114,2025-06-26,85.18,Electronics,0
TXN0000888,CUST00114,2025-08-27,120.94,Sports,0
TXN0000889,CUST00114,2025-10-18,23.28,Sports,0
TXN0000890,CUST00114,2025-07-14,51.43,Sports,1
TXN0000891,CUST00114,2025-06-20,62.52,Electronics,1
TXN0000892,CUST00114,2025-10-24,87.51,Fashion,0
TXN0000893,CUST00114,2025-05-04,33.25,Sports,0
TXN0000894,CUST00114,2025-11-17,125.72,Home & Kitchen,0
TXN0000895,CUST00114,2025-07-23,16.65,Sports,0
TXN0000896,CUST00114,2025-07-26,30.14,Home & Kitchen,0
TXN0000897,CUST00115,2025-10-09,81.83,Home & Kitchen,0
TXN0000898,CUST00115,2025-12-02,27.75,Fashion,1
TXN0000899,CUST00116,2025-10-25,25.06,Books,0
TXN0000900,CUST00116,2024-06-06,69.41,Home & Kitchen,0
TXN0000901,CUST00116,2025-06-30,35.75,Sports,1
TXN0000902,CUST00116,2025-03-17,48.18,Fashion,0
TXN0000903,CUST00116,2024-12-10,49.37,Fashion,0
TXN0000904,CUST00116,2025-10-25,13.49,Electronics,0
TXN0000905,CUST00116,2025-10-03,87.94,Home & Kitchen,0
TXN0000906,CUST00116,2025-10-04,45.54,Sports,1
TXN0000907,CUST00116,2025-11-23,48.04,Home & Kitchen,0
TXN0000908,CUST00116,2025-08-27,30.8,Sports,0
TXN0000909,CUST00116,2025-07-07,55.73,Beauty,1
TXN0000910,CUST00116,2024-11-25,39.95,Electronics,0
TXN0000911,CUST00116,2024-06-25,52.92,Fashion,0
TXN0000912,CUST00116,2025-05-16,113.85,Electronics,0
TXN0000913,CUST00116,2025-11-06,35.4,Beauty,0
TXN0000914,CUST00116,2025-11-19,11.65,Books,0
TXN0000915,CUST00117,2025-11-10,38.45,Electronics,0
TXN0000916,CUST00117,2025-12-07,36.05,Electronics,1
TXN0000917,CUST00118,2025-08-06,37.57,Beauty,0
TXN0000918,CUST00118,2025-11-21,28.9,Electronics,0
TXN0000919,CUST00118,2025-09-12,28.76,Electronics,0
TXN0000920,CUST00119,2025-12-22,47.65,Beauty,0
TXN0000921,CUST00120,2025-11-10,20.92,Beauty,1
TXN0000922,CUST00120,2025-09-04,72.03,Fashion,0
TXN0000923,CUST00120,2025-07-24,46.31,Books,0
TXN0000924,CUST00121,2025-09-25,140.07,Sports,0
TXN0000925,CUST00121,2025-10-26,117.26,Sports,0
TXN0000926,CUST00121,2025-12-23,83.95,Books,0
TXN0000927,CUST00122,2025-11-11,32.07,Books,0
TXN0000928,CUST00122,2025-12-19,40.78,Books,0
TXN0000929,CUST00122,2025-10-08,41.1,Beauty,1
TXN0000930,CUST00122,2025-10-13,92.44,Sports,1
TXN0000931,CUST00122,2025-12-03,77.11,Home & Kitchen,0
TXN0000932,CUST00122,2025-11-29,82.52,Home & Kitchen,0
TXN0000933,CUST00123,2024-02-08,55.28,Home & Kitchen,0
TXN0000934,CUST00123,2025-04-29,86.13,Fashion,1
TXN0000935,CUST00123,2024-09-23,58.91,Books,0
TXN0000936,CUST00123,2024-07-11,96.08,Books,0
TXN0000937,CUST00123,2024-08-22,163.62,Sports,1
TXN0000938,CUST00123,2025-04-15,59.48,Electronics,0
TXN0000939,CUST00123,2025-05-10,74.66,Beauty,0
TXN0000940,CUST00123,2025-10-01,54.87,Sports,0
TXN0000941,CUST00123,2025-11-27,66.28,Fashion,0
TXN0000942,CUST00123,2025-10-24,3.15,Electronics,0
TXN0000943,CUST00123,2024-12-12,21.62,Books,0
TXN0000944,CUST00123,2024-07-23,77.5,Beauty,0
TXN0000945,CUST00123,2024-07-10,69.69,Electronics,1
TXN0000946,CUST00124,2025-12-09,19.12,Beauty,0
TXN0000947,CUST00124,2025-12-01,14.62,Home & Kitchen,1
TXN0000948,CUST00124,2025-12-30,96.42,Books,0
TXN0000949,CUST00125,2024-12-16,11.53,Books,0
TXN0000950,CUST00125,2025-06-09,11.11,Books,0
TXN0000951,CUST00125,2024-11-27,47.09,Beauty,0
TXN0000952,CUST00125,2025-04-28,26.64,Beauty,1
TXN0000953,CUST00125,2025-03-26,31.64,Fashion,0
TXN0000954,CUST00126,2025-10-19,38.37,Fashion,0
TXN0000955,CUST00126,2025-10-30,34.36,Fashion,1
TXN0000956,CUST00126,2025-12-28,58.3,Sports,0
TXN0000957,CUST00126,2025-11-06,32.12,Home & Kitchen,1
TXN0000958,CUST00127,2025-10-28,107.03,Home & Kitchen,1
TXN0000959,CUST00127,2025-10-08,10.59,Beauty,0
TXN0000960,CUST00128,2025-05-27,97.0,Fashion,0
TXN0000961,CUST00128,2025-11-09,84.2,Books,0
TXN0000962,CUST00128,2025-05-11,90.97,Books,0
TXN0000963,CUST00128,2025-11-26,163.61,Home & Kitchen,1
TXN0000964,CUST00128,2025-10-11,49.49,Home & Kitchen,1
TXN0000965,CUST00128,2025-11-10,176.18,Beauty,0
TXN0000966,CUST00128,2025-05-26,119.93,Beauty,1
TXN0000967,CUST00128,2025-03-22,51.53,Electronics,0
TXN0000968,CUST00128,2025-04-16,105.52,Electronics,0
TXN0000969,CUST00128,2025-07-22,45.46,Beauty,0
TXN0000970,CUST00128,2025-07-06,70.03,Electronics,1
TXN0000971,CUST00128,2025-07-29,66.08,Home & Kitchen,1
TXN0000972,CUST00128,2025-08-29,101.53,Beauty,0
TXN0000973,CUST00128,2025-04-27,122.96,Beauty,0
TXN0000974,CUST00128,2025-08-22,146.88,Fashion,0
TXN0000975,CUST00128,2025-11-03,57.14,Home & Kitchen,0
TXN0000976,CUST00128,2025-06-02,12.22,Home & Kitchen,1
TXN0000977,CUST00128,2025-11-26,64.17,Sports,0
TXN0000978,CUST00128,2025-05-31,65.07,Sports,1
TXN0000979,CUST00129,2025-12-13,36.66,Fashion,0
TXN0000980,CUST00130,2025-10-15,19.75,Sports,0
TXN0000981,CUST00130,2025-07-23,114.9,Electronics,0
TXN0000982,CUST00130,2025-08-01,59.5,Beauty,0
TXN0000983,CUST00130,2025-11-16,65.81,Books,0
TXN0000984,CUST00130,2025-08-27,69.36,Electronics,1
TXN0000985,CUST00130,2025-12-11,117.52,Home & Kitchen,1
TXN0000986,CUST00130,2025-06-21,99.63,Sports,0
TXN0000987,CUST00130,2025-08-15,53.08,Books,0
TXN0000988,CUST00130,2025-11-07,74.99,Electronics,1
TXN0000989,CUST00130,2025-08-08,93.24,Home & Kitchen,0
TXN0000990,CUST00130,2025-10-05,29.85,Sports,1
TXN0000991,CUST00131,2025-10-12,20.92,Beauty,1
TXN0000992,CUST00131,2024-10-22,102.6,Beauty,0
TXN0000993,CUST00131,2025-03-11,29.38,Sports,0
TXN0000994,CUST00131,2024-03-18,19.21,Beauty,0
TXN0000995,CUST00132,2025-08-05,57.78,Fashion,0
TXN0000996,CUST00132,2025-11-15,97.91,Sports,1
TXN0000997,CUST00132,2025-10-30,40.58,Fashion,0
TXN0000998,CUST00132,2025-09-02,43.0,Sports,1
TXN0000999,CUST00133,2025-03-13,9.79,Fashion,0
TXN0001000,CUST00133,2025-09-27,12.06,Beauty,0
TXN0001001,CUST00133,2025-10-05,12.98,Beauty,1
TXN0001002,CUST00133,2025-11-24,34.35,Electronics,0
TXN0001003,CUST00133,2024-02-28,33.74,Home & Kitchen,0
TXN0001004,CUST00136,2025-10-09,15.7,Fashion,0
TXN0001005,CUST00136,2025-12-24,26.26,Books,1
TXN0001006,CUST00136,2025-12-08,62.1,Sports,1
TXN0001007,CUST00136,2025-06-27,26.86,Beauty,0
TXN0001008,CUST00136,2025-04-12,33.03,Beauty,0
TXN0001009,CUST00137,2025-09-30,18.35,Sports,1
TXN0001010,CUST00137,2025-11-04,91.13,Home & Kitchen,0
TXN0001011,CUST00138,2025-04-02,144.91,Sports,0
TXN0001012,CUST00138,2025-05-24,54.97,Books,0
TXN0001013,CUST00138,2025-02-09,107.84,Fashion,0
TXN0001014,CUST00138,2025-05-03,54.58,Fashion,0
TXN0001015,CUST00138,2025-05-10,32.02,Books,1
TXN0001016,CUST00138,2025-04-24,69.89,Books,0
TXN0001017,CUST00138,2025-12-07,146.22,Electronics,1
TXN0001018,CUST00138,2025-04-19,74.37,Books,0
TXN0001019,CUST00138,2025-02-09,39.87,Books,1
TXN0001020,CUST00138,2025-05-29,63.67,Sports,1
TXN0001021,CUST00138,2025-11-16,129.32,Beauty,0
TXN0001022,CUST00138,2025-07-01,51.57,Electronics,1
TXN0001023,CUST00138,2025-11-19,21.13,Sports,0
TXN0001024,CUST00138,2025-11-05,79.97,Sports,0
TXN0001025,CUST00138,2025-12-25,28.45,Beauty,0
TXN0001026,CUST00138,2025-03-27,55.65,Home & Kitchen,0
TXN0001027,CUST00138,2025-08-21,58.11,Sports,0
TXN0001028,CUST00138,2025-08-26,81.51,Electronics,0
TXN0001029,CUST00138,2025-12-30,49.4,Beauty,1
TXN0001030,CUST00138,2025-02-05,138.52,Fashion,1
TXN0001031,CUST00138,2025-07-24,94.4,Home & Kitchen,0
TXN0001032,CUST00138,2025-07-13,50.43,Beauty,0
TXN0001033,CUST00139,2025-11-22,27.86,Electronics,0
TXN0001034,CUST00139,2025-08-15,176.98,Sports,0
TXN0001035,CUST00139,2024-09-15,93.01,Electronics,0
TXN0001036,CUST00139,2025-03-10,50.04,Books,1
TXN0001037,CUST00139,2024-07-05,25.51,Sports,0
TXN0001038,CUST00139,2025-09-28,26.22,Beauty,1
TXN0001039,CUST00139,2025-05-04,31.68,Home & Kitchen,1
TXN0001040,CUST00139,2025-06-10,50.18,Beauty,0
TXN0001041,CUST00139,2024-05-07,141.18,Books,1
TXN0001042,CUST00139,2025-03-18,79.89,Books,1
TXN0001043,CUST00139,2024-05-17,112.42,Electronics,0
TXN0001044,CUST00139,2025-04-12,50.84,Electronics,1
TXN0001045,CUST00139,2024-06-10,59.28,Fashion,0
TXN0001046,CUST00139,2025-02-16,131.21,Fashion,0
TXN0001047,CUST00139,2025-11-30,86.86,Sports,0
TXN0001048,CUST00139,2025-04-20,36.17,Books,1
TXN0001049,CUST00139,2025-09-06,20.42,Electronics,0
TXN0001050,CUST00139,2025-08-29,44.22,Fashion,0
TXN0001051,CUST00139,2025-02-07,72.4,Books,0
TXN0001052,CUST00139,2024-05-19,48.61,Fashion,1
TXN0001053,CUST00139,2024-06-30,91.1,Beauty,1
TXN0001054,CUST00139,2024-06-02,71.7,Sports,1
TXN0001055,CUST00139,2025-06-29,132.51,Home & Kitchen,0
TXN0001056,CUST00139,2025-08-13,119.88,Beauty,0
TXN0001057,CUST00139,2025-10-27,25.7,Sports,1
TXN0001058,CUST00139,2025-02-20,31.48,Sports,0
TXN0001059,CUST00139,2025-05-22,114.86,Beauty,1
TXN0001060,CUST00139,2024-11-23,49.06,Fashion,0
TXN0001061,CUST00139,2024-07-10,58.83,Fashion,0
TXN0001062,CUST00139,2024-08-04,48.7,Books,0
TXN0001063,CUST00139,2025-08-14,56.08,Home & Kitchen,0
TXN0001064,CUST00139,2025-03-16,59.91,Home & Kitchen,0
TXN0001065,CUST00139,2024-04-25,59.05,Sports,0
TXN0001066,CUST00139,2025-11-15,146.37,Books,1
TXN0001067,CUST00139,2025-10-17,31.25,Home & Kitchen,0
TXN0001068,CUST00140,2025-03-16,13.27,Beauty,0
TXN0001069,CUST00140,2025-02-17,29.58,Books,0
TXN0001070,CUST00140,2025-04-09,75.4,Home & Kitchen,0
TXN0001071,CUST00140,2025-12-14,63.3,Electronics,0
TXN0001072,CUST00140,2025-10-26,30.9,Sports,0
TXN0001073,CUST00140,2025-08-15,54.89,Electronics,0
TXN0001074,CUST00143,2025-11-20,103.56,Sports,0
TXN0001075,CUST00144,2025-03-19,62.99,Sports,1
TXN0001076,CUST00144,2025-06-30,19.02,Beauty,1
TXN0001077,CUST00144,2025-05-14,24.87,Fashion,1
TXN0001078,CUST00144,2025-12-06,103.55,Home & Kitchen,0
TXN0001079,CUST00144,2025-06-30,31.96,Electronics,0
TXN0001080,CUST00144,2025-08-28,61.97,Home & Kitchen,1
TXN0001081,CUST00144,2025-05-30,112.21,Sports,0
TXN0001082,CUST00144,2025-06-11,74.33,Electronics,0
TXN0001083,CUST00144,2025-02-17,29.89,Electronics,0
TXN0001084,CUST00144,2025-11-14,100.45,Books,0
TXN0001085,CUST00144,2025-08-05,25.12,Sports,0
TXN0001086,CUST00144,2025-02-26,49.2,Home & Kitchen,0
TXN0001087,CUST00144,2025-05-07,6.0,Electronics,0
TXN0001088,CUST00144,2025-08-31,24.78,Home & Kitchen,0
TXN0001089,CUST00144,2025-05-12,42.66,Electronics,0
TXN0001090,CUST00144,2025-01-23,65.79,Fashion,1
TXN0001091,CUST00146,2025-07-18,24.05,Beauty,0
TXN0001092,CUST00146,2025-03-30,28.95,Books,0
TXN0001093,CUST00146,2025-04-21,30.01,Sports,1
TXN0001094,CUST00146,2025-09-28,65.48,Beauty,1
TXN0001095,CUST00146,2025-09-24,12.53,Books,1
TXN0001096,CUST00146,2025-08-30,129.64,Home & Kitchen,0
TXN0001097,CUST00146,2025-12-28,25.08,Books,0
TXN0001098,CUST00146,2025-11-23,44.29,Beauty,0
TXN0001099,CUST00146,2025-05-05,15.52,Beauty,0
TXN0001100,CUST00147,2025-12-03,29.83,Beauty,0
TXN0001101,CUST00147,2025-10-14,26.93,Beauty,0
TXN0001102,CUST00148,2025-01-27,66.88,Sports,0
TXN0001103,CUST00148,2025-11-22,65.05,Fashion,0
TXN0001104,CUST00148,2025-02-06,68.35,Books,0
TXN0001105,CUST00148,2024-07-09,70.86,Fashion,1
TXN0001106,CUST00148,2024-07-05,80.81,Beauty,1
TXN0001107,CUST00148,2024-06-17,54.92,Fashion,1
TXN0001108,CUST00148,2024-11-15,60.08,Fashion,0
TXN0001109,CUST00148,2024-12-10,109.28,Sports,1
TXN0001110,CUST00148,2025-11-07,49.35,Beauty,1
TXN0001111,CUST00148,2025-01-04,43.18,Home & Kitchen,0
TXN0001112,CUST00148,2025-09-17,128.84,Beauty,0
TXN0001113,CUST00148,2024-09-17,23.5,Fashion,0
TXN0001114,CUST00148,2025-07-15,39.88,Home & Kitchen,0
TXN0001115,CUST00148,2025-01-04,36.06,Books,0
TXN0001116,CUST00148,2024-07-24,8.79,Fashion,0
TXN0001117,CUST00148,2025-10-29,47.7,Fashion,0
TXN0001118,CUST00148,2024-06-18,116.6,Electronics,1
TXN0001119,CUST00148,2025-02-21,30.44,Electronics,0
TXN0001120,CUST00148,2025-11-17,19.24,Books,1
TXN0001121,CUST00148,2025-12-24,62.41,Electronics,1
TXN0001122,CUST00149,2024-10-21,47.16,Fashion,0
TXN0001123,CUST00149,2025-06-04,37.15,Books,0
TXN0001124,CUST00149,2025-03-10,65.39,Beauty,0
TXN0001125,CUST00149,2025-04-25,33.07,Books,0
TXN0001126,CUST00149,2024-12-28,34.6,Beauty,0
TXN0001127,CUST00149,2025-08-18,83.62,Fashion,0
TXN0001128,CUST00149,2024-09-27,78.91,Electronics,0
TXN0001129,CUST00149,2025-12-08,64.84,Fashion,1
TXN0001130,CUST00149,2025-12-15,35.6,Books,0
TXN0001131,CUST00149,2025-04-10,77.47,Beauty,0
TXN0001132,CUST00149,2025-01-06,37.94,Beauty,0
TXN0001133,CUST00149,2025-07-01,55.07,Books,1
TXN0001134,CUST00149,2025-04-08,46.12,Sports,0
TXN0001135,CUST00149,2024-09-05,77.27,Beauty,0
TXN0001136,CUST00149,2025-03-12,14.85,Sports,1
TXN0001137,CUST00150,2025-11-11,75.94,Fashion,0
TXN0001138,CUST00151,2025-11-16,51.02,Beauty,0
TXN0001139,CUST00152,2025-10-21,36.78,Sports,0
TXN0001140,CUST00152,2025-05-13,88.12,Beauty,1
TXN0001141,CUST00152,2025-01-19,9.74,Sports,1
TXN0001142,CUST00152,2025-04-06,9.76,Beauty,0
TXN0001143,CUST00152,2025-08-03,29.38,Beauty,1
TXN0001144,CUST00152,2025-03-24,57.19,Home & Kitchen,0
TXN0001145,CUST00152,2025-05-12,30.86,Fashion,1
TXN0001146,CUST00152,2025-01-27,29.94,Fashion,1
TXN0001147,CUST00152,2025-09-03,47.89,Beauty,0
TXN0001148,CUST00152,2024-11-12,80.4,Sports,0
TXN0001149,CUST00153,2025-08-17,65.43,Electronics,1
TXN0001150,CUST00154,2025-11-26,40.77,Sports,0
TXN0001151,CUST00154,2025-12-28,11.2,Beauty,1
TXN0001152,CUST00154,2025-11-18,40.41,Books,0
TXN0001153,CUST00154,2025-12-11,54.17,Fashion,0
TXN0001154,CUST00155,2025-04-09,174.11,Books,0
TXN0001155,CUST00155,2024-07-11,119.17,Sports,1
TXN0001156,CUST00155,2025-04-01,46.24,Home & Kitchen,1
TXN0001157,CUST00155,2025-05-02,46.66,Beauty,0
TXN0001158,CUST00155,2025-12-16,40.9,Sports,1
TXN0001159,CUST00155,2024-08-17,107.0,Sports,0
TXN0001160,CUST00155,2024-04-07,32.48,Home & Kitchen,1
TXN0001161,CUST00155,2024-03-13,104.46,Electronics,1
TXN0001162,CUST00155,2025-08-02,38.83,Electronics,0
TXN0001163,CUST00155,2025-12-12,122.39,Sports,1
TXN0001164,CUST00155,2024-07-28,196.38,Beauty,0
TXN0001165,CUST00155,2024-04-08,38.35,Books,0
TXN0001166,CUST00155,2025-07-15,35.23,Home & Kitchen,0
TXN0001167,CUST00155,2025-12-03,71.65,Electronics,0
TXN0001168,CUST00155,2024-12-21,55.08,Sports,0
TXN0001169,CUST00155,2024-07-16,64.83,Beauty,0
TXN0001170,CUST00155,2024-04-26,105.26,Books,0
TXN0001171,CUST00155,2024-03-14,151.28,Electronics,0
TXN0001172,CUST00155,2024-10-13,97.6,Fashion,0
TXN0001173,CUST00155,2025-03-31,184.91,Books,1
TXN0001174,CUST00155,2025-02-16,23.39,Books,0
TXN0001175,CUST00155,2025-12-22,22.84,Sports,0
TXN0001176,CUST00155,2024-02-15,49.8,Home & Kitchen,0
TXN0001177,CUST00156,2025-12-25,179.02,Beauty,1
TXN0001178,CUST00157,2025-04-19,30.55,Sports,0
TXN0001179,CUST00157,2025-02-16,51.83,Electronics,0
TXN0001180,CUST00157,2025-09-11,45.52,Sports,0
TXN0001181,CUST00157,2025-07-06,67.39,Sports,1
TXN0001182,CUST00157,2025-12-23,22.81,Electronics,0
TXN0001183,CUST00157,2024-11-09,115.95,Fashion,0
TXN0001184,CUST00157,2024-10-27,39.12,Beauty,0
TXN0001185,CUST00157,2025-02-25,14.78,Books,0
TXN0001186,CUST00158,2025-12-18,41.9,Books,1
TXN0001187,CUST00158,2025-08-30,39.9,Books,0
TXN0001188,CUST00158,2025-12-26,89.17,Books,0
TXN0001189,CUST00158,2025-09-12,70.78,Electronics,0
TXN0001190,CUST00158,2025-05-08,97.48,Books,0
TXN0001191,CUST00158,2025-08-25,52.08,Books,1
TXN0001192,CUST00158,2025-01-26,44.74,Sports,0
TXN0001193,CUST00158,2025-11-20,37.61,Sports,1
TXN0001194,CUST00158,2025-07-26,23.69,Home & Kitchen,0
TXN0001195,CUST00158,2025-07-07,14.64,Sports,0
TXN0001196,CUST00159,2025-08-29,20.41,Electronics,0
TXN0001197,CUST00159,2025-12-17,217.63,Home & Kitchen,0
TXN0001198,CUST00159,2025-12-24,54.09,Sports,0
TXN0001199,CUST00159,2025-11-14,53.46,Electronics,1
TXN0001200,CUST00159,2025-09-18,81.07,Beauty,0
TXN0001201,CUST00159,2025-11-20,23.83,Beauty,0
TXN0001202,CUST00159,2025-10-19,29.67,Sports,0
TXN0001203,CUST00160,2025-12-28,47.62,Beauty,1
TXN0001204,CUST00161,2025-11-12,20.69,Sports,0
TXN0001205,CUST00162,2025-11-28,52.87,Books,0
TXN0001206,CUST00162,2025-12-18,19.65,Home & Kitchen,0
TXN0001207,CUST00162,2025-12-18,109.98,Beauty,1
TXN0001208,CUST00163,2025-07-09,43.9,Home & Kitchen,0
TXN0001209,CUST00163,2025-11-11,34.17,Home & Kitchen,1
TXN0001210,CUST00163,2025-07-11,60.91,Home & Kitchen,0
TXN0001211,CUST00163,2025-09-20,56.78,Fashion,0
TXN0001212,CUST00164,2025-07-27,51.75,Electronics,0
TXN0001213,CUST00164,2025-12-08,71.64,Books,0
TXN0001214,CUST00164,2025-09-11,160.66,Sports,0
TXN0001215,CUST00164,2025-08-11,90.88,Books,1
TXN0001216,CUST00164,2025-06-21,37.82,Home & Kitchen,1
TXN0001217,CUST00164,2025-10-04,67.57,Books,0
TXN0001218,CUST00164,2025-05-25,68.29,Sports,0
TXN0001219,CUST00164,2025-10-25,7.58,Home & Kitchen,1
TXN0001220,CUST00164,2025-05-03,97.28,Electronics,0
TXN0001221,CUST00164,2025-12-23,52.7,Books,0
TXN0001222,CUST00164,2025-05-11,77.04,Beauty,0
TXN0001223,CUST00164,2025-11-04,69.1,Sports,0
TXN0001224,CUST00164,2025-08-14,60.61,Fashion,1
TXN0001225,CUST00164,2025-08-12,20.09,Sports,1
TXN0001226,CUST00164,2025-04-27,89.22,Electronics,0
TXN0001227,CUST00164,2025-06-19,61.55,Books,0
TXN0001228,CUST00165,2025-07-17,58.09,Home & Kitchen,0
TXN0001229,CUST00165,2025-12-30,19.19,Books,1
TXN0001230,CUST00165,2025-06-26,75.23,Sports,0
TXN0001231,CUST00165,2025-07-22,36.56,Electronics,0
TXN0001232,CUST00166,2025-04-10,13.22,Home & Kitchen,0
TXN0001233,CUST00166,2025-08-19,72.13,Beauty,0
TXN0001234,CUST00166,2025-09-14,77.51,Electronics,0
TXN0001235,CUST00166,2025-06-02,30.95,Fashion,1
TXN0001236,CUST00166,2025-04-11,35.12,Sports,1
TXN0001237,CUST00168,2024-12-10,93.34,Electronics,1
TXN0001238,CUST00168,2024-06-07,47.28,Home & Kitchen,0
TXN0001239,CUST00168,2025-01-02,31.53,Home & Kitchen,0
TXN0001240,CUST00168,2025-03-24,64.98,Fashion,0
TXN0001241,CUST00168,2025-02-24,39.85,Sports,0
TXN0001242,CUST00169,2024-10-27,72.45,Home & Kitchen,0
TXN0001243,CUST00169,2024-01-20,44.77,Home & Kitchen,0
TXN0001244,CUST00169,2024-08-23,44.63,Home & Kitchen,0
TXN0001245,CUST00169,2025-05-01,32.51,Electronics,0
TXN0001246,CUST00169,2024-11-12,101.62,Books,0
TXN0001247,CUST00169,2024-07-13,71.35,Electronics,0
TXN0001248,CUST00169,2025-09-22,35.33,Sports,0
TXN0001249,CUST00169,2024-08-06,114.59,Fashion,0
TXN0001250,CUST00169,2025-04-13,144.33,Sports,0
TXN0001251,CUST00169,2025-07-24,98.5,Books,0
TXN0001252,CUST00169,2025-07-24,28.29,Fashion,0
TXN0001253,CUST00169,2025-03-04,60.17,Books,0
TXN0001254,CUST00169,2024-09-15,64.21,Beauty,0
TXN0001255,CUST00169,2024-10-16,68.88,Home & Kitchen,0
TXN0001256,CUST00169,2024-07-18,73.1,Fashion,1
TXN0001257,CUST00169,2025-11-23,89.62,Home & Kitchen,0
TXN0001258,CUST00169,2024-11-12,77.07,Books,0
TXN0001259,CUST00169,2025-05-25,155.78,Fashion,0
TXN0001260,CUST00169,2024-12-18,12.15,Beauty,0
TXN0001261,CUST00169,2025-08-23,189.56,Fashion,1
TXN0001262,CUST00169,2025-10-13,30.62,Sports,0
TXN0001263,CUST00169,2024-07-16,82.21,Electronics,0
TXN0001264,CUST00169,2024-04-17,53.16,Home & Kitchen,0
TXN0001265,CUST00169,2025-06-23,41.22,Electronics,0
TXN0001266,CUST00169,2025-10-30,31.66,Fashion,1
TXN0001267,CUST00169,2024-12-28,157.8,Sports,1
TXN0001268,CUST00169,2025-08-16,74.91,Fashion,1
TXN0001269,CUST00169,2024-10-27,115.3,Beauty,0
TXN0001270,CUST00169,2024-11-01,95.75,Beauty,0
TXN0001271,CUST00169,2025-05-24,55.41,Beauty,0
TXN0001272,CUST00169,2024-12-03,95.78,Fashion,0
TXN0001273,CUST00169,2025-06-23,63.09,Books,0
TXN0001274,CUST00169,2025-03-20,54.22,Beauty,0
TXN0001275,CUST00169,2024-11-27,109.02,Books,0
TXN0001276,CUST00169,2024-03-25,46.5,Books,0
TXN0001277,CUST00169,2025-03-05,56.91,Fashion,0
TXN0001278,CUST00169,2025-07-13,48.1,Fashion,0
TXN0001279,CUST00169,2025-06-18,42.06,Sports,0
TXN0001280,CUST00169,2025-11-04,136.38,Books,0
TXN0001281,CUST00169,2025-05-16,165.83,Home & Kitchen,0
TXN0001282,CUST00170,2025-01-17,16.02,Electronics,0
TXN0001283,CUST00170,2025-03-21,39.6,Books,0
TXN0001284,CUST00170,2024-12-23,39.38,Home & Kitchen,0
TXN0001285,CUST00170,2025-09-13,40.78,Electronics,0
TXN0001286,CUST00170,2025-11-20,51.75,Electronics,0
TXN0001287,CUST00170,2025-11-29,62.74,Fashion,0
TXN0001288,CUST00170,2025-02-02,61.91,Beauty,0
TXN0001289,CUST00170,2025-01-14,41.75,Beauty,0
TXN0001290,CUST00170,2025-11-28,13.59,Beauty,0
TXN0001291,CUST00170,2025-07-07,18.02,Home & Kitchen,0
TXN0001292,CUST00170,2024-12-10,46.47,Beauty,0
TXN0001293,CUST00170,2025-04-08,83.29,Books,1
TXN0001294,CUST00172,2025-06-24,62.8,Sports,0
TXN0001295,CUST00172,2025-05-02,32.73,Fashion,0
TXN0001296,CUST00172,2025-12-08,7.5,Beauty,0
TXN0001297,CUST00172,2025-09-27,56.65,Books,0
TXN0001298,CUST00172,2025-12-26,14.32,Books,0
TXN0001299,CUST00172,2025-06-05,63.86,Beauty,0
TXN0001300,CUST00172,2025-12-16,33.67,Beauty,0
TXN0001301,CUST00172,2025-09-25,121.04,Home & Kitchen,0
TXN0001302,CUST00172,2025-03-26,10.38,Fashion,1
TXN0001303,CUST00175,2025-01-08,14.17,Sports,0
TXN0001304,CUST00175,2024-10-07,73.55,Beauty,1
TXN0001305,CUST00175,2025-03-19,21.04,Electronics,0
TXN0001306,CUST00175,2025-06-19,49.25,Home & Kitchen,0
TXN0001307,CUST00175,2025-09-04,46.2,Beauty,0
TXN0001308,CUST00175,2024-11-12,41.34,Beauty,0
TXN0001309,CUST00175,2025-01-15,68.85,Books,0
TXN0001310,CUST00175,2024-12-31,55.21,Home & Kitchen,0
TXN0001311,CUST00175,2025-04-02,43.26,Sports,1
TXN0001312,CUST00175,2025-11-03,21.28,Books,0
TXN0001313,CUST00175,2024-12-08,83.11,Electronics,0
TXN0001314,CUST00176,2025-05-04,53.92,Electronics,0
TXN0001315,CUST00176,2024-10-30,63.36,Sports,0
TXN0001316,CUST00176,2025-08-11,87.04,Books,0
TXN0001317,CUST00176,2025-04-09,122.93,Home & Kitchen,0
TXN0001318,CUST00176,2024-05-18,107.01,Beauty,0
TXN0001319,CUST00176,2025-05-03,86.12,Sports,1
TXN0001320,CUST00176,2025-08-27,173.21,Books,0
TXN0001321,CUST00176,2024-06-11,53.55,Home & Kitchen,1
TXN0001322,CUST00176,2025-08-14,41.25,Home & Kitchen,0
TXN0001323,CUST00176,2024-07-16,60.39,Home & Kitchen,0
TXN0001324,CUST00176,2025-10-11,70.5,Home & Kitchen,0
TXN0001325,CUST00176,2025-10-19,136.13,Electronics,1
TXN0001326,CUST00176,2025-10-21,165.39,Home & Kitchen,1
TXN0001327,CUST00176,2025-12-28,7.86,Books,0
TXN0001328,CUST00176,2025-02-18,62.25,Sports,0
TXN0001329,CUST00176,2024-12-28,58.32,Beauty,0
TXN0001330,CUST00176,2025-02-26,91.78,Beauty,1
TXN0001331,CUST00176,2025-01-14,67.96,Books,0
TXN0001332,CUST00176,2025-07-03,128.39,Books,0
TXN0001333,CUST00176,2024-07-17,31.49,Fashion,0
TXN0001334,CUST00176,2025-07-27,31.79,Books,0
TXN0001335,CUST00176,2025-03-03,76.36,Books,0
TXN0001336,CUST00176,2025-09-25,53.26,Sports,0
TXN0001337,CUST00176,2024-12-25,51.52,Fashion,0
TXN0001338,CUST00176,2024-04-17,95.99,Sports,0
TXN0001339,CUST00177,2025-01-06,96.34,Home & Kitchen,0
TXN0001340,CUST00177,2025-11-14,133.61,Books,0
TXN0001341,CUST00177,2025-12-19,51.03,Books,0
TXN0001342,CUST00177,2025-07-14,68.37,Fashion,0
TXN0001343,CUST00177,2024-06-13,54.08,Home & Kitchen,1
TXN0001344,CUST00177,2024-04-19,89.02,Sports,0
TXN0001345,CUST00177,2025-11-04,36.47,Electronics,0
TXN0001346,CUST00177,2025-11-23,63.74,Books,1
TXN0001347,CUST00177,2024-11-30,73.04,Electronics,1
TXN0001348,CUST00177,2024-08-06,25.07,Electronics,0
TXN0001349,CUST00177,2025-09-26,114.16,Electronics,1
TXN0001350,CUST00177,2025-12-01,85.41,Beauty,0
TXN0001351,CUST00177,2024-08-19,169.49,Electronics,0
TXN0001352,CUST00177,2024-10-23,30.23,Sports,0
TXN0001353,CUST00177,2025-06-10,15.02,Electronics,0
TXN0001354,CUST00177,2025-05-16,52.57,Books,1
TXN0001355,CUST00177,2025-09-21,122.39,Beauty,0
TXN0001356,CUST00177,2024-08-04,76.53,Home & Kitchen,1
TXN0001357,CUST00178,2025-06-11,49.29,Fashion,0
TXN0001358,CUST00178,2025-10-04,78.31,Books,0
TXN0001359,CUST00178,2025-12-18,31.17,Home & Kitchen,0
TXN0001360,CUST00178,2025-06-23,76.83,Home & Kitchen,0
TXN0001361,CUST00178,2025-10-24,51.65,Fashion,0
TXN0001362,CUST00178,2025-12-06,90.41,Electronics,1
TXN0001363,CUST00178,2025-12-03,62.67,Electronics,0
TXN0001364,CUST00178,2025-04-22,24.18,Sports,0
TXN0001365,CUST00178,2025-12-15,73.22,Electronics,0
TXN0001366,CUST00178,2024-12-01,23.28,Electronics,1
TXN0001367,CUST00178,2025-12-29,35.76,Sports,0
TXN0001368,CUST00178,2025-02-06,17.07,Books,0
TXN0001369,CUST00179,2025-11-24,38.48,Fashion,0
TXN0001370,CUST00179,2025-02-23,23.64,Sports,0
TXN0001371,CUST00179,2025-06-23,44.7,Books,0
TXN0001372,CUST00180,2025-05-02,25.24,Electronics,0
TXN0001373,CUST00180,2025-02-28,51.74,Books,0
TXN0001374,CUST00180,2025-05-12,61.52,Electronics,0
TXN0001375,CUST00180,2025-12-27,20.96,Electronics,0
TXN0001376,CUST00180,2025-10-11,28.19,Sports,0
TXN0001377,CUST00180,2025-06-22,16.42,Fashion,0
TXN0001378,CUST00180,2025-06-14,28.31,Beauty,0
TXN0001379,CUST00180,2024-10-01,78.52,Books,0
TXN0001380,CUST00180,2024-06-03,51.57,Books,0
TXN0001381,CUST00180,2024-04-07,21.82,Sports,0
TXN0001382,CUST00180,2024-11-01,56.11,Fashion,0
TXN0001383,CUST00180,2024-11-28,18.68,Electronics,1
TXN0001384,CUST00180,2024-06-30,79.22,Books,0
TXN0001385,CUST00180,2024-12-24,75.96,Fashion,0
TXN0001386,CUST00180,2024-04-16,48.54,Home & Kitchen,0
TXN0001387,CUST00180,2025-11-15,17.95,Home & Kitchen,1
TXN0001388,CUST00180,2025-09-07,31.8,Beauty,0
TXN0001389,CUST00180,2025-09-16,42.35,Books,0
TXN0001390,CUST00180,2024-09-27,194.93,Electronics,0
TXN0001391,CUST00180,2025-11-02,63.5,Books,1
TXN0001392,CUST00180,2024-05-12,61.66,Beauty,0
TXN0001393,CUST00180,2025-11-09,78.2,Home & Kitchen,0
TXN0001394,CUST00180,2024-09-05,81.82,Beauty,0
TXN0001395,CUST00180,2025-12-18,62.94,Books,1
TXN0001396,CUST00180,2024-12-02,35.25,Books,0
TXN0001397,CUST00180,2024-08-05,16.82,Home & Kitchen,0
TXN0001398,CUST00181,2025-07-10,112.01,Home & Kitchen,0
TXN0001399,CUST00181,2024-10-12,105.87,Fashion,0
TXN0001400,CUST00181,2025-08-07,13.7,Electronics,0
TXN0001401,CUST00181,2024-12-03,39.12,Home & Kitchen,0
TXN0001402,CUST00181,2024-08-02,87.64,Electronics,0
TXN0001403,CUST00181,2025-08-01,38.0,Beauty,1
TXN0001404,CUST00181,2024-07-25,55.87,Beauty,0
TXN0001405,CUST00181,2025-05-31,70.09,Home & Kitchen,0
TXN0001406,CUST00181,2025-04-28,38.83,Electronics,1
TXN0001407,CUST00181,2024-08-17,155.23,Home & Kitchen,0
TXN0001408,CUST00181,2025-05-08,18.96,Home & Kitchen,0
TXN0001409,CUST00181,2024-09-13,38.31,Fashion,0
TXN0001410,CUST00181,2025-01-03,34.97,Beauty,0
TXN0001411,CUST00181,2024-11-05,126.4,Electronics,1
TXN0001412,CUST00181,2025-06-08,91.26,Beauty,1
TXN0001413,CUST00181,2025-04-14,186.5,Fashion,0
TXN0001414,CUST00181,2024-10-21,62.46,Sports,0
TXN0001415,CUST00181,2025-03-27,196.35,Beauty,0
TXN0001416,CUST00181,2025-07-13,99.71,Fashion,0
TXN0001417,CUST00181,2024-08-10,14.78,Books,0
TXN0001418,CUST00181,2025-01-04,66.43,Beauty,0
TXN0001419,CUST00181,2025-08-15,13.34,Electronics,0
TXN0001420,CUST00181,2025-02-09,111.27,Fashion,0
TXN0001421,CUST00181,2025-07-12,46.77,Sports,0
TXN0001422,CUST00181,2025-04-28,51.34,Beauty,1
TXN0001423,CUST00181,2024-11-30,23.79,Fashion,0
TXN0001424,CUST00181,2024-07-24,30.51,Sports,0
TXN0001425,CUST00181,2025-01-29,34.75,Books,0
TXN0001426,CUST00181,2024-10-09,76.97,Electronics,1
TXN0001427,CUST00181,2024-11-23,78.65,Beauty,0
TXN0001428,CUST00182,2025-11-13,50.48,Books,0
TXN0001429,CUST00182,2024-11-26,57.03,Home & Kitchen,0
TXN0001430,CUST00182,2025-04-11,79.11,Electronics,0
TXN0001431,CUST00182,2024-12-02,14.89,Electronics,0
TXN0001432,CUST00182,2024-12-30,53.94,Electronics,0
TXN0001433,CUST00182,2024-09-14,20.49,Electronics,0
TXN0001434,CUST00182,2025-02-22,103.41,Sports,1
TXN0001435,CUST00182,2024-12-07,27.98,Books,1
TXN0001436,CUST00182,2025-09-05,45.76,Home & Kitchen,0
TXN0001437,CUST00182,2025-10-14,74.15,Beauty,0
TXN0001438,CUST00182,2025-09-14,60.49,Electronics,0
TXN0001439,CUST00183,2025-09-03,53.47,Beauty,1
TXN0001440,CUST00183,2025-11-25,38.13,Fashion,0
TXN0001441,CUST00185,2024-11-10,53.11,Books,1
TXN0001442,CUST00185,2024-10-21,102.73,Books,0
TXN0001443,CUST00185,2025-11-03,51.8,Electronics,0
TXN0001444,CUST00185,2024-09-10,45.63,Electronics,0
TXN0001445,CUST00185,2025-05-20,28.88,Books,1
TXN0001446,CUST00185,2024-11-15,27.27,Beauty,0
TXN0001447,CUST00185,2025-01-07,55.16,Home & Kitchen,0
TXN0001448,CUST00185,2024-08-30,39.71,Fashion,0
TXN0001449,CUST00185,2024-07-16,159.06,Books,0
TXN0001450,CUST00185,2025-09-04,63.0,Home & Kitchen,0
TXN0001451,CUST00185,2025-03-03,72.26,Beauty,0
TXN0001452,CUST00185,2024-12-01,156.65,Sports,1
TXN0001453,CUST00185,2024-08-31,46.66,Electronics,1
TXN0001454,CUST00185,2024-11-10,31.63,Sports,0
TXN0001455,CUST00185,2025-11-23,81.79,Books,1
TXN0001456,CUST00185,2025-01-06,57.16,Beauty,1
TXN0001457,CUST00185,2025-08-08,223.06,Beauty,0
TXN0001458,CUST00185,2025-03-19,57.69,Beauty,0
TXN0001459,CUST00185,2024-11-19,71.31,Beauty,1
TXN0001460,CUST00185,2025-05-07,69.98,Books,0
TXN0001461,CUST00185,2024-08-25,70.7,Electronics,0
TXN0001462,CUST00185,2025-02-08,49.2,Sports,0
TXN0001463,CUST00185,2025-09-14,14.72,Fashion,0
TXN0001464,CUST00185,2025-03-20,53.77,Electronics,0
TXN0001465,CUST00185,2025-05-04,75.82,Beauty,0
TXN0001466,CUST00185,2025-01-14,129.86,Books,1
TXN0001467,CUST00185,2025-02-11,68.98,Beauty,1
TXN0001468,CUST00185,2024-08-29,38.25,Electronics,0
TXN0001469,CUST00185,2025-05-06,63.36,Sports,0
TXN0001470,CUST00185,2024-11-10,88.66,Sports,0
TXN0001471,CUST00185,2024-07-27,60.16,Home & Kitchen,0
TXN0001472,CUST00185,2025-04-26,39.47,Home & Kitchen,1
TXN0001473,CUST00185,2025-07-07,111.79,Books,0
TXN0001474,CUST00186,2024-11-14,28.78,Home & Kitchen,1
TXN0001475,CUST00186,2025-10-21,28.91,Beauty,0
TXN0001476,CUST00186,2025-04-15,44.31,Electronics,0
TXN0001477,CUST00186,2024-08-20,17.33,Books,0
TXN0001478,CUST00186,2024-10-06,108.72,Books,0
TXN0001479,CUST00186,2024-08-11,9.34,Electronics,1
TXN0001480,CUST00186,2024-07-29,39.52,Home & Kitchen,0
TXN0001481,CUST00186,2024-11-16,46.6,Sports,0
TXN0001482,CUST00186,2025-02-15,45.75,Home & Kitchen,1
TXN0001483,CUST00186,2025-12-30,4.96,Electronics,0
TXN0001484,CUST00187,2025-08-28,15.03,Beauty,0
TXN0001485,CUST00187,2025-07-23,39.52,Home & Kitchen,0
TXN0001486,CUST00187,2025-05-08,29.34,Books,0
TXN0001487,CUST00187,2025-06-07,75.87,Fashion,0
TXN0001488,CUST00187,2025-03-26,40.79,Fashion,0
TXN0001489,CUST00187,2025-04-29,34.82,Sports,0
TXN0001490,CUST00187,2025-04-07,49.3,Electronics,0
TXN0001491,CUST00187,2025-07-17,93.66,Beauty,0
TXN0001492,CUST00187,2025-10-11,33.0,Books,0
TXN0001493,CUST00187,2025-08-08,47.65,Fashion,1
TXN0001494,CUST00187,2025-03-29,35.71,Home & Kitchen,1
TXN0001495,CUST00187,2025-09-20,38.71,Books,0
TXN0001496,CUST00187,2025-01-17,59.79,Beauty,0
TXN0001497,CUST00187,2025-02-02,37.87,Electronics,0
TXN0001498,CUST00187,2025-07-10,56.74,Books,0
TXN0001499,CUST00187,2025-01-07,114.42,Books,0
TXN0001500,CUST00188,2025-12-22,41.41,Home & Kitchen,1
TXN0001501,CUST00188,2025-07-15,37.64,Beauty,0
TXN0001502,CUST00188,2025-06-26,42.16,Electronics,1
TXN0001503,CUST00188,2025-10-25,26.81,Books,0
TXN0001504,CUST00188,2025-07-28,71.38,Beauty,0
TXN0001505,CUST00188,2025-10-03,83.58,Books,0
TXN0001506,CUST00188,2025-06-09,33.96,Fashion,0
TXN0001507,CUST00189,2025-05-19,38.97,Fashion,1
TXN0001508,CUST00189,2025-08-24,88.02,Electronics,1
TXN0001509,CUST00189,2025-11-26,133.85,Fashion,0
TXN0001510,CUST00189,2025-12-28,13.62,Electronics,0
TXN0001511,CUST00189,2024-11-27,35.21,Books,0
TXN0001512,CUST00189,2025-08-09,38.49,Sports,0
TXN0001513,CUST00189,2024-11-12,127.39,Fashion,1
TXN0001514,CUST00189,2025-12-11,90.52,Beauty,1
TXN0001515,CUST00189,2025-09-15,61.27,Beauty,0
TXN0001516,CUST00189,2025-01-30,84.67,Electronics,0
TXN0001517,CUST00189,2024-09-01,33.27,Sports,0
TXN0001518,CUST00189,2024-11-15,44.15,Books,0
TXN0001519,CUST00189,2024-08-31,43.87,Home & Kitchen,0
TXN0001520,CUST00189,2025-05-22,39.38,Beauty,0
TXN0001521,CUST00189,2024-08-05,61.06,Sports,0
TXN0001522,CUST00189,2025-07-10,44.35,Beauty,0
TXN0001523,CUST00189,2025-06-06,151.98,Electronics,0
TXN0001524,CUST00189,2024-11-26,52.99,Electronics,0
TXN0001525,CUST00189,2024-09-05,48.1,Home & Kitchen,0
TXN0001526,CUST00189,2024-09-10,163.2,Electronics,1
TXN0001527,CUST00189,2024-08-17,92.5,Home & Kitchen,1
TXN0001528,CUST00189,2025-04-11,48.38,Books,0
TXN0001529,CUST00189,2024-12-06,92.55,Electronics,0
TXN0001530,CUST00189,2025-09-10,50.05,Beauty,0
TXN0001531,CUST00189,2025-03-06,39.49,Electronics,1
TXN0001532,CUST00189,2025-02-02,110.39,Fashion,0
TXN0001533,CUST00190,2025-04-07,47.05,Books,0
TXN0001534,CUST00190,2025-09-08,57.32,Books,1
TXN0001535,CUST00190,2025-04-21,43.13,Sports,0
TXN0001536,CUST00190,2025-02-19,62.4,Beauty,0
TXN0001537,CUST00190,2025-04-08,53.02,Books,0
TXN0001538,CUST00190,2025-05-21,78.05,Sports,0
TXN0001539,CUST00191,2025-10-28,71.97,Fashion,0
TXN0001540,CUST00191,2025-09-16,29.72,Books,1
TXN0001541,CUST00191,2025-11-29,25.43,Sports,0
TXN0001542,CUST00191,2025-01-07,54.85,Fashion,0
TXN0001543,CUST00191,2024-11-25,16.54,Electronics,0
TXN0001544,CUST00191,2025-12-22,116.24,Electronics,0
TXN0001545,CUST00191,2025-08-19,48.22,Books,0
TXN0001546,CUST00191,2025-03-05,139.32,Fashion,0
TXN0001547,CUST00191,2025-02-16,114.89,Beauty,1
TXN0001548,CUST00191,2025-09-19,46.52,Books,0
TXN0001549,CUST00191,2025-04-04,71.42,Electronics,0
TXN0001550,CUST00191,2025-12-03,21.91,Beauty,1
TXN0001551,CUST00191,2025-11-17,66.28,Sports,0
TXN0001552,CUST00191,2025-07-17,53.95,Electronics,0
TXN0001553,CUST00191,2025-03-07,55.78,Fashion,0
TXN0001554,CUST00191,2024-11-12,41.17,Books,0
TXN0001555,CUST00191,2025-07-14,49.63,Books,0
TXN0001556,CUST00191,2025-11-03,98.62,Fashion,0
TXN0001557,CUST00191,2025-09-17,56.95,Electronics,0
TXN0001558,CUST00191,2025-08-07,137.2,Fashion,0
TXN0001559,CUST00191,2025-07-15,59.91,Books,1
TXN0001560,CUST00191,2025-10-21,54.72,Electronics,0
TXN0001561,CUST00191,2025-02-04,76.83,Home & Kitchen,0
TXN0001562,CUST00191,2025-12-16,74.96,Electronics,0
TXN0001563,CUST00191,2025-02-07,50.32,Beauty,0
TXN0001564,CUST00192,2024-10-20,42.95,Sports,1
TXN0001565,CUST00192,2025-01-13,26.47,Fashion,1
TXN0001566,CUST00192,2025-02-02,70.08,Sports,0
TXN0001567,CUST00192,2024-12-01,5.64,Electronics,0
TXN0001568,CUST00192,2024-12-18,32.62,Electronics,1
TXN0001569,CUST00192,2024-09-29,41.62,Electronics,0
TXN0001570,CUST00192,2025-07-31,17.43,Beauty,0
TXN0001571,CUST00192,2025-10-09,62.49,Sports,1
TXN0001572,CUST00192,2025-09-15,48.48,Sports,1
TXN0001573,CUST00192,2025-11-05,65.29,Fashion,0
TXN0001574,CUST00192,2025-09-28,55.0,Electronics,0
TXN0001575,CUST00192,2025-11-29,16.83,Fashion,0
TXN0001576,CUST00193,2025-01-24,24.45,Beauty,1
TXN0001577,CUST00193,2024-11-29,73.06,Home & Kitchen,0
TXN0001578,CUST00193,2025-08-25,87.61,Books,0
TXN0001579,CUST00193,2025-12-15,64.45,Books,1
TXN0001580,CUST00193,2025-05-24,75.23,Beauty,0
TXN0001581,CUST00193,2025-01-13,89.41,Home & Kitchen,0
TXN0001582,CUST00193,2025-05-24,94.35,Electronics,1
TXN0001583,CUST00193,2025-06-13,42.98,Books,0
TXN0001584,CUST00193,2025-01-02,28.36,Sports,1
TXN0001585,CUST00193,2024-08-28,23.8,Sports,0
TXN0001586,CUST00193,2025-07-05,131.07,Fashion,0
TXN0001587,CUST00193,2024-10-09,28.24,Home & Kitchen,0
TXN0001588,CUST00193,2024-08-27,20.42,Fashion,1
TXN0001589,CUST00193,2025-01-15,13.59,Electronics,0
TXN0001590,CUST00193,2025-07-25,14.04,Sports,0
TXN0001591,CUST00193,2025-04-06,101.61,Fashion,0
TXN0001592,CUST00193,2025-07-12,38.28,Home & Kitchen,0
TXN0001593,CUST00193,2025-10-27,47.29,Electronics,0
TXN0001594,CUST00193,2025-08-30,110.21,Electronics,0
TXN0001595,CUST00193,2024-09-28,74.7,Home & Kitchen,0
TXN0001596,CUST00193,2025-04-20,13.74,Fashion,0
TXN0001597,CUST00193,2025-02-06,52.31,Beauty,0
TXN0001598,CUST00193,2025-07-18,49.38,Fashion,0
TXN0001599,CUST00193,2024-12-21,96.49,Books,0
TXN0001600,CUST00193,2025-10-28,97.76,Home & Kitchen,0
TXN0001601,CUST00194,2025-11-06,13.58,Sports,0
TXN0001602,CUST00194,2025-09-22,81.23,Fashion,0
TXN0001603,CUST00194,2025-11-04,42.47,Beauty,1
TXN0001604,CUST00194,2025-12-10,83.83,Fashion,1
TXN0001605,CUST00195,2025-05-03,75.36,Sports,0
TXN0001606,CUST00196,2025-02-21,59.53,Electronics,1
TXN0001607,CUST00196,2025-06-15,18.01,Fashion,0
TXN0001608,CUST00196,2025-07-20,52.95,Electronics,0
TXN0001609,CUST00196,2025-02-15,62.76,Books,0
TXN0001610,CUST00196,2025-11-23,58.87,Sports,0
TXN0001611,CUST00196,2025-10-23,69.59,Beauty,1
TXN0001612,CUST00196,2025-06-12,49.84,Fashion,1
TXN0001613,CUST00196,2025-06-10,71.5,Electronics,0
TXN0001614,CUST00196,2025-11-09,126.26,Beauty,1
TXN0001615,CUST00196,2025-04-25,59.42,Electronics,0
TXN0001616,CUST00196,2025-02-08,122.63,Electronics,1
TXN0001617,CUST00196,2025-09-26,53.06,Electronics,1
TXN0001618,CUST00196,2025-01-31,51.47,Fashion,0
TXN0001619,CUST00196,2025-03-12,89.24,Electronics,0
TXN0001620,CUST00196,2025-03-23,60.58,Books,0
TXN0001621,CUST00196,2025-11-23,23.38,Books,0
TXN0001622,CUST00196,2025-09-04,164.61,Sports,1
TXN0001623,CUST00196,2025-10-13,45.2,Home & Kitchen,1
TXN0001624,CUST00196,2025-01-14,93.57,Beauty,0
TXN0001625,CUST00196,2025-07-06,96.98,Books,0
TXN0001626,CUST00196,2025-08-28,184.73,Beauty,0
TXN0001627,CUST00196,2025-03-23,50.4,Books,0
TXN0001628,CUST00197,2025-07-01,42.14,Fashion,1
TXN0001629,CUST00197,2025-12-07,36.06,Fashion,0
TXN0001630,CUST00197,2025-08-06,24.11,Fashion,0
TXN0001631,CUST00197,2025-12-28,19.66,Books,0
TXN0001632,CUST00198,2024-11-18,19.27,Home & Kitchen,0
TXN0001633,CUST00198,2025-04-16,39.37,Sports,0
TXN0001634,CUST00198,2024-10-25,57.4,Beauty,1
TXN0001635,CUST00198,2025-10-17,46.7,Beauty,1
TXN0001636,CUST00198,2025-07-21,56.5,Fashion,1
TXN0001637,CUST00198,2025-09-17,47.39,Fashion,1
TXN0001638,CUST00198,2025-09-07,75.8,Sports,1
TXN0001639,CUST00198,2025-07-28,49.31,Books,0
TXN0001640,CUST00198,2025-11-30,13.75,Electronics,1
TXN0001641,CUST00199,2025-11-05,61.31,Sports,0
TXN0001642,CUST00199,2025-07-19,63.88,Fashion,1
TXN0001643,CUST00199,2025-02-20,42.05,Books,0
TXN0001644,CUST00199,2025-02-23,44.66,Beauty,0
TXN0001645,CUST00199,2025-08-24,89.46,Sports,0
TXN0001646,CUST00200,2025-05-02,85.74,Electronics,1
TXN0001647,CUST00200,2025-05-08,24.07,Books,0
TXN0001648,CUST00200,2025-11-30,173.79,Home & Kitchen,0
TXN0001649,CUST00200,2025-08-09,80.97,Home & Kitchen,0
TXN0001650,CUST00200,2025-03-23,128.27,Beauty,0
TXN0001651,CUST00200,2024-11-15,34.26,Electronics,0
TXN0001652,CUST00200,2024-07-16,46.17,Sports,1
TXN0001653,CUST00200,2025-02-20,110.31,Fashion,1
TXN0001654,CUST00200,2025-10-21,58.53,Fashion,0
TXN0001655,CUST00200,2024-12-04,25.21,Electronics,0
TXN0001656,CUST00200,2025-07-22,38.34,Sports,1
TXN0001657,CUST00200,2024-11-15,97.31,Electronics,1
TXN0001658,CUST00200,2025-04-16,74.82,Sports,0
TXN0001659,CUST00200,2025-10-06,54.23,Home & Kitchen,0
TXN0001660,CUST00200,2025-11-07,52.38,Sports,0
TXN0001661,CUST00200,2024-12-25,63.76,Sports,1
TXN0001662,CUST00200,2024-08-25,99.19,Fashion,0
TXN0001663,CUST00200,2024-05-31,48.99,Beauty,0
TXN0001664,CUST00200,2025-08-07,13.02,Books,1
TXN0001665,CUST00200,2025-10-31,39.07,Books,0
TXN0001666,CUST00200,2024-05-07,109.56,Fashion,1
TXN0001667,CUST00200,2025-05-14,59.29,Home & Kitchen,1
TXN0001668,CUST00200,2024-06-20,43.88,Electronics,0
TXN0001669,CUST00200,2025-02-04,23.16,Fashion,0
TXN0001670,CUST00200,2025-08-19,61.64,Electronics,0
TXN0001671,CUST00200,2024-11-27,21.4,Fashion,0
TXN0001672,CUST00200,2025-03-09,142.22,Books,0
TXN0001673,CUST00200,2024-09-13,59.84,Beauty,0
TXN0001674,CUST00200,2024-11-08,26.31,Beauty,0
TXN0001675,CUST00200,2024-11-23,78.09,Fashion,0
TXN0001676,CUST00201,2024-10-29,59.01,Fashion,0
TXN0001677,CUST00201,2024-12-29,34.75,Books,0
TXN0001678,CUST00201,2025-06-03,46.49,Electronics,0
TXN0001679,CUST00201,2024-07-23,29.83,Electronics,1
TXN0001680,CUST00201,2025-08-11,19.85,Books,0
TXN0001681,CUST00201,2025-09-30,38.44,Home & Kitchen,0
TXN0001682,CUST00201,2025-12-22,21.61,Home & Kitchen,0
TXN0001683,CUST00201,2024-05-18,50.07,Fashion,0
TXN0001684,CUST00201,2025-08-16,59.07,Beauty,1
TXN0001685,CUST00201,2025-12-27,20.15,Home & Kitchen,0
TXN0001686,CUST00201,2025-02-15,38.34,Home & Kitchen,1
TXN0001687,CUST00201,2025-10-01,42.04,Sports,0
TXN0001688,CUST00201,2025-03-05,28.03,Beauty,0
TXN0001689,CUST00201,2025-06-27,108.87,Electronics,1
TXN0001690,CUST00201,2024-09-24,97.51,Electronics,1
TXN0001691,CUST00202,2025-11-25,43.39,Books,1
TXN0001692,CUST00202,2025-12-08,88.06,Electronics,0
TXN0001693,CUST00202,2025-10-17,32.68,Sports,0
TXN0001694,CUST00202,2025-11-23,142.82,Fashion,0
TXN0001695,CUST00202,2025-12-09,69.82,Fashion,1
TXN0001696,CUST00202,2025-11-21,69.78,Electronics,0
TXN0001697,CUST00203,2025-06-23,126.19,Beauty,0
TXN0001698,CUST00203,2025-09-07,80.32,Sports,0
TXN0001699,CUST00203,2025-02-20,83.92,Electronics,0
TXN0001700,CUST00203,2025-07-21,27.19,Electronics,1
TXN0001701,CUST00203,2025-02-10,146.01,Fashion,0
TXN0001702,CUST00203,2025-01-15,86.81,Books,1
TXN0001703,CUST00203,2025-07-11,39.97,Beauty,1
TXN0001704,CUST00203,2025-02-11,44.04,Sports,1
TXN0001705,CUST00203,2025-12-14,82.07,Sports,1
TXN0001706,CUST00203,2025-03-12,86.12,Home & Kitchen,0
TXN0001707,CUST00203,2025-02-18,113.62,Beauty,0
TXN0001708,CUST00203,2025-08-23,200.74,Fashion,0
TXN0001709,CUST00203,2025-07-18,126.17,Books,0
TXN0001710,CUST00203,2025-01-22,42.45,Books,0
TXN0001711,CUST00203,2025-07-14,57.91,Home & Kitchen,1
TXN0001712,CUST00204,2025-03-09,36.43,Fashion,0
TXN0001713,CUST00204,2025-11-22,71.43,Electronics,0
TXN0001714,CUST00204,2025-05-28,82.49,Home & Kitchen,0
TXN0001715,CUST00204,2024-11-02,33.5,Fashion,1
TXN0001716,CUST00204,2025-03-15,71.08,Electronics,0
TXN0001717,CUST00204,2024-11-25,103.92,Fashion,0
TXN0001718,CUST00204,2025-06-11,38.21,Books,0
TXN0001719,CUST00204,2025-04-21,41.38,Beauty,0
TXN0001720,CUST00204,2025-07-07,107.69,Fashion,0
TXN0001721,CUST00204,2025-11-27,69.52,Beauty,0
TXN0001722,CUST00204,2025-12-22,139.68,Fashion,1
TXN0001723,CUST00204,2025-02-01,3.83,Electronics,0
TXN0001724,CUST00204,2025-10-28,70.69,Beauty,1
TXN0001725,CUST00204,2025-09-04,108.17,Sports,0
TXN0001726,CUST00204,2025-11-27,11.34,Beauty,0
TXN0001727,CUST00204,2025-01-08,39.57,Electronics,0
TXN0001728,CUST00204,2024-12-28,142.21,Beauty,1
TXN0001729,CUST00204,2025-12-04,41.33,Fashion,0
TXN0001730,CUST00204,2025-06-14,100.46,Fashion,1
TXN0001731,CUST00204,2025-01-28,43.99,Sports,0
TXN0001732,CUST00204,2025-01-21,24.23,Beauty,0
TXN0001733,CUST00204,2024-10-12,182.36,Fashion,0
TXN0001734,CUST00204,2024-10-05,29.0,Beauty,0
TXN0001735,CUST00204,2025-05-22,32.49,Home & Kitchen,0
TXN0001736,CUST00204,2025-10-03,115.37,Fashion,0
TXN0001737,CUST00204,2025-08-18,4.91,Beauty,0
TXN0001738,CUST00204,2025-09-13,45.08,Books,0
TXN0001739,CUST00204,2025-01-17,31.13,Fashion,1
TXN0001740,CUST00205,2025-11-29,71.21,Books,0
TXN0001741,CUST00205,2025-12-03,80.94,Home & Kitchen,0
TXN0001742,CUST00205,2025-12-14,98.94,Home & Kitchen,0
TXN0001743,CUST00206,2025-10-07,74.28,Fashion,0
TXN0001744,CUST00206,2025-08-01,49.66,Home & Kitchen,1
TXN0001745,CUST00206,2025-11-01,24.73,Fashion,0
TXN0001746,CUST00206,2025-12-12,45.17,Electronics,0
TXN0001747,CUST00206,2025-07-31,85.02,Books,0
TXN0001748,CUST00206,2025-05-02,50.29,Sports,1
TXN0001749,CUST00206,2025-05-02,170.73,Electronics,0
TXN0001750,CUST00206,2025-05-24,61.7,Home & Kitchen,0
TXN0001751,CUST00206,2025-05-03,58.02,Fashion,1
TXN0001752,CUST00206,2025-11-10,79.82,Electronics,0
TXN0001753,CUST00206,2025-06-19,3.44,Beauty,1
TXN0001754,CUST00206,2025-09-18,33.28,Beauty,0
TXN0001755,CUST00206,2025-10-22,52.92,Beauty,1
TXN0001756,CUST00206,2025-12-06,65.04,Fashion,0
TXN0001757,CUST00206,2025-12-14,99.17,Home & Kitchen,0
TXN0001758,CUST00207,2025-07-14,9.66,Fashion,1
TXN0001759,CUST00208,2024-07-31,61.8,Home & Kitchen,0
TXN0001760,CUST00208,2025-01-29,9.97,Sports,0
TXN0001761,CUST00208,2025-08-23,30.74,Fashion,0
TXN0001762,CUST00208,2025-07-13,13.02,Books,1
TXN0001763,CUST00208,2025-10-18,91.15,Sports,0
TXN0001764,CUST00208,2025-08-18,9.68,Fashion,0
TXN0001765,CUST00208,2025-12-30,24.6,Sports,0
TXN0001766,CUST00209,2025-06-22,17.16,Sports,1
TXN0001767,CUST00209,2025-02-13,54.6,Fashion,1
TXN0001768,CUST00209,2025-04-04,40.12,Electronics,1
TXN0001769,CUST00209,2025-08-09,110.4,Beauty,1
TXN0001770,CUST00209,2025-07-02,33.67,Sports,0
TXN0001771,CUST00209,2025-01-08,17.27,Beauty,0
TXN0001772,CUST00210,2025-10-15,36.07,Fashion,0
TXN0001773,CUST00210,2025-05-20,67.22,Sports,0
TXN0001774,CUST00210,2025-05-03,61.55,Beauty,1
TXN0001775,CUST00210,2025-08-04,76.47,Beauty,0
TXN0001776,CUST00210,2025-09-27,96.58,Home & Kitchen,1
TXN0001777,CUST00210,2025-04-02,44.37,Electronics,0
TXN0001778,CUST00210,2025-09-17,9.5,Books,1
TXN0001779,CUST00210,2025-03-15,54.59,Beauty,0
TXN0001780,CUST00210,2025-11-02,43.24,Books,0
TXN0001781,CUST00210,2025-08-12,9.05,Fashion,0
TXN0001782,CUST00210,2025-09-13,89.37,Fashion,0
TXN0001783,CUST00211,2025-09-15,113.99,Home & Kitchen,0
TXN0001784,CUST00211,2025-02-15,38.12,Beauty,0
TXN0001785,CUST00211,2025-08-29,41.4,Sports,1
TXN0001786,CUST00211,2025-12-09,66.22,Fashion,1
TXN0001787,CUST00211,2025-07-29,18.55,Sports,0
TXN0001788,CUST00211,2025-03-06,112.9,Fashion,0
TXN0001789,CUST00211,2025-03-20,23.86,Sports,0
TXN0001790,CUST00211,2025-10-29,56.34,Electronics,0
TXN0001791,CUST00212,2024-12-25,20.13,Beauty,0
TXN0001792,CUST00212,2025-02-28,37.52,Electronics,0
TXN0001793,CUST00212,2025-07-21,25.37,Electronics,1
TXN0001794,CUST00212,2024-02-11,56.9,Beauty,1
TXN0001795,CUST00212,2024-03-16,29.59,Books,0
TXN0001796,CUST00212,2024-03-01,137.16,Sports,0
TXN0001797,CUST00212,2025-04-25,48.8,Electronics,1
TXN0001798,CUST00212,2024-09-30,32.11,Beauty,0
TXN0001799,CUST00213,2025-06-29,56.09,Sports,1
TXN0001800,CUST00213,2024-12-26,83.15,Beauty,0
TXN0001801,CUST00213,2025-06-26,75.19,Beauty,1
TXN0001802,CUST00213,2024-08-16,135.09,Books,0
TXN0001803,CUST00213,2024-09-14,49.3,Electronics,0
TXN0001804,CUST00213,2025-03-06,37.12,Beauty,0
TXN0001805,CUST00213,2024-05-04,2.82,Beauty,0
TXN0001806,CUST00213,2025-08-16,27.44,Fashion,1
TXN0001807,CUST00213,2024-10-28,86.64,Electronics,0
TXN0001808,CUST00213,2024-05-24,50.33,Sports,0
TXN0001809,CUST00213,2024-12-29,109.2,Electronics,0
TXN0001810,CUST00213,2025-03-20,24.84,Books,0
TXN0001811,CUST00214,2025-08-23,27.87,Books,1
TXN0001812,CUST00214,2025-11-01,50.31,Beauty,0
TXN0001813,CUST00214,2025-09-02,79.17,Fashion,1
TXN0001814,CUST00214,2025-05-16,34.22,Fashion,1
TXN0001815,CUST00214,2025-12-29,16.73,Home & Kitchen,0
TXN0001816,CUST00214,2025-05-04,37.02,Home & Kitchen,1
TXN0001817,CUST00214,2025-06-08,25.2,Fashion,1
TXN0001818,CUST00215,2025-06-17,12.71,Books,1
TXN0001819,CUST00215,2025-08-09,113.82,Electronics,1
TXN0001820,CUST00216,2025-12-15,75.82,Electronics,0
TXN0001821,CUST00219,2025-06-18,40.87,Beauty,0
TXN0001822,CUST00219,2025-08-17,40.08,Books,0
TXN0001823,CUST00219,2025-10-17,130.05,Home & Kitchen,1
TXN0001824,CUST00219,2025-12-17,151.06,Fashion,0
TXN0001825,CUST00219,2025-12-07,8.85,Books,1
TXN0001826,CUST00219,2025-08-14,84.27,Beauty,0
TXN0001827,CUST00219,2025-11-15,101.87,Sports,0
TXN0001828,CUST00219,2025-10-12,19.87,Books,0
TXN0001829,CUST00219,2025-06-18,57.89,Sports,1
TXN0001830,CUST00219,2025-11-29,35.2,Electronics,0
TXN0001831,CUST00219,2025-11-26,83.56,Beauty,0
TXN0001832,CUST00219,2025-11-09,131.84,Beauty,0
TXN0001833,CUST00219,2025-12-08,79.98,Fashion,0
TXN0001834,CUST00219,2025-10-16,39.33,Books,0
TXN0001835,CUST00219,2025-10-28,61.69,Beauty,1
TXN0001836,CUST00220,2025-09-16,97.74,Fashion,0
TXN0001837,CUST00220,2025-08-18,84.48,Home & Kitchen,0
TXN0001838,CUST00220,2025-10-03,91.26,Books,1
TXN0001839,CUST00220,2025-10-21,71.53,Beauty,0
TXN0001840,CUST00221,2024-05-24,43.73,Books,0
TXN0001841,CUST00221,2024-08-17,88.68,Books,0
TXN0001842,CUST00221,2025-02-18,51.34,Electronics,1
TXN0001843,CUST00221,2025-09-17,39.01,Books,1
TXN0001844,CUST00221,2024-11-08,53.16,Electronics,0
TXN0001845,CUST00221,2025-02-05,63.61,Beauty,0
TXN0001846,CUST00221,2025-09-14,79.56,Books,0
TXN0001847,CUST00221,2024-12-04,32.26,Home & Kitchen,0
TXN0001848,CUST00221,2025-06-19,23.41,Sports,0
TXN0001849,CUST00221,2025-11-19,59.69,Electronics,1
TXN0001850,CUST00221,2024-10-16,21.41,Home & Kitchen,0
TXN0001851,CUST00221,2025-10-19,22.23,Beauty,0
TXN0001852,CUST00222,2025-04-28,19.95,Home & Kitchen,1
TXN0001853,CUST00222,2025-07-25,60.31,Books,0
TXN0001854,CUST00222,2025-11-11,64.29,Sports,0
TXN0001855,CUST00222,2025-09-21,13.68,Sports,0
TXN0001856,CUST00223,2025-11-26,49.52,Sports,0
TXN0001857,CUST00224,2025-02-12,20.19,Fashion,0
TXN0001858,CUST00224,2025-06-11,17.46,Books,1
TXN0001859,CUST00224,2024-09-30,48.12,Electronics,0
TXN0001860,CUST00224,2024-12-08,35.52,Sports,1
TXN0001861,CUST00224,2025-07-15,89.59,Home & Kitchen,0
TXN0001862,CUST00224,2025-08-31,65.94,Books,0
TXN0001863,CUST00224,2024-10-28,98.57,Electronics,0
TXN0001864,CUST00224,2025-12-09,60.84,Sports,0
TXN0001865,CUST00224,2025-08-23,20.59,Books,1
TXN0001866,CUST00225,2025-01-23,47.56,Home & Kitchen,0
TXN0001867,CUST00225,2025-02-25,133.05,Electronics,1
TXN0001868,CUST00225,2025-02-25,23.76,Electronics,0
TXN0001869,CUST00225,2025-10-11,103.09,Beauty,0
TXN0001870,CUST00225,2025-04-03,32.7,Home & Kitchen,1
TXN0001871,CUST00225,2025-08-09,26.35,Beauty,0
TXN0001872,CUST00225,2024-08-27,31.52,Sports,0
TXN0001873,CUST00225,2025-12-25,7.8,Electronics,1
TXN0001874,CUST00225,2025-05-03,56.95,Home & Kitchen,0
TXN0001875,CUST00225,2025-04-22,38.26,Home & Kitchen,0
TXN0001876,CUST00225,2025-11-14,41.08,Fashion,0
TXN0001877,CUST00225,2025-07-04,36.53,Books,0
TXN0001878,CUST00225,2025-03-02,42.24,Sports,1
TXN0001879,CUST00225,2025-07-12,45.39,Books,0
TXN0001880,CUST00225,2024-08-09,46.84,Electronics,0
TXN0001881,CUST00225,2024-08-30,101.43,Sports,1
TXN0001882,CUST00226,2025-12-10,30.32,Books,0
TXN0001883,CUST00226,2025-10-23,26.99,Fashion,0
TXN0001884,CUST00226,2025-12-18,84.05,Fashion,0
TXN0001885,CUST00226,2025-11-18,53.73,Home & Kitchen,0
TXN0001886,CUST00226,2025-12-10,18.98,Fashion,0
TXN0001887,CUST00227,2025-09-01,35.91,Sports,1
TXN0001888,CUST00227,2025-09-03,38.57,Electronics,1
TXN0001889,CUST00227,2025-10-03,31.62,Books,0
TXN0001890,CUST00227,2025-12-19,97.02,Beauty,0
TXN0001891,CUST00228,2025-11-13,79.19,Books,0
TXN0001892,CUST00228,2025-11-27,14.24,Sports,1
TXN0001893,CUST00228,2025-12-11,17.14,Books,0
TXN0001894,CUST00228,2025-12-02,56.06,Fashion,1
TXN0001895,CUST00228,2025-12-07,32.94,Books,0
TXN0001896,CUST00228,2025-11-29,53.22,Fashion,1
TXN0001897,CUST00229,2024-09-03,96.08,Home & Kitchen,1
TXN0001898,CUST00229,2024-12-19,21.85,Home & Kitchen,1
TXN0001899,CUST00229,2024-12-21,65.94,Home & Kitchen,0
TXN0001900,CUST00229,2024-10-15,5.62,Sports,1
TXN0001901,CUST00229,2025-05-18,36.07,Books,0
TXN0001902,CUST00229,2024-09-18,92.64,Beauty,1
TXN0001903,CUST00230,2025-01-09,70.1,Home & Kitchen,1
TXN0001904,CUST00230,2025-10-16,48.62,Electronics,0
TXN0001905,CUST00230,2025-07-16,36.1,Electronics,0
TXN0001906,CUST00230,2025-07-12,53.26,Home & Kitchen,0
TXN0001907,CUST00230,2025-04-24,63.31,Home & Kitchen,0
TXN0001908,CUST00230,2025-01-18,33.13,Beauty,0
TXN0001909,CUST00230,2025-08-06,14.78,Beauty,0
TXN0001910,CUST00231,2025-12-05,89.04,Sports,0
TXN0001911,CUST00232,2025-09-12,28.63,Sports,0
TXN0001912,CUST00232,2025-07-19,73.87,Electronics,0
TXN0001913,CUST00232,2025-09-18,71.27,Beauty,0
TXN0001914,CUST00233,2025-06-24,145.0,Books,0
TXN0001915,CUST00233,2025-07-08,38.73,Sports,0
TXN0001916,CUST00233,2025-02-22,125.45,Books,0
TXN0001917,CUST00233,2025-11-30,56.12,Sports,0
TXN0001918,CUST00233,2025-05-01,50.93,Home & Kitchen,0
TXN0001919,CUST00233,2025-03-19,41.95,Beauty,0
TXN0001920,CUST00233,2025-08-25,18.88,Sports,0
TXN0001921,CUST00233,2025-04-18,75.77,Home & Kitchen,1
TXN0001922,CUST00233,2025-09-05,71.63,Books,1
TXN0001923,CUST00233,2025-03-06,91.81,Books,0
TXN0001924,CUST00233,2025-06-12,35.13,Electronics,0
TXN0001925,CUST00233,2025-05-26,171.41,Fashion,1
TXN0001926,CUST00233,2025-07-04,85.82,Beauty,0
TXN0001927,CUST00233,2025-06-03,44.26,Electronics,0
TXN0001928,CUST00233,2025-03-14,15.9,Electronics,0
TXN0001929,CUST00233,2025-06-26,60.57,Beauty,0
TXN0001930,CUST00233,2025-11-01,51.96,Fashion,0
TXN0001931,CUST00233,2025-08-22,79.95,Home & Kitchen,0
TXN0001932,CUST00233,2025-09-15,75.33,Electronics,0
TXN0001933,CUST00234,2025-09-08,52.71,Electronics,0
TXN0001934,CUST00234,2025-09-06,52.97,Fashion,0
TXN0001935,CUST00234,2025-08-16,39.64,Home & Kitchen,0
TXN0001936,CUST00234,2025-12-15,71.88,Electronics,0
TXN0001937,CUST00235,2025-10-15,62.12,Books,0
TXN0001938,CUST00235,2025-09-05,55.46,Fashion,1
TXN0001939,CUST00235,2025-10-17,73.87,Beauty,0
TXN0001940,CUST00235,2025-08-26,64.0,Fashion,0
TXN0001941,CUST00235,2025-08-25,71.56,Fashion,1
TXN0001942,CUST00235,2025-12-13,25.05,Sports,0
TXN0001943,CUST00235,2025-10-27,27.58,Books,1
TXN0001944,CUST00236,2024-08-31,40.88,Electronics,0
TXN0001945,CUST00236,2025-07-27,29.04,Home & Kitchen,0
TXN0001946,CUST00237,2025-11-28,14.73,Beauty,0
TXN0001947,CUST00237,2025-12-06,68.95,Books,0
TXN0001948,CUST00237,2025-08-01,28.73,Sports,0
TXN0001949,CUST00237,2025-06-18,26.59,Fashion,0
TXN0001950,CUST00238,2025-11-03,13.23,Beauty,1
TXN0001951,CUST00238,2025-10-14,27.69,Home & Kitchen,1
TXN0001952,CUST00238,2025-04-07,34.61,Beauty,0
TXN0001953,CUST00238,2025-11-12,39.78,Beauty,0
TXN0001954,CUST00238,2025-01-27,62.07,Books,0
TXN0001955,CUST00239,2025-11-01,39.0,Books,0
TXN0001956,CUST00239,2025-06-13,36.46,Electronics,0
TXN0001957,CUST00239,2025-07-27,31.58,Home & Kitchen,1
TXN0001958,CUST00239,2025-12-05,38.84,Fashion,0
TXN0001959,CUST00239,2025-09-29,28.61,Electronics,0
TXN0001960,CUST00239,2025-05-18,50.58,Electronics,0
TXN0001961,CUST00239,2025-01-05,30.56,Fashion,0
TXN0001962,CUST00239,2025-05-22,6.53,Sports,1
TXN0001963,CUST00241,2025-09-26,53.36,Books,0
TXN0001964,CUST00241,2025-11-08,49.41,Home & Kitchen,1
TXN0001965,CUST00241,2025-11-26,50.06,Beauty,0
TXN0001966,CUST00241,2025-05-31,71.13,Sports,0
TXN0001967,CUST00241,2025-12-19,150.36,Home & Kitchen,1
TXN0001968,CUST00241,2025-02-16,150.85,Books,1
TXN0001969,CUST00241,2025-02-15,86.37,Books,0
TXN0001970,CUST00241,2025-02-23,38.86,Home & Kitchen,0
TXN0001971,CUST00241,2025-02-28,60.71,Beauty,0
TXN0001972,CUST00241,2025-12-27,71.18,Sports,1
TXN0001973,CUST00241,2025-12-28,22.09,Books,0
TXN0001974,CUST00241,2025-09-24,56.99,Books,0
TXN0001975,CUST00241,2025-09-26,32.3,Sports,0
TXN0001976,CUST00241,2025-11-21,21.77,Sports,0
TXN0001977,CUST00241,2025-10-12,55.03,Beauty,0
TXN0001978,CUST00241,2025-10-31,15.87,Beauty,1
TXN0001979,CUST00241,2025-02-25,131.73,Home & Kitchen,0
TXN0001980,CUST00241,2025-09-06,139.66,Sports,0
TXN0001981,CUST00241,2025-09-01,78.17,Fashion,1
TXN0001982,CUST00241,2025-10-15,48.33,Home & Kitchen,0
TXN0001983,CUST00241,2025-03-24,60.32,Fashion,0
TXN0001984,CUST00241,2025-09-22,83.63,Home & Kitchen,1
TXN0001985,CUST00242,2025-12-04,18.67,Fashion,0
TXN0001986,CUST00242,2025-10-01,90.56,Beauty,1
TXN0001987,CUST00242,2025-11-18,83.22,Home & Kitchen,0
TXN0001988,CUST00243,2025-12-26,52.63,Home & Kitchen,0
TXN0001989,CUST00243,2025-12-25,67.03,Electronics,0
TXN0001990,CUST00244,2024-07-23,15.04,Fashion,1
TXN0001991,CUST00244,2025-09-13,29.06,Home & Kitchen,1
TXN0001992,CUST00244,2024-11-14,20.44,Home & Kitchen,0
TXN0001993,CUST00244,2024-09-10,24.44,Beauty,0
TXN0001994,CUST00244,2025-03-11,34.49,Fashion,0
TXN0001995,CUST00244,2025-07-25,66.59,Sports,1
TXN0001996,CUST00245,2025-07-23,110.91,Fashion,0
TXN0001997,CUST00246,2025-12-25,27.83,Books,0
TXN0001998,CUST00247,2025-10-18,49.47,Sports,0
TXN0001999,CUST00247,2025-04-04,61.02,Home & Kitchen,0
TXN0002000,CUST00247,2024-05-02,28.74,Fashion,0
TXN0002001,CUST00247,2025-04-20,31.76,Fashion,0
TXN0002002,CUST00247,2025-09-14,57.59,Books,0
TXN0002003,CUST00247,2024-04-21,47.56,Books,1
TXN0002004,CUST00247,2025-11-23,17.0,Books,0
TXN0002005,CUST00247,2025-09-28,145.54,Fashion,0
TXN0002006,CUST00247,2024-09-18,61.5,Fashion,1
TXN0002007,CUST00247,2025-05-30,27.61,Fashion,0
TXN0002008,CUST00247,2024-04-18,53.6,Electronics,0
TXN0002009,CUST00247,2025-06-25,68.6,Electronics,0
TXN0002010,CUST00247,2025-07-30,71.7,Home & Kitchen,1
TXN0002011,CUST00247,2025-12-27,72.55,Sports,1
TXN0002012,CUST00247,2024-09-24,22.65,Fashion,0
TXN0002013,CUST00247,2025-02-07,95.79,Beauty,0
TXN0002014,CUST00247,2025-05-14,60.74,Home & Kitchen,1
TXN0002015,CUST00247,2025-09-30,30.64,Home & Kitchen,0
TXN0002016,CUST00248,2025-11-17,20.94,Fashion,0
TXN0002017,CUST00248,2024-11-24,70.34,Fashion,0
TXN0002018,CUST00248,2025-09-02,140.74,Sports,0
TXN0002019,CUST00249,2025-03-03,63.34,Books,0
TXN0002020,CUST00249,2024-09-13,32.43,Electronics,0
TXN0002021,CUST00249,2024-09-16,48.7,Books,1
TXN0002022,CUST00249,2025-03-27,71.3,Home & Kitchen,1
TXN0002023,CUST00249,2025-06-15,86.06,Home & Kitchen,0
TXN0002024,CUST00249,2025-07-26,41.74,Fashion,0
TXN0002025,CUST00249,2025-08-21,70.1,Home & Kitchen,0
TXN0002026,CUST00249,2024-12-05,90.3,Beauty,0
TXN0002027,CUST00249,2025-07-02,105.61,Sports,0
TXN0002028,CUST00249,2024-11-19,40.11,Fashion,1
TXN0002029,CUST00249,2025-06-26,31.1,Sports,1
TXN0002030,CUST00249,2024-12-28,42.19,Home & Kitchen,0
TXN0002031,CUST00249,2025-11-15,186.46,Electronics,0
TXN0002032,CUST00249,2025-03-01,63.81,Electronics,0
TXN0002033,CUST00249,2025-06-11,37.03,Beauty,0
TXN0002034,CUST00249,2025-06-29,46.4,Beauty,0
TXN0002035,CUST00249,2024-12-20,62.8,Fashion,1
TXN0002036,CUST00249,2024-12-20,22.73,Beauty,1
TXN0002037,CUST00249,2025-11-16,55.4,Home & Kitchen,0
TXN0002038,CUST00249,2025-08-07,74.21,Fashion,0
TXN0002039,CUST00249,2025-07-03,70.25,Electronics,1
TXN0002040,CUST00249,2025-02-08,66.85,Books,0
TXN0002041,CUST00249,2025-02-28,99.67,Sports,0
TXN0002042,CUST00249,2025-02-16,100.5,Sports,0
TXN0002043,CUST00251,2025-02-22,69.51,Home & Kitchen,0
TXN0002044,CUST00251,2025-03-08,36.41,Books,0
TXN0002045,CUST00251,2025-03-28,51.74,Books,0
TXN0002046,CUST00251,2025-03-23,31.91,Home & Kitchen,0
TXN0002047,CUST00251,2024-11-13,12.93,Beauty,0
TXN0002048,CUST00251,2025-05-13,87.22,Home & Kitchen,0
TXN0002049,CUST00251,2025-07-24,49.39,Sports,0
TXN0002050,CUST00251,2024-12-30,81.16,Books,0
TXN0002051,CUST00251,2025-04-22,15.61,Fashion,1
TXN0002052,CUST00251,2024-09-21,51.17,Sports,0
TXN0002053,CUST00252,2025-08-16,67.16,Books,0
TXN0002054,CUST00252,2025-09-03,133.09,Beauty,0
TXN0002055,CUST00252,2025-05-14,55.13,Home & Kitchen,0
TXN0002056,CUST00252,2025-09-04,32.01,Books,0
TXN0002057,CUST00252,2025-08-26,75.12,Electronics,0
TXN0002058,CUST00252,2025-04-23,16.65,Books,0
TXN0002059,CUST00252,2024-12-20,31.88,Beauty,1
TXN0002060,CUST00252,2025-11-02,42.71,Electronics,0
TXN0002061,CUST00252,2024-11-20,76.86,Fashion,0
TXN0002062,CUST00252,2025-12-26,90.2,Books,0
TXN0002063,CUST00252,2024-11-29,75.19,Sports,0
TXN0002064,CUST00252,2025-08-27,19.33,Electronics,0
TXN0002065,CUST00252,2025-04-02,45.92,Home & Kitchen,0
TXN0002066,CUST00252,2025-04-17,35.65,Electronics,0
TXN0002067,CUST00252,2025-05-06,62.66,Beauty,0
TXN0002068,CUST00252,2025-10-05,45.74,Sports,0
TXN0002069,CUST00253,2025-12-23,44.34,Fashion,0
TXN0002070,CUST00253,2024-08-11,18.86,Beauty,0
TXN0002071,CUST00253,2024-11-24,33.44,Home & Kitchen,0
TXN0002072,CUST00253,2025-10-23,113.35,Electronics,0
TXN0002073,CUST00253,2024-09-25,31.51,Home & Kitchen,0
TXN0002074,CUST00253,2024-12-01,50.25,Electronics,0
TXN0002075,CUST00253,2025-05-17,53.2,Sports,1
TXN0002076,CUST00253,2025-03-30,98.5,Books,0
TXN0002077,CUST00253,2024-08-18,61.02,Fashion,1
TXN0002078,CUST00253,2025-03-29,179.62,Sports,0
TXN0002079,CUST00253,2024-07-07,101.07,Sports,1
TXN0002080,CUST00253,2025-05-21,34.03,Fashion,0
TXN0002081,CUST00253,2025-05-22,45.62,Home & Kitchen,0
TXN0002082,CUST00253,2025-09-08,60.67,Fashion,0
TXN0002083,CUST00253,2025-06-02,47.1,Electronics,1
TXN0002084,CUST00253,2024-06-05,33.99,Electronics,0
TXN0002085,CUST00253,2024-08-05,61.65,Sports,1
TXN0002086,CUST00253,2024-11-23,84.65,Beauty,0
TXN0002087,CUST00253,2024-05-03,187.51,Books,1
TXN0002088,CUST00253,2025-03-08,84.97,Books,0
TXN0002089,CUST00253,2024-08-21,73.81,Electronics,1
TXN0002090,CUST00253,2025-07-20,81.52,Sports,0
TXN0002091,CUST00253,2025-03-05,79.02,Beauty,1
TXN0002092,CUST00253,2024-12-16,163.51,Fashion,0
TXN0002093,CUST00253,2024-10-14,57.73,Beauty,1
TXN0002094,CUST00253,2025-06-03,47.62,Home & Kitchen,0
TXN0002095,CUST00253,2024-06-04,81.28,Sports,1
TXN0002096,CUST00253,2025-01-02,28.26,Sports,0
TXN0002097,CUST00253,2025-12-08,73.04,Sports,1
TXN0002098,CUST00253,2024-09-02,21.69,Electronics,0
TXN0002099,CUST00253,2025-03-18,15.02,Books,0
TXN0002100,CUST00253,2024-06-01,99.2,Home & Kitchen,0
TXN0002101,CUST00253,2025-09-09,102.01,Beauty,0
TXN0002102,CUST00253,2025-02-25,56.26,Fashion,0
TXN0002103,CUST00253,2024-10-14,75.22,Books,0
TXN0002104,CUST00253,2024-12-29,30.23,Beauty,1
TXN0002105,CUST00253,2024-06-18,111.91,Home & Kitchen,0
TXN0002106,CUST00253,2025-09-28,45.35,Beauty,0
TXN0002107,CUST00253,2025-12-16,56.74,Home & Kitchen,0
TXN0002108,CUST00253,2024-05-21,82.72,Electronics,0
TXN0002109,CUST00253,2025-11-25,63.69,Home & Kitchen,0
TXN0002110,CUST00253,2024-09-10,113.97,Home & Kitchen,1
TXN0002111,CUST00253,2024-07-30,76.74,Home & Kitchen,0
TXN0002112,CUST00254,2025-06-17,71.68,Home & Kitchen,1
TXN0002113,CUST00254,2025-09-02,17.63,Beauty,0
TXN0002114,CUST00254,2024-09-23,114.76,Sports,1
TXN0002115,CUST00255,2025-05-27,59.28,Electronics,0
TXN0002116,CUST00255,2025-10-10,11.28,Fashion,1
TXN0002117,CUST00255,2025-05-07,59.43,Books,0
TXN0002118,CUST00256,2025-12-26,116.24,Beauty,0
TXN0002119,CUST00257,2025-07-21,23.23,Books,1
TXN0002120,CUST00257,2025-12-17,77.93,Beauty,0
TXN0002121,CUST00257,2025-05-03,29.18,Beauty,0
TXN0002122,CUST00257,2025-09-02,10.47,Home & Kitchen,1
TXN0002123,CUST00257,2025-11-02,45.12,Fashion,0
TXN0002124,CUST00258,2025-11-14,105.01,Books,0
TXN0002125,CUST00258,2025-11-11,50.11,Beauty,0
TXN0002126,CUST00258,2025-11-12,50.97,Books,0
TXN0002127,CUST00258,2025-12-10,63.86,Beauty,0
TXN0002128,CUST00259,2025-05-26,34.68,Fashion,1
TXN0002129,CUST00259,2025-03-19,29.6,Sports,0
TXN0002130,CUST00259,2025-03-24,48.29,Sports,0
TXN0002131,CUST00259,2025-03-23,75.05,Electronics,1
TXN0002132,CUST00259,2025-10-29,28.41,Fashion,1
TXN0002133,CUST00259,2025-04-05,110.01,Fashion,0
TXN0002134,CUST00259,2024-11-16,20.37,Home & Kitchen,0
TXN0002135,CUST00259,2024-06-25,22.14,Beauty,0
TXN0002136,CUST00259,2025-10-19,51.0,Sports,1
TXN0002137,CUST00259,2025-07-08,65.86,Home & Kitchen,0
TXN0002138,CUST00259,2024-08-06,50.79,Electronics,1
TXN0002139,CUST00259,2025-08-28,80.34,Sports,1
TXN0002140,CUST00259,2025-01-30,54.32,Beauty,1
TXN0002141,CUST00259,2024-12-21,35.06,Electronics,0
TXN0002142,CUST00260,2024-05-07,23.39,Electronics,0
TXN0002143,CUST00260,2024-04-28,41.34,Beauty,0
TXN0002144,CUST00260,2024-03-05,78.12,Books,0
TXN0002145,CUST00260,2025-03-26,47.56,Home & Kitchen,0
TXN0002146,CUST00260,2025-09-22,56.07,Beauty,0
TXN0002147,CUST00260,2025-08-20,61.75,Fashion,0
TXN0002148,CUST00261,2025-08-28,41.55,Sports,0
TXN0002149,CUST00261,2024-11-27,42.46,Beauty,0
TXN0002150,CUST00262,2025-09-09,70.99,Books,1
TXN0002151,CUST00262,2025-07-21,57.03,Sports,0
TXN0002152,CUST00262,2025-06-21,29.28,Fashion,1
TXN0002153,CUST00262,2025-10-05,27.59,Fashion,0
TXN0002154,CUST00262,2025-06-19,49.65,Fashion,0
TXN0002155,CUST00262,2025-08-21,61.96,Beauty,0
TXN0002156,CUST00262,2025-11-03,83.94,Home & Kitchen,0
TXN0002157,CUST00262,2025-12-09,95.64,Sports,0
TXN0002158,CUST00263,2024-12-07,43.34,Beauty,0
TXN0002159,CUST00263,2025-12-02,55.94,Electronics,1
TXN0002160,CUST00263,2024-09-04,61.83,Home & Kitchen,0
TXN0002161,CUST00263,2025-12-05,42.71,Sports,0
TXN0002162,CUST00263,2024-08-13,103.99,Home & Kitchen,1
TXN0002163,CUST00263,2024-08-15,105.57,Beauty,0
TXN0002164,CUST00263,2025-08-29,20.7,Sports,0
TXN0002165,CUST00263,2024-08-15,108.49,Books,0
TXN0002166,CUST00263,2024-10-10,64.06,Beauty,0
TXN0002167,CUST00263,2024-12-13,112.72,Fashion,0
TXN0002168,CUST00263,2024-07-18,54.19,Electronics,0
TXN0002169,CUST00263,2025-05-30,41.36,Electronics,1
TXN0002170,CUST00263,2025-02-15,47.37,Fashion,1
TXN0002171,CUST00263,2025-05-08,45.59,Home & Kitchen,1
TXN0002172,CUST00263,2025-06-10,84.73,Home & Kitchen,0
TXN0002173,CUST00263,2025-07-29,105.02,Books,0
TXN0002174,CUST00263,2025-09-02,77.76,Books,0
TXN0002175,CUST00263,2024-10-01,69.03,Beauty,0
TXN0002176,CUST00263,2025-06-06,42.61,Electronics,1
TXN0002177,CUST00263,2024-10-31,118.86,Books,0
TXN0002178,CUST00263,2024-10-23,60.45,Books,0
TXN0002179,CUST00263,2024-12-20,37.31,Home & Kitchen,0
TXN0002180,CUST00264,2025-03-31,45.03,Beauty,1
TXN0002181,CUST00264,2025-07-10,49.6,Fashion,0
TXN0002182,CUST00264,2025-12-17,27.11,Beauty,1
TXN0002183,CUST00264,2025-02-16,34.26,Books,0
TXN0002184,CUST00264,2024-10-22,26.47,Books,1
TXN0002185,CUST00264,2025-08-02,72.71,Fashion,0
TXN0002186,CUST00264,2025-04-28,68.88,Electronics,1
TXN0002187,CUST00264,2024-11-28,30.92,Electronics,1
TXN0002188,CUST00264,2025-06-30,183.43,Home & Kitchen,1
TXN0002189,CUST00265,2025-04-08,129.16,Beauty,0
TXN0002190,CUST00265,2024-07-13,35.24,Electronics,0
TXN0002191,CUST00265,2025-03-03,68.36,Sports,0
TXN0002192,CUST00265,2025-11-19,48.62,Books,0
TXN0002193,CUST00265,2025-10-26,70.49,Home & Kitchen,1
TXN0002194,CUST00265,2025-04-02,86.99,Sports,1
TXN0002195,CUST00265,2024-11-24,64.63,Beauty,0
TXN0002196,CUST00265,2024-11-04,20.74,Sports,0
TXN0002197,CUST00265,2025-07-22,79.04,Beauty,0
TXN0002198,CUST00265,2025-05-23,135.19,Home & Kitchen,0
TXN0002199,CUST00265,2025-03-13,76.86,Books,0
TXN0002200,CUST00265,2025-06-17,35.87,Books,0
TXN0002201,CUST00265,2025-09-17,96.15,Beauty,0
TXN0002202,CUST00265,2024-11-23,67.15,Books,1
TXN0002203,CUST00265,2025-07-16,54.97,Electronics,1
TXN0002204,CUST00265,2025-05-15,102.62,Home & Kitchen,0
TXN0002205,CUST00265,2024-06-09,56.47,Sports,0
TXN0002206,CUST00265,2024-10-07,68.26,Books,1
TXN0002207,CUST00265,2025-02-13,20.56,Sports,0
TXN0002208,CUST00265,2024-11-06,125.07,Electronics,0
TXN0002209,CUST00266,2025-12-24,49.21,Home & Kitchen,0
TXN0002210,CUST00266,2025-07-10,90.09,Fashion,1
TXN0002211,CUST00266,2025-05-12,101.9,Sports,1
TXN0002212,CUST00266,2025-06-24,34.3,Electronics,0
TXN0002213,CUST00266,2025-03-21,97.01,Fashion,1
TXN0002214,CUST00266,2025-05-21,40.89,Home & Kitchen,0
TXN0002215,CUST00266,2025-07-09,115.22,Beauty,0
TXN0002216,CUST00266,2025-06-03,97.74,Books,1
TXN0002217,CUST00266,2025-06-22,69.11,Fashion,1
TXN0002218,CUST00266,2024-11-06,20.73,Home & Kitchen,0
TXN0002219,CUST00266,2024-06-06,47.76,Fashion,0
TXN0002220,CUST00266,2024-11-30,90.29,Electronics,0
TXN0002221,CUST00266,2025-02-24,83.77,Home & Kitchen,0
TXN0002222,CUST00266,2024-10-04,88.23,Home & Kitchen,0
TXN0002223,CUST00266,2024-08-28,34.96,Beauty,0
TXN0002224,CUST00266,2025-04-06,66.48,Books,1
TXN0002225,CUST00266,2025-01-30,57.03,Home & Kitchen,0
TXN0002226,CUST00266,2025-04-01,129.48,Electronics,1
TXN0002227,CUST00266,2024-08-25,39.17,Home & Kitchen,0
TXN0002228,CUST00266,2024-08-19,70.56,Home & Kitchen,0
TXN0002229,CUST00266,2024-12-24,63.9,Sports,0
TXN0002230,CUST00266,2025-12-14,45.5,Books,0
TXN0002231,CUST00266,2025-09-05,34.18,Electronics,0
TXN0002232,CUST00266,2025-07-28,64.55,Sports,1
TXN0002233,CUST00266,2025-06-20,46.53,Fashion,1
TXN0002234,CUST00266,2024-07-19,23.62,Books,0
TXN0002235,CUST00266,2024-10-11,213.7,Fashion,1
TXN0002236,CUST00266,2025-09-18,67.75,Electronics,0
TXN0002237,CUST00266,2025-05-11,15.14,Sports,1
TXN0002238,CUST00267,2025-12-04,27.73,Fashion,0
TXN0002239,CUST00267,2025-09-05,29.2,Sports,1
TXN0002240,CUST00267,2025-08-29,12.33,Home & Kitchen,0
TXN0002241,CUST00267,2025-07-30,116.14,Home & Kitchen,0
TXN0002242,CUST00267,2025-07-22,51.22,Books,0
TXN0002243,CUST00267,2025-11-07,48.65,Home & Kitchen,0
TXN0002244,CUST00267,2025-10-18,9.5,Home & Kitchen,0
TXN0002245,CUST00268,2024-08-04,53.44,Books,0
TXN0002246,CUST00268,2025-05-10,29.23,Books,1
TXN0002247,CUST00268,2025-03-27,103.53,Books,0
TXN0002248,CUST00268,2025-11-03,42.69,Home & Kitchen,0
TXN0002249,CUST00268,2024-06-17,32.58,Electronics,1
TXN0002250,CUST00268,2025-04-21,42.97,Sports,1
TXN0002251,CUST00268,2024-11-14,60.78,Sports,1
TXN0002252,CUST00268,2024-10-06,67.93,Home & Kitchen,0
TXN0002253,CUST00268,2025-02-20,74.55,Fashion,0
TXN0002254,CUST00268,2025-07-13,23.0,Electronics,1
TXN0002255,CUST00268,2025-06-19,48.66,Fashion,0
TXN0002256,CUST00269,2024-10-24,84.53,Sports,0
TXN0002257,CUST00269,2025-11-15,117.6,Home & Kitchen,1
TXN0002258,CUST00269,2025-12-12,27.37,Home & Kitchen,0
TXN0002259,CUST00269,2024-06-22,89.66,Beauty,0
TXN0002260,CUST00269,2025-09-18,51.09,Beauty,0
TXN0002261,CUST00269,2025-07-27,10.2,Home & Kitchen,0
TXN0002262,CUST00269,2025-03-26,120.96,Fashion,0
TXN0002263,CUST00269,2025-08-29,40.25,Electronics,1
TXN0002264,CUST00269,2025-10-16,73.81,Fashion,1
TXN0002265,CUST00269,2025-01-17,77.92,Fashion,0
TXN0002266,CUST00269,2025-12-20,110.14,Sports,1
TXN0002267,CUST00269,2025-08-26,99.39,Fashion,0
TXN0002268,CUST00269,2025-03-20,59.68,Fashion,0
TXN0002269,CUST00269,2024-09-18,31.67,Sports,0
TXN0002270,CUST00269,2025-11-16,8.51,Sports,0
TXN0002271,CUST00269,2025-11-17,93.16,Books,0
TXN0002272,CUST00269,2025-12-17,54.96,Sports,0
TXN0002273,CUST00269,2025-12-25,60.33,Sports,1
TXN0002274,CUST00269,2025-12-28,47.66,Books,0
TXN0002275,CUST00269,2025-02-01,65.9,Sports,0
TXN0002276,CUST00269,2025-11-24,166.86,Books,0
TXN0002277,CUST00269,2024-10-25,76.35,Electronics,0
TXN0002278,CUST00269,2025-04-02,37.44,Beauty,0
TXN0002279,CUST00269,2025-04-17,16.03,Beauty,0
TXN0002280,CUST00270,2024-11-03,21.12,Electronics,0
TXN0002281,CUST00270,2024-11-04,35.09,Electronics,0
TXN0002282,CUST00271,2025-02-25,12.54,Fashion,0
TXN0002283,CUST00271,2025-10-27,18.61,Electronics,0
TXN0002284,CUST00271,2025-05-05,49.44,Beauty,1
TXN0002285,CUST00271,2024-11-16,58.82,Home & Kitchen,0
TXN0002286,CUST00271,2025-10-04,3.34,Home & Kitchen,0
TXN0002287,CUST00272,2024-08-30,179.65,Books,0
TXN0002288,CUST00272,2025-04-13,64.77,Home & Kitchen,0
TXN0002289,CUST00272,2025-09-23,175.08,Fashion,0
TXN0002290,CUST00272,2024-04-19,172.5,Beauty,1
TXN0002291,CUST00272,2025-02-26,84.76,Sports,0
TXN0002292,CUST00272,2025-03-11,19.41,Sports,0
TXN0002293,CUST00272,2025-03-07,151.54,Home & Kitchen,1
TXN0002294,CUST00272,2025-10-14,192.35,Fashion,0
TXN0002295,CUST00272,2025-10-29,67.75,Books,1
TXN0002296,CUST00272,2024-05-31,74.6,Home & Kitchen,0
TXN0002297,CUST00272,2025-12-26,10.02,Electronics,1
TXN0002298,CUST00272,2025-08-13,118.08,Books,0
TXN0002299,CUST00272,2024-05-11,61.67,Electronics,1
TXN0002300,CUST00272,2025-11-08,37.92,Fashion,0
TXN0002301,CUST00272,2025-12-04,25.04,Fashion,0
TXN0002302,CUST00272,2025-03-06,71.91,Books,0
TXN0002303,CUST00272,2025-10-24,47.52,Fashion,1
TXN0002304,CUST00272,2025-11-12,63.43,Books,0
TXN0002305,CUST00272,2025-08-10,68.81,Fashion,0
TXN0002306,CUST00272,2024-04-14,62.74,Home & Kitchen,0
TXN0002307,CUST00272,2025-07-04,156.52,Fashion,0
TXN0002308,CUST00272,2025-05-11,12.68,Fashion,0
TXN0002309,CUST00272,2025-08-15,101.67,Fashion,0
TXN0002310,CUST00272,2025-08-07,34.48,Electronics,1
TXN0002311,CUST00272,2025-08-03,87.09,Beauty,0
TXN0002312,CUST00272,2024-05-22,48.65,Books,0
TXN0002313,CUST00272,2025-01-12,62.62,Electronics,0
TXN0002314,CUST00272,2024-03-30,126.01,Electronics,1
TXN0002315,CUST00272,2024-11-02,39.36,Electronics,0
TXN0002316,CUST00272,2025-11-27,85.75,Beauty,0
TXN0002317,CUST00272,2025-01-08,67.57,Beauty,0
TXN0002318,CUST00272,2025-04-29,77.42,Electronics,0
TXN0002319,CUST00272,2025-05-03,86.08,Fashion,0
TXN0002320,CUST00272,2024-03-10,60.66,Electronics,0
TXN0002321,CUST00272,2025-02-13,24.61,Electronics,0
TXN0002322,CUST00272,2025-12-03,33.9,Books,0
TXN0002323,CUST00272,2024-08-07,126.42,Sports,1
TXN0002324,CUST00272,2024-07-07,51.49,Sports,0
TXN0002325,CUST00272,2025-11-03,68.11,Electronics,0
TXN0002326,CUST00272,2025-12-13,63.09,Beauty,0
TXN0002327,CUST00272,2025-03-17,29.49,Electronics,1
TXN0002328,CUST00272,2025-06-21,69.46,Home & Kitchen,0
TXN0002329,CUST00273,2024-08-05,24.64,Electronics,1
TXN0002330,CUST00273,2025-06-04,55.08,Electronics,0
TXN0002331,CUST00273,2025-09-17,24.95,Home & Kitchen,1
TXN0002332,CUST00273,2024-08-06,65.13,Books,0
TXN0002333,CUST00273,2025-03-21,40.39,Electronics,1
TXN0002334,CUST00273,2025-04-19,57.28,Electronics,0
TXN0002335,CUST00273,2025-07-23,60.45,Electronics,1
TXN0002336,CUST00273,2025-06-25,69.15,Sports,0
TXN0002337,CUST00273,2024-09-25,61.0,Fashion,0
TXN0002338,CUST00273,2024-07-09,76.9,Sports,0
TXN0002339,CUST00274,2025-11-12,54.97,Fashion,0
TXN0002340,CUST00274,2025-11-18,45.55,Fashion,0
TXN0002341,CUST00274,2025-11-27,18.53,Books,0
TXN0002342,CUST00274,2025-10-18,38.65,Home & Kitchen,1
TXN0002343,CUST00275,2025-12-24,41.54,Electronics,0
TXN0002344,CUST00276,2025-08-03,21.79,Electronics,0
TXN0002345,CUST00276,2025-09-20,47.99,Fashion,0
TXN0002346,CUST00276,2024-10-06,29.19,Books,1
TXN0002347,CUST00276,2025-09-29,86.83,Home & Kitchen,0
TXN0002348,CUST00276,2025-12-15,64.18,Sports,0
TXN0002349,CUST00276,2025-08-13,55.2,Home & Kitchen,0
TXN0002350,CUST00277,2025-02-16,48.38,Home & Kitchen,0
TXN0002351,CUST00277,2025-11-15,23.12,Fashion,0
TXN0002352,CUST00278,2025-11-24,14.94,Sports,1
TXN0002353,CUST00278,2025-12-27,82.27,Books,0
TXN0002354,CUST00279,2024-09-25,21.37,Sports,0
TXN0002355,CUST00279,2025-09-26,47.91,Fashion,1
TXN0002356,CUST00279,2024-09-03,25.35,Sports,1
TXN0002357,CUST00279,2024-08-23,105.83,Sports,0
TXN0002358,CUST00279,2025-05-25,26.28,Electronics,0
TXN0002359,CUST00279,2025-01-03,28.31,Electronics,0
TXN0002360,CUST00279,2025-01-04,60.48,Sports,0
TXN0002361,CUST00279,2025-12-09,68.35,Electronics,1
TXN0002362,CUST00281,2024-09-26,63.61,Sports,0
TXN0002363,CUST00281,2024-12-12,70.49,Fashion,1
TXN0002364,CUST00281,2025-02-13,28.91,Books,1
TXN0002365,CUST00281,2024-05-13,114.04,Fashion,0
TXN0002366,CUST00281,2025-08-04,52.04,Home & Kitchen,0
TXN0002367,CUST00281,2025-11-30,82.44,Fashion,0
TXN0002368,CUST00281,2024-07-21,25.67,Sports,0
TXN0002369,CUST00281,2024-08-11,45.58,Electronics,0
TXN0002370,CUST00281,2025-01-31,101.51,Books,0
TXN0002371,CUST00281,2025-07-27,30.92,Electronics,1
TXN0002372,CUST00281,2025-04-07,94.11,Fashion,0
TXN0002373,CUST00281,2024-03-31,49.44,Sports,0
TXN0002374,CUST00281,2024-10-14,87.44,Books,0
TXN0002375,CUST00281,2024-12-20,43.35,Beauty,0
TXN0002376,CUST00281,2024-12-12,70.55,Home & Kitchen,0
TXN0002377,CUST00281,2025-03-27,33.5,Books,0
TXN0002378,CUST00282,2024-07-25,17.11,Sports,1
TXN0002379,CUST00282,2025-08-18,151.55,Fashion,1
TXN0002380,CUST00282,2025-09-04,58.95,Beauty,0
TXN0002381,CUST00282,2025-12-11,49.49,Books,0
TXN0002382,CUST00282,2025-05-11,66.1,Electronics,0
TXN0002383,CUST00282,2025-02-07,10.82,Fashion,1
TXN0002384,CUST00282,2025-04-17,104.41,Home & Kitchen,0
TXN0002385,CUST00283,2025-10-09,87.87,Beauty,1
TXN0002386,CUST00283,2025-10-04,11.19,Beauty,0
TXN0002387,CUST00283,2025-08-13,43.22,Fashion,0
TXN0002388,CUST00283,2025-09-04,69.66,Sports,0
TXN0002389,CUST00283,2025-10-10,55.8,Fashion,1
TXN0002390,CUST00283,2025-09-03,133.2,Beauty,0
TXN0002391,CUST00283,2025-10-12,81.61,Electronics,0
TXN0002392,CUST00284,2025-04-29,96.81,Home & Kitchen,0
TXN0002393,CUST00284,2025-08-23,105.51,Electronics,0
TXN0002394,CUST00284,2025-02-11,114.68,Beauty,1
TXN0002395,CUST00284,2025-10-25,34.57,Electronics,0
TXN0002396,CUST00284,2024-10-13,25.52,Sports,1
TXN0002397,CUST00284,2025-09-26,36.67,Fashion,0
TXN0002398,CUST00284,2025-11-01,91.64,Beauty,0
TXN0002399,CUST00284,2025-03-23,105.01,Home & Kitchen,0
TXN0002400,CUST00284,2025-10-30,31.64,Books,1
TXN0002401,CUST00284,2025-10-07,65.05,Home & Kitchen,1
TXN0002402,CUST00284,2024-11-22,163.61,Sports,1
TXN0002403,CUST00284,2025-03-17,111.83,Books,0
TXN0002404,CUST00284,2025-10-28,103.07,Electronics,0
TXN0002405,CUST00284,2025-10-08,103.04,Electronics,0
TXN0002406,CUST00284,2025-11-25,80.95,Home & Kitchen,1
TXN0002407,CUST00284,2025-09-26,39.06,Beauty,1
TXN0002408,CUST00284,2025-02-23,79.01,Electronics,0
TXN0002409,CUST00284,2024-08-22,37.51,Beauty,0
TXN0002410,CUST00284,2025-11-07,90.48,Home & Kitchen,1
TXN0002411,CUST00284,2025-10-21,76.18,Beauty,0
TXN0002412,CUST00284,2025-07-09,113.67,Sports,0
TXN0002413,CUST00284,2025-07-12,10.78,Books,0
TXN0002414,CUST00284,2024-09-06,32.55,Home & Kitchen,0
TXN0002415,CUST00284,2024-09-16,91.16,Books,0
TXN0002416,CUST00284,2025-12-04,12.09,Beauty,0
TXN0002417,CUST00284,2024-08-19,29.87,Fashion,0
TXN0002418,CUST00284,2025-06-10,71.87,Sports,0
TXN0002419,CUST00284,2025-02-19,63.25,Beauty,0
TXN0002420,CUST00284,2025-04-15,26.02,Home & Kitchen,0
TXN0002421,CUST00284,2025-02-22,71.56,Beauty,1
TXN0002422,CUST00284,2025-12-16,80.04,Fashion,0
TXN0002423,CUST00284,2025-01-22,86.22,Electronics,0
TXN0002424,CUST00285,2025-12-08,32.66,Beauty,1
TXN0002425,CUST00285,2025-10-22,51.74,Books,1
TXN0002426,CUST00285,2025-10-29,95.2,Home & Kitchen,0
TXN0002427,CUST00285,2025-12-05,114.44,Fashion,1
TXN0002428,CUST00285,2025-12-21,21.47,Electronics,0
TXN0002429,CUST00286,2025-09-09,75.82,Books,0
TXN0002430,CUST00286,2025-06-21,67.86,Beauty,0
TXN0002431,CUST00286,2025-04-01,85.02,Books,0
TXN0002432,CUST00286,2025-02-19,22.37,Electronics,1
TXN0002433,CUST00286,2025-04-26,107.59,Beauty,1
TXN0002434,CUST00289,2025-10-07,27.77,Beauty,0
TXN0002435,CUST00289,2025-12-23,135.85,Sports,0
TXN0002436,CUST00290,2025-06-19,18.69,Books,1
TXN0002437,CUST00290,2024-08-17,103.06,Books,0
TXN0002438,CUST00290,2024-03-09,60.56,Electronics,1
TXN0002439,CUST00290,2024-10-15,69.81,Electronics,0
TXN0002440,CUST00290,2025-01-06,54.49,Fashion,1
TXN0002441,CUST00290,2025-08-02,26.32,Beauty,1
TXN0002442,CUST00290,2024-09-11,27.79,Beauty,1
TXN0002443,CUST00290,2024-08-29,34.83,Books,0
TXN0002444,CUST00290,2024-10-09,35.13,Sports,0
TXN0002445,CUST00290,2024-08-22,25.51,Electronics,0
TXN0002446,CUST00290,2024-06-28,48.27,Books,0
TXN0002447,CUST00290,2025-05-15,81.35,Fashion,0
TXN0002448,CUST00291,2025-10-15,57.2,Electronics,0
TXN0002449,CUST00291,2025-10-12,92.53,Home & Kitchen,0
TXN0002450,CUST00291,2025-08-13,111.66,Fashion,1
TXN0002451,CUST00291,2025-12-20,48.55,Home & Kitchen,1
TXN0002452,CUST00291,2025-09-26,54.2,Fashion,1
TXN0002453,CUST00291,2025-11-24,11.36,Sports,1
TXN0002454,CUST00291,2025-10-19,36.1,Beauty,1
TXN0002455,CUST00291,2025-07-01,94.99,Electronics,0
TXN0002456,CUST00291,2025-12-03,128.19,Fashion,0
TXN0002457,CUST00291,2025-09-15,56.45,Beauty,0
TXN0002458,CUST00291,2025-11-30,156.95,Books,0
TXN0002459,CUST00292,2025-01-15,84.87,Beauty,0
TXN0002460,CUST00292,2025-02-16,71.85,Home & Kitchen,0
TXN0002461,CUST00292,2024-11-15,87.24,Books,0
TXN0002462,CUST00292,2025-04-14,71.34,Sports,1
TXN0002463,CUST00292,2025-09-15,34.68,Sports,0
TXN0002464,CUST00292,2025-05-01,19.55,Home & Kitchen,1
TXN0002465,CUST00292,2025-05-18,61.91,Books,1
TXN0002466,CUST00292,2025-01-29,68.34,Beauty,1
TXN0002467,CUST00292,2025-09-17,24.25,Home & Kitchen,0
TXN0002468,CUST00292,2024-11-26,59.33,Beauty,0
TXN0002469,CUST00292,2025-03-12,39.42,Books,1
TXN0002470,CUST00292,2025-02-22,30.36,Sports,1
TXN0002471,CUST00292,2025-07-22,79.77,Beauty,0
TXN0002472,CUST00293,2025-07-14,101.87,Beauty,0
TXN0002473,CUST00293,2025-12-12,7.53,Sports,0
TXN0002474,CUST00293,2024-09-11,69.29,Home & Kitchen,1
TXN0002475,CUST00293,2024-11-23,24.14,Fashion,0
TXN0002476,CUST00293,2025-02-22,44.84,Beauty,0
TXN0002477,CUST00293,2025-09-24,56.12,Electronics,0
TXN0002478,CUST00293,2024-09-29,49.14,Electronics,1
TXN0002479,CUST00293,2025-02-18,42.07,Home & Kitchen,1
TXN0002480,CUST00293,2025-12-23,158.13,Beauty,1
TXN0002481,CUST00293,2024-12-18,65.26,Beauty,0
TXN0002482,CUST00293,2024-10-16,77.05,Fashion,0
TXN0002483,CUST00293,2024-12-20,107.84,Books,0
TXN0002484,CUST00294,2025-09-28,12.11,Fashion,0
TXN0002485,CUST00294,2025-04-24,20.94,Electronics,0
TXN0002486,CUST00294,2025-01-29,64.52,Electronics,0
TXN0002487,CUST00295,2025-11-19,21.24,Books,0
TXN0002488,CUST00296,2025-10-21,43.44,Electronics,0
TXN0002489,CUST00296,2025-04-01,41.04,Electronics,1
TXN0002490,CUST00296,2025-06-04,50.53,Beauty,0
TXN0002491,CUST00296,2024-08-30,32.37,Books,0
TXN0002492,CUST00296,2025-04-11,54.41,Electronics,1
TXN0002493,CUST00296,2025-05-13,119.11,Fashion,0
TXN0002494,CUST00296,2025-05-30,131.6,Beauty,1
TXN0002495,CUST00296,2025-04-21,23.95,Sports,1
TXN0002496,CUST00296,2025-03-07,56.44,Books,0
TXN0002497,CUST00296,2025-04-06,72.51,Home & Kitchen,1
TXN0002498,CUST00296,2024-09-03,189.29,Fashion,0
TXN0002499,CUST00296,2025-07-09,132.36,Home & Kitchen,0
TXN0002500,CUST00296,2025-08-27,37.59,Sports,0
TXN0002501,CUST00296,2024-08-19,117.89,Sports,1
TXN0002502,CUST00296,2025-11-09,9.8,Electronics,0
TXN0002503,CUST00296,2025-07-29,22.99,Electronics,0
TXN0002504,CUST00296,2024-12-30,43.86,Books,1
TXN0002505,CUST00296,2024-12-20,55.3,Sports,0
TXN0002506,CUST00296,2025-07-04,74.01,Beauty,0
TXN0002507,CUST00296,2025-03-08,121.78,Beauty,0
TXN0002508,CUST00296,2025-11-03,32.14,Fashion,1
TXN0002509,CUST00296,2025-09-01,62.33,Home & Kitchen,0
TXN0002510,CUST00296,2025-07-07,86.02,Books,0
TXN0002511,CUST00296,2025-10-12,63.22,Beauty,0
TXN0002512,CUST00296,2025-12-27,119.46,Beauty,0
TXN0002513,CUST00296,2025-07-09,35.55,Sports,0
TXN0002514,CUST00296,2025-10-27,75.2,Home & Kitchen,1
TXN0002515,CUST00296,2025-06-23,27.0,Sports,0
TXN0002516,CUST00297,2024-04-24,41.4,Home & Kitchen,1
TXN0002517,CUST00297,2024-06-13,69.02,Sports,0
TXN0002518,CUST00297,2024-05-24,79.52,Sports,0
TXN0002519,CUST00297,2025-08-09,48.15,Electronics,0
TXN0002520,CUST00297,2025-06-04,44.81,Electronics,0
TXN0002521,CUST00297,2025-02-19,48.13,Beauty,0
TXN0002522,CUST00297,2025-09-06,24.37,Electronics,1
TXN0002523,CUST00297,2025-02-07,13.41,Beauty,0
TXN0002524,CUST00298,2025-09-23,114.77,Beauty,1
TXN0002525,CUST00298,2025-07-14,61.27,Home & Kitchen,1
TXN0002526,CUST00298,2025-11-06,54.97,Beauty,0
TXN0002527,CUST00298,2025-10-20,97.14,Beauty,1
TXN0002528,CUST00298,2025-11-23,45.83,Beauty,0
TXN0002529,CUST00298,2025-11-28,14.06,Electronics,0
TXN0002530,CUST00299,2024-08-16,60.0,Electronics,1
TXN0002531,CUST00299,2025-08-08,112.99,Fashion,0
TXN0002532,CUST00299,2025-12-04,78.57,Sports,1
TXN0002533,CUST00299,2024-11-20,30.19,Books,0
TXN0002534,CUST00299,2025-12-29,65.48,Home & Kitchen,1
TXN0002535,CUST00299,2024-10-15,61.6,Books,0
TXN0002536,CUST00299,2025-01-29,71.68,Fashion,1
TXN0002537,CUST00299,2025-05-30,44.34,Beauty,0
TXN0002538,CUST00299,2024-04-24,82.84,Beauty,0
TXN0002539,CUST00299,2025-06-27,58.55,Fashion,0
TXN0002540,CUST00299,2025-06-14,28.12,Home & Kitchen,0
TXN0002541,CUST00299,2025-01-01,110.46,Books,0
TXN0002542,CUST00299,2025-07-09,51.96,Beauty,1
TXN0002543,CUST00299,2024-10-01,57.78,Beauty,0
TXN0002544,CUST00299,2025-08-28,64.53,Electronics,0
TXN0002545,CUST00299,2025-09-03,74.61,Sports,0
TXN0002546,CUST00299,2025-11-07,160.0,Books,1
TXN0002547,CUST00299,2025-12-18,57.65,Beauty,1
TXN0002548,CUST00299,2025-09-28,55.62,Books,1
TXN0002549,CUST00299,2025-01-26,58.08,Sports,1
TXN0002550,CUST00299,2024-11-11,107.9,Books,0
TXN0002551,CUST00299,2025-05-16,29.81,Sports,0
TXN0002552,CUST00299,2025-03-03,47.11,Sports,0
TXN0002553,CUST00299,2025-07-29,39.91,Beauty,0
TXN0002554,CUST00299,2025-05-14,39.48,Beauty,0
TXN0002555,CUST00299,2024-12-10,96.63,Sports,0
TXN0002556,CUST00299,2024-10-08,50.41,Fashion,1
TXN0002557,CUST00299,2025-03-31,92.98,Sports,0
TXN0002558,CUST00299,2025-07-11,97.99,Electronics,1
TXN0002559,CUST00299,2025-08-20,58.27,Beauty,0
TXN0002560,CUST00299,2025-07-09,127.41,Home & Kitchen,0
TXN0002561,CUST00299,2024-05-29,172.66,Beauty,1
TXN0002562,CUST00299,2025-12-09,22.93,Sports,0
TXN0002563,CUST00299,2025-06-05,62.81,Beauty,0
TXN0002564,CUST00299,2024-12-04,79.98,Sports,1
TXN0002565,CUST00300,2025-02-15,40.46,Books,0
TXN0002566,CUST00300,2024-12-23,24.21,Home & Kitchen,0
TXN0002567,CUST00300,2025-12-11,30.87,Home & Kitchen,0
TXN0002568,CUST00300,2025-07-21,11.19,Home & Kitchen,1
TXN0002569,CUST00300,2025-11-08,64.55,Electronics,0
TXN0002570,CUST00301,2025-09-27,57.24,Electronics,0
TXN0002571,CUST00301,2025-12-21,131.63,Sports,1
TXN0002572,CUST00301,2025-11-02,77.51,Electronics,0
TXN0002573,CUST00302,2025-12-23,30.43,Fashion,0
TXN0002574,CUST00302,2025-03-07,12.19,Home & Kitchen,1
TXN0002575,CUST00302,2025-04-17,72.5,Home & Kitchen,0
TXN0002576,CUST00302,2025-02-24,31.28,Books,0
TXN0002577,CUST00302,2025-03-17,34.71,Sports,0
TXN0002578,CUST00302,2025-09-04,41.17,Electronics,1
TXN0002579,CUST00303,2025-07-07,38.22,Books,0
TXN0002580,CUST00303,2024-09-21,11.07,Home & Kitchen,0
TXN0002581,CUST00303,2025-03-24,46.25,Beauty,0
TXN0002582,CUST00303,2025-11-08,24.0,Electronics,0
TXN0002583,CUST00303,2024-12-22,65.24,Beauty,0
TXN0002584,CUST00303,2025-01-08,68.03,Home & Kitchen,1
TXN0002585,CUST00303,2025-05-08,45.53,Home & Kitchen,1
TXN0002586,CUST00303,2025-01-28,29.2,Beauty,0
TXN0002587,CUST00303,2024-08-18,45.85,Home & Kitchen,1
TXN0002588,CUST00303,2025-01-28,50.46,Electronics,1
TXN0002589,CUST00303,2025-01-31,38.9,Books,0
TXN0002590,CUST00303,2025-07-24,64.36,Fashion,0
TXN0002591,CUST00303,2025-05-31,56.55,Fashion,0
TXN0002592,CUST00303,2025-11-22,56.95,Fashion,1
TXN0002593,CUST00303,2025-03-26,46.89,Books,1
TXN0002594,CUST00303,2024-05-30,57.76,Home & Kitchen,1
TXN0002595,CUST00303,2024-12-15,69.58,Sports,0
TXN0002596,CUST00303,2025-09-22,24.95,Electronics,0
TXN0002597,CUST00304,2025-07-02,59.56,Books,0
TXN0002598,CUST00304,2025-09-11,25.07,Electronics,0
TXN0002599,CUST00304,2025-09-21,100.67,Home & Kitchen,0
TXN0002600,CUST00304,2025-11-13,44.07,Electronics,0
TXN0002601,CUST00305,2025-08-28,46.39,Home & Kitchen,0
TXN0002602,CUST00305,2025-05-30,44.92,Fashion,0
TXN0002603,CUST00306,2025-10-08,69.32,Electronics,0
TXN0002604,CUST00307,2025-02-01,76.36,Sports,0
TXN0002605,CUST00307,2024-12-12,81.53,Home & Kitchen,0
TXN0002606,CUST00307,2025-03-07,24.39,Electronics,1
TXN0002607,CUST00307,2025-07-23,42.07,Beauty,0
TXN0002608,CUST00307,2025-08-27,64.26,Books,0
TXN0002609,CUST00307,2025-12-04,19.86,Beauty,1
TXN0002610,CUST00307,2025-04-16,24.96,Sports,0
TXN0002611,CUST00308,2025-03-18,13.82,Sports,0
TXN0002612,CUST00308,2025-06-17,26.95,Beauty,1
TXN0002613,CUST00308,2025-12-12,36.07,Home & Kitchen,1
TXN0002614,CUST00308,2025-09-13,54.79,Electronics,1
TXN0002615,CUST00308,2025-06-30,71.91,Books,0
TXN0002616,CUST00308,2025-02-23,38.07,Beauty,0
TXN0002617,CUST00309,2024-12-19,17.61,Sports,0
TXN0002618,CUST00310,2025-11-15,43.77,Electronics,0
TXN0002619,CUST00311,2025-12-28,100.91,Home & Kitchen,1
TXN0002620,CUST00311,2025-12-04,41.26,Beauty,0
TXN0002621,CUST00311,2025-12-10,63.81,Sports,0
TXN0002622,CUST00312,2025-10-31,34.19,Beauty,0
TXN0002623,CUST00312,2025-08-07,48.39,Home & Kitchen,0
TXN0002624,CUST00312,2025-09-29,155.9,Sports,0
TXN0002625,CUST00313,2025-08-14,54.26,Electronics,0
TXN0002626,CUST00313,2025-12-24,71.2,Beauty,0
TXN0002627,CUST00313,2025-12-08,75.9,Electronics,0
TXN0002628,CUST00313,2025-09-08,60.98,Books,0
TXN0002629,CUST00313,2025-05-27,21.59,Books,1
TXN0002630,CUST00313,2025-11-24,96.56,Fashion,1
TXN0002631,CUST00313,2025-09-22,30.46,Home & Kitchen,0
TXN0002632,CUST00313,2025-11-26,68.89,Beauty,1
TXN0002633,CUST00313,2025-08-03,42.31,Sports,1
TXN0002634,CUST00313,2025-05-15,75.84,Books,0
TXN0002635,CUST00313,2025-04-02,91.55,Home & Kitchen,0
TXN0002636,CUST00313,2025-03-31,25.75,Fashion,1
TXN0002637,CUST00314,2025-06-15,78.72,Sports,1
TXN0002638,CUST00314,2025-09-11,9.5,Home & Kitchen,0
TXN0002639,CUST00314,2025-12-07,89.8,Home & Kitchen,0
TXN0002640,CUST00314,2025-10-13,86.45,Beauty,1
TXN0002641,CUST00314,2025-09-10,104.3,Fashion,0
TXN0002642,CUST00314,2025-07-20,28.21,Beauty,0
TXN0002643,CUST00314,2025-05-07,101.49,Books,0
TXN0002644,CUST00314,2025-11-03,48.82,Electronics,1
TXN0002645,CUST00315,2025-09-12,97.51,Sports,0
TXN0002646,CUST00315,2025-12-29,16.43,Fashion,1
TXN0002647,CUST00315,2025-07-26,48.34,Home & Kitchen,0
TXN0002648,CUST00315,2025-11-01,19.62,Home & Kitchen,0
TXN0002649,CUST00315,2025-08-04,115.82,Electronics,0
TXN0002650,CUST00316,2025-11-04,53.7,Home & Kitchen,0
TXN0002651,CUST00316,2025-10-26,44.03,Sports,0
TXN0002652,CUST00317,2025-04-27,64.49,Beauty,0
TXN0002653,CUST00317,2025-12-30,40.2,Fashion,1
TXN0002654,CUST00317,2025-03-23,40.78,Sports,0
TXN0002655,CUST00317,2025-10-24,56.16,Books,0
TXN0002656,CUST00317,2025-07-07,47.91,Electronics,1
TXN0002657,CUST00318,2024-11-03,62.99,Books,0
TXN0002658,CUST00318,2025-06-09,45.59,Sports,0
TXN0002659,CUST00318,2024-07-05,59.93,Electronics,1
TXN0002660,CUST00318,2025-08-12,68.12,Sports,1
TXN0002661,CUST00318,2024-05-04,179.2,Home & Kitchen,1
TXN0002662,CUST00318,2025-07-14,45.8,Home & Kitchen,1
TXN0002663,CUST00318,2024-07-20,59.53,Electronics,0
TXN0002664,CUST00318,2025-10-17,115.68,Sports,1
TXN0002665,CUST00318,2025-02-09,31.06,Sports,1
TXN0002666,CUST00318,2024-01-22,21.67,Beauty,1
TXN0002667,CUST00318,2025-12-28,65.79,Beauty,0
TXN0002668,CUST00318,2024-06-25,47.2,Fashion,0
TXN0002669,CUST00318,2025-02-10,42.27,Home & Kitchen,1
TXN0002670,CUST00318,2025-03-14,37.09,Electronics,0
TXN0002671,CUST00318,2025-12-10,149.58,Books,0
TXN0002672,CUST00318,2025-09-12,52.88,Home & Kitchen,1
TXN0002673,CUST00318,2025-07-31,65.53,Sports,0
TXN0002674,CUST00319,2024-03-20,20.11,Home & Kitchen,0
TXN0002675,CUST00319,2025-08-25,57.21,Beauty,0
TXN0002676,CUST00322,2025-03-26,71.59,Books,0
TXN0002677,CUST00322,2025-10-11,57.61,Sports,0
TXN0002678,CUST00322,2025-06-06,124.63,Home & Kitchen,0
TXN0002679,CUST00322,2025-03-18,51.13,Fashion,1
TXN0002680,CUST00322,2025-07-22,80.29,Beauty,0
TXN0002681,CUST00322,2025-07-23,53.34,Beauty,0
TXN0002682,CUST00322,2025-12-29,55.42,Home & Kitchen,1
TXN0002683,CUST00322,2025-10-24,19.75,Sports,0
TXN0002684,CUST00324,2025-09-16,16.52,Sports,0
TXN0002685,CUST00324,2025-06-11,7.17,Beauty,0
TXN0002686,CUST00324,2025-07-30,53.17,Books,0
TXN0002687,CUST00324,2025-10-23,50.16,Sports,0
TXN0002688,CUST00325,2024-03-23,75.36,Fashion,0
TXN0002689,CUST00325,2025-05-29,31.96,Electronics,1
TXN0002690,CUST00325,2025-01-01,10.84,Books,1
TXN0002691,CUST00325,2025-10-16,175.48,Books,0
TXN0002692,CUST00325,2024-08-18,62.62,Sports,1
TXN0002693,CUST00325,2025-02-21,32.13,Fashion,0
TXN0002694,CUST00325,2024-12-30,27.96,Sports,0
TXN0002695,CUST00325,2024-08-22,38.16,Beauty,1
TXN0002696,CUST00325,2025-06-28,41.83,Fashion,1
TXN0002697,CUST00325,2024-09-18,41.24,Books,0
TXN0002698,CUST00325,2024-05-21,80.61,Books,0
TXN0002699,CUST00325,2024-10-26,34.36,Beauty,0
TXN0002700,CUST00325,2024-09-24,41.83,Home & Kitchen,0
TXN0002701,CUST00325,2024-06-06,28.76,Books,0
TXN0002702,CUST00325,2025-02-14,25.45,Sports,1
TXN0002703,CUST00326,2024-10-27,123.44,Sports,0
TXN0002704,CUST00326,2025-06-05,25.34,Beauty,0
TXN0002705,CUST00326,2024-06-12,53.21,Sports,1
TXN0002706,CUST00326,2025-04-19,52.04,Books,1
TXN0002707,CUST00326,2025-05-12,90.69,Books,0
TXN0002708,CUST00326,2024-10-14,90.34,Electronics,1
TXN0002709,CUST00326,2025-07-05,12.22,Sports,1
TXN0002710,CUST00326,2025-05-22,22.01,Fashion,1
TXN0002711,CUST00326,2025-04-20,31.66,Home & Kitchen,1
TXN0002712,CUST00326,2024-07-10,69.57,Beauty,0
TXN0002713,CUST00326,2025-08-11,25.68,Fashion,0
TXN0002714,CUST00327,2025-12-30,38.85,Fashion,0
TXN0002715,CUST00327,2024-11-09,74.95,Fashion,0
TXN0002716,CUST00327,2025-10-05,81.98,Books,1
TXN0002717,CUST00327,2025-01-02,47.25,Books,0
TXN0002718,CUST00327,2024-09-21,70.18,Home & Kitchen,0
TXN0002719,CUST00327,2024-05-25,94.28,Beauty,1
TXN0002720,CUST00327,2024-03-12,51.07,Beauty,0
TXN0002721,CUST00327,2025-12-15,56.66,Home & Kitchen,0
TXN0002722,CUST00327,2025-02-19,119.72,Electronics,0
TXN0002723,CUST00327,2024-06-23,59.31,Books,0
TXN0002724,CUST00327,2024-03-15,160.6,Fashion,1
TXN0002725,CUST00327,2025-10-22,141.64,Beauty,0
TXN0002726,CUST00327,2024-05-09,80.63,Home & Kitchen,0
TXN0002727,CUST00327,2024-12-17,105.43,Home & Kitchen,0
TXN0002728,CUST00327,2025-02-08,114.29,Books,1
TXN0002729,CUST00327,2024-09-26,53.37,Fashion,0
TXN0002730,CUST00327,2024-02-20,100.05,Home & Kitchen,0
TXN0002731,CUST00327,2024-10-05,38.86,Books,0
TXN0002732,CUST00327,2025-08-07,85.27,Sports,1
TXN0002733,CUST00327,2025-01-23,102.0,Fashion,0
TXN0002734,CUST00327,2024-05-24,41.96,Beauty,0
TXN0002735,CUST00327,2025-04-25,34.48,Fashion,0
TXN0002736,CUST00327,2024-10-31,55.57,Electronics,0
TXN0002737,CUST00327,2024-04-17,22.72,Fashion,1
TXN0002738,CUST00327,2025-01-28,45.64,Fashion,0
TXN0002739,CUST00328,2025-08-21,22.91,Electronics,0
TXN0002740,CUST00328,2025-08-12,75.36,Fashion,1
TXN0002741,CUST00328,2025-08-18,115.34,Home & Kitchen,0
TXN0002742,CUST00328,2025-06-02,97.3,Beauty,1
TXN0002743,CUST00328,2025-10-08,83.92,Beauty,0
TXN0002744,CUST00329,2025-12-27,116.56,Sports,0
TXN0002745,CUST00329,2025-12-05,2.33,Beauty,1
TXN0002746,CUST00331,2025-01-02,46.42,Beauty,0
TXN0002747,CUST00331,2025-05-27,18.94,Books,0
TXN0002748,CUST00332,2025-01-21,65.76,Electronics,0
TXN0002749,CUST00332,2025-02-07,37.55,Fashion,0
TXN0002750,CUST00332,2025-01-02,40.57,Fashion,1
TXN0002751,CUST00332,2025-03-11,10.76,Home & Kitchen,0
TXN0002752,CUST00332,2025-04-03,49.08,Fashion,0
TXN0002753,CUST00332,2025-01-12,61.45,Electronics,0
TXN0002754,CUST00333,2024-12-27,90.62,Home & Kitchen,0
TXN0002755,CUST00333,2025-06-26,27.12,Home & Kitchen,0
TXN0002756,CUST00333,2025-03-24,105.24,Books,1
TXN0002757,CUST00333,2025-06-29,57.4,Sports,0
TXN0002758,CUST00333,2025-12-08,66.92,Fashion,0
TXN0002759,CUST00333,2025-04-19,46.64,Books,0
TXN0002760,CUST00333,2025-05-31,56.5,Electronics,1
TXN0002761,CUST00333,2025-12-15,39.53,Books,0
TXN0002762,CUST00333,2024-12-28,67.32,Beauty,1
TXN0002763,CUST00333,2024-12-10,53.47,Electronics,0
TXN0002764,CUST00333,2024-11-16,125.44,Electronics,0
TXN0002765,CUST00333,2025-05-15,142.55,Electronics,0
TXN0002766,CUST00333,2025-10-27,103.97,Home & Kitchen,0
TXN0002767,CUST00333,2025-03-09,29.85,Sports,1
TXN0002768,CUST00334,2025-04-25,40.69,Home & Kitchen,0
TXN0002769,CUST00334,2025-09-11,38.06,Electronics,0
TXN0002770,CUST00334,2024-12-06,41.54,Beauty,1
TXN0002771,CUST00334,2025-01-21,9.08,Home & Kitchen,1
TXN0002772,CUST00334,2025-02-23,52.57,Books,0
TXN0002773,CUST00335,2025-11-22,83.07,Books,1
TXN0002774,CUST00335,2025-11-23,55.11,Electronics,1
TXN0002775,CUST00335,2025-11-25,63.94,Beauty,0
TXN0002776,CUST00335,2025-12-25,136.69,Books,1
TXN0002777,CUST00336,2024-04-23,50.63,Fashion,0
TXN0002778,CUST00336,2024-09-14,42.07,Fashion,1
TXN0002779,CUST00338,2025-08-05,25.04,Electronics,0
TXN0002780,CUST00338,2025-09-26,35.33,Sports,0
TXN0002781,CUST00338,2025-04-06,26.35,Books,0
TXN0002782,CUST00338,2025-07-19,63.52,Sports,0
TXN0002783,CUST00338,2025-07-31,67.5,Electronics,1
TXN0002784,CUST00338,2025-08-15,36.5,Sports,0
TXN0002785,CUST00338,2025-03-13,45.51,Books,1
TXN0002786,CUST00338,2025-05-08,61.0,Sports,0
TXN0002787,CUST00338,2025-03-16,46.45,Sports,0
TXN0002788,CUST00339,2025-09-17,33.7,Home & Kitchen,1
TXN0002789,CUST00339,2025-10-15,132.08,Beauty,1
TXN0002790,CUST00339,2025-12-19,26.34,Electronics,1
TXN0002791,CUST00339,2025-09-13,23.57,Fashion,1
TXN0002792,CUST00339,2025-10-06,103.9,Sports,1
TXN0002793,CUST00339,2025-12-07,35.91,Electronics,1
TXN0002794,CUST00342,2025-06-25,130.82,Home & Kitchen,0
TXN0002795,CUST00342,2025-05-14,8.26,Home & Kitchen,0
TXN0002796,CUST00342,2025-12-09,143.88,Sports,1
TXN0002797,CUST00342,2025-09-20,142.03,Books,0
TXN0002798,CUST00342,2025-05-23,22.84,Beauty,1
TXN0002799,CUST00342,2024-12-23,66.33,Books,1
TXN0002800,CUST00342,2025-02-10,137.92,Books,1
TXN0002801,CUST00342,2025-06-13,105.54,Fashion,1
TXN0002802,CUST00342,2025-11-02,57.87,Beauty,0
TXN0002803,CUST00342,2025-10-25,34.97,Fashion,0
TXN0002804,CUST00342,2025-11-14,131.93,Fashion,1
TXN0002805,CUST00342,2025-06-24,49.78,Electronics,0
TXN0002806,CUST00342,2025-05-19,59.09,Fashion,0
TXN0002807,CUST00342,2025-09-01,54.93,Fashion,0
TXN0002808,CUST00342,2025-08-03,153.36,Home & Kitchen,0
TXN0002809,CUST00342,2025-08-23,57.62,Beauty,0
TXN0002810,CUST00343,2024-12-22,72.58,Beauty,1
TXN0002811,CUST00343,2025-05-24,40.07,Home & Kitchen,0
TXN0002812,CUST00343,2024-12-22,92.28,Sports,0
TXN0002813,CUST00344,2024-10-07,26.94,Electronics,1
TXN0002814,CUST00344,2024-08-06,37.83,Beauty,1
TXN0002815,CUST00344,2025-05-02,137.51,Sports,1
TXN0002816,CUST00344,2024-06-29,90.29,Home & Kitchen,0
TXN0002817,CUST00344,2024-07-08,37.64,Books,0
TXN0002818,CUST00344,2024-09-23,102.82,Electronics,1
TXN0002819,CUST00344,2025-04-28,63.74,Home & Kitchen,1
TXN0002820,CUST00344,2025-12-11,44.26,Sports,0
TXN0002821,CUST00344,2025-02-10,48.24,Beauty,1
TXN0002822,CUST00344,2025-08-22,57.3,Beauty,0
TXN0002823,CUST00344,2025-01-28,97.58,Books,0
TXN0002824,CUST00344,2024-08-30,168.64,Fashion,0
TXN0002825,CUST00344,2024-09-06,51.35,Home & Kitchen,1
TXN0002826,CUST00344,2025-01-26,65.15,Fashion,1
TXN0002827,CUST00344,2024-07-21,169.07,Home & Kitchen,0
TXN0002828,CUST00344,2024-07-11,40.18,Beauty,1
TXN0002829,CUST00344,2025-07-27,437.73,Books,0
TXN0002830,CUST00344,2025-05-01,161.93,Home & Kitchen,0
TXN0002831,CUST00344,2025-11-06,21.23,Home & Kitchen,0
TXN0002832,CUST00344,2024-11-15,32.83,Electronics,1
TXN0002833,CUST00344,2025-06-13,75.59,Books,1
TXN0002834,CUST00345,2025-11-29,42.39,Sports,0
TXN0002835,CUST00345,2025-06-07,55.33,Electronics,0
TXN0002836,CUST00345,2025-05-20,34.17,Books,0
TXN0002837,CUST00345,2024-04-05,37.91,Books,0
TXN0002838,CUST00345,2024-06-22,25.51,Electronics,0
TXN0002839,CUST00345,2025-01-21,74.62,Books,0
TXN0002840,CUST00345,2025-04-04,72.22,Books,0
TXN0002841,CUST00345,2024-07-29,40.38,Fashion,0
TXN0002842,CUST00345,2024-06-30,126.29,Home & Kitchen,0
TXN0002843,CUST00346,2025-03-04,27.86,Sports,0
TXN0002844,CUST00346,2025-03-31,24.8,Beauty,0
TXN0002845,CUST00346,2025-12-03,33.22,Home & Kitchen,0
TXN0002846,CUST00346,2025-05-03,32.74,Books,0
TXN0002847,CUST00346,2025-03-06,31.35,Books,0
TXN0002848,CUST00346,2025-09-16,91.79,Home & Kitchen,0
TXN0002849,CUST00346,2025-10-27,34.87,Books,0
TXN0002850,CUST00346,2025-06-21,21.07,Electronics,0
TXN0002851,CUST00346,2025-10-23,46.79,Sports,0
TXN0002852,CUST00346,2025-04-19,29.64,Fashion,0
TXN0002853,CUST00346,2025-10-14,20.32,Beauty,1
TXN0002854,CUST00347,2025-10-24,81.73,Beauty,0
TXN0002855,CUST00348,2025-11-07,62.32,Electronics,1
TXN0002856,CUST00349,2025-05-06,19.86,Beauty,1
TXN0002857,CUST00349,2025-11-01,20.62,Home & Kitchen,0
TXN0002858,CUST00349,2025-08-24,60.42,Home & Kitchen,1
TXN0002859,CUST00349,2025-07-17,27.71,Electronics,0
TXN0002860,CUST00350,2025-12-17,48.54,Fashion,1
TXN0002861,CUST00350,2025-08-31,11.28,Home & Kitchen,0
TXN0002862,CUST00351,2025-08-02,76.13,Fashion,1
TXN0002863,CUST00351,2025-06-15,48.05,Fashion,0
TXN0002864,CUST00351,2025-07-24,36.4,Beauty,1
TXN0002865,CUST00351,2025-08-01,78.35,Books,1
TXN0002866,CUST00351,2025-09-23,34.13,Home & Kitchen,0
TXN0002867,CUST00352,2025-11-28,82.72,Books,0
TXN0002868,CUST00352,2025-11-01,19.02,Beauty,0
TXN0002869,CUST00352,2025-09-24,34.82,Electronics,0
TXN0002870,CUST00352,2025-12-20,81.23,Home & Kitchen,0
TXN0002871,CUST00353,2025-08-14,85.07,Electronics,0
TXN0002872,CUST00353,2025-11-05,135.55,Beauty,0
TXN0002873,CUST00353,2025-11-29,122.59,Beauty,0
TXN0002874,CUST00353,2025-12-26,38.61,Books,0
TXN0002875,CUST00353,2025-10-03,13.31,Beauty,1
TXN0002876,CUST00353,2025-10-17,119.03,Home & Kitchen,0
TXN0002877,CUST00353,2025-09-06,92.37,Books,0
TXN0002878,CUST00353,2025-12-03,68.8,Beauty,0
TXN0002879,CUST00353,2025-12-28,29.81,Electronics,0
TXN0002880,CUST00354,2025-02-02,27.08,Fashion,0
TXN0002881,CUST00354,2025-09-10,13.8,Books,0
TXN0002882,CUST00354,2025-10-15,16.68,Home & Kitchen,1
TXN0002883,CUST00354,2025-05-14,29.76,Sports,0
TXN0002884,CUST00354,2024-11-18,30.43,Electronics,0
TXN0002885,CUST00354,2025-11-18,57.49,Home & Kitchen,0
TXN0002886,CUST00354,2025-10-18,48.96,Beauty,0
TXN0002887,CUST00354,2024-09-19,118.35,Sports,1
TXN0002888,CUST00354,2025-01-20,52.1,Books,1
TXN0002889,CUST00354,2025-02-27,97.9,Sports,1
TXN0002890,CUST00354,2025-02-25,57.22,Books,1
TXN0002891,CUST00354,2025-06-06,203.11,Home & Kitchen,1
TXN0002892,CUST00354,2025-12-03,63.38,Beauty,0
TXN0002893,CUST00354,2025-02-19,78.52,Books,1
TXN0002894,CUST00354,2025-04-29,124.26,Electronics,0
TXN0002895,CUST00354,2024-08-24,35.71,Electronics,0
TXN0002896,CUST00354,2025-06-07,8.05,Books,1
TXN0002897,CUST00354,2024-10-14,33.46,Books,0
TXN0002898,CUST00354,2025-07-12,31.93,Fashion,0
TXN0002899,CUST00354,2025-04-14,65.35,Books,0
TXN0002900,CUST00354,2025-06-14,71.9,Beauty,0
TXN0002901,CUST00354,2025-02-08,114.42,Books,0
TXN0002902,CUST00354,2024-08-21,50.23,Fashion,0
TXN0002903,CUST00354,2024-09-28,43.96,Electronics,0
TXN0002904,CUST00354,2024-11-02,59.15,Beauty,0
TXN0002905,CUST00355,2025-12-02,27.04,Fashion,0
TXN0002906,CUST00356,2025-12-21,93.69,Books,0
TXN0002907,CUST00356,2025-01-20,59.96,Home & Kitchen,0
TXN0002908,CUST00356,2025-06-13,24.92,Home & Kitchen,0
TXN0002909,CUST00356,2025-09-20,40.31,Sports,0
TXN0002910,CUST00356,2025-03-25,25.33,Electronics,1
TXN0002911,CUST00356,2025-08-30,28.38,Electronics,0
TXN0002912,CUST00356,2025-05-02,9.71,Fashion,0
TXN0002913,CUST00357,2024-12-17,40.09,Fashion,0
TXN0002914,CUST00357,2024-10-19,28.46,Sports,0
TXN0002915,CUST00357,2025-04-06,45.42,Books,1
TXN0002916,CUST00357,2024-04-06,23.84,Books,0
TXN0002917,CUST00357,2024-12-08,155.49,Fashion,0
TXN0002918,CUST00357,2025-06-06,87.97,Sports,0
TXN0002919,CUST00357,2025-06-04,46.03,Books,0
TXN0002920,CUST00357,2024-10-07,23.84,Beauty,0
TXN0002921,CUST00357,2025-11-23,54.72,Home & Kitchen,1
TXN0002922,CUST00357,2025-05-30,105.26,Beauty,0
TXN0002923,CUST00360,2025-05-30,47.37,Beauty,0
TXN0002924,CUST00360,2025-09-03,36.01,Books,0
TXN0002925,CUST00360,2025-08-10,77.65,Fashion,0
TXN0002926,CUST00360,2025-06-13,62.91,Home & Kitchen,0
TXN0002927,CUST00360,2025-12-08,85.82,Fashion,0
TXN0002928,CUST00360,2025-06-07,21.42,Books,1
TXN0002929,CUST00360,2025-09-28,5.16,Sports,0
TXN0002930,CUST00360,2025-05-16,66.64,Home & Kitchen,0
TXN0002931,CUST00360,2025-06-10,82.4,Home & Kitchen,1
TXN0002932,CUST00361,2025-03-13,26.83,Fashion,0
TXN0002933,CUST00361,2025-04-14,23.99,Electronics,0
TXN0002934,CUST00361,2025-05-18,140.41,Beauty,0
TXN0002935,CUST00361,2025-10-01,124.1,Home & Kitchen,0
TXN0002936,CUST00361,2025-07-18,39.78,Fashion,0
TXN0002937,CUST00361,2025-04-21,44.66,Beauty,1
TXN0002938,CUST00361,2025-11-12,58.34,Beauty,0
TXN0002939,CUST00361,2025-03-08,110.71,Sports,0
TXN0002940,CUST00361,2025-05-14,56.09,Fashion,0
TXN0002941,CUST00361,2025-06-21,69.15,Electronics,0
TXN0002942,CUST00361,2025-06-20,235.51,Electronics,0
TXN0002943,CUST00361,2025-07-25,23.46,Sports,1
TXN0002944,CUST00361,2025-08-06,78.95,Books,1
TXN0002945,CUST00362,2025-12-19,56.85,Sports,1
TXN0002946,CUST00362,2025-12-03,139.31,Books,0
TXN0002947,CUST00362,2025-10-02,7.4,Fashion,0
TXN0002948,CUST00362,2025-09-13,45.58,Electronics,1
TXN0002949,CUST00362,2025-10-28,74.75,Beauty,0
TXN0002950,CUST00362,2025-12-25,77.4,Fashion,1
TXN0002951,CUST00362,2025-11-01,85.33,Home & Kitchen,0
TXN0002952,CUST00362,2025-10-28,13.33,Books,0
TXN0002953,CUST00364,2025-10-17,27.44,Fashion,0
TXN0002954,CUST00364,2025-06-30,16.84,Electronics,1
TXN0002955,CUST00364,2025-09-09,41.34,Beauty,0
TXN0002956,CUST00364,2024-03-20,96.78,Sports,0
TXN0002957,CUST00364,2025-11-12,36.08,Beauty,0
TXN0002958,CUST00364,2024-04-24,22.26,Sports,1
TXN0002959,CUST00364,2024-10-05,47.95,Home & Kitchen,1
TXN0002960,CUST00364,2025-11-16,55.15,Fashion,0
TXN0002961,CUST00364,2025-01-09,26.19,Electronics,0
TXN0002962,CUST00364,2025-09-30,13.11,Home & Kitchen,1
TXN0002963,CUST00364,2025-11-13,70.06,Fashion,0
TXN0002964,CUST00365,2025-11-05,24.57,Sports,0
TXN0002965,CUST00365,2025-04-11,68.54,Electronics,0
TXN0002966,CUST00365,2025-05-22,79.83,Electronics,0
TXN0002967,CUST00365,2025-04-06,36.59,Books,1
TXN0002968,CUST00365,2024-09-10,63.74,Sports,0
TXN0002969,CUST00365,2025-12-14,115.64,Beauty,0
TXN0002970,CUST00365,2025-12-27,66.22,Beauty,1
TXN0002971,CUST00365,2024-11-27,110.55,Books,0
TXN0002972,CUST00365,2025-02-03,82.5,Beauty,1
TXN0002973,CUST00365,2025-01-10,43.21,Electronics,0
TXN0002974,CUST00365,2024-12-22,89.66,Fashion,0
TXN0002975,CUST00365,2025-12-15,54.93,Books,0
TXN0002976,CUST00365,2025-11-01,93.95,Fashion,0
TXN0002977,CUST00365,2025-03-27,85.11,Fashion,0
TXN0002978,CUST00365,2025-10-31,59.3,Home & Kitchen,1
TXN0002979,CUST00365,2025-04-28,96.28,Home & Kitchen,0
TXN0002980,CUST00365,2024-08-20,168.37,Books,1
TXN0002981,CUST00365,2025-01-14,109.82,Beauty,0
TXN0002982,CUST00365,2025-11-01,21.45,Beauty,1
TXN0002983,CUST00365,2024-11-20,53.66,Fashion,0
TXN0002984,CUST00365,2024-11-10,105.17,Beauty,0
TXN0002985,CUST00365,2024-12-15,63.18,Fashion,0
TXN0002986,CUST00365,2025-05-17,20.25,Sports,1
TXN0002987,CUST00365,2025-11-28,89.47,Fashion,0
TXN0002988,CUST00365,2025-08-06,118.31,Home & Kitchen,1
TXN0002989,CUST00366,2025-08-23,53.23,Books,1
TXN0002990,CUST00366,2025-08-26,100.48,Books,0
TXN0002991,CUST00367,2025-11-29,91.94,Fashion,1
TXN0002992,CUST00367,2025-11-28,123.68,Beauty,0
TXN0002993,CUST00368,2025-08-16,77.01,Fashion,0
TXN0002994,CUST00368,2025-12-21,197.16,Beauty,0
TXN0002995,CUST00368,2025-12-05,98.1,Fashion,1
TXN0002996,CUST00368,2025-10-02,62.94,Electronics,0
TXN0002997,CUST00368,2025-12-25,29.59,Home & Kitchen,0
TXN0002998,CUST00368,2025-09-12,99.96,Home & Kitchen,1
TXN0002999,CUST00368,2025-08-28,74.92,Fashion,0
TXN0003000,CUST00368,2025-11-20,55.89,Sports,0
TXN0003001,CUST00368,2025-11-30,171.96,Beauty,0
TXN0003002,CUST00368,2025-07-15,85.96,Fashion,0
TXN0003003,CUST00369,2024-07-15,46.71,Home & Kitchen,0
TXN0003004,CUST00369,2024-06-27,15.49,Sports,0
TXN0003005,CUST00369,2025-01-18,27.17,Books,0
TXN0003006,CUST00369,2024-08-13,21.48,Books,0
TXN0003007,CUST00369,2025-07-18,13.33,Beauty,1
TXN0003008,CUST00369,2025-01-17,44.22,Electronics,0
TXN0003009,CUST00369,2025-07-05,66.13,Electronics,0
TXN0003010,CUST00369,2024-11-04,30.05,Beauty,0
TXN0003011,CUST00370,2025-04-25,48.73,Fashion,0
TXN0003012,CUST00370,2025-05-02,14.17,Home & Kitchen,0
TXN0003013,CUST00370,2025-10-09,26.84,Books,0
TXN0003014,CUST00370,2025-01-30,9.76,Beauty,0
TXN0003015,CUST00370,2025-06-18,15.53,Books,0
TXN0003016,CUST00370,2024-11-23,19.25,Fashion,0
TXN0003017,CUST00370,2024-11-18,29.45,Books,1
TXN0003018,CUST00370,2025-09-09,45.42,Beauty,1
TXN0003019,CUST00370,2025-01-03,38.35,Books,0
TXN0003020,CUST00370,2024-10-22,74.36,Beauty,0
TXN0003021,CUST00370,2025-11-13,39.95,Books,0
TXN0003022,CUST00370,2024-08-10,25.78,Sports,0
TXN0003023,CUST00372,2025-09-20,41.04,Home & Kitchen,0
TXN0003024,CUST00372,2025-09-15,21.86,Electronics,0
TXN0003025,CUST00372,2025-08-15,64.36,Electronics,0
TXN0003026,CUST00372,2025-11-02,62.49,Sports,1
TXN0003027,CUST00372,2025-12-16,46.98,Electronics,1
TXN0003028,CUST00372,2025-05-11,40.14,Electronics,0
TXN0003029,CUST00373,2025-09-05,127.94,Home & Kitchen,0
TXN0003030,CUST00373,2025-08-31,100.53,Fashion,0
TXN0003031,CUST00373,2025-07-23,54.37,Beauty,0
TXN0003032,CUST00373,2025-04-24,63.45,Home & Kitchen,1
TXN0003033,CUST00373,2025-12-29,52.92,Sports,0
TXN0003034,CUST00373,2024-12-31,40.2,Books,0
TXN0003035,CUST00373,2025-10-19,68.56,Sports,0
TXN0003036,CUST00373,2024-10-10,51.61,Books,1
TXN0003037,CUST00375,2024-08-26,55.56,Books,0
TXN0003038,CUST00375,2024-08-26,41.04,Electronics,0
TXN0003039,CUST00375,2024-01-30,60.52,Electronics,0
TXN0003040,CUST00375,2024-12-22,42.89,Home & Kitchen,1
TXN0003041,CUST00375,2024-06-04,59.41,Sports,0
TXN0003042,CUST00375,2024-02-06,65.0,Sports,1
TXN0003043,CUST00375,2025-03-11,47.35,Beauty,1
TXN0003044,CUST00375,2024-05-23,47.54,Home & Kitchen,0
TXN0003045,CUST00375,2025-03-10,79.82,Beauty,0
TXN0003046,CUST00375,2025-05-19,67.94,Books,1
TXN0003047,CUST00375,2025-10-01,86.0,Home & Kitchen,0
TXN0003048,CUST00375,2024-07-17,27.52,Fashion,0
TXN0003049,CUST00375,2024-04-23,57.4,Sports,0
TXN0003050,CUST00375,2025-06-29,28.2,Electronics,1
TXN0003051,CUST00375,2024-06-13,27.38,Sports,0
TXN0003052,CUST00375,2024-01-29,14.52,Fashion,0
TXN0003053,CUST00375,2025-11-24,36.76,Home & Kitchen,0
TXN0003054,CUST00375,2024-04-21,37.43,Fashion,0
TXN0003055,CUST00375,2024-03-27,18.23,Sports,1
TXN0003056,CUST00378,2025-11-21,23.23,Beauty,0
TXN0003057,CUST00378,2025-10-22,54.26,Home & Kitchen,0
TXN0003058,CUST00378,2025-08-17,18.41,Beauty,0
TXN0003059,CUST00378,2025-09-11,26.15,Fashion,0
TXN0003060,CUST00379,2025-05-28,22.53,Electronics,0
TXN0003061,CUST00379,2025-06-18,55.17,Home & Kitchen,0
TXN0003062,CUST00379,2025-07-12,29.05,Books,0
TXN0003063,CUST00379,2025-08-08,53.75,Sports,0
TXN0003064,CUST00379,2025-11-02,53.53,Beauty,0
TXN0003065,CUST00380,2025-09-27,22.42,Fashion,0
TXN0003066,CUST00380,2025-12-17,32.09,Home & Kitchen,0
TXN0003067,CUST00380,2025-12-18,41.49,Electronics,0
TXN0003068,CUST00380,2025-03-03,68.61,Home & Kitchen,0
TXN0003069,CUST00380,2025-06-17,82.08,Electronics,0
TXN0003070,CUST00380,2025-06-30,74.84,Fashion,0
TXN0003071,CUST00380,2025-07-08,11.53,Beauty,1
TXN0003072,CUST00380,2025-12-30,61.92,Home & Kitchen,0
TXN0003073,CUST00380,2025-02-17,52.48,Books,0
TXN0003074,CUST00381,2024-12-14,69.44,Home & Kitchen,1
TXN0003075,CUST00381,2025-03-21,26.95,Beauty,0
TXN0003076,CUST00381,2024-10-30,24.85,Home & Kitchen,1
TXN0003077,CUST00381,2025-06-04,72.86,Home & Kitchen,0
TXN0003078,CUST00381,2024-05-17,14.93,Sports,0
TXN0003079,CUST00381,2024-08-10,96.53,Home & Kitchen,0
TXN0003080,CUST00381,2025-07-24,125.55,Sports,0
TXN0003081,CUST00381,2025-03-17,113.46,Home & Kitchen,0
TXN0003082,CUST00381,2024-08-14,49.96,Beauty,0
TXN0003083,CUST00381,2025-09-13,75.5,Fashion,0
TXN0003084,CUST00381,2024-04-06,75.72,Home & Kitchen,1
TXN0003085,CUST00381,2025-03-04,46.52,Books,0
TXN0003086,CUST00381,2025-12-13,72.86,Beauty,1
TXN0003087,CUST00381,2025-11-18,94.68,Fashion,1
TXN0003088,CUST00381,2025-07-14,52.33,Sports,0
TXN0003089,CUST00381,2024-04-09,135.39,Books,0
TXN0003090,CUST00381,2025-04-22,70.88,Books,1
TXN0003091,CUST00381,2024-10-06,74.04,Beauty,1
TXN0003092,CUST00381,2025-10-14,22.25,Electronics,0
TXN0003093,CUST00381,2024-10-23,75.69,Fashion,0
TXN0003094,CUST00381,2024-07-28,17.39,Fashion,0
TXN0003095,CUST00381,2025-06-21,39.23,Electronics,1
TXN0003096,CUST00381,2024-05-25,103.41,Fashion,0
TXN0003097,CUST00382,2025-11-27,39.94,Fashion,0
TXN0003098,CUST00382,2025-09-17,37.37,Electronics,0
TXN0003099,CUST00382,2025-12-17,46.25,Beauty,0
TXN0003100,CUST00382,2025-04-11,37.61,Home & Kitchen,0
TXN0003101,CUST00382,2025-09-13,13.28,Fashion,1
TXN0003102,CUST00382,2025-08-05,58.08,Books,1
TXN0003103,CUST00382,2025-12-12,29.41,Beauty,0
TXN0003104,CUST00382,2025-03-21,40.14,Beauty,1
TXN0003105,CUST00382,2024-12-10,68.36,Electronics,0
TXN0003106,CUST00382,2025-11-16,87.27,Beauty,0
TXN0003107,CUST00382,2025-10-26,94.67,Electronics,0
TXN0003108,CUST00383,2025-04-16,69.78,Beauty,0
TXN0003109,CUST00383,2025-11-12,32.9,Home & Kitchen,1
TXN0003110,CUST00383,2025-06-18,50.19,Books,0
TXN0003111,CUST00383,2025-11-17,49.61,Sports,0
TXN0003112,CUST00383,2025-07-11,87.25,Beauty,1
TXN0003113,CUST00383,2025-03-21,98.89,Beauty,1
TXN0003114,CUST00383,2025-09-27,69.61,Beauty,0
TXN0003115,CUST00383,2025-06-05,127.62,Electronics,0
TXN0003116,CUST00383,2025-07-03,41.03,Books,1
TXN0003117,CUST00383,2025-06-14,49.26,Fashion,0
TXN0003118,CUST00383,2025-06-28,135.48,Electronics,0
TXN0003119,CUST00383,2025-11-16,144.23,Home & Kitchen,0
TXN0003120,CUST00383,2025-09-09,41.15,Electronics,0
TXN0003121,CUST00383,2025-03-12,27.88,Fashion,0
TXN0003122,CUST00383,2025-02-16,81.62,Home & Kitchen,0
TXN0003123,CUST00383,2025-08-18,78.79,Fashion,0
TXN0003124,CUST00384,2025-04-26,20.46,Fashion,1
TXN0003125,CUST00384,2024-12-20,58.62,Books,0
TXN0003126,CUST00384,2024-12-03,61.31,Sports,0
TXN0003127,CUST00384,2024-12-23,61.39,Home & Kitchen,0
TXN0003128,CUST00384,2025-01-30,37.93,Sports,1
TXN0003129,CUST00384,2025-06-17,80.44,Books,0
TXN0003130,CUST00384,2024-12-11,79.99,Sports,0
TXN0003131,CUST00384,2025-11-11,17.08,Fashion,0
TXN0003132,CUST00384,2025-12-24,65.27,Sports,0
TXN0003133,CUST00384,2025-12-09,36.68,Electronics,0
TXN0003134,CUST00384,2025-02-12,54.84,Sports,0
TXN0003135,CUST00384,2025-06-03,31.22,Sports,0
TXN0003136,CUST00384,2025-09-25,63.62,Fashion,1
TXN0003137,CUST00384,2025-12-07,22.92,Beauty,0
TXN0003138,CUST00384,2025-07-21,70.07,Electronics,0
TXN0003139,CUST00385,2024-04-15,140.54,Fashion,1
TXN0003140,CUST00385,2025-08-30,55.54,Beauty,0
TXN0003141,CUST00385,2024-06-21,27.05,Books,0
TXN0003142,CUST00385,2024-09-08,39.12,Electronics,1
TXN0003143,CUST00385,2024-08-31,26.39,Home & Kitchen,0
TXN0003144,CUST00385,2025-10-21,45.42,Electronics,1
TXN0003145,CUST00385,2024-03-27,123.44,Home & Kitchen,1
TXN0003146,CUST00385,2024-09-15,41.5,Books,1
TXN0003147,CUST00385,2025-08-02,113.85,Books,1
TXN0003148,CUST00385,2024-07-09,50.45,Electronics,0
TXN0003149,CUST00385,2024-12-21,239.05,Beauty,0
TXN0003150,CUST00385,2025-07-26,124.65,Home & Kitchen,0
TXN0003151,CUST00385,2025-05-03,73.03,Sports,1
TXN0003152,CUST00385,2025-12-23,84.47,Electronics,1
TXN0003153,CUST00385,2025-02-26,12.91,Home & Kitchen,0
TXN0003154,CUST00385,2024-05-01,45.81,Fashion,0
TXN0003155,CUST00385,2024-11-15,81.19,Electronics,0
TXN0003156,CUST00385,2024-04-30,144.53,Electronics,0
TXN0003157,CUST00385,2024-03-02,77.86,Beauty,1
TXN0003158,CUST00385,2024-04-03,80.54,Books,0
TXN0003159,CUST00385,2024-10-18,57.6,Books,1
TXN0003160,CUST00385,2025-12-29,45.67,Beauty,0
TXN0003161,CUST00385,2025-12-21,132.01,Beauty,0
TXN0003162,CUST00385,2024-02-28,77.02,Books,0
TXN0003163,CUST00385,2024-03-06,62.98,Home & Kitchen,1
TXN0003164,CUST00385,2025-12-28,180.87,Sports,1
TXN0003165,CUST00385,2024-11-30,128.73,Books,0
TXN0003166,CUST00385,2024-08-18,45.3,Electronics,1
TXN0003167,CUST00385,2024-11-27,63.99,Home & Kitchen,0
TXN0003168,CUST00386,2025-01-04,31.54,Electronics,0
TXN0003169,CUST00386,2025-01-14,29.4,Books,0
TXN0003170,CUST00386,2025-05-18,45.99,Sports,1
TXN0003171,CUST00386,2024-07-24,23.11,Beauty,0
TXN0003172,CUST00389,2025-08-23,35.67,Home & Kitchen,0
TXN0003173,CUST00389,2025-05-02,36.47,Books,0
TXN0003174,CUST00389,2025-05-22,149.38,Books,0
TXN0003175,CUST00389,2025-04-06,84.5,Sports,0
TXN0003176,CUST00389,2025-01-06,79.15,Fashion,0
TXN0003177,CUST00389,2024-12-26,20.07,Fashion,1
TXN0003178,CUST00389,2025-02-06,102.72,Electronics,0
TXN0003179,CUST00389,2025-01-26,118.12,Books,1
TXN0003180,CUST00389,2025-07-01,30.83,Home & Kitchen,0
TXN0003181,CUST00389,2025-07-30,63.35,Home & Kitchen,0
TXN0003182,CUST00389,2025-01-21,35.64,Electronics,1
TXN0003183,CUST00389,2025-12-16,60.04,Books,0
TXN0003184,CUST00389,2025-07-19,70.52,Electronics,0
TXN0003185,CUST00389,2025-08-21,92.02,Sports,1
TXN0003186,CUST00389,2025-02-21,122.84,Sports,0
TXN0003187,CUST00390,2024-08-25,65.81,Beauty,0
TXN0003188,CUST00390,2025-08-05,13.37,Electronics,0
TXN0003189,CUST00390,2025-05-27,55.61,Beauty,1
TXN0003190,CUST00390,2025-11-08,32.25,Home & Kitchen,1
TXN0003191,CUST00390,2024-12-05,94.85,Fashion,1
TXN0003192,CUST00390,2024-08-05,10.24,Fashion,1
TXN0003193,CUST00390,2024-01-07,37.41,Beauty,1
TXN0003194,CUST00391,2025-09-08,142.28,Electronics,0
TXN0003195,CUST00391,2025-11-08,79.42,Electronics,1
TXN0003196,CUST00391,2025-07-30,90.88,Fashion,0
TXN0003197,CUST00391,2025-06-03,86.34,Fashion,0
TXN0003198,CUST00391,2025-10-20,46.56,Beauty,1
TXN0003199,CUST00391,2025-09-05,64.52,Beauty,0
TXN0003200,CUST00391,2025-12-19,42.93,Home & Kitchen,1
TXN0003201,CUST00391,2025-02-15,55.12,Books,0
TXN0003202,CUST00392,2024-09-09,26.43,Books,0
TXN0003203,CUST00392,2024-11-09,12.88,Fashion,0
TXN0003204,CUST00392,2024-08-01,167.83,Electronics,1
TXN0003205,CUST00392,2024-11-03,47.38,Home & Kitchen,0
TXN0003206,CUST00392,2025-01-12,85.3,Beauty,0
TXN0003207,CUST00392,2025-10-29,121.35,Beauty,1
TXN0003208,CUST00392,2025-12-18,88.82,Books,0
TXN0003209,CUST00392,2025-03-12,153.56,Home & Kitchen,0
TXN0003210,CUST00392,2025-12-04,104.95,Books,0
TXN0003211,CUST00392,2025-08-19,34.84,Sports,0
TXN0003212,CUST00392,2025-02-10,134.51,Fashion,0
TXN0003213,CUST00392,2025-03-30,67.84,Home & Kitchen,1
TXN0003214,CUST00392,2025-11-22,69.87,Books,0
TXN0003215,CUST00392,2025-03-25,162.06,Electronics,0
TXN0003216,CUST00392,2025-06-21,148.62,Home & Kitchen,0
TXN0003217,CUST00392,2024-06-13,44.82,Sports,0
TXN0003218,CUST00392,2025-08-19,55.57,Fashion,0
TXN0003219,CUST00392,2024-07-15,19.63,Beauty,1
TXN0003220,CUST00392,2024-12-09,29.66,Beauty,0
TXN0003221,CUST00392,2025-06-02,200.93,Beauty,0
TXN0003222,CUST00392,2025-08-10,45.31,Beauty,0
TXN0003223,CUST00392,2024-02-27,35.06,Home & Kitchen,0
TXN0003224,CUST00392,2024-11-30,118.59,Sports,1
TXN0003225,CUST00392,2025-04-16,55.77,Sports,0
TXN0003226,CUST00392,2024-08-07,33.92,Beauty,0
TXN0003227,CUST00392,2025-02-04,182.28,Electronics,1
TXN0003228,CUST00392,2024-12-07,91.11,Beauty,0
TXN0003229,CUST00392,2025-04-12,47.7,Home & Kitchen,0
TXN0003230,CUST00392,2024-03-18,52.39,Sports,0
TXN0003231,CUST00392,2024-11-04,71.69,Fashion,0
TXN0003232,CUST00392,2025-05-10,47.37,Beauty,0
TXN0003233,CUST00392,2025-08-19,29.09,Books,1
TXN0003234,CUST00392,2025-10-23,67.77,Beauty,1
TXN0003235,CUST00393,2024-05-24,46.43,Electronics,1
TXN0003236,CUST00393,2025-02-15,89.07,Electronics,0
TXN0003237,CUST00393,2024-11-27,38.76,Sports,0
TXN0003238,CUST00393,2024-08-14,62.83,Home & Kitchen,0
TXN0003239,CUST00393,2024-10-09,22.89,Beauty,1
TXN0003240,CUST00393,2025-12-12,18.71,Books,1
TXN0003241,CUST00393,2025-01-17,25.09,Fashion,1
TXN0003242,CUST00393,2025-12-05,107.39,Books,0
TXN0003243,CUST00393,2025-06-21,29.61,Books,0
TXN0003244,CUST00393,2025-02-07,17.03,Books,0
TXN0003245,CUST00393,2024-12-19,51.16,Fashion,0
TXN0003246,CUST00393,2024-10-15,15.44,Beauty,1
TXN0003247,CUST00393,2025-05-16,46.26,Sports,0
TXN0003248,CUST00393,2025-10-06,8.86,Books,1
TXN0003249,CUST00393,2024-11-24,40.15,Books,0
TXN0003250,CUST00393,2025-11-11,22.89,Sports,0
TXN0003251,CUST00393,2024-09-17,76.27,Electronics,0
TXN0003252,CUST00393,2024-06-14,109.53,Home & Kitchen,0
TXN0003253,CUST00395,2024-11-25,22.8,Beauty,0
TXN0003254,CUST00395,2025-02-20,13.25,Beauty,1
TXN0003255,CUST00395,2025-10-13,55.03,Electronics,0
TXN0003256,CUST00395,2025-07-13,100.82,Beauty,0
TXN0003257,CUST00395,2024-10-30,34.79,Home & Kitchen,1
TXN0003258,CUST00395,2024-11-08,30.78,Fashion,0
TXN0003259,CUST00395,2024-07-12,65.06,Fashion,0
TXN0003260,CUST00395,2025-05-05,43.82,Books,0
TXN0003261,CUST00395,2025-11-10,83.2,Home & Kitchen,1
TXN0003262,CUST00395,2024-05-08,122.85,Fashion,0
TXN0003263,CUST00395,2025-11-21,75.44,Sports,0
TXN0003264,CUST00395,2025-06-12,44.46,Beauty,1
TXN0003265,CUST00395,2025-09-22,126.0,Home & Kitchen,0
TXN0003266,CUST00395,2024-03-24,81.45,Sports,1
TXN0003267,CUST00395,2024-12-24,161.15,Electronics,1
TXN0003268,CUST00395,2025-03-07,90.06,Sports,0
TXN0003269,CUST00395,2024-09-25,69.11,Electronics,0
TXN0003270,CUST00395,2024-12-07,12.31,Electronics,0
TXN0003271,CUST00395,2025-09-06,136.17,Sports,1
TXN0003272,CUST00395,2025-07-01,50.66,Electronics,1
TXN0003273,CUST00395,2025-02-04,110.88,Sports,0
TXN0003274,CUST00395,2024-06-26,100.11,Beauty,1
TXN0003275,CUST00395,2024-09-14,108.67,Beauty,0
TXN0003276,CUST00395,2025-07-07,20.12,Electronics,0
TXN0003277,CUST00395,2025-12-14,26.98,Beauty,0
TXN0003278,CUST00395,2025-04-30,63.92,Books,0
TXN0003279,CUST00395,2025-07-01,30.04,Books,0
TXN0003280,CUST00395,2024-07-26,78.65,Sports,0
TXN0003281,CUST00395,2025-03-27,61.48,Home & Kitchen,0
TXN0003282,CUST00395,2025-02-06,48.36,Home & Kitchen,1
TXN0003283,CUST00395,2025-12-17,78.99,Home & Kitchen,1
TXN0003284,CUST00395,2024-06-26,23.1,Sports,0
TXN0003285,CUST00395,2024-09-01,18.85,Electronics,0
TXN0003286,CUST00396,2025-12-24,45.45,Sports,0
TXN0003287,CUST00396,2025-12-30,74.56,Electronics,0
TXN0003288,CUST00396,2025-12-14,67.52,Electronics,0
TXN0003289,CUST00397,2025-11-20,70.98,Books,0
TXN0003290,CUST00397,2025-12-02,114.76,Books,1
TXN0003291,CUST00397,2025-02-03,61.18,Beauty,1
TXN0003292,CUST00397,2025-11-25,9.62,Fashion,1
TXN0003293,CUST00397,2025-03-29,19.25,Fashion,0
TXN0003294,CUST00397,2025-04-08,62.48,Beauty,0
TXN0003295,CUST00397,2025-07-06,54.55,Electronics,1
TXN0003296,CUST00397,2025-01-16,64.85,Electronics,0
TXN0003297,CUST00397,2025-07-21,72.11,Beauty,0
TXN0003298,CUST00397,2025-04-09,94.05,Books,0
TXN0003299,CUST00397,2025-10-18,175.34,Home & Kitchen,1
TXN0003300,CUST00397,2025-08-04,89.26,Home & Kitchen,1
TXN0003301,CUST00397,2025-08-27,236.87,Sports,0
TXN0003302,CUST00397,2025-01-30,142.27,Books,0
TXN0003303,CUST00397,2025-07-19,138.16,Beauty,0
TXN0003304,CUST00397,2025-04-22,93.34,Books,0
TXN0003305,CUST00397,2025-04-01,49.37,Beauty,1
TXN0003306,CUST00397,2025-04-05,85.57,Sports,1
TXN0003307,CUST00398,2025-09-17,22.2,Home & Kitchen,1
TXN0003308,CUST00399,2025-12-25,45.7,Home & Kitchen,0
TXN0003309,CUST00399,2025-11-22,55.09,Fashion,0
TXN0003310,CUST00399,2025-12-01,23.09,Fashion,0
TXN0003311,CUST00399,2025-08-22,29.51,Fashion,0
TXN0003312,CUST00399,2025-11-28,50.47,Electronics,1
TXN0003313,CUST00399,2025-11-15,41.6,Books,1
TXN0003314,CUST00399,2025-11-09,71.67,Sports,0
TXN0003315,CUST00399,2025-11-14,37.24,Home & Kitchen,1
TXN0003316,CUST00400,2025-09-15,89.14,Books,0
TXN0003317,CUST00400,2025-07-29,70.18,Electronics,1
TXN0003318,CUST00400,2025-11-14,85.83,Beauty,1
TXN0003319,CUST00400,2025-05-27,46.37,Sports,0
TXN0003320,CUST00400,2025-04-25,30.99,Electronics,0
TXN0003321,CUST00400,2025-09-26,15.43,Electronics,0
TXN0003322,CUST00401,2025-10-07,89.12,Beauty,1
TXN0003323,CUST00401,2025-12-12,60.46,Electronics,1
TXN0003324,CUST00401,2025-07-13,77.22,Electronics,1
TXN0003325,CUST00402,2024-12-21,39.47,Fashion,1
TXN0003326,CUST00402,2025-03-18,60.65,Books,0
TXN0003327,CUST00402,2025-02-08,66.27,Beauty,1
TXN0003328,CUST00404,2024-12-24,37.81,Beauty,1
TXN0003329,CUST00404,2025-07-09,23.58,Books,0
TXN0003330,CUST00404,2025-04-15,80.8,Beauty,0
TXN0003331,CUST00404,2025-07-28,19.98,Books,0
TXN0003332,CUST00405,2025-07-09,40.74,Books,0
TXN0003333,CUST00405,2025-07-06,51.96,Sports,0
TXN0003334,CUST00405,2025-12-09,56.92,Books,0
TXN0003335,CUST00405,2025-12-30,64.61,Beauty,1
TXN0003336,CUST00406,2025-08-27,63.47,Home & Kitchen,0
TXN0003337,CUST00406,2025-06-27,38.75,Sports,1
TXN0003338,CUST00406,2025-06-21,148.79,Sports,0
TXN0003339,CUST00406,2025-05-06,50.18,Home & Kitchen,1
TXN0003340,CUST00406,2025-12-27,42.86,Books,1
TXN0003341,CUST00406,2025-05-25,66.1,Books,0
TXN0003342,CUST00406,2025-08-14,16.94,Books,1
TXN0003343,CUST00406,2025-04-26,56.01,Books,0
TXN0003344,CUST00406,2025-10-06,30.78,Beauty,0
TXN0003345,CUST00407,2024-03-18,58.66,Home & Kitchen,0
TXN0003346,CUST00407,2024-04-13,76.01,Electronics,1
TXN0003347,CUST00407,2025-05-20,61.27,Fashion,0
TXN0003348,CUST00407,2025-07-09,70.41,Fashion,0
TXN0003349,CUST00407,2025-02-24,59.93,Electronics,0
TXN0003350,CUST00407,2024-09-29,105.72,Fashion,1
TXN0003351,CUST00407,2024-05-11,27.11,Electronics,0
TXN0003352,CUST00407,2024-11-19,58.51,Electronics,0
TXN0003353,CUST00407,2024-12-22,104.44,Books,1
TXN0003354,CUST00407,2025-08-02,76.85,Fashion,0
TXN0003355,CUST00407,2025-11-11,85.19,Electronics,1
TXN0003356,CUST00407,2024-03-15,108.36,Fashion,1
TXN0003357,CUST00407,2024-10-19,103.69,Beauty,0
TXN0003358,CUST00407,2024-06-08,36.66,Books,1
TXN0003359,CUST00407,2025-10-30,38.73,Fashion,0
TXN0003360,CUST00407,2024-07-13,48.32,Books,0
TXN0003361,CUST00407,2025-03-06,53.6,Fashion,0
TXN0003362,CUST00407,2025-06-05,45.59,Beauty,0
TXN0003363,CUST00407,2024-04-28,110.8,Books,0
TXN0003364,CUST00407,2024-12-15,94.28,Sports,0
TXN0003365,CUST00407,2024-05-21,35.38,Fashion,1
TXN0003366,CUST00407,2025-05-12,74.0,Electronics,0
TXN0003367,CUST00407,2024-11-14,39.28,Home & Kitchen,0
TXN0003368,CUST00407,2024-10-30,116.2,Beauty,1
TXN0003369,CUST00407,2025-08-09,38.99,Fashion,0
TXN0003370,CUST00407,2025-07-07,129.68,Beauty,1
TXN0003371,CUST00407,2025-09-09,96.12,Beauty,0
TXN0003372,CUST00407,2024-01-26,63.34,Electronics,0
TXN0003373,CUST00407,2024-10-31,52.68,Electronics,0
TXN0003374,CUST00407,2025-09-20,62.36,Fashion,1
TXN0003375,CUST00407,2025-06-06,105.08,Fashion,0
TXN0003376,CUST00407,2024-07-27,48.34,Books,0
TXN0003377,CUST00407,2025-11-28,38.77,Books,1
TXN0003378,CUST00407,2025-07-30,42.21,Beauty,1
TXN0003379,CUST00407,2025-10-24,144.82,Beauty,0
TXN0003380,CUST00407,2025-08-05,65.51,Beauty,1
TXN0003381,CUST00407,2025-02-08,132.74,Electronics,0
TXN0003382,CUST00407,2024-08-25,53.62,Beauty,0
TXN0003383,CUST00407,2024-12-22,132.94,Sports,0
TXN0003384,CUST00407,2024-12-20,63.38,Fashion,0
TXN0003385,CUST00408,2025-11-05,19.17,Fashion,1
TXN0003386,CUST00409,2025-09-07,25.75,Home & Kitchen,1
TXN0003387,CUST00409,2025-07-22,48.34,Sports,1
TXN0003388,CUST00409,2025-02-13,32.45,Beauty,0
TXN0003389,CUST00409,2025-08-29,51.99,Electronics,0
TXN0003390,CUST00409,2025-07-14,79.83,Home & Kitchen,0
TXN0003391,CUST00409,2024-12-26,26.86,Electronics,0
TXN0003392,CUST00409,2025-01-05,17.5,Electronics,0
TXN0003393,CUST00409,2025-09-19,19.61,Books,1
TXN0003394,CUST00411,2025-09-16,78.61,Books,0
TXN0003395,CUST00412,2025-09-12,80.65,Beauty,1
TXN0003396,CUST00412,2025-12-04,58.92,Beauty,1
TXN0003397,CUST00412,2025-10-01,27.18,Beauty,0
TXN0003398,CUST00412,2025-09-04,27.16,Books,1
TXN0003399,CUST00412,2025-12-27,57.11,Sports,1
TXN0003400,CUST00412,2025-10-15,52.2,Sports,0
TXN0003401,CUST00412,2025-10-13,53.91,Books,0
TXN0003402,CUST00412,2025-11-23,58.13,Sports,0
TXN0003403,CUST00412,2025-11-28,50.07,Home & Kitchen,1
TXN0003404,CUST00414,2025-02-04,42.81,Electronics,0
TXN0003405,CUST00415,2025-11-26,16.37,Beauty,1
TXN0003406,CUST00415,2025-04-21,11.33,Beauty,0
TXN0003407,CUST00415,2025-09-17,22.37,Beauty,1
TXN0003408,CUST00415,2025-09-16,26.68,Sports,0
TXN0003409,CUST00416,2025-10-25,18.68,Sports,0
TXN0003410,CUST00416,2025-10-24,36.79,Books,1
TXN0003411,CUST00417,2024-07-10,49.28,Sports,1
TXN0003412,CUST00417,2025-06-01,48.69,Books,1
TXN0003413,CUST00417,2024-07-19,25.53,Beauty,1
TXN0003414,CUST00417,2025-12-18,41.67,Fashion,1
TXN0003415,CUST00417,2025-07-31,100.67,Books,1
TXN0003416,CUST00417,2024-08-09,67.56,Electronics,0
TXN0003417,CUST00417,2025-01-27,55.94,Sports,0
TXN0003418,CUST00417,2025-06-28,40.45,Electronics,1
TXN0003419,CUST00417,2025-08-15,53.8,Beauty,0
TXN0003420,CUST00417,2024-09-26,67.6,Sports,0
TXN0003421,CUST00417,2024-11-29,15.63,Home & Kitchen,0
TXN0003422,CUST00417,2025-11-26,62.92,Sports,1
TXN0003423,CUST00417,2024-09-12,72.52,Electronics,1
TXN0003424,CUST00417,2025-02-14,86.94,Home & Kitchen,0
TXN0003425,CUST00417,2024-11-18,28.39,Books,0
TXN0003426,CUST00417,2025-08-19,106.45,Beauty,0
TXN0003427,CUST00417,2024-10-18,123.71,Beauty,0
TXN0003428,CUST00417,2025-02-01,67.14,Electronics,0
TXN0003429,CUST00417,2024-08-04,54.87,Beauty,1
TXN0003430,CUST00417,2024-10-07,99.14,Sports,0
TXN0003431,CUST00417,2025-03-11,83.02,Books,0
TXN0003432,CUST00417,2025-11-21,35.23,Home & Kitchen,0
TXN0003433,CUST00417,2024-09-02,98.29,Beauty,1
TXN0003434,CUST00417,2025-04-30,48.75,Books,0
TXN0003435,CUST00417,2024-12-20,51.95,Beauty,0
TXN0003436,CUST00417,2024-09-04,39.09,Electronics,0
TXN0003437,CUST00417,2025-06-30,65.3,Fashion,0
TXN0003438,CUST00417,2025-08-20,158.4,Home & Kitchen,0
TXN0003439,CUST00418,2025-09-11,47.88,Books,0
TXN0003440,CUST00418,2025-12-11,120.13,Fashion,0
TXN0003441,CUST00418,2025-12-19,51.05,Beauty,0
TXN0003442,CUST00418,2025-10-23,37.04,Home & Kitchen,0
TXN0003443,CUST00418,2025-10-01,123.89,Beauty,0
TXN0003444,CUST00418,2025-10-18,84.65,Fashion,1
TXN0003445,CUST00419,2025-09-14,63.7,Sports,1
TXN0003446,CUST00419,2025-05-08,34.71,Fashion,0
TXN0003447,CUST00419,2025-01-28,33.71,Sports,0
TXN0003448,CUST00419,2025-11-21,34.96,Books,0
TXN0003449,CUST00419,2025-12-20,70.68,Home & Kitchen,0
TXN0003450,CUST00419,2025-11-02,77.45,Sports,0
TXN0003451,CUST00419,2025-06-30,41.76,Books,1
TXN0003452,CUST00419,2025-07-26,35.29,Books,0
TXN0003453,CUST00420,2025-05-31,23.24,Beauty,1
TXN0003454,CUST00420,2025-10-24,2.03,Fashion,0
TXN0003455,CUST00420,2025-12-03,125.44,Home & Kitchen,1
TXN0003456,CUST00420,2025-08-22,99.06,Books,0
TXN0003457,CUST00420,2025-09-17,72.57,Books,1
TXN0003458,CUST00420,2025-09-20,44.73,Beauty,0
TXN0003459,CUST00420,2025-09-02,104.06,Beauty,0
TXN0003460,CUST00420,2025-04-08,49.58,Books,0
TXN0003461,CUST00420,2025-10-22,48.99,Books,0
TXN0003462,CUST00420,2025-04-27,39.26,Books,0
TXN0003463,CUST00420,2025-03-31,82.92,Home & Kitchen,0
TXN0003464,CUST00420,2025-08-28,38.41,Beauty,0
TXN0003465,CUST00420,2025-12-01,70.11,Fashion,1
TXN0003466,CUST00420,2025-08-30,71.75,Sports,0
TXN0003467,CUST00420,2024-12-05,56.44,Fashion,0
TXN0003468,CUST00420,2025-02-22,8.81,Home & Kitchen,0
TXN0003469,CUST00420,2024-10-02,62.18,Books,0
TXN0003470,CUST00420,2025-03-05,57.34,Books,1
TXN0003471,CUST00420,2025-04-15,55.15,Electronics,0
TXN0003472,CUST00420,2024-11-05,25.58,Books,0
TXN0003473,CUST00420,2025-10-02,77.07,Beauty,0
TXN0003474,CUST00420,2025-08-25,132.06,Fashion,0
TXN0003475,CUST00420,2025-05-18,51.08,Fashion,0
TXN0003476,CUST00420,2025-11-17,59.79,Fashion,0
TXN0003477,CUST00420,2025-12-16,24.2,Fashion,1
TXN0003478,CUST00422,2024-06-26,38.42,Sports,1
TXN0003479,CUST00422,2024-06-15,20.72,Beauty,0
TXN0003480,CUST00422,2025-03-20,41.61,Electronics,0
TXN0003481,CUST00423,2025-12-05,96.01,Beauty,1
TXN0003482,CUST00424,2025-12-25,59.22,Beauty,0
TXN0003483,CUST00424,2025-10-12,41.56,Home & Kitchen,0
TXN0003484,CUST00424,2025-12-10,62.85,Fashion,1
TXN0003485,CUST00425,2024-06-24,14.9,Fashion,0
TXN0003486,CUST00425,2024-08-13,25.16,Sports,0
TXN0003487,CUST00425,2025-02-14,21.19,Electronics,0
TXN0003488,CUST00425,2025-03-14,35.05,Electronics,0
TXN0003489,CUST00425,2024-09-08,52.9,Home & Kitchen,1
TXN0003490,CUST00425,2025-07-07,71.96,Home & Kitchen,0
TXN0003491,CUST00425,2025-02-06,133.07,Home & Kitchen,0
TXN0003492,CUST00425,2024-09-03,64.13,Books,0
TXN0003493,CUST00425,2025-02-10,35.14,Fashion,0
TXN0003494,CUST00425,2025-08-08,64.34,Fashion,0
TXN0003495,CUST00425,2025-09-22,48.32,Sports,0
TXN0003496,CUST00425,2024-07-23,79.21,Electronics,1
TXN0003497,CUST00425,2024-09-19,53.0,Electronics,0
TXN0003498,CUST00426,2024-12-06,14.52,Home & Kitchen,0
TXN0003499,CUST00426,2025-10-25,163.98,Beauty,0
TXN0003500,CUST00426,2025-09-15,20.57,Electronics,0
TXN0003501,CUST00426,2025-05-07,78.28,Sports,1
TXN0003502,CUST00426,2024-08-17,36.9,Fashion,0
TXN0003503,CUST00426,2025-08-10,82.64,Electronics,0
TXN0003504,CUST00426,2025-09-29,98.54,Sports,1
TXN0003505,CUST00426,2024-06-13,65.9,Fashion,1
TXN0003506,CUST00426,2025-02-19,96.52,Beauty,1
TXN0003507,CUST00426,2025-09-22,38.06,Home & Kitchen,0
TXN0003508,CUST00426,2024-12-29,52.83,Home & Kitchen,0
TXN0003509,CUST00426,2025-03-06,6.2,Home & Kitchen,1
TXN0003510,CUST00426,2025-03-10,93.4,Electronics,0
TXN0003511,CUST00426,2025-05-27,27.66,Sports,0
TXN0003512,CUST00426,2025-11-05,68.4,Home & Kitchen,1
TXN0003513,CUST00426,2025-12-05,99.89,Fashion,0
TXN0003514,CUST00426,2025-01-06,57.47,Books,1
TXN0003515,CUST00426,2025-10-26,38.32,Sports,0
TXN0003516,CUST00426,2024-07-01,63.84,Sports,1
TXN0003517,CUST00426,2024-06-05,61.34,Books,0
TXN0003518,CUST00426,2024-07-17,46.11,Electronics,1
TXN0003519,CUST00426,2025-09-15,55.49,Books,1
TXN0003520,CUST00426,2025-10-03,89.44,Electronics,1
TXN0003521,CUST00426,2024-08-16,227.5,Beauty,1
TXN0003522,CUST00426,2024-04-29,121.32,Beauty,0
TXN0003523,CUST00426,2025-08-12,30.17,Electronics,0
TXN0003524,CUST00427,2025-11-02,102.86,Electronics,0
TXN0003525,CUST00427,2025-10-14,52.39,Sports,0
TXN0003526,CUST00427,2025-08-18,48.29,Sports,0
TXN0003527,CUST00427,2025-11-14,96.99,Electronics,0
TXN0003528,CUST00427,2025-10-04,55.57,Sports,0
TXN0003529,CUST00427,2025-08-14,77.75,Electronics,0
TXN0003530,CUST00427,2025-11-09,74.03,Sports,1
TXN0003531,CUST00429,2025-12-03,39.79,Electronics,0
TXN0003532,CUST00429,2025-12-27,56.95,Fashion,0
TXN0003533,CUST00429,2025-10-14,104.83,Books,0
TXN0003534,CUST00429,2025-09-20,148.58,Electronics,0
TXN0003535,CUST00430,2025-09-23,56.01,Fashion,0
TXN0003536,CUST00430,2024-04-15,166.48,Home & Kitchen,0
TXN0003537,CUST00430,2025-04-26,30.56,Fashion,1
TXN0003538,CUST00430,2024-07-18,28.71,Books,0
TXN0003539,CUST00430,2025-04-25,28.91,Home & Kitchen,0
TXN0003540,CUST00430,2024-10-16,91.6,Books,0
TXN0003541,CUST00430,2024-06-01,43.17,Beauty,0
TXN0003542,CUST00430,2025-01-26,34.56,Sports,1
TXN0003543,CUST00430,2025-09-20,17.39,Beauty,1
TXN0003544,CUST00430,2024-10-02,53.17,Books,0
TXN0003545,CUST00430,2024-08-31,49.82,Electronics,0
TXN0003546,CUST00430,2025-12-16,72.05,Fashion,0
TXN0003547,CUST00430,2024-11-12,45.8,Books,0
TXN0003548,CUST00430,2024-04-15,135.96,Home & Kitchen,0
TXN0003549,CUST00430,2025-11-13,22.89,Home & Kitchen,0
TXN0003550,CUST00430,2025-02-10,23.53,Fashion,0
TXN0003551,CUST00430,2025-03-30,96.23,Electronics,0
TXN0003552,CUST00430,2024-07-01,66.44,Fashion,0
TXN0003553,CUST00430,2025-10-01,9.19,Beauty,0
TXN0003554,CUST00430,2025-11-28,104.02,Beauty,0
TXN0003555,CUST00430,2025-04-30,76.73,Electronics,0
TXN0003556,CUST00430,2024-12-24,8.94,Fashion,1
TXN0003557,CUST00431,2025-10-22,7.6,Beauty,0
TXN0003558,CUST00432,2025-02-12,37.22,Home & Kitchen,1
TXN0003559,CUST00432,2025-08-29,46.86,Home & Kitchen,0
TXN0003560,CUST00432,2025-06-16,67.17,Sports,0
TXN0003561,CUST00432,2025-07-29,39.33,Fashion,1
TXN0003562,CUST00432,2025-03-17,94.72,Electronics,0
TXN0003563,CUST00432,2025-01-01,34.21,Home & Kitchen,1
TXN0003564,CUST00432,2025-08-10,49.63,Home & Kitchen,0
TXN0003565,CUST00432,2025-08-23,90.8,Books,1
TXN0003566,CUST00432,2025-09-07,48.19,Beauty,0
TXN0003567,CUST00432,2025-06-17,57.73,Home & Kitchen,0
TXN0003568,CUST00432,2025-12-22,21.95,Books,0
TXN0003569,CUST00432,2025-06-17,30.57,Books,1
TXN0003570,CUST00432,2025-05-09,54.38,Fashion,0
TXN0003571,CUST00433,2025-07-19,22.82,Fashion,0
TXN0003572,CUST00433,2025-10-03,75.91,Sports,1
TXN0003573,CUST00433,2025-12-08,56.87,Beauty,1
TXN0003574,CUST00433,2024-06-05,51.96,Fashion,0
TXN0003575,CUST00433,2025-03-24,21.55,Fashion,1
TXN0003576,CUST00433,2025-08-17,38.6,Beauty,0
TXN0003577,CUST00433,2024-08-04,31.1,Beauty,1
TXN0003578,CUST00433,2024-11-03,13.07,Beauty,0
TXN0003579,CUST00433,2024-12-24,126.1,Beauty,0
TXN0003580,CUST00433,2024-12-06,92.93,Sports,1
TXN0003581,CUST00433,2025-08-24,96.17,Books,1
TXN0003582,CUST00433,2025-02-25,32.5,Home & Kitchen,0
TXN0003583,CUST00433,2024-08-06,29.57,Electronics,1
TXN0003584,CUST00433,2025-11-17,117.53,Beauty,1
TXN0003585,CUST00433,2025-02-24,74.29,Fashion,0
TXN0003586,CUST00433,2024-10-23,59.4,Electronics,0
TXN0003587,CUST00433,2024-09-26,55.39,Books,0
TXN0003588,CUST00433,2024-09-09,98.99,Sports,1
TXN0003589,CUST00433,2024-11-12,80.02,Electronics,0
TXN0003590,CUST00433,2025-04-30,135.49,Electronics,1
TXN0003591,CUST00433,2024-11-16,28.87,Home & Kitchen,0
TXN0003592,CUST00433,2025-06-17,89.88,Home & Kitchen,0
TXN0003593,CUST00433,2025-12-15,45.4,Beauty,0
TXN0003594,CUST00433,2024-07-20,25.77,Fashion,0
TXN0003595,CUST00433,2025-07-08,67.26,Beauty,1
TXN0003596,CUST00433,2024-11-03,139.1,Electronics,0
TXN0003597,CUST00433,2024-12-11,51.33,Beauty,0
TXN0003598,CUST00433,2024-11-07,86.91,Electronics,0
TXN0003599,CUST00433,2024-08-29,146.91,Books,0
TXN0003600,CUST00434,2025-10-28,71.47,Books,1
TXN0003601,CUST00434,2025-06-03,89.34,Fashion,0
TXN0003602,CUST00434,2025-01-12,71.6,Sports,0
TXN0003603,CUST00434,2025-10-26,13.95,Electronics,1
TXN0003604,CUST00434,2025-01-24,58.3,Books,0
TXN0003605,CUST00434,2025-04-17,58.69,Books,1
TXN0003606,CUST00434,2025-04-26,23.28,Books,1
TXN0003607,CUST00434,2025-02-22,56.36,Sports,1
TXN0003608,CUST00434,2025-12-20,34.32,Home & Kitchen,1
TXN0003609,CUST00434,2025-08-21,32.89,Beauty,1
TXN0003610,CUST00434,2025-04-15,41.7,Beauty,0
TXN0003611,CUST00434,2025-05-12,23.13,Books,1
TXN0003612,CUST00435,2025-11-30,27.35,Books,0
TXN0003613,CUST00435,2025-11-12,38.37,Sports,0
TXN0003614,CUST00435,2025-07-01,34.87,Home & Kitchen,0
TXN0003615,CUST00435,2025-09-10,19.28,Books,0
TXN0003616,CUST00435,2025-12-12,28.28,Books,0
TXN0003617,CUST00435,2025-09-09,36.88,Home & Kitchen,1
TXN0003618,CUST00435,2025-11-28,38.74,Home & Kitchen,0
TXN0003619,CUST00435,2025-09-01,28.15,Electronics,0
TXN0003620,CUST00435,2025-10-15,79.33,Home & Kitchen,0
TXN0003621,CUST00435,2025-06-16,41.32,Sports,0
TXN0003622,CUST00435,2025-11-12,41.01,Sports,1
TXN0003623,CUST00436,2025-06-26,34.79,Fashion,1
TXN0003624,CUST00436,2025-07-15,57.9,Books,0
TXN0003625,CUST00436,2025-12-07,110.24,Beauty,1
TXN0003626,CUST00436,2025-08-17,50.14,Beauty,0
TXN0003627,CUST00438,2024-09-26,9.37,Books,0
TXN0003628,CUST00438,2025-10-16,13.88,Fashion,0
TXN0003629,CUST00439,2025-09-19,39.13,Sports,0
TXN0003630,CUST00439,2025-12-05,74.76,Sports,0
TXN0003631,CUST00440,2025-05-08,58.52,Sports,0
TXN0003632,CUST00440,2025-12-19,10.59,Books,0
TXN0003633,CUST00440,2025-09-28,21.76,Beauty,0
TXN0003634,CUST00440,2025-12-06,46.57,Books,0
TXN0003635,CUST00440,2025-06-11,58.79,Home & Kitchen,0
TXN0003636,CUST00440,2025-11-06,49.42,Books,0
TXN0003637,CUST00440,2025-05-01,40.19,Beauty,0
TXN0003638,CUST00442,2025-05-31,39.69,Fashion,0
TXN0003639,CUST00442,2025-09-29,40.4,Home & Kitchen,0
TXN0003640,CUST00442,2025-08-14,45.49,Electronics,1
TXN0003641,CUST00442,2025-08-27,65.79,Electronics,0
TXN0003642,CUST00442,2025-05-28,3.62,Sports,0
TXN0003643,CUST00442,2025-06-28,66.62,Home & Kitchen,0
TXN0003644,CUST00442,2025-05-17,49.85,Beauty,0
TXN0003645,CUST00443,2025-10-16,69.69,Books,0
TXN0003646,CUST00443,2025-12-15,64.93,Books,0
TXN0003647,CUST00443,2025-04-17,48.09,Books,0
TXN0003648,CUST00443,2025-05-18,78.37,Fashion,1
TXN0003649,CUST00443,2025-05-06,27.24,Sports,0
TXN0003650,CUST00444,2025-12-28,30.52,Sports,0
TXN0003651,CUST00446,2025-09-18,74.68,Home & Kitchen,0
TXN0003652,CUST00446,2025-07-21,92.22,Fashion,0
TXN0003653,CUST00446,2025-08-19,88.21,Electronics,1
TXN0003654,CUST00447,2025-07-21,24.64,Sports,1
TXN0003655,CUST00449,2025-07-30,65.22,Sports,0
TXN0003656,CUST00449,2025-01-06,20.47,Home & Kitchen,0
TXN0003657,CUST00449,2025-12-26,110.96,Sports,1
TXN0003658,CUST00449,2024-12-10,28.46,Home & Kitchen,0
TXN0003659,CUST00449,2025-07-10,49.73,Books,0
TXN0003660,CUST00450,2024-04-07,45.91,Fashion,0
TXN0003661,CUST00450,2025-03-10,22.06,Electronics,0
TXN0003662,CUST00450,2025-02-27,41.67,Electronics,1
TXN0003663,CUST00450,2025-07-31,31.97,Sports,0
TXN0003664,CUST00450,2025-01-18,5.48,Sports,0
TXN0003665,CUST00450,2025-11-12,51.62,Home & Kitchen,1
TXN0003666,CUST00450,2025-09-22,7.16,Fashion,0
TXN0003667,CUST00451,2025-12-28,56.26,Home & Kitchen,0
TXN0003668,CUST00451,2025-10-16,79.44,Books,0
TXN0003669,CUST00451,2024-10-26,128.9,Beauty,0
TXN0003670,CUST00451,2025-07-25,30.84,Sports,1
TXN0003671,CUST00451,2024-11-22,49.4,Electronics,1
TXN0003672,CUST00452,2025-11-14,129.25,Books,1
TXN0003673,CUST00452,2025-12-02,98.17,Electronics,1
TXN0003674,CUST00452,2025-03-15,46.98,Home & Kitchen,0
TXN0003675,CUST00452,2025-08-21,89.89,Home & Kitchen,0
TXN0003676,CUST00452,2025-02-01,21.4,Books,0
TXN0003677,CUST00452,2025-12-15,38.46,Sports,0
TXN0003678,CUST00452,2025-12-10,31.59,Home & Kitchen,0
TXN0003679,CUST00452,2025-02-14,139.08,Electronics,0
TXN0003680,CUST00452,2025-06-17,30.56,Electronics,0
TXN0003681,CUST00453,2025-11-14,95.78,Books,0
TXN0003682,CUST00453,2025-07-21,52.6,Electronics,0
TXN0003683,CUST00453,2025-07-01,25.28,Beauty,0
TXN0003684,CUST00453,2025-12-25,21.63,Home & Kitchen,1
TXN0003685,CUST00453,2024-10-11,57.79,Sports,0
TXN0003686,CUST00453,2025-04-09,40.54,Books,0
TXN0003687,CUST00453,2025-03-09,113.49,Electronics,0
TXN0003688,CUST00453,2025-06-29,43.91,Beauty,0
TXN0003689,CUST00453,2025-06-06,31.48,Home & Kitchen,0
TXN0003690,CUST00453,2025-09-27,60.19,Fashion,0
TXN0003691,CUST00453,2025-08-25,22.58,Books,0
TXN0003692,CUST00453,2025-07-28,80.11,Sports,0
TXN0003693,CUST00453,2024-12-27,57.87,Sports,0
TXN0003694,CUST00453,2025-09-03,119.56,Books,0
TXN0003695,CUST00453,2025-02-01,26.14,Books,0
TXN0003696,CUST00453,2025-07-18,67.25,Books,0
TXN0003697,CUST00453,2025-03-29,134.88,Sports,1
TXN0003698,CUST00453,2025-08-13,53.29,Sports,0
TXN0003699,CUST00453,2024-12-18,35.99,Fashion,0
TXN0003700,CUST00454,2025-09-28,109.31,Home & Kitchen,1
TXN0003701,CUST00454,2025-01-31,26.25,Home & Kitchen,0
TXN0003702,CUST00454,2025-01-29,32.29,Home & Kitchen,1
TXN0003703,CUST00454,2025-03-01,31.57,Books,0
TXN0003704,CUST00454,2025-10-28,62.98,Books,0
TXN0003705,CUST00454,2024-12-06,55.44,Sports,1
TXN0003706,CUST00454,2024-11-29,77.37,Books,0
TXN0003707,CUST00455,2025-11-22,56.48,Fashion,1
TXN0003708,CUST00455,2025-10-24,113.39,Books,0
TXN0003709,CUST00455,2025-12-23,54.0,Beauty,1
TXN0003710,CUST00455,2025-12-08,83.73,Sports,0
TXN0003711,CUST00455,2025-08-27,95.23,Books,0
TXN0003712,CUST00456,2024-12-26,83.16,Fashion,1
TXN0003713,CUST00456,2025-12-19,84.37,Electronics,0
TXN0003714,CUST00456,2025-09-03,105.28,Home & Kitchen,1
TXN0003715,CUST00456,2025-01-08,41.83,Sports,0
TXN0003716,CUST00456,2025-12-03,69.29,Sports,1
TXN0003717,CUST00456,2025-09-17,58.91,Fashion,0
TXN0003718,CUST00456,2024-11-27,79.27,Home & Kitchen,0
TXN0003719,CUST00456,2025-04-03,91.26,Beauty,0
TXN0003720,CUST00456,2025-01-11,59.58,Electronics,0
TXN0003721,CUST00456,2025-03-11,33.57,Fashion,0
TXN0003722,CUST00456,2024-10-26,52.87,Books,0
TXN0003723,CUST00456,2024-11-06,51.63,Beauty,0
TXN0003724,CUST00456,2025-09-22,30.57,Beauty,0
TXN0003725,CUST00456,2024-09-09,47.9,Electronics,0
TXN0003726,CUST00456,2024-08-30,120.31,Electronics,0
TXN0003727,CUST00456,2025-05-13,107.9,Electronics,1
TXN0003728,CUST00456,2025-06-09,71.5,Beauty,0
TXN0003729,CUST00456,2025-10-30,40.3,Fashion,0
TXN0003730,CUST00456,2025-11-13,152.31,Beauty,0
TXN0003731,CUST00456,2025-03-10,46.78,Fashion,0
TXN0003732,CUST00456,2024-12-30,106.38,Beauty,0
TXN0003733,CUST00456,2025-10-25,49.4,Electronics,1
TXN0003734,CUST00456,2025-06-15,50.82,Home & Kitchen,0
TXN0003735,CUST00456,2025-12-15,49.45,Books,0
TXN0003736,CUST00456,2024-12-11,75.1,Sports,1
TXN0003737,CUST00456,2024-10-26,94.67,Beauty,1
TXN0003738,CUST00456,2025-10-26,15.49,Sports,0
TXN0003739,CUST00456,2024-12-21,116.75,Sports,0
TXN0003740,CUST00457,2025-10-07,23.44,Sports,0
TXN0003741,CUST00457,2025-12-15,70.16,Beauty,1
TXN0003742,CUST00457,2025-05-03,37.14,Home & Kitchen,0
TXN0003743,CUST00457,2025-09-15,14.98,Sports,1
TXN0003744,CUST00457,2024-11-19,21.16,Beauty,0
TXN0003745,CUST00457,2025-08-02,84.58,Books,0
TXN0003746,CUST00457,2024-10-11,70.3,Beauty,0
TXN0003747,CUST00457,2024-10-24,93.84,Beauty,0
TXN0003748,CUST00457,2025-10-17,169.41,Books,0
TXN0003749,CUST00457,2025-08-18,32.37,Beauty,0
TXN0003750,CUST00457,2025-03-15,30.72,Books,0
TXN0003751,CUST00457,2025-11-15,15.8,Beauty,1
TXN0003752,CUST00457,2024-11-17,48.15,Fashion,0
TXN0003753,CUST00457,2025-11-14,32.63,Fashion,1
TXN0003754,CUST00458,2025-10-05,33.41,Sports,1
TXN0003755,CUST00459,2025-10-31,82.03,Fashion,1
TXN0003756,CUST00460,2025-11-25,16.79,Beauty,0
TXN0003757,CUST00461,2025-11-25,136.39,Books,0
TXN0003758,CUST00461,2025-10-18,128.14,Beauty,0
TXN0003759,CUST00461,2025-10-20,44.36,Fashion,0
TXN0003760,CUST00461,2025-10-20,112.54,Books,0
TXN0003761,CUST00461,2025-12-26,61.44,Sports,0
TXN0003762,CUST00462,2025-03-29,43.97,Sports,0
TXN0003763,CUST00462,2025-10-01,34.71,Electronics,0
TXN0003764,CUST00462,2025-10-06,29.01,Books,0
TXN0003765,CUST00462,2025-06-07,39.28,Fashion,0
TXN0003766,CUST00462,2025-06-02,34.74,Beauty,0
TXN0003767,CUST00462,2025-12-25,26.65,Beauty,0
TXN0003768,CUST00462,2025-12-19,43.2,Electronics,1
TXN0003769,CUST00463,2025-04-17,24.94,Books,0
TXN0003770,CUST00463,2025-03-17,103.61,Fashion,0
TXN0003771,CUST00463,2024-12-23,32.98,Sports,1
TXN0003772,CUST00463,2025-08-17,4.33,Home & Kitchen,1
TXN0003773,CUST00463,2025-10-14,28.29,Electronics,0
TXN0003774,CUST00463,2025-10-15,31.92,Sports,1
TXN0003775,CUST00463,2024-12-21,14.78,Beauty,0
TXN0003776,CUST00463,2024-10-15,71.12,Electronics,0
TXN0003777,CUST00463,2025-09-24,59.5,Electronics,1
TXN0003778,CUST00463,2025-08-25,35.65,Home & Kitchen,0
TXN0003779,CUST00463,2025-08-14,76.3,Sports,0
TXN0003780,CUST00464,2025-06-26,101.81,Home & Kitchen,0
TXN0003781,CUST00464,2025-03-05,11.69,Electronics,0
TXN0003782,CUST00464,2025-12-10,40.6,Sports,0
TXN0003783,CUST00464,2025-11-15,32.55,Fashion,0
TXN0003784,CUST00465,2024-09-16,41.83,Electronics,0
TXN0003785,CUST00465,2025-06-03,49.69,Home & Kitchen,0
TXN0003786,CUST00465,2025-01-31,43.4,Home & Kitchen,1
TXN0003787,CUST00465,2025-07-26,30.22,Home & Kitchen,1
TXN0003788,CUST00465,2024-11-11,31.41,Home & Kitchen,0
TXN0003789,CUST00465,2025-02-17,60.36,Home & Kitchen,0
TXN0003790,CUST00465,2025-01-15,51.47,Beauty,0
TXN0003791,CUST00466,2025-05-02,86.74,Electronics,0
TXN0003792,CUST00466,2025-09-04,80.1,Fashion,0
TXN0003793,CUST00467,2025-03-20,41.78,Fashion,0
TXN0003794,CUST00467,2025-11-20,77.52,Sports,1
TXN0003795,CUST00467,2025-10-30,60.62,Beauty,0
TXN0003796,CUST00467,2025-10-11,13.81,Electronics,1
TXN0003797,CUST00467,2025-01-22,57.25,Home & Kitchen,0
TXN0003798,CUST00467,2025-05-22,15.51,Home & Kitchen,0
TXN0003799,CUST00467,2025-05-10,70.47,Fashion,0
TXN0003800,CUST00467,2025-04-21,19.46,Fashion,0
TXN0003801,CUST00468,2025-06-25,76.14,Books,0
TXN0003802,CUST00468,2025-11-01,21.6,Beauty,0
TXN0003803,CUST00468,2024-06-28,23.73,Electronics,1
TXN0003804,CUST00468,2024-07-13,157.49,Electronics,0
TXN0003805,CUST00468,2025-09-20,70.58,Sports,0
TXN0003806,CUST00468,2025-06-12,42.0,Home & Kitchen,1
TXN0003807,CUST00468,2024-11-04,21.2,Electronics,0
TXN0003808,CUST00469,2025-12-30,84.53,Electronics,0
TXN0003809,CUST00470,2025-12-25,85.72,Beauty,0
TXN0003810,CUST00470,2025-03-20,33.99,Beauty,0
TXN0003811,CUST00470,2025-10-26,89.74,Sports,0
TXN0003812,CUST00470,2025-03-21,65.63,Home & Kitchen,0
TXN0003813,CUST00470,2025-04-29,79.96,Sports,0
TXN0003814,CUST00470,2025-07-12,152.29,Beauty,0
TXN0003815,CUST00471,2025-11-29,146.65,Home & Kitchen,1
TXN0003816,CUST00471,2025-12-30,50.15,Beauty,0
TXN0003817,CUST00472,2024-07-08,13.61,Beauty,0
TXN0003818,CUST00472,2025-05-22,59.07,Books,1
TXN0003819,CUST00472,2025-02-17,66.19,Sports,1
TXN0003820,CUST00472,2024-06-10,11.39,Fashion,0
TXN0003821,CUST00472,2024-10-14,63.8,Fashion,1
TXN0003822,CUST00472,2024-10-30,16.79,Sports,1
TXN0003823,CUST00472,2025-10-17,29.62,Books,0
TXN0003824,CUST00472,2024-08-05,51.63,Beauty,0
TXN0003825,CUST00473,2024-11-07,17.09,Beauty,0
TXN0003826,CUST00473,2025-02-25,5.51,Books,1
TXN0003827,CUST00473,2025-07-09,36.44,Beauty,0
TXN0003828,CUST00473,2025-07-19,71.14,Fashion,0
TXN0003829,CUST00474,2024-08-06,37.89,Books,0
TXN0003830,CUST00474,2025-10-31,43.65,Home & Kitchen,0
TXN0003831,CUST00474,2024-12-12,163.08,Electronics,0
TXN0003832,CUST00474,2025-01-07,56.03,Sports,1
TXN0003833,CUST00475,2025-11-24,67.41,Books,0
TXN0003834,CUST00475,2025-03-14,53.24,Sports,1
TXN0003835,CUST00476,2025-07-20,45.72,Beauty,0
TXN0003836,CUST00477,2025-11-02,116.92,Beauty,0
TXN0003837,CUST00477,2025-04-21,45.67,Fashion,0
TXN0003838,CUST00477,2025-10-17,57.3,Beauty,0
TXN0003839,CUST00477,2025-01-08,18.88,Home & Kitchen,1
TXN0003840,CUST00478,2025-02-27,81.67,Sports,1
TXN0003841,CUST00478,2025-03-12,104.05,Electronics,0
TXN0003842,CUST00478,2025-06-10,68.29,Books,0
TXN0003843,CUST00478,2024-06-19,158.29,Beauty,0
TXN0003844,CUST00478,2024-10-17,66.56,Books,0
TXN0003845,CUST00478,2024-09-08,51.98,Home & Kitchen,0
TXN0003846,CUST00478,2024-12-17,10.29,Books,0
TXN0003847,CUST00478,2025-03-15,29.09,Electronics,1
TXN0003848,CUST00478,2025-02-13,16.08,Fashion,0
TXN0003849,CUST00479,2025-11-07,22.02,Books,1
TXN0003850,CUST00479,2025-12-24,25.24,Electronics,1
TXN0003851,CUST00479,2025-08-30,87.07,Sports,0
TXN0003852,CUST00479,2025-08-22,79.37,Books,1
TXN0003853,CUST00479,2025-07-02,54.53,Books,0
TXN0003854,CUST00479,2025-12-03,22.03,Home & Kitchen,1
TXN0003855,CUST00479,2025-05-10,70.96,Sports,0
TXN0003856,CUST00479,2025-12-17,100.54,Books,0
TXN0003857,CUST00479,2025-12-07,11.2,Electronics,0
TXN0003858,CUST00479,2025-10-22,49.95,Books,0
TXN0003859,CUST00479,2025-08-13,20.99,Sports,1
TXN0003860,CUST00479,2025-11-25,32.61,Electronics,1
TXN0003861,CUST00479,2025-12-08,18.99,Fashion,0
TXN0003862,CUST00479,2025-12-15,40.08,Sports,0
TXN0003863,CUST00479,2025-04-25,58.13,Sports,0
TXN0003864,CUST00479,2025-11-26,27.98,Sports,0
TXN0003865,CUST00479,2025-09-09,43.12,Electronics,0
TXN0003866,CUST00479,2025-04-04,41.35,Sports,0
TXN0003867,CUST00479,2025-11-17,64.53,Sports,1
TXN0003868,CUST00479,2025-06-07,90.35,Fashion,0
TXN0003869,CUST00479,2025-07-19,33.79,Beauty,1
TXN0003870,CUST00480,2025-01-12,114.89,Sports,0
TXN0003871,CUST00480,2025-03-01,118.29,Electronics,1
TXN0003872,CUST00480,2025-10-04,18.78,Electronics,1
TXN0003873,CUST00480,2025-10-20,105.89,Books,0
TXN0003874,CUST00480,2025-05-28,42.9,Sports,1
TXN0003875,CUST00480,2025-03-12,77.36,Fashion,0
TXN0003876,CUST00480,2024-12-27,52.45,Electronics,0
TXN0003877,CUST00480,2024-10-11,88.1,Home & Kitchen,0
TXN0003878,CUST00480,2025-05-03,33.61,Fashion,0
TXN0003879,CUST00480,2025-05-28,47.58,Fashion,0
TXN0003880,CUST00480,2025-07-18,39.97,Books,0
TXN0003881,CUST00480,2025-01-23,31.69,Sports,0
TXN0003882,CUST00480,2025-09-10,54.04,Beauty,0
TXN0003883,CUST00480,2025-12-06,44.09,Electronics,0
TXN0003884,CUST00481,2025-05-24,49.23,Sports,0
TXN0003885,CUST00481,2025-08-13,21.29,Sports,1
TXN0003886,CUST00481,2025-12-20,49.41,Home & Kitchen,0
TXN0003887,CUST00481,2025-01-18,26.7,Beauty,0
TXN0003888,CUST00481,2025-03-10,15.51,Sports,1
TXN0003889,CUST00481,2025-04-15,18.95,Electronics,0
TXN0003890,CUST00481,2025-10-16,66.24,Beauty,0
TXN0003891,CUST00482,2025-09-23,41.5,Electronics,0
TXN0003892,CUST00482,2025-08-25,42.02,Home & Kitchen,0
TXN0003893,CUST00482,2025-09-01,45.1,Beauty,0
TXN0003894,CUST00482,2025-09-09,57.92,Fashion,0
TXN0003895,CUST00482,2025-09-01,71.41,Beauty,0
TXN0003896,CUST00484,2024-07-12,24.46,Electronics,1
TXN0003897,CUST00484,2024-07-15,93.92,Sports,0
TXN0003898,CUST00484,2025-10-24,20.01,Home & Kitchen,1
TXN0003899,CUST00484,2024-06-11,82.11,Beauty,1
TXN0003900,CUST00484,2025-08-31,57.36,Home & Kitchen,1
TXN0003901,CUST00484,2025-11-06,19.28,Electronics,0
TXN0003902,CUST00484,2024-05-04,57.78,Electronics,0
TXN0003903,CUST00484,2024-07-24,21.76,Electronics,1
TXN0003904,CUST00484,2024-03-27,4.86,Sports,0
TXN0003905,CUST00484,2024-12-06,29.61,Fashion,0
TXN0003906,CUST00484,2025-11-17,97.43,Home & Kitchen,1
TXN0003907,CUST00484,2024-08-18,38.98,Fashion,0
TXN0003908,CUST00484,2024-07-17,29.31,Fashion,1
TXN0003909,CUST00484,2025-05-25,23.59,Home & Kitchen,0
TXN0003910,CUST00484,2024-04-11,51.77,Electronics,0
TXN0003911,CUST00484,2025-01-04,25.73,Fashion,0
TXN0003912,CUST00484,2025-08-19,79.15,Home & Kitchen,0
TXN0003913,CUST00484,2025-05-05,79.71,Beauty,0
TXN0003914,CUST00484,2025-08-10,118.04,Books,1
TXN0003915,CUST00485,2025-12-16,18.71,Fashion,0
TXN0003916,CUST00485,2025-11-14,162.18,Electronics,0
TXN0003917,CUST00485,2025-12-15,32.49,Sports,0
TXN0003918,CUST00485,2025-11-01,58.32,Home & Kitchen,0
TXN0003919,CUST00486,2025-07-12,59.89,Fashion,0
TXN0003920,CUST00486,2025-08-11,20.32,Electronics,0
TXN0003921,CUST00486,2025-07-17,32.14,Books,0
TXN0003922,CUST00486,2025-10-03,105.63,Electronics,0
TXN0003923,CUST00486,2025-11-26,14.59,Home & Kitchen,1
TXN0003924,CUST00486,2025-11-13,43.42,Beauty,0
TXN0003925,CUST00486,2024-09-17,35.36,Electronics,0
TXN0003926,CUST00486,2025-09-04,25.91,Home & Kitchen,0
TXN0003927,CUST00486,2025-06-20,30.0,Fashion,0
TXN0003928,CUST00486,2025-03-04,56.64,Beauty,1
TXN0003929,CUST00486,2025-08-12,45.8,Home & Kitchen,1
TXN0003930,CUST00486,2025-09-04,26.73,Home & Kitchen,0
TXN0003931,CUST00486,2024-09-22,115.92,Beauty,1
TXN0003932,CUST00486,2024-11-22,71.28,Electronics,0
TXN0003933,CUST00486,2025-03-27,76.43,Electronics,1
TXN0003934,CUST00486,2024-10-20,108.48,Fashion,0
TXN0003935,CUST00487,2025-04-24,77.55,Fashion,1
TXN0003936,CUST00487,2025-01-30,47.55,Sports,0
TXN0003937,CUST00487,2025-01-30,98.63,Sports,0
TXN0003938,CUST00487,2025-03-17,63.48,Fashion,0
TXN0003939,CUST00487,2025-09-09,95.44,Beauty,0
TXN0003940,CUST00487,2025-11-17,37.79,Sports,0
TXN0003941,CUST00487,2025-04-09,57.68,Sports,0
TXN0003942,CUST00487,2025-08-24,83.6,Beauty,0
TXN0003943,CUST00487,2025-04-21,59.17,Electronics,0
TXN0003944,CUST00487,2025-01-14,52.35,Home & Kitchen,0
TXN0003945,CUST00487,2025-09-12,127.5,Electronics,0
TXN0003946,CUST00487,2025-12-15,16.74,Home & Kitchen,0
TXN0003947,CUST00487,2025-03-27,133.87,Beauty,0
TXN0003948,CUST00487,2025-11-09,25.98,Sports,0
TXN0003949,CUST00487,2025-02-04,86.41,Beauty,0
TXN0003950,CUST00487,2025-09-04,62.54,Electronics,0
TXN0003951,CUST00487,2025-09-08,195.98,Beauty,0
TXN0003952,CUST00489,2025-11-10,34.85,Electronics,1
TXN0003953,CUST00489,2025-06-20,86.64,Beauty,0
TXN0003954,CUST00489,2025-01-22,18.32,Books,0
TXN0003955,CUST00489,2025-03-26,17.31,Fashion,1
TXN0003956,CUST00489,2025-06-14,18.31,Electronics,0
TXN0003957,CUST00489,2024-10-08,58.0,Home & Kitchen,0
TXN0003958,CUST00490,2025-12-23,64.8,Sports,1
TXN0003959,CUST00490,2025-11-25,31.46,Sports,0
TXN0003960,CUST00491,2025-06-27,29.39,Books,0
TXN0003961,CUST00491,2025-10-06,63.46,Electronics,0
TXN0003962,CUST00491,2025-11-01,86.86,Fashion,0
TXN0003963,CUST00491,2025-08-01,52.41,Sports,0
TXN0003964,CUST00491,2025-07-30,20.88,Books,0
TXN0003965,CUST00491,2025-11-02,39.19,Fashion,0
TXN0003966,CUST00493,2025-06-03,56.0,Home & Kitchen,1
TXN0003967,CUST00493,2025-06-14,135.64,Sports,0
TXN0003968,CUST00493,2025-08-10,77.18,Beauty,1
TXN0003969,CUST00493,2025-05-05,63.62,Beauty,0
TXN0003970,CUST00493,2025-07-02,175.16,Electronics,1
TXN0003971,CUST00493,2025-12-16,35.94,Books,1
TXN0003972,CUST00493,2025-08-24,136.63,Sports,1
TXN0003973,CUST00493,2025-10-10,53.69,Fashion,1
TXN0003974,CUST00493,2025-09-02,39.63,Fashion,0
TXN0003975,CUST00493,2025-12-25,51.42,Home & Kitchen,0
TXN0003976,CUST00494,2025-06-03,45.35,Sports,0
TXN0003977,CUST00494,2025-10-05,63.85,Fashion,0
TXN0003978,CUST00494,2024-12-01,18.31,Fashion,0
TXN0003979,CUST00494,2025-03-27,49.48,Sports,0
TXN0003980,CUST00494,2025-03-04,57.1,Beauty,0
TXN0003981,CUST00494,2025-12-16,44.98,Sports,0
TXN0003982,CUST00494,2025-01-30,76.93,Beauty,1
TXN0003983,CUST00494,2025-09-08,166.26,Electronics,1
TXN0003984,CUST00494,2025-06-20,97.96,Electronics,0
TXN0003985,CUST00494,2025-05-03,9.39,Beauty,0
TXN0003986,CUST00494,2024-12-18,52.05,Sports,1
TXN0003987,CUST00494,2025-02-04,51.99,Home & Kitchen,0
TXN0003988,CUST00494,2025-10-03,29.4,Books,0
TXN0003989,CUST00494,2025-01-01,70.9,Fashion,0
TXN0003990,CUST00494,2025-07-30,89.11,Electronics,0
TXN0003991,CUST00494,2025-08-08,13.73,Electronics,0
TXN0003992,CUST00494,2025-10-30,54.13,Beauty,0
TXN0003993,CUST00494,2024-12-21,41.26,Home & Kitchen,1
TXN0003994,CUST00494,2025-01-25,67.7,Sports,0
TXN0003995,CUST00495,2025-10-02,69.06,Home & Kitchen,0
TXN0003996,CUST00495,2025-04-04,29.57,Books,1
TXN0003997,CUST00495,2025-03-07,71.6,Beauty,0
TXN0003998,CUST00495,2025-11-11,57.53,Home & Kitchen,0
TXN0003999,CUST00495,2025-10-08,17.16,Books,0
TXN0004000,CUST00496,2024-06-25,33.56,Fashion,1
TXN0004001,CUST00496,2024-10-07,54.27,Sports,0
TXN0004002,CUST00497,2024-11-15,96.24,Sports,0
TXN0004003,CUST00497,2025-09-01,27.38,Home & Kitchen,0
TXN0004004,CUST00497,2025-03-10,50.74,Electronics,1
TXN0004005,CUST00497,2024-07-17,130.11,Fashion,1
TXN0004006,CUST00497,2025-06-18,38.64,Books,1
TXN0004007,CUST00497,2024-12-17,75.38,Sports,0
TXN0004008,CUST00497,2025-07-31,13.45,Sports,0
TXN0004009,CUST00497,2024-04-23,59.32,Electronics,0
TXN0004010,CUST00497,2024-08-31,27.73,Home & Kitchen,0
TXN0004011,CUST00497,2025-06-11,86.12,Electronics,0
TXN0004012,CUST00497,2024-12-19,122.13,Beauty,1
TXN0004013,CUST00497,2025-03-15,35.9,Books,0
TXN0004014,CUST00497,2025-03-02,65.26,Electronics,1
TXN0004015,CUST00498,2025-10-23,86.94,Fashion,0
TXN0004016,CUST00498,2025-08-16,63.07,Books,0
TXN0004017,CUST00498,2025-03-12,36.12,Sports,0
TXN0004018,CUST00499,2025-11-14,80.07,Home & Kitchen,0
TXN0004019,CUST00499,2025-11-05,11.4,Beauty,0
TXN0004020,CUST00499,2025-09-12,25.7,Fashion,0
TXN0004021,CUST00499,2025-09-04,109.39,Sports,0
TXN0004022,CUST00499,2025-09-27,53.9,Sports,0
TXN0004023,CUST00499,2025-07-11,99.49,Home & Kitchen,0
TXN0004024,CUST00499,2025-11-30,69.72,Books,0
TXN0004025,CUST00499,2025-07-24,54.7,Home & Kitchen,0
TXN0004026,CUST00499,2025-07-20,71.04,Books,1
TXN0004027,CUST00499,2025-09-30,103.97,Home & Kitchen,1
TXN0004028,CUST00499,2025-07-29,72.71,Books,0
TXN0004029,CUST00500,2025-08-06,24.44,Beauty,0
TXN0004030,CUST00500,2025-10-28,12.03,Home & Kitchen,0
TXN0004031,CUST00500,2025-06-20,37.98,Fashion,0
TXN0004032,CUST00501,2025-08-21,26.33,Books,0
TXN0004033,CUST00501,2024-12-13,75.18,Home & Kitchen,0
TXN0004034,CUST00501,2025-10-16,93.49,Home & Kitchen,0
TXN0004035,CUST00501,2025-01-26,84.0,Fashion,1
TXN0004036,CUST00501,2024-09-03,39.07,Beauty,0
TXN0004037,CUST00501,2025-09-27,132.66,Sports,0
TXN0004038,CUST00501,2025-06-04,62.56,Home & Kitchen,1
TXN0004039,CUST00501,2025-09-16,66.97,Electronics,0
TXN0004040,CUST00501,2024-11-07,35.25,Books,1
TXN0004041,CUST00501,2024-09-03,110.61,Fashion,0
TXN0004042,CUST00501,2025-03-04,80.38,Books,1
TXN0004043,CUST00501,2025-08-27,57.23,Electronics,0
TXN0004044,CUST00501,2025-04-11,26.9,Sports,0
TXN0004045,CUST00501,2025-07-08,16.21,Beauty,0
TXN0004046,CUST00502,2025-12-06,65.17,Electronics,0
TXN0004047,CUST00502,2025-10-28,19.67,Electronics,0
TXN0004048,CUST00502,2025-10-19,48.07,Books,0
TXN0004049,CUST00503,2024-09-17,27.24,Fashion,0
TXN0004050,CUST00503,2025-01-06,31.66,Beauty,0
TXN0004051,CUST00503,2025-06-24,27.93,Sports,0
TXN0004052,CUST00503,2024-12-07,30.88,Books,0
TXN0004053,CUST00503,2024-11-03,41.29,Books,0
TXN0004054,CUST00503,2024-09-06,28.15,Beauty,0
TXN0004055,CUST00503,2025-12-05,7.52,Beauty,1
TXN0004056,CUST00504,2025-06-06,39.3,Sports,0
TXN0004057,CUST00504,2025-09-09,47.13,Electronics,0
TXN0004058,CUST00504,2025-01-02,28.47,Books,1
TXN0004059,CUST00504,2025-10-21,49.14,Books,0
TXN0004060,CUST00504,2025-10-10,57.6,Electronics,0
TXN0004061,CUST00504,2025-07-02,41.64,Sports,0
TXN0004062,CUST00506,2025-11-08,72.92,Electronics,1
TXN0004063,CUST00506,2025-12-22,15.59,Books,1
TXN0004064,CUST00506,2025-09-14,16.92,Beauty,0
TXN0004065,CUST00508,2024-12-23,53.11,Books,0
TXN0004066,CUST00508,2024-11-03,123.15,Electronics,0
TXN0004067,CUST00508,2025-10-09,83.51,Home & Kitchen,0
TXN0004068,CUST00508,2025-05-21,117.36,Beauty,0
TXN0004069,CUST00508,2025-04-18,151.43,Sports,1
TXN0004070,CUST00508,2025-11-03,44.94,Home & Kitchen,0
TXN0004071,CUST00508,2025-03-02,52.5,Beauty,1
TXN0004072,CUST00508,2025-04-05,43.04,Fashion,0
TXN0004073,CUST00508,2025-09-15,45.82,Books,1
TXN0004074,CUST00508,2025-05-31,11.63,Electronics,0
TXN0004075,CUST00508,2025-03-05,90.82,Electronics,1
TXN0004076,CUST00508,2025-02-16,13.6,Beauty,0
TXN0004077,CUST00508,2025-01-01,35.78,Home & Kitchen,0
TXN0004078,CUST00508,2025-09-24,33.96,Fashion,1
TXN0004079,CUST00508,2025-07-19,88.74,Beauty,1
TXN0004080,CUST00508,2024-11-03,33.39,Electronics,0
TXN0004081,CUST00508,2025-10-19,105.56,Fashion,0
TXN0004082,CUST00508,2025-09-29,74.51,Books,1
TXN0004083,CUST00508,2025-07-13,83.91,Electronics,1
TXN0004084,CUST00508,2025-01-28,65.57,Home & Kitchen,0
TXN0004085,CUST00508,2025-07-19,18.85,Books,0
TXN0004086,CUST00508,2025-10-12,86.38,Books,0
TXN0004087,CUST00509,2025-11-11,33.5,Home & Kitchen,0
TXN0004088,CUST00509,2025-07-21,166.9,Fashion,0
TXN0004089,CUST00509,2025-10-09,61.95,Electronics,0
TXN0004090,CUST00509,2025-05-24,75.08,Sports,0
TXN0004091,CUST00509,2025-11-16,92.87,Books,1
TXN0004092,CUST00509,2025-12-24,95.9,Home & Kitchen,1
TXN0004093,CUST00509,2025-05-28,20.72,Books,1
TXN0004094,CUST00509,2025-10-17,66.36,Fashion,0
TXN0004095,CUST00509,2025-06-24,52.7,Fashion,1
TXN0004096,CUST00510,2025-09-29,54.5,Beauty,0
TXN0004097,CUST00511,2025-09-07,77.3,Home & Kitchen,0
TXN0004098,CUST00511,2025-10-25,142.08,Electronics,1
TXN0004099,CUST00511,2025-09-17,39.31,Home & Kitchen,0
TXN0004100,CUST00511,2025-10-25,18.28,Beauty,0
TXN0004101,CUST00511,2025-11-07,42.52,Books,1
TXN0004102,CUST00511,2025-12-02,110.93,Books,0
TXN0004103,CUST00512,2025-10-27,18.11,Sports,0
TXN0004104,CUST00512,2025-12-03,66.9,Fashion,0
TXN0004105,CUST00513,2025-08-29,26.17,Electronics,0
TXN0004106,CUST00513,2025-06-06,27.71,Fashion,0
TXN0004107,CUST00513,2025-04-24,32.21,Books,0
TXN0004108,CUST00513,2025-03-14,7.04,Beauty,0
TXN0004109,CUST00513,2025-07-02,86.63,Electronics,1
TXN0004110,CUST00513,2025-03-16,112.24,Home & Kitchen,1
TXN0004111,CUST00513,2025-11-24,74.43,Sports,0
TXN0004112,CUST00513,2025-02-23,131.25,Sports,0
TXN0004113,CUST00513,2025-12-11,174.87,Beauty,0
TXN0004114,CUST00513,2024-12-29,22.35,Fashion,0
TXN0004115,CUST00513,2025-09-30,27.06,Sports,0
TXN0004116,CUST00513,2025-10-26,47.26,Fashion,1
TXN0004117,CUST00513,2025-01-16,86.68,Books,0
TXN0004118,CUST00513,2025-02-25,51.76,Books,1
TXN0004119,CUST00513,2025-12-23,25.56,Sports,0
TXN0004120,CUST00513,2025-09-29,13.15,Books,0
TXN0004121,CUST00513,2025-05-28,82.02,Books,1
TXN0004122,CUST00513,2025-01-26,144.16,Sports,0
TXN0004123,CUST00513,2025-04-24,45.01,Sports,0
TXN0004124,CUST00514,2024-12-15,3.52,Fashion,1
TXN0004125,CUST00514,2025-04-24,45.82,Electronics,0
TXN0004126,CUST00514,2025-05-01,37.1,Sports,0
TXN0004127,CUST00514,2024-11-12,49.99,Fashion,0
TXN0004128,CUST00514,2025-08-11,99.25,Books,0
TXN0004129,CUST00514,2024-08-06,38.93,Electronics,1
TXN0004130,CUST00514,2024-12-21,57.12,Fashion,0
TXN0004131,CUST00514,2024-11-21,45.84,Home & Kitchen,0
TXN0004132,CUST00514,2024-03-07,56.42,Sports,0
TXN0004133,CUST00514,2025-04-01,81.61,Fashion,1
TXN0004134,CUST00514,2024-04-19,93.76,Sports,1
TXN0004135,CUST00514,2025-04-27,24.37,Books,0
TXN0004136,CUST00514,2025-11-24,18.38,Home & Kitchen,0
TXN0004137,CUST00514,2025-06-29,39.96,Fashion,0
TXN0004138,CUST00514,2024-10-05,58.05,Books,0
TXN0004139,CUST00514,2025-12-14,22.85,Electronics,0
TXN0004140,CUST00515,2025-12-30,37.98,Books,0
TXN0004141,CUST00515,2024-11-24,18.71,Books,1
TXN0004142,CUST00515,2024-08-26,90.14,Sports,1
TXN0004143,CUST00515,2025-12-12,71.08,Sports,0
TXN0004144,CUST00515,2024-09-06,19.74,Home & Kitchen,0
TXN0004145,CUST00515,2025-01-19,91.24,Books,0
TXN0004146,CUST00515,2024-12-03,69.0,Sports,0
TXN0004147,CUST00515,2024-12-02,38.39,Beauty,1
TXN0004148,CUST00515,2025-11-23,137.55,Electronics,0
TXN0004149,CUST00515,2025-09-17,38.69,Beauty,0
TXN0004150,CUST00515,2024-08-18,122.07,Books,0
TXN0004151,CUST00515,2024-10-01,23.48,Books,0
TXN0004152,CUST00515,2025-07-15,71.32,Books,0
TXN0004153,CUST00515,2024-04-21,65.07,Electronics,0
TXN0004154,CUST00515,2024-04-21,71.28,Home & Kitchen,1
TXN0004155,CUST00515,2024-07-09,31.72,Beauty,0
TXN0004156,CUST00515,2025-01-27,96.73,Beauty,0
TXN0004157,CUST00515,2024-12-02,91.8,Home & Kitchen,0
TXN0004158,CUST00515,2024-10-24,101.07,Electronics,0
TXN0004159,CUST00515,2025-02-25,103.64,Books,1
TXN0004160,CUST00515,2025-08-06,56.59,Sports,0
TXN0004161,CUST00515,2024-04-18,67.98,Beauty,0
TXN0004162,CUST00515,2024-11-26,78.8,Beauty,0
TXN0004163,CUST00515,2024-08-04,89.35,Home & Kitchen,0
TXN0004164,CUST00515,2025-10-11,130.23,Sports,0
TXN0004165,CUST00516,2025-12-05,46.78,Electronics,1
TXN0004166,CUST00517,2025-01-26,36.88,Books,1
TXN0004167,CUST00517,2025-11-23,73.15,Fashion,1
TXN0004168,CUST00517,2025-03-04,79.52,Electronics,0
TXN0004169,CUST00517,2025-06-22,80.83,Home & Kitchen,1
TXN0004170,CUST00517,2025-05-04,46.06,Beauty,1
TXN0004171,CUST00517,2025-10-27,72.39,Sports,0
TXN0004172,CUST00517,2025-02-11,79.62,Beauty,0
TXN0004173,CUST00517,2025-07-07,16.4,Home & Kitchen,0
TXN0004174,CUST00517,2025-06-26,43.04,Electronics,0
TXN0004175,CUST00518,2025-10-20,42.93,Beauty,0
TXN0004176,CUST00518,2024-06-05,24.73,Fashion,0
TXN0004177,CUST00518,2025-11-27,30.75,Home & Kitchen,0
TXN0004178,CUST00518,2024-06-03,46.23,Electronics,0
TXN0004179,CUST00518,2025-12-08,33.48,Sports,1
TXN0004180,CUST00519,2025-11-30,29.09,Electronics,0
TXN0004181,CUST00519,2025-10-10,55.06,Books,1
TXN0004182,CUST00519,2025-05-12,49.36,Fashion,0
TXN0004183,CUST00519,2025-07-24,70.73,Books,0
TXN0004184,CUST00521,2025-12-22,60.02,Beauty,0
TXN0004185,CUST00521,2025-05-11,43.81,Electronics,0
TXN0004186,CUST00521,2025-07-08,125.84,Fashion,0
TXN0004187,CUST00521,2025-10-20,132.0,Fashion,0
TXN0004188,CUST00521,2025-11-22,56.55,Fashion,0
TXN0004189,CUST00521,2025-05-25,59.23,Home & Kitchen,0
TXN0004190,CUST00521,2025-10-08,40.63,Home & Kitchen,0
TXN0004191,CUST00521,2025-08-11,28.86,Electronics,0
TXN0004192,CUST00521,2025-09-28,27.73,Books,0
TXN0004193,CUST00521,2025-08-24,92.36,Books,0
TXN0004194,CUST00521,2025-08-11,37.42,Electronics,1
TXN0004195,CUST00521,2025-12-17,44.47,Electronics,0
TXN0004196,CUST00521,2025-08-19,38.47,Beauty,0
TXN0004197,CUST00521,2025-12-23,31.9,Beauty,1
TXN0004198,CUST00521,2025-09-27,208.29,Electronics,1
TXN0004199,CUST00521,2025-09-28,139.85,Sports,0
TXN0004200,CUST00521,2025-08-23,32.78,Books,0
TXN0004201,CUST00521,2025-11-07,76.21,Home & Kitchen,0
TXN0004202,CUST00521,2025-08-13,61.1,Home & Kitchen,0
TXN0004203,CUST00522,2024-06-07,69.82,Fashion,0
TXN0004204,CUST00522,2025-05-16,20.8,Electronics,0
TXN0004205,CUST00522,2025-10-03,52.78,Beauty,0
TXN0004206,CUST00522,2025-03-30,104.28,Fashion,0
TXN0004207,CUST00522,2024-05-06,46.02,Home & Kitchen,0
TXN0004208,CUST00522,2024-05-31,75.39,Electronics,0
TXN0004209,CUST00522,2025-03-15,19.82,Home & Kitchen,0
TXN0004210,CUST00522,2024-12-24,53.75,Sports,1
TXN0004211,CUST00522,2024-12-03,28.33,Fashion,1
TXN0004212,CUST00522,2024-06-10,25.48,Electronics,0
TXN0004213,CUST00522,2024-07-02,39.98,Sports,0
TXN0004214,CUST00522,2025-08-19,41.62,Sports,0
TXN0004215,CUST00523,2025-12-14,38.39,Beauty,0
TXN0004216,CUST00524,2025-12-29,95.32,Electronics,0
TXN0004217,CUST00524,2025-07-17,67.55,Books,1
TXN0004218,CUST00524,2025-05-18,40.23,Beauty,0
TXN0004219,CUST00525,2025-09-28,56.48,Sports,0
TXN0004220,CUST00525,2025-08-07,54.6,Electronics,0
TXN0004221,CUST00525,2025-10-06,88.13,Electronics,0
TXN0004222,CUST00525,2024-11-27,80.14,Electronics,0
TXN0004223,CUST00526,2024-11-06,58.31,Electronics,0
TXN0004224,CUST00526,2025-07-08,95.53,Beauty,0
TXN0004225,CUST00526,2025-07-15,104.12,Home & Kitchen,0
TXN0004226,CUST00526,2025-08-05,65.63,Books,0
TXN0004227,CUST00526,2025-05-08,17.02,Electronics,0
TXN0004228,CUST00526,2025-07-20,20.52,Fashion,0
TXN0004229,CUST00526,2025-02-01,31.0,Electronics,0
TXN0004230,CUST00526,2025-07-01,22.9,Beauty,1
TXN0004231,CUST00526,2025-10-16,14.36,Electronics,0
TXN0004232,CUST00526,2025-07-27,104.07,Home & Kitchen,0
TXN0004233,CUST00526,2025-10-08,56.99,Sports,1
TXN0004234,CUST00528,2025-04-04,51.37,Books,0
TXN0004235,CUST00528,2025-07-22,31.89,Beauty,0
TXN0004236,CUST00528,2025-05-06,110.88,Electronics,0
TXN0004237,CUST00528,2025-10-15,103.53,Electronics,0
TXN0004238,CUST00528,2024-09-11,41.38,Books,0
TXN0004239,CUST00528,2024-08-11,92.53,Electronics,0
TXN0004240,CUST00528,2024-06-30,86.64,Sports,0
TXN0004241,CUST00528,2025-09-18,159.05,Electronics,0
TXN0004242,CUST00528,2025-03-05,30.1,Home & Kitchen,0
TXN0004243,CUST00528,2024-10-25,69.87,Beauty,1
TXN0004244,CUST00528,2024-10-17,122.83,Beauty,0
TXN0004245,CUST00528,2025-07-19,39.31,Electronics,1
TXN0004246,CUST00528,2025-07-22,58.97,Sports,0
TXN0004247,CUST00528,2024-12-05,73.58,Beauty,0
TXN0004248,CUST00528,2024-08-24,79.77,Fashion,1
TXN0004249,CUST00528,2025-10-16,108.13,Sports,0
TXN0004250,CUST00528,2025-10-13,38.06,Books,0
TXN0004251,CUST00528,2025-10-19,134.13,Sports,0
TXN0004252,CUST00528,2025-10-17,65.59,Electronics,1
TXN0004253,CUST00528,2025-08-15,13.72,Beauty,0
TXN0004254,CUST00528,2024-10-09,57.42,Beauty,1
TXN0004255,CUST00528,2025-01-26,13.6,Beauty,1
TXN0004256,CUST00529,2025-12-12,94.95,Beauty,0
TXN0004257,CUST00529,2025-01-11,19.97,Sports,0
TXN0004258,CUST00529,2025-12-10,21.57,Sports,0
TXN0004259,CUST00529,2025-07-09,25.84,Electronics,0
TXN0004260,CUST00529,2024-12-11,47.34,Home & Kitchen,0
TXN0004261,CUST00529,2024-12-12,45.16,Books,1
TXN0004262,CUST00530,2025-02-06,8.78,Books,1
TXN0004263,CUST00530,2025-01-10,32.96,Electronics,0
TXN0004264,CUST00530,2025-01-01,54.98,Beauty,0
TXN0004265,CUST00530,2025-09-11,208.24,Sports,0
TXN0004266,CUST00530,2025-06-28,43.98,Home & Kitchen,0
TXN0004267,CUST00530,2025-02-17,24.37,Sports,1
TXN0004268,CUST00530,2025-10-22,64.71,Fashion,0
TXN0004269,CUST00530,2025-08-26,15.58,Electronics,0
TXN0004270,CUST00530,2025-11-29,84.11,Electronics,1
TXN0004271,CUST00530,2024-08-23,87.72,Electronics,0
TXN0004272,CUST00530,2024-12-08,57.4,Sports,0
TXN0004273,CUST00530,2024-10-23,123.63,Books,0
TXN0004274,CUST00530,2025-04-27,189.13,Electronics,0
TXN0004275,CUST00530,2025-11-26,66.18,Sports,1
TXN0004276,CUST00530,2025-06-28,56.84,Fashion,1
TXN0004277,CUST00530,2025-11-07,92.12,Sports,0
TXN0004278,CUST00532,2025-04-08,230.31,Fashion,1
TXN0004279,CUST00532,2025-09-04,34.25,Books,0
TXN0004280,CUST00532,2025-11-03,35.63,Sports,0
TXN0004281,CUST00532,2025-09-08,39.86,Home & Kitchen,0
TXN0004282,CUST00532,2025-07-29,57.82,Home & Kitchen,0
TXN0004283,CUST00532,2025-08-26,30.74,Beauty,0
TXN0004284,CUST00532,2025-11-20,179.58,Beauty,0
TXN0004285,CUST00532,2025-08-07,104.46,Books,1
TXN0004286,CUST00532,2025-07-25,51.05,Sports,0
TXN0004287,CUST00532,2025-04-20,29.97,Beauty,1
TXN0004288,CUST00532,2025-10-13,5.88,Fashion,0
TXN0004289,CUST00532,2025-07-11,114.56,Fashion,1
TXN0004290,CUST00532,2025-10-06,75.63,Fashion,0
TXN0004291,CUST00532,2025-10-31,67.52,Electronics,0
TXN0004292,CUST00533,2025-10-28,61.84,Electronics,1
TXN0004293,CUST00533,2025-09-24,41.51,Fashion,1
TXN0004294,CUST00534,2025-02-26,46.49,Home & Kitchen,0
TXN0004295,CUST00534,2025-03-07,76.25,Sports,1
TXN0004296,CUST00534,2025-04-25,143.39,Beauty,0
TXN0004297,CUST00534,2025-04-05,89.26,Sports,0
TXN0004298,CUST00534,2025-10-09,24.94,Books,1
TXN0004299,CUST00534,2024-12-01,120.63,Home & Kitchen,0
TXN0004300,CUST00534,2024-10-23,44.29,Home & Kitchen,1
TXN0004301,CUST00534,2024-09-14,54.44,Sports,0
TXN0004302,CUST00534,2024-10-21,32.24,Sports,0
TXN0004303,CUST00534,2025-04-21,18.84,Fashion,0
TXN0004304,CUST00534,2025-11-10,73.77,Fashion,0
TXN0004305,CUST00534,2025-03-16,31.71,Beauty,0
TXN0004306,CUST00534,2025-07-27,58.61,Home & Kitchen,1
TXN0004307,CUST00534,2024-11-13,56.44,Sports,0
TXN0004308,CUST00534,2025-02-05,32.55,Home & Kitchen,0
TXN0004309,CUST00534,2025-02-14,53.79,Home & Kitchen,0
TXN0004310,CUST00534,2025-09-10,91.72,Home & Kitchen,0
TXN0004311,CUST00534,2025-01-15,30.24,Electronics,0
TXN0004312,CUST00534,2025-03-07,44.85,Sports,0
TXN0004313,CUST00535,2025-07-24,84.85,Sports,0
TXN0004314,CUST00535,2025-07-06,21.3,Books,1
TXN0004315,CUST00536,2025-10-26,82.35,Books,0
TXN0004316,CUST00536,2025-12-23,66.39,Fashion,0
TXN0004317,CUST00536,2025-07-27,80.34,Electronics,0
TXN0004318,CUST00537,2025-11-18,41.69,Fashion,1
TXN0004319,CUST00538,2025-12-21,89.15,Sports,0
TXN0004320,CUST00538,2025-11-25,52.89,Sports,0
TXN0004321,CUST00538,2025-10-05,25.65,Electronics,0
TXN0004322,CUST00538,2025-05-27,45.9,Beauty,0
TXN0004323,CUST00538,2025-01-20,61.08,Home & Kitchen,0
TXN0004324,CUST00539,2025-11-25,53.18,Fashion,0
TXN0004325,CUST00539,2025-08-17,34.44,Fashion,1
TXN0004326,CUST00539,2025-11-22,71.59,Books,1
TXN0004327,CUST00539,2025-09-20,49.3,Fashion,0
TXN0004328,CUST00540,2025-10-10,36.4,Electronics,0
TXN0004329,CUST00541,2025-09-28,25.81,Home & Kitchen,0
TXN0004330,CUST00541,2025-05-16,72.48,Fashion,1
TXN0004331,CUST00541,2025-06-05,36.18,Books,0
TXN0004332,CUST00541,2025-12-13,21.39,Beauty,0
TXN0004333,CUST00541,2025-08-22,11.48,Books,0
TXN0004334,CUST00542,2025-10-08,138.88,Books,1
TXN0004335,CUST00542,2025-09-19,67.25,Beauty,1
TXN0004336,CUST00542,2025-07-04,13.61,Sports,0
TXN0004337,CUST00542,2025-06-19,81.23,Books,0
TXN0004338,CUST00542,2025-11-11,52.75,Home & Kitchen,0
TXN0004339,CUST00542,2025-10-23,43.99,Sports,0
TXN0004340,CUST00543,2025-12-06,36.76,Sports,1
TXN0004341,CUST00543,2025-10-03,37.64,Home & Kitchen,1
TXN0004342,CUST00543,2025-08-27,6.4,Sports,0
TXN0004343,CUST00543,2025-05-14,46.22,Home & Kitchen,1
TXN0004344,CUST00543,2025-10-05,38.41,Beauty,0
TXN0004345,CUST00543,2025-07-23,38.87,Home & Kitchen,1
TXN0004346,CUST00543,2025-06-12,26.46,Fashion,1
TXN0004347,CUST00543,2025-11-12,96.87,Electronics,0
TXN0004348,CUST00543,2025-07-14,79.92,Beauty,0
TXN0004349,CUST00544,2025-03-25,84.85,Electronics,1
TXN0004350,CUST00544,2024-06-27,42.15,Beauty,0
TXN0004351,CUST00544,2024-09-16,48.94,Fashion,1
TXN0004352,CUST00544,2025-12-10,70.69,Electronics,0
TXN0004353,CUST00544,2025-08-22,7.71,Books,0
TXN0004354,CUST00544,2024-09-09,18.03,Fashion,0
TXN0004355,CUST00544,2024-11-01,48.74,Books,1
TXN0004356,CUST00544,2024-06-12,33.66,Fashion,0
TXN0004357,CUST00544,2025-04-05,77.24,Beauty,0
TXN0004358,CUST00544,2024-06-10,84.22,Sports,1
TXN0004359,CUST00544,2024-04-25,67.01,Fashion,0
TXN0004360,CUST00544,2024-10-09,158.1,Fashion,0
TXN0004361,CUST00544,2025-01-20,51.52,Beauty,0
TXN0004362,CUST00544,2024-09-14,166.05,Books,1
TXN0004363,CUST00544,2024-06-26,167.07,Home & Kitchen,0
TXN0004364,CUST00544,2025-06-09,74.18,Books,0
TXN0004365,CUST00544,2025-05-21,45.06,Beauty,0
TXN0004366,CUST00544,2025-03-29,49.62,Fashion,0
TXN0004367,CUST00544,2025-04-02,111.86,Beauty,1
TXN0004368,CUST00544,2025-01-20,162.3,Fashion,1
TXN0004369,CUST00544,2024-08-25,46.46,Electronics,0
TXN0004370,CUST00544,2025-10-08,41.96,Home & Kitchen,0
TXN0004371,CUST00544,2025-05-22,87.09,Electronics,1
TXN0004372,CUST00544,2025-11-01,43.11,Electronics,1
TXN0004373,CUST00544,2025-01-28,33.34,Home & Kitchen,1
TXN0004374,CUST00544,2025-12-02,22.89,Electronics,0
TXN0004375,CUST00544,2025-05-28,45.86,Sports,0
TXN0004376,CUST00544,2025-02-11,29.41,Electronics,1
TXN0004377,CUST00544,2025-09-04,106.2,Fashion,1
TXN0004378,CUST00544,2024-08-13,42.27,Home & Kitchen,0
TXN0004379,CUST00544,2024-07-31,43.73,Beauty,0
TXN0004380,CUST00544,2024-03-02,86.23,Fashion,0
TXN0004381,CUST00544,2025-06-06,17.3,Books,0
TXN0004382,CUST00544,2024-04-20,83.65,Sports,0
TXN0004383,CUST00544,2024-07-01,9.41,Home & Kitchen,1
TXN0004384,CUST00544,2024-10-04,129.19,Electronics,0
TXN0004385,CUST00544,2024-07-12,40.57,Electronics,0
TXN0004386,CUST00544,2024-12-19,66.21,Fashion,0
TXN0004387,CUST00544,2025-06-03,153.11,Fashion,0
TXN0004388,CUST00545,2025-12-28,15.31,Home & Kitchen,0
TXN0004389,CUST00546,2025-08-16,69.14,Fashion,0
TXN0004390,CUST00546,2025-11-01,65.99,Fashion,1
TXN0004391,CUST00546,2025-07-06,76.66,Home & Kitchen,0
TXN0004392,CUST00547,2024-06-04,19.96,Books,0
TXN0004393,CUST00547,2025-07-18,72.16,Fashion,0
TXN0004394,CUST00547,2024-11-18,24.93,Home & Kitchen,0
TXN0004395,CUST00547,2024-05-25,32.15,Sports,0
TXN0004396,CUST00547,2025-12-14,31.08,Fashion,0
TXN0004397,CUST00547,2024-08-29,51.99,Fashion,0
TXN0004398,CUST00548,2024-09-20,23.07,Fashion,0
TXN0004399,CUST00548,2024-03-28,55.81,Electronics,0
TXN0004400,CUST00548,2025-04-03,14.74,Fashion,0
TXN0004401,CUST00548,2024-08-02,29.67,Home & Kitchen,0
TXN0004402,CUST00548,2024-09-24,31.9,Electronics,0
TXN0004403,CUST00548,2025-07-26,27.67,Electronics,0
TXN0004404,CUST00548,2025-02-09,23.15,Books,0
TXN0004405,CUST00548,2025-10-06,43.5,Fashion,0
TXN0004406,CUST00548,2024-06-11,55.33,Beauty,0
TXN0004407,CUST00548,2024-03-29,40.89,Books,1
TXN0004408,CUST00548,2025-11-10,45.58,Electronics,0
TXN0004409,CUST00548,2025-04-18,47.12,Home & Kitchen,0
TXN0004410,CUST00548,2024-06-22,73.39,Fashion,0
TXN0004411,CUST00548,2024-01-15,85.1,Home & Kitchen,0
TXN0004412,CUST00548,2025-01-17,94.74,Beauty,0
TXN0004413,CUST00548,2024-05-09,41.07,Fashion,0
TXN0004414,CUST00548,2024-03-21,25.29,Home & Kitchen,1
TXN0004415,CUST00548,2025-03-19,126.76,Home & Kitchen,0
TXN0004416,CUST00549,2025-11-13,104.78,Books,0
TXN0004417,CUST00549,2025-12-22,85.66,Fashion,0
TXN0004418,CUST00549,2025-12-18,43.71,Sports,0
TXN0004419,CUST00549,2025-11-25,40.22,Sports,0
TXN0004420,CUST00549,2025-11-09,143.16,Beauty,1
TXN0004421,CUST00550,2025-07-21,36.99,Books,0
TXN0004422,CUST00550,2024-12-05,50.56,Electronics,1
TXN0004423,CUST00550,2025-02-08,71.5,Electronics,0
TXN0004424,CUST00550,2024-11-05,34.82,Fashion,1
TXN0004425,CUST00551,2024-10-31,14.67,Fashion,0
TXN0004426,CUST00551,2025-08-24,41.33,Fashion,0
TXN0004427,CUST00551,2025-06-14,70.8,Fashion,0
TXN0004428,CUST00551,2025-06-26,80.07,Sports,0
TXN0004429,CUST00551,2025-08-06,100.46,Beauty,1
TXN0004430,CUST00551,2025-08-20,70.35,Books,0
TXN0004431,CUST00551,2025-09-05,119.92,Home & Kitchen,0
TXN0004432,CUST00551,2025-01-02,35.34,Home & Kitchen,0
TXN0004433,CUST00551,2025-02-23,4.58,Sports,1
TXN0004434,CUST00551,2025-10-02,19.46,Beauty,0
TXN0004435,CUST00551,2025-05-10,49.6,Books,1
TXN0004436,CUST00551,2024-09-17,37.19,Fashion,0
TXN0004437,CUST00551,2025-02-10,42.67,Electronics,1
TXN0004438,CUST00551,2024-05-02,19.52,Sports,0
TXN0004439,CUST00551,2024-10-04,24.96,Sports,1
TXN0004440,CUST00551,2025-01-12,31.76,Fashion,0
TXN0004441,CUST00551,2024-07-27,62.1,Sports,0
TXN0004442,CUST00551,2025-03-16,92.77,Home & Kitchen,1
TXN0004443,CUST00552,2025-09-10,9.39,Fashion,0
TXN0004444,CUST00552,2025-12-23,31.44,Home & Kitchen,1
TXN0004445,CUST00552,2025-04-18,14.99,Fashion,0
TXN0004446,CUST00552,2025-07-12,30.88,Electronics,1
TXN0004447,CUST00552,2025-02-01,63.98,Books,0
TXN0004448,CUST00553,2025-11-28,33.32,Home & Kitchen,0
TXN0004449,CUST00553,2025-11-25,105.34,Fashion,0
TXN0004450,CUST00555,2025-09-03,56.16,Sports,0
TXN0004451,CUST00555,2025-06-12,17.41,Sports,0
TXN0004452,CUST00555,2025-10-06,101.51,Beauty,0
TXN0004453,CUST00556,2025-11-22,30.64,Fashion,1
TXN0004454,CUST00556,2025-11-14,19.18,Books,0
TXN0004455,CUST00556,2025-02-28,33.5,Electronics,0
TXN0004456,CUST00556,2024-11-19,194.68,Beauty,0
TXN0004457,CUST00556,2025-09-30,139.09,Books,0
TXN0004458,CUST00556,2024-12-04,110.03,Sports,1
TXN0004459,CUST00556,2025-01-10,50.73,Electronics,0
TXN0004460,CUST00556,2025-08-27,99.23,Fashion,0
TXN0004461,CUST00556,2025-04-15,25.48,Sports,1
TXN0004462,CUST00556,2025-01-29,45.86,Beauty,0
TXN0004463,CUST00556,2025-11-23,28.51,Books,0
TXN0004464,CUST00556,2025-04-05,74.85,Sports,0
TXN0004465,CUST00556,2025-11-11,69.61,Home & Kitchen,0
TXN0004466,CUST00556,2025-11-13,41.48,Beauty,0
TXN0004467,CUST00556,2025-11-17,94.88,Sports,1
TXN0004468,CUST00556,2025-04-20,144.6,Beauty,0
TXN0004469,CUST00556,2025-12-03,24.38,Fashion,1
TXN0004470,CUST00556,2025-03-14,107.62,Home & Kitchen,0
TXN0004471,CUST00556,2024-11-25,119.86,Books,1
TXN0004472,CUST00556,2024-12-20,18.43,Home & Kitchen,1
TXN0004473,CUST00556,2025-02-03,56.36,Sports,1
TXN0004474,CUST00556,2024-10-09,31.6,Books,0
TXN0004475,CUST00556,2024-12-13,119.47,Beauty,0
TXN0004476,CUST00556,2024-10-11,218.26,Books,0
TXN0004477,CUST00556,2025-10-13,88.2,Beauty,0
TXN0004478,CUST00556,2025-09-03,37.42,Beauty,0
TXN0004479,CUST00556,2025-12-25,64.11,Home & Kitchen,0
TXN0004480,CUST00557,2024-10-04,35.64,Sports,1
TXN0004481,CUST00558,2025-08-15,54.85,Beauty,0
TXN0004482,CUST00558,2025-08-25,24.55,Books,0
TXN0004483,CUST00558,2025-10-12,38.49,Sports,0
TXN0004484,CUST00558,2025-07-14,17.18,Books,1
TXN0004485,CUST00558,2025-06-11,34.79,Electronics,1
TXN0004486,CUST00561,2025-10-28,44.7,Fashion,0
TXN0004487,CUST00561,2025-10-14,47.52,Fashion,0
TXN0004488,CUST00561,2025-10-08,61.52,Fashion,0
TXN0004489,CUST00561,2025-08-01,20.98,Beauty,0
TXN0004490,CUST00561,2025-09-30,65.88,Fashion,1
TXN0004491,CUST00561,2025-10-26,32.35,Beauty,1
TXN0004492,CUST00561,2025-09-11,12.65,Fashion,0
TXN0004493,CUST00562,2025-01-13,31.44,Home & Kitchen,1
TXN0004494,CUST00562,2025-03-11,63.45,Beauty,0
TXN0004495,CUST00562,2025-12-12,29.13,Beauty,0
TXN0004496,CUST00564,2025-04-07,102.18,Sports,0
TXN0004497,CUST00564,2025-03-28,55.31,Fashion,1
TXN0004498,CUST00564,2025-08-17,220.7,Home & Kitchen,0
TXN0004499,CUST00564,2025-12-28,78.36,Home & Kitchen,0
TXN0004500,CUST00564,2025-04-29,202.19,Sports,1
TXN0004501,CUST00564,2025-06-01,124.65,Electronics,0
TXN0004502,CUST00564,2025-10-18,96.31,Fashion,0
TXN0004503,CUST00564,2025-03-11,42.78,Electronics,0
TXN0004504,CUST00564,2025-02-22,49.73,Home & Kitchen,0
TXN0004505,CUST00564,2025-03-31,38.8,Beauty,0
TXN0004506,CUST00564,2025-06-15,40.96,Sports,0
TXN0004507,CUST00564,2025-04-09,68.04,Home & Kitchen,0
TXN0004508,CUST00564,2025-08-24,45.35,Fashion,0
TXN0004509,CUST00564,2025-06-25,36.89,Sports,1
TXN0004510,CUST00564,2025-02-17,41.73,Electronics,0
TXN0004511,CUST00564,2025-05-26,124.84,Beauty,1
TXN0004512,CUST00564,2025-12-25,82.9,Sports,0
TXN0004513,CUST00564,2025-03-15,27.7,Sports,0
TXN0004514,CUST00566,2025-03-21,30.28,Home & Kitchen,0
TXN0004515,CUST00568,2025-09-08,8.45,Beauty,0
TXN0004516,CUST00568,2025-03-21,20.46,Beauty,0
TXN0004517,CUST00568,2025-08-10,57.68,Beauty,0
TXN0004518,CUST00568,2025-08-21,14.11,Beauty,0
TXN0004519,CUST00568,2025-01-24,34.29,Beauty,0
TXN0004520,CUST00569,2025-04-24,23.75,Home & Kitchen,0
TXN0004521,CUST00569,2025-11-04,38.73,Beauty,0
TXN0004522,CUST00569,2025-11-04,42.06,Home & Kitchen,0
TXN0004523,CUST00569,2025-10-19,80.27,Home & Kitchen,0
TXN0004524,CUST00569,2025-08-15,101.05,Beauty,0
TXN0004525,CUST00569,2025-07-22,30.88,Electronics,0
TXN0004526,CUST00569,2025-10-03,45.87,Fashion,1
TXN0004527,CUST00569,2025-08-26,57.08,Beauty,0
TXN0004528,CUST00570,2025-11-28,40.89,Fashion,0
TXN0004529,CUST00571,2025-08-28,111.51,Home & Kitchen,0
TXN0004530,CUST00571,2024-11-27,24.49,Books,0
TXN0004531,CUST00571,2025-04-30,165.37,Electronics,1
TXN0004532,CUST00571,2024-11-25,79.53,Home & Kitchen,0
TXN0004533,CUST00571,2025-02-09,56.45,Electronics,0
TXN0004534,CUST00571,2025-02-28,47.44,Home & Kitchen,0
TXN0004535,CUST00571,2025-08-05,48.8,Sports,0
TXN0004536,CUST00571,2024-11-21,70.41,Sports,0
TXN0004537,CUST00571,2025-05-22,218.1,Sports,0
TXN0004538,CUST00571,2025-02-17,27.17,Books,1
TXN0004539,CUST00571,2025-12-03,23.68,Electronics,1
TXN0004540,CUST00571,2025-12-27,37.32,Home & Kitchen,0
TXN0004541,CUST00571,2025-02-13,12.56,Fashion,0
TXN0004542,CUST00571,2025-04-06,38.2,Electronics,1
TXN0004543,CUST00571,2025-03-19,36.82,Electronics,0
TXN0004544,CUST00571,2025-07-03,57.21,Electronics,0
TXN0004545,CUST00571,2025-03-22,33.77,Home & Kitchen,0
TXN0004546,CUST00571,2025-11-26,81.35,Electronics,1
TXN0004547,CUST00571,2025-08-28,79.79,Sports,0
TXN0004548,CUST00571,2025-03-19,46.32,Fashion,1
TXN0004549,CUST00572,2025-02-21,25.74,Home & Kitchen,1
TXN0004550,CUST00573,2025-10-30,29.35,Fashion,1
TXN0004551,CUST00573,2025-09-29,25.64,Books,0
TXN0004552,CUST00574,2025-11-30,47.51,Home & Kitchen,0
TXN0004553,CUST00574,2025-07-30,76.6,Home & Kitchen,0
TXN0004554,CUST00574,2025-09-23,50.57,Home & Kitchen,0
TXN0004555,CUST00574,2025-09-13,37.7,Books,0
TXN0004556,CUST00574,2025-12-12,37.87,Books,1
TXN0004557,CUST00574,2025-07-21,17.19,Home & Kitchen,1
TXN0004558,CUST00574,2025-11-06,40.83,Fashion,0
TXN0004559,CUST00574,2025-10-27,110.83,Books,0
TXN0004560,CUST00575,2024-12-08,13.49,Sports,0
TXN0004561,CUST00575,2025-04-28,124.5,Fashion,0
TXN0004562,CUST00575,2025-06-25,53.36,Books,0
TXN0004563,CUST00575,2025-01-18,14.79,Books,0
TXN0004564,CUST00575,2025-11-01,31.33,Sports,0
TXN0004565,CUST00575,2024-03-09,33.8,Home & Kitchen,0
TXN0004566,CUST00577,2024-07-27,25.71,Electronics,0
TXN0004567,CUST00577,2025-03-03,28.19,Home & Kitchen,1
TXN0004568,CUST00577,2025-07-02,40.06,Home & Kitchen,0
TXN0004569,CUST00577,2024-06-06,41.83,Home & Kitchen,0
TXN0004570,CUST00577,2025-07-31,189.77,Beauty,0
TXN0004571,CUST00577,2025-02-10,60.86,Beauty,0
TXN0004572,CUST00577,2025-11-27,36.35,Sports,1
TXN0004573,CUST00577,2025-04-16,42.87,Books,1
TXN0004574,CUST00577,2025-09-11,19.22,Electronics,0
TXN0004575,CUST00577,2024-11-29,54.18,Beauty,0
TXN0004576,CUST00577,2025-04-25,26.99,Books,0
TXN0004577,CUST00577,2025-12-19,68.54,Sports,0
TXN0004578,CUST00577,2025-05-04,40.49,Fashion,0
TXN0004579,CUST00577,2025-02-11,25.92,Beauty,1
TXN0004580,CUST00577,2024-10-02,61.07,Fashion,0
TXN0004581,CUST00577,2024-09-06,91.52,Fashion,1
TXN0004582,CUST00577,2025-04-08,141.99,Books,0
TXN0004583,CUST00577,2024-10-23,35.03,Books,1
TXN0004584,CUST00577,2024-11-06,46.57,Fashion,0
TXN0004585,CUST00577,2025-06-25,96.5,Beauty,1
TXN0004586,CUST00577,2025-05-29,80.71,Fashion,0
TXN0004587,CUST00577,2025-08-04,37.06,Sports,0
TXN0004588,CUST00577,2025-03-19,31.95,Sports,0
TXN0004589,CUST00579,2025-11-16,77.54,Sports,0
TXN0004590,CUST00579,2025-10-25,42.41,Beauty,0
TXN0004591,CUST00579,2025-08-14,56.93,Books,0
TXN0004592,CUST00579,2025-11-24,31.17,Beauty,0
TXN0004593,CUST00579,2025-10-07,101.76,Home & Kitchen,1
TXN0004594,CUST00579,2025-08-11,35.6,Electronics,0
TXN0004595,CUST00579,2025-11-08,110.54,Home & Kitchen,0
TXN0004596,CUST00580,2025-08-18,67.49,Fashion,0
TXN0004597,CUST00580,2025-11-09,34.59,Beauty,1
TXN0004598,CUST00580,2025-10-02,10.35,Books,1
TXN0004599,CUST00580,2025-01-12,49.15,Beauty,0
TXN0004600,CUST00580,2025-01-19,28.62,Fashion,0
TXN0004601,CUST00580,2025-05-31,85.3,Beauty,1
TXN0004602,CUST00580,2024-12-31,7.15,Beauty,0
TXN0004603,CUST00580,2025-08-03,77.41,Sports,0
TXN0004604,CUST00580,2025-09-29,20.17,Electronics,0
TXN0004605,CUST00580,2024-12-09,42.13,Home & Kitchen,0
TXN0004606,CUST00580,2024-11-16,54.6,Fashion,1
TXN0004607,CUST00581,2024-03-11,14.56,Sports,0
TXN0004608,CUST00581,2024-08-01,37.91,Fashion,1
TXN0004609,CUST00581,2024-09-22,86.19,Home & Kitchen,1
TXN0004610,CUST00581,2025-07-23,27.43,Books,0
TXN0004611,CUST00581,2025-08-27,17.93,Electronics,0
TXN0004612,CUST00581,2024-09-26,133.85,Beauty,0
TXN0004613,CUST00581,2024-03-06,43.71,Books,0
TXN0004614,CUST00581,2024-04-30,44.76,Home & Kitchen,1
TXN0004615,CUST00581,2024-10-24,20.59,Home & Kitchen,0
TXN0004616,CUST00581,2024-06-28,18.02,Fashion,0
TXN0004617,CUST00582,2025-11-04,34.08,Beauty,0
TXN0004618,CUST00582,2025-09-14,29.16,Beauty,0
TXN0004619,CUST00582,2025-10-06,58.7,Books,0
TXN0004620,CUST00582,2025-02-02,62.51,Beauty,0
TXN0004621,CUST00582,2025-03-11,46.57,Books,0
TXN0004622,CUST00582,2025-06-11,68.2,Sports,0
TXN0004623,CUST00582,2025-05-08,29.55,Home & Kitchen,0
TXN0004624,CUST00583,2025-11-18,31.81,Home & Kitchen,1
TXN0004625,CUST00583,2025-09-10,50.26,Sports,0
TXN0004626,CUST00583,2025-08-11,49.79,Electronics,0
TXN0004627,CUST00583,2025-05-01,37.4,Sports,0
TXN0004628,CUST00583,2025-08-20,46.48,Electronics,1
TXN0004629,CUST00583,2025-01-11,60.98,Fashion,0
TXN0004630,CUST00583,2025-06-18,25.03,Fashion,0
TXN0004631,CUST00584,2025-05-03,18.07,Home & Kitchen,0
TXN0004632,CUST00584,2025-07-05,55.8,Sports,0
TXN0004633,CUST00584,2025-04-17,65.66,Books,0
TXN0004634,CUST00585,2025-06-28,106.88,Sports,0
TXN0004635,CUST00585,2025-03-24,22.3,Sports,1
TXN0004636,CUST00585,2025-06-27,18.16,Sports,1
TXN0004637,CUST00585,2025-12-26,48.47,Beauty,0
TXN0004638,CUST00586,2025-11-17,80.97,Beauty,1
TXN0004639,CUST00586,2025-11-28,66.78,Fashion,0
TXN0004640,CUST00586,2025-11-22,38.92,Beauty,0
TXN0004641,CUST00586,2025-11-11,13.07,Electronics,0
TXN0004642,CUST00586,2025-11-14,59.93,Sports,0
TXN0004643,CUST00586,2025-09-30,52.65,Beauty,1
TXN0004644,CUST00587,2025-01-12,10.78,Fashion,0
TXN0004645,CUST00587,2024-10-23,38.4,Beauty,0
TXN0004646,CUST00587,2024-08-26,86.14,Electronics,0
TXN0004647,CUST00587,2024-12-22,82.89,Home & Kitchen,1
TXN0004648,CUST00587,2025-07-29,146.77,Sports,0
TXN0004649,CUST00587,2025-11-15,125.31,Beauty,1
TXN0004650,CUST00587,2025-03-07,18.99,Books,0
TXN0004651,CUST00587,2025-02-08,84.61,Home & Kitchen,0
TXN0004652,CUST00587,2025-03-15,23.77,Electronics,0
TXN0004653,CUST00587,2024-04-28,54.72,Fashion,0
TXN0004654,CUST00587,2025-07-19,78.32,Electronics,0
TXN0004655,CUST00587,2025-10-17,28.53,Books,1
TXN0004656,CUST00587,2025-06-13,36.71,Sports,1
TXN0004657,CUST00587,2024-10-16,85.72,Fashion,1
TXN0004658,CUST00587,2024-06-02,69.83,Electronics,0
TXN0004659,CUST00587,2024-04-15,97.03,Books,0
TXN0004660,CUST00587,2025-04-06,45.92,Sports,0
TXN0004661,CUST00587,2024-02-28,79.71,Beauty,1
TXN0004662,CUST00587,2025-12-29,39.76,Electronics,0
TXN0004663,CUST00587,2025-12-05,46.42,Fashion,0
TXN0004664,CUST00588,2025-12-13,19.66,Fashion,0
TXN0004665,CUST00588,2025-09-02,28.66,Electronics,0
TXN0004666,CUST00588,2025-05-16,38.54,Beauty,0
TXN0004667,CUST00588,2025-09-22,24.36,Home & Kitchen,0
TXN0004668,CUST00589,2025-09-25,22.16,Fashion,0
TXN0004669,CUST00589,2025-05-04,69.53,Fashion,1
TXN0004670,CUST00589,2025-03-15,119.54,Home & Kitchen,0
TXN0004671,CUST00590,2025-02-04,36.45,Books,0
TXN0004672,CUST00590,2025-01-13,84.76,Sports,1
TXN0004673,CUST00590,2025-01-15,21.47,Electronics,0
TXN0004674,CUST00590,2025-03-11,42.51,Beauty,0
TXN0004675,CUST00590,2025-01-22,100.75,Electronics,0
TXN0004676,CUST00590,2025-03-28,51.0,Home & Kitchen,1
TXN0004677,CUST00590,2025-08-08,71.61,Sports,0
TXN0004678,CUST00590,2025-07-18,27.27,Electronics,1
TXN0004679,CUST00590,2025-12-14,39.27,Fashion,0
TXN0004680,CUST00590,2025-10-28,26.43,Home & Kitchen,1
TXN0004681,CUST00591,2025-02-25,48.01,Beauty,1
TXN0004682,CUST00591,2025-02-03,23.48,Beauty,1
TXN0004683,CUST00591,2025-09-22,64.02,Fashion,0
TXN0004684,CUST00591,2025-10-15,212.25,Electronics,0
TXN0004685,CUST00591,2024-07-15,71.66,Fashion,0
TXN0004686,CUST00591,2024-09-21,46.5,Sports,1
TXN0004687,CUST00591,2024-10-30,37.16,Beauty,0
TXN0004688,CUST00591,2025-10-01,57.04,Beauty,0
TXN0004689,CUST00591,2024-10-06,86.38,Books,0
TXN0004690,CUST00591,2025-11-01,68.36,Electronics,1
TXN0004691,CUST00591,2024-10-01,68.45,Beauty,0
TXN0004692,CUST00591,2025-10-19,107.25,Fashion,1
TXN0004693,CUST00591,2025-12-19,81.62,Fashion,1
TXN0004694,CUST00591,2025-03-30,101.53,Fashion,0
TXN0004695,CUST00591,2025-04-02,75.75,Home & Kitchen,0
TXN0004696,CUST00591,2024-11-17,90.74,Beauty,1
TXN0004697,CUST00591,2025-05-08,60.17,Books,0
TXN0004698,CUST00591,2024-07-24,40.39,Books,0
TXN0004699,CUST00591,2025-02-25,113.09,Beauty,1
TXN0004700,CUST00591,2024-10-02,31.62,Fashion,0
TXN0004701,CUST00591,2024-09-19,52.58,Sports,1
TXN0004702,CUST00592,2025-11-07,50.31,Sports,0
TXN0004703,CUST00593,2024-12-24,19.96,Home & Kitchen,0
TXN0004704,CUST00593,2025-02-26,72.06,Sports,0
TXN0004705,CUST00593,2025-03-23,76.85,Fashion,0
TXN0004706,CUST00593,2025-02-25,38.28,Sports,1
TXN0004707,CUST00593,2025-12-28,26.21,Books,0
TXN0004708,CUST00594,2024-12-12,51.69,Books,0
TXN0004709,CUST00594,2024-11-22,57.41,Beauty,0
TXN0004710,CUST00594,2025-06-08,45.73,Home & Kitchen,0
TXN0004711,CUST00594,2025-04-27,75.01,Fashion,1
TXN0004712,CUST00594,2025-06-24,64.85,Electronics,0
TXN0004713,CUST00594,2025-01-08,26.16,Fashion,0
TXN0004714,CUST00594,2025-09-08,37.97,Beauty,0
TXN0004715,CUST00594,2025-03-02,68.98,Electronics,0
TXN0004716,CUST00594,2025-03-27,33.07,Beauty,1
TXN0004717,CUST00594,2024-11-26,94.4,Sports,0
TXN0004718,CUST00594,2024-11-01,59.98,Fashion,0
TXN0004719,CUST00594,2025-04-21,14.26,Sports,0
TXN0004720,CUST00594,2024-12-07,37.14,Home & Kitchen,0
TXN0004721,CUST00594,2025-07-13,100.83,Sports,0
TXN0004722,CUST00594,2025-10-31,119.97,Beauty,0
TXN0004723,CUST00594,2025-06-17,79.61,Beauty,0
TXN0004724,CUST00594,2025-10-09,32.72,Beauty,0
TXN0004725,CUST00594,2024-12-06,157.86,Sports,0
TXN0004726,CUST00595,2025-03-09,13.74,Electronics,1
TXN0004727,CUST00596,2025-07-16,57.82,Books,0
TXN0004728,CUST00596,2025-07-13,45.74,Electronics,0
TXN0004729,CUST00596,2025-05-10,40.16,Home & Kitchen,1
TXN0004730,CUST00596,2024-11-03,18.82,Books,1
TXN0004731,CUST00596,2025-05-16,29.88,Beauty,0
TXN0004732,CUST00596,2025-03-14,83.87,Home & Kitchen,0
TXN0004733,CUST00596,2025-03-05,23.43,Books,1
TXN0004734,CUST00596,2025-02-16,85.6,Books,0
TXN0004735,CUST00597,2025-04-06,115.57,Home & Kitchen,1
TXN0004736,CUST00597,2024-07-02,53.21,Beauty,0
TXN0004737,CUST00597,2025-02-28,34.94,Sports,1
TXN0004738,CUST00597,2024-04-06,26.5,Fashion,1
TXN0004739,CUST00597,2024-07-22,43.48,Beauty,0
TXN0004740,CUST00597,2024-10-20,24.53,Fashion,0
TXN0004741,CUST00597,2025-09-22,29.17,Fashion,1
TXN0004742,CUST00597,2025-11-14,50.36,Sports,0
TXN0004743,CUST00597,2025-06-11,70.73,Books,1
TXN0004744,CUST00597,2024-07-06,22.18,Beauty,0
TXN0004745,CUST00597,2024-12-08,21.57,Beauty,0
TXN0004746,CUST00597,2024-11-06,29.25,Beauty,1
TXN0004747,CUST00597,2025-12-15,48.68,Books,0
TXN0004748,CUST00597,2024-08-09,45.83,Fashion,0
TXN0004749,CUST00597,2025-07-01,47.79,Books,0
TXN0004750,CUST00597,2024-08-09,93.43,Sports,0
TXN0004751,CUST00597,2025-02-07,19.5,Electronics,1
TXN0004752,CUST00597,2024-02-23,19.5,Beauty,0
TXN0004753,CUST00597,2025-12-14,39.65,Books,1
TXN0004754,CUST00597,2024-06-13,54.11,Electronics,0
TXN0004755,CUST00598,2025-11-20,66.28,Fashion,0
TXN0004756,CUST00599,2025-11-28,46.79,Fashion,0
TXN0004757,CUST00599,2025-02-15,40.53,Home & Kitchen,0
TXN0004758,CUST00599,2025-01-06,58.8,Books,0
TXN0004759,CUST00599,2024-12-14,72.92,Sports,0
TXN0004760,CUST00599,2024-11-13,25.55,Home & Kitchen,0
TXN0004761,CUST00599,2024-12-29,36.44,Books,1
TXN0004762,CUST00599,2024-10-27,45.83,Electronics,1
TXN0004763,CUST00599,2025-09-03,8.42,Books,1
TXN0004764,CUST00599,2025-02-10,55.44,Books,0
TXN0004765,CUST00599,2024-11-21,16.61,Books,1
TXN0004766,CUST00599,2025-07-13,90.71,Fashion,0
TXN0004767,CUST00599,2025-03-13,41.32,Beauty,0
TXN0004768,CUST00599,2025-02-27,54.31,Beauty,1
TXN0004769,CUST00600,2025-11-14,108.45,Sports,0
TXN0004770,CUST00600,2025-11-03,62.58,Electronics,0
TXN0004771,CUST00600,2025-08-19,62.15,Home & Kitchen,0
TXN0004772,CUST00600,2025-12-23,70.75,Electronics,1
TXN0004773,CUST00600,2025-10-18,20.6,Electronics,0
TXN0004774,CUST00600,2025-05-22,98.51,Sports,1
TXN0004775,CUST00600,2025-04-05,46.51,Home & Kitchen,0
TXN0004776,CUST00600,2025-11-19,128.26,Beauty,0
TXN0004777,CUST00600,2025-04-20,55.05,Beauty,1
TXN0004778,CUST00600,2025-03-02,16.55,Fashion,0
TXN0004779,CUST00601,2025-06-21,27.8,Home & Kitchen,1
TXN0004780,CUST00601,2025-10-25,102.55,Fashion,0
TXN0004781,CUST00601,2024-10-28,171.56,Sports,0
TXN0004782,CUST00601,2025-12-01,115.26,Electronics,0
TXN0004783,CUST00601,2025-01-23,34.04,Beauty,1
TXN0004784,CUST00601,2024-09-15,70.93,Electronics,0
TXN0004785,CUST00601,2025-12-08,105.5,Electronics,0
TXN0004786,CUST00601,2024-05-23,47.53,Books,1
TXN0004787,CUST00601,2024-06-02,36.23,Books,0
TXN0004788,CUST00601,2025-09-25,40.48,Books,0
TXN0004789,CUST00601,2025-04-13,126.15,Books,0
TXN0004790,CUST00601,2025-04-26,95.05,Beauty,0
TXN0004791,CUST00601,2024-10-05,77.2,Beauty,0
TXN0004792,CUST00601,2024-11-25,17.41,Home & Kitchen,0
TXN0004793,CUST00601,2025-03-17,14.34,Books,1
TXN0004794,CUST00601,2024-09-02,122.47,Beauty,1
TXN0004795,CUST00601,2025-05-09,86.11,Fashion,1
TXN0004796,CUST00601,2024-09-03,128.95,Beauty,0
TXN0004797,CUST00601,2025-04-15,114.91,Electronics,0
TXN0004798,CUST00601,2024-04-05,52.26,Electronics,0
TXN0004799,CUST00601,2025-11-24,144.93,Home & Kitchen,0
TXN0004800,CUST00601,2025-01-30,25.51,Electronics,1
TXN0004801,CUST00601,2025-07-17,139.46,Books,1
TXN0004802,CUST00601,2025-09-02,24.67,Fashion,0
TXN0004803,CUST00601,2024-08-21,84.06,Home & Kitchen,0
TXN0004804,CUST00601,2025-08-04,63.3,Books,0
TXN0004805,CUST00601,2025-09-07,35.18,Books,0
TXN0004806,CUST00601,2025-09-16,25.53,Beauty,0
TXN0004807,CUST00601,2024-08-13,174.11,Beauty,0
TXN0004808,CUST00601,2025-07-17,139.69,Beauty,0
TXN0004809,CUST00601,2025-06-24,71.91,Electronics,1
TXN0004810,CUST00601,2024-08-19,92.59,Electronics,1
TXN0004811,CUST00601,2024-09-12,72.47,Sports,0
TXN0004812,CUST00601,2024-11-22,99.59,Books,0
TXN0004813,CUST00601,2025-10-25,67.5,Fashion,1
TXN0004814,CUST00601,2024-05-29,75.62,Books,1
TXN0004815,CUST00601,2024-04-16,116.77,Beauty,0
TXN0004816,CUST00602,2025-12-03,66.84,Fashion,0
TXN0004817,CUST00602,2025-09-22,68.44,Beauty,0
TXN0004818,CUST00602,2025-08-08,60.56,Home & Kitchen,0
TXN0004819,CUST00602,2025-09-04,27.54,Fashion,0
TXN0004820,CUST00603,2025-11-12,87.1,Fashion,1
TXN0004821,CUST00603,2024-09-08,53.33,Electronics,0
TXN0004822,CUST00603,2025-11-24,111.92,Sports,1
TXN0004823,CUST00603,2025-06-06,29.69,Electronics,1
TXN0004824,CUST00603,2025-07-29,36.08,Fashion,0
TXN0004825,CUST00603,2025-12-05,26.35,Home & Kitchen,1
TXN0004826,CUST00603,2025-03-15,55.82,Electronics,0
TXN0004827,CUST00603,2025-03-01,16.04,Sports,0
TXN0004828,CUST00603,2025-05-10,54.43,Books,1
TXN0004829,CUST00603,2024-10-25,61.93,Beauty,0
TXN0004830,CUST00603,2025-10-29,41.88,Fashion,0
TXN0004831,CUST00604,2025-06-13,41.6,Electronics,1
TXN0004832,CUST00604,2025-11-17,32.94,Books,1
TXN0004833,CUST00604,2025-10-24,16.86,Electronics,0
TXN0004834,CUST00606,2024-10-31,59.6,Books,0
TXN0004835,CUST00606,2024-07-01,74.43,Home & Kitchen,0
TXN0004836,CUST00606,2024-11-22,29.54,Fashion,1
TXN0004837,CUST00606,2024-11-14,115.35,Beauty,0
TXN0004838,CUST00606,2024-11-02,30.25,Home & Kitchen,1
TXN0004839,CUST00606,2025-07-05,24.21,Fashion,0
TXN0004840,CUST00606,2024-11-17,41.86,Fashion,0
TXN0004841,CUST00606,2024-08-09,33.56,Books,0
TXN0004842,CUST00606,2025-01-26,40.01,Electronics,0
TXN0004843,CUST00606,2024-12-19,37.12,Books,1
TXN0004844,CUST00606,2025-01-22,28.12,Sports,0
TXN0004845,CUST00606,2025-12-22,37.9,Fashion,0
TXN0004846,CUST00607,2024-08-20,26.82,Beauty,0
TXN0004847,CUST00608,2025-11-11,60.8,Books,0
TXN0004848,CUST00608,2025-12-28,36.33,Electronics,0
TXN0004849,CUST00608,2025-11-23,28.84,Books,1
TXN0004850,CUST00608,2025-10-06,105.45,Sports,1
TXN0004851,CUST00608,2025-08-11,42.98,Books,0
TXN0004852,CUST00609,2025-08-16,38.42,Books,0
TXN0004853,CUST00609,2025-02-13,100.33,Books,0
TXN0004854,CUST00609,2025-03-05,35.48,Books,0
TXN0004855,CUST00609,2025-08-16,42.98,Electronics,1
TXN0004856,CUST00609,2025-01-26,18.13,Beauty,0
TXN0004857,CUST00609,2025-10-10,84.64,Books,1
TXN0004858,CUST00609,2025-02-13,78.57,Home & Kitchen,1
TXN0004859,CUST00609,2025-05-08,54.72,Beauty,1
TXN0004860,CUST00609,2025-08-20,48.4,Electronics,0
TXN0004861,CUST00609,2025-11-01,26.13,Sports,1
TXN0004862,CUST00609,2025-01-21,60.8,Electronics,0
TXN0004863,CUST00609,2025-04-22,95.12,Electronics,1
TXN0004864,CUST00609,2025-09-01,86.66,Beauty,0
TXN0004865,CUST00609,2024-12-10,25.8,Fashion,0
TXN0004866,CUST00609,2024-12-26,96.65,Fashion,0
TXN0004867,CUST00609,2025-05-21,46.47,Home & Kitchen,0
TXN0004868,CUST00609,2025-12-29,26.12,Fashion,0
TXN0004869,CUST00609,2025-03-11,19.52,Fashion,0
TXN0004870,CUST00609,2025-05-06,80.52,Electronics,0
TXN0004871,CUST00609,2025-08-08,90.62,Electronics,0
TXN0004872,CUST00609,2025-03-18,140.16,Beauty,0
TXN0004873,CUST00609,2025-03-21,55.77,Electronics,1
TXN0004874,CUST00609,2024-12-14,21.05,Electronics,0
TXN0004875,CUST00609,2025-12-17,41.95,Home & Kitchen,0
TXN0004876,CUST00609,2025-09-05,50.19,Fashion,0
TXN0004877,CUST00610,2025-09-23,92.65,Books,0
TXN0004878,CUST00610,2025-10-20,45.54,Books,0
TXN0004879,CUST00610,2025-12-07,67.95,Electronics,0
TXN0004880,CUST00610,2025-12-08,25.05,Fashion,0
TXN0004881,CUST00610,2025-12-28,34.09,Electronics,1
TXN0004882,CUST00611,2025-04-17,35.47,Books,0
TXN0004883,CUST00611,2025-07-07,59.73,Fashion,0
TXN0004884,CUST00611,2025-10-29,98.36,Books,1
TXN0004885,CUST00611,2025-09-09,68.66,Fashion,0
TXN0004886,CUST00611,2025-10-19,128.17,Electronics,0
TXN0004887,CUST00611,2025-10-10,76.64,Beauty,1
TXN0004888,CUST00611,2025-04-20,47.69,Sports,1
TXN0004889,CUST00611,2025-05-10,39.95,Electronics,0
TXN0004890,CUST00613,2025-05-04,32.01,Home & Kitchen,1
TXN0004891,CUST00613,2025-11-19,16.04,Home & Kitchen,0
TXN0004892,CUST00613,2025-04-03,59.42,Sports,1
TXN0004893,CUST00613,2024-10-18,33.62,Books,0
TXN0004894,CUST00613,2024-11-23,66.54,Fashion,1
TXN0004895,CUST00613,2024-07-27,54.83,Sports,0
TXN0004896,CUST00613,2024-12-18,43.61,Fashion,1
TXN0004897,CUST00613,2024-11-07,44.4,Sports,0
TXN0004898,CUST00613,2025-03-22,66.97,Beauty,0
TXN0004899,CUST00613,2024-09-19,24.23,Beauty,0
TXN0004900,CUST00613,2024-08-25,35.21,Electronics,1
TXN0004901,CUST00613,2024-08-10,23.45,Fashion,1
TXN0004902,CUST00614,2025-12-10,65.22,Fashion,1
TXN0004903,CUST00614,2025-11-28,41.22,Electronics,0
TXN0004904,CUST00614,2025-11-16,44.22,Home & Kitchen,1
TXN0004905,CUST00614,2025-05-10,58.69,Home & Kitchen,0
TXN0004906,CUST00614,2025-07-24,37.89,Fashion,1
TXN0004907,CUST00616,2024-09-03,39.9,Electronics,0
TXN0004908,CUST00616,2025-03-13,84.06,Beauty,1
TXN0004909,CUST00616,2025-09-10,65.56,Books,1
TXN0004910,CUST00616,2025-11-24,10.19,Home & Kitchen,0
TXN0004911,CUST00616,2024-08-25,59.98,Electronics,0
TXN0004912,CUST00616,2025-01-29,23.54,Beauty,0
TXN0004913,CUST00616,2025-08-10,149.11,Fashion,0
TXN0004914,CUST00616,2024-08-12,100.68,Beauty,1
TXN0004915,CUST00616,2025-03-06,74.06,Fashion,1
TXN0004916,CUST00616,2025-08-11,57.11,Electronics,0
TXN0004917,CUST00616,2025-10-10,100.74,Books,0
TXN0004918,CUST00616,2025-09-26,83.6,Home & Kitchen,0
TXN0004919,CUST00616,2024-12-24,31.21,Books,0
TXN0004920,CUST00616,2024-05-09,34.47,Sports,0
TXN0004921,CUST00616,2025-08-05,35.95,Home & Kitchen,0
TXN0004922,CUST00616,2024-11-03,81.83,Electronics,0
TXN0004923,CUST00616,2025-07-09,97.21,Electronics,1
TXN0004924,CUST00616,2025-02-25,40.82,Fashion,0
TXN0004925,CUST00616,2024-04-27,64.64,Beauty,1
TXN0004926,CUST00616,2024-11-17,51.18,Home & Kitchen,0
TXN0004927,CUST00616,2025-02-14,87.6,Sports,0
TXN0004928,CUST00616,2025-04-01,74.71,Beauty,0
TXN0004929,CUST00616,2025-01-29,109.36,Electronics,0
TXN0004930,CUST00616,2025-01-18,35.98,Books,0
TXN0004931,CUST00616,2024-09-08,167.57,Sports,1
TXN0004932,CUST00616,2025-02-24,41.86,Sports,1
TXN0004933,CUST00616,2024-12-26,23.26,Fashion,0
TXN0004934,CUST00616,2025-09-19,52.98,Home & Kitchen,0
TXN0004935,CUST00616,2024-10-26,56.86,Electronics,1
TXN0004936,CUST00617,2025-10-06,97.22,Sports,0
TXN0004937,CUST00617,2024-09-24,47.16,Home & Kitchen,1
TXN0004938,CUST00617,2025-12-22,93.45,Books,0
TXN0004939,CUST00617,2025-09-27,37.85,Books,0
TXN0004940,CUST00617,2024-12-15,33.59,Beauty,1
TXN0004941,CUST00617,2025-01-23,94.6,Books,0
TXN0004942,CUST00617,2025-09-12,53.46,Books,0
TXN0004943,CUST00617,2024-11-13,31.35,Fashion,0
TXN0004944,CUST00617,2025-11-20,57.85,Home & Kitchen,0
TXN0004945,CUST00617,2024-11-18,52.6,Fashion,0
TXN0004946,CUST00618,2024-10-09,46.66,Books,0
TXN0004947,CUST00618,2025-01-11,30.52,Books,0
TXN0004948,CUST00618,2025-11-11,9.62,Home & Kitchen,0
TXN0004949,CUST00618,2025-02-28,43.23,Books,0
TXN0004950,CUST00618,2025-05-23,60.6,Beauty,1
TXN0004951,CUST00618,2024-12-09,74.52,Electronics,1
TXN0004952,CUST00618,2024-08-05,23.04,Home & Kitchen,0
TXN0004953,CUST00620,2025-08-11,56.6,Electronics,0
TXN0004954,CUST00620,2024-05-17,21.18,Sports,0
TXN0004955,CUST00620,2025-11-09,25.49,Sports,1
TXN0004956,CUST00620,2025-03-05,69.39,Beauty,1
TXN0004957,CUST00620,2025-03-29,91.54,Beauty,1
TXN0004958,CUST00620,2025-11-13,55.18,Sports,0
TXN0004959,CUST00620,2024-07-15,14.94,Books,1
TXN0004960,CUST00620,2024-04-02,50.3,Books,1
TXN0004961,CUST00620,2025-06-25,21.97,Fashion,0
TXN0004962,CUST00620,2024-05-09,77.15,Sports,1
TXN0004963,CUST00620,2025-08-15,52.07,Sports,0
TXN0004964,CUST00621,2025-10-06,98.79,Books,0
TXN0004965,CUST00621,2025-02-26,68.86,Electronics,0
TXN0004966,CUST00621,2025-05-12,53.11,Fashion,1
TXN0004967,CUST00621,2025-03-27,29.73,Electronics,0
TXN0004968,CUST00621,2025-03-30,56.68,Sports,1
TXN0004969,CUST00621,2025-07-18,8.39,Electronics,0
TXN0004970,CUST00622,2025-09-11,39.98,Home & Kitchen,1
TXN0004971,CUST00622,2025-06-13,42.4,Fashion,0
TXN0004972,CUST00622,2024-12-12,104.87,Books,0
TXN0004973,CUST00622,2024-12-27,44.17,Beauty,1
TXN0004974,CUST00622,2024-11-15,56.45,Fashion,0
TXN0004975,CUST00622,2025-08-26,57.01,Sports,0
TXN0004976,CUST00622,2024-12-08,63.99,Electronics,0
TXN0004977,CUST00622,2025-09-21,31.31,Electronics,1
TXN0004978,CUST00622,2025-04-28,15.86,Fashion,1
TXN0004979,CUST00622,2024-10-23,22.17,Home & Kitchen,1
TXN0004980,CUST00623,2025-05-03,87.57,Beauty,0
TXN0004981,CUST00625,2025-07-17,139.94,Home & Kitchen,1
TXN0004982,CUST00625,2025-10-16,10.24,Fashion,0
TXN0004983,CUST00625,2025-10-22,59.49,Fashion,1
TXN0004984,CUST00625,2025-10-15,62.74,Beauty,0
TXN0004985,CUST00625,2025-08-08,16.44,Fashion,0
TXN0004986,CUST00625,2025-08-11,70.12,Books,0
TXN0004987,CUST00626,2024-12-23,87.65,Electronics,0
TXN0004988,CUST00626,2025-12-02,70.86,Fashion,1
TXN0004989,CUST00626,2024-08-22,61.72,Books,1
TXN0004990,CUST00626,2025-09-13,52.51,Sports,0
TXN0004991,CUST00626,2025-03-28,27.84,Beauty,0
TXN0004992,CUST00626,2025-03-22,139.94,Books,1
TXN0004993,CUST00626,2025-08-16,86.77,Home & Kitchen,0
TXN0004994,CUST00626,2025-09-13,87.65,Fashion,1
TXN0004995,CUST00626,2025-09-05,101.93,Home & Kitchen,1
TXN0004996,CUST00626,2025-04-16,97.0,Home & Kitchen,1
TXN0004997,CUST00626,2024-11-03,118.53,Books,0
TXN0004998,CUST00626,2025-10-01,61.61,Electronics,1
TXN0004999,CUST00626,2025-01-21,131.32,Sports,0
TXN0005000,CUST00626,2025-11-17,43.41,Beauty,0
TXN0005001,CUST00626,2025-10-09,121.34,Books,0
TXN0005002,CUST00626,2024-10-19,53.44,Home & Kitchen,1
TXN0005003,CUST00626,2025-12-21,81.33,Electronics,0
TXN0005004,CUST00626,2025-01-25,28.64,Fashion,0
TXN0005005,CUST00626,2025-05-06,73.35,Books,0
TXN0005006,CUST00626,2025-01-29,56.62,Home & Kitchen,0
TXN0005007,CUST00626,2024-10-16,111.62,Home & Kitchen,0
TXN0005008,CUST00626,2025-11-10,53.88,Fashion,0
TXN0005009,CUST00626,2025-07-20,45.91,Fashion,0
TXN0005010,CUST00626,2024-12-05,49.22,Sports,0
TXN0005011,CUST00626,2024-10-02,21.45,Electronics,0
TXN0005012,CUST00626,2025-01-12,30.79,Books,0
TXN0005013,CUST00626,2025-08-02,40.81,Fashion,1
TXN0005014,CUST00626,2024-10-02,87.94,Books,0
TXN0005015,CUST00626,2024-12-22,72.88,Books,0
TXN0005016,CUST00627,2025-03-29,44.87,Books,0
TXN0005017,CUST00627,2025-05-13,41.67,Fashion,0
TXN0005018,CUST00628,2025-10-08,25.42,Sports,0
TXN0005019,CUST00629,2025-06-30,92.61,Beauty,0
TXN0005020,CUST00629,2025-12-24,52.97,Sports,0
TXN0005021,CUST00629,2025-09-30,33.2,Home & Kitchen,0
TXN0005022,CUST00629,2025-12-10,61.4,Fashion,0
TXN0005023,CUST00629,2025-09-28,107.28,Beauty,0
TXN0005024,CUST00629,2025-08-12,16.03,Books,1
TXN0005025,CUST00629,2025-06-05,56.22,Electronics,0
TXN0005026,CUST00629,2025-09-09,22.56,Electronics,0
TXN0005027,CUST00629,2025-10-15,26.36,Beauty,0
TXN0005028,CUST00629,2025-07-28,35.66,Electronics,0
TXN0005029,CUST00629,2025-11-24,8.85,Fashion,1
TXN0005030,CUST00629,2025-05-27,43.55,Electronics,0
TXN0005031,CUST00629,2025-06-03,68.55,Books,0
TXN0005032,CUST00630,2025-09-10,32.66,Fashion,1
TXN0005033,CUST00630,2025-02-22,57.83,Fashion,0
TXN0005034,CUST00630,2025-03-15,56.22,Fashion,1
TXN0005035,CUST00630,2025-06-23,34.09,Electronics,1
TXN0005036,CUST00631,2025-10-17,144.47,Fashion,0
TXN0005037,CUST00631,2025-05-22,50.21,Sports,1
TXN0005038,CUST00631,2025-07-05,96.31,Sports,1
TXN0005039,CUST00631,2025-05-13,143.14,Fashion,1
TXN0005040,CUST00631,2025-05-16,107.3,Fashion,0
TXN0005041,CUST00631,2025-06-01,106.25,Sports,0
TXN0005042,CUST00631,2025-09-30,7.99,Electronics,1
TXN0005043,CUST00631,2025-08-19,56.48,Beauty,1
TXN0005044,CUST00631,2025-09-28,47.01,Books,1
TXN0005045,CUST00631,2025-06-16,105.08,Beauty,1
TXN0005046,CUST00631,2025-04-30,46.9,Home & Kitchen,0
TXN0005047,CUST00631,2025-09-06,74.22,Fashion,0
TXN0005048,CUST00631,2025-07-22,56.3,Books,0
TXN0005049,CUST00631,2025-09-15,141.44,Fashion,0
TXN0005050,CUST00631,2025-06-07,27.59,Fashion,0
TXN0005051,CUST00631,2025-09-06,116.91,Beauty,0
TXN0005052,CUST00631,2025-10-21,18.96,Fashion,0
TXN0005053,CUST00631,2025-12-04,88.59,Sports,0
TXN0005054,CUST00632,2025-11-11,75.79,Fashion,0
TXN0005055,CUST00632,2025-11-27,44.3,Home & Kitchen,1
TXN0005056,CUST00633,2025-05-22,77.49,Home & Kitchen,1
TXN0005057,CUST00633,2025-03-18,53.36,Sports,0
TXN0005058,CUST00633,2025-11-22,61.64,Beauty,1
TXN0005059,CUST00633,2025-07-20,25.71,Books,1
TXN0005060,CUST00633,2025-05-20,113.25,Fashion,1
TXN0005061,CUST00633,2025-10-01,71.51,Home & Kitchen,1
TXN0005062,CUST00633,2025-06-17,81.01,Beauty,0
TXN0005063,CUST00633,2025-12-19,69.62,Electronics,0
TXN0005064,CUST00634,2025-12-02,20.71,Home & Kitchen,0
TXN0005065,CUST00635,2025-02-19,22.62,Beauty,0
TXN0005066,CUST00635,2025-03-31,10.36,Beauty,0
TXN0005067,CUST00635,2024-12-31,54.89,Fashion,0
TXN0005068,CUST00635,2025-10-14,51.07,Beauty,0
TXN0005069,CUST00635,2024-11-22,60.84,Beauty,0
TXN0005070,CUST00636,2025-06-18,38.27,Beauty,0
TXN0005071,CUST00636,2025-10-13,100.95,Sports,0
TXN0005072,CUST00636,2025-11-08,97.42,Sports,1
TXN0005073,CUST00636,2025-06-27,29.96,Books,0
TXN0005074,CUST00636,2025-05-31,45.38,Beauty,1
TXN0005075,CUST00636,2025-06-18,31.89,Fashion,1
TXN0005076,CUST00636,2025-12-02,64.51,Beauty,0
TXN0005077,CUST00636,2025-09-03,66.01,Electronics,0
TXN0005078,CUST00636,2025-05-12,79.76,Beauty,0
TXN0005079,CUST00636,2025-09-29,139.06,Beauty,1
TXN0005080,CUST00637,2024-12-06,75.92,Electronics,0
TXN0005081,CUST00637,2024-11-20,13.79,Home & Kitchen,0
TXN0005082,CUST00637,2025-02-06,61.57,Sports,1
TXN0005083,CUST00639,2024-09-07,46.79,Sports,0
TXN0005084,CUST00639,2024-08-17,25.68,Fashion,0
TXN0005085,CUST00639,2025-03-27,55.77,Sports,0
TXN0005086,CUST00639,2025-11-27,24.35,Books,0
TXN0005087,CUST00639,2025-06-14,29.88,Fashion,0
TXN0005088,CUST00639,2024-12-13,38.93,Home & Kitchen,1
TXN0005089,CUST00639,2025-12-24,55.27,Beauty,1
TXN0005090,CUST00639,2024-12-10,11.2,Beauty,0
TXN0005091,CUST00639,2025-04-08,82.73,Home & Kitchen,0
TXN0005092,CUST00639,2025-03-20,66.07,Beauty,0
TXN0005093,CUST00639,2025-03-23,39.83,Home & Kitchen,1
TXN0005094,CUST00639,2025-12-10,21.86,Beauty,0
TXN0005095,CUST00639,2025-08-24,8.74,Sports,0
TXN0005096,CUST00640,2025-10-17,58.42,Sports,0
TXN0005097,CUST00640,2025-12-22,133.3,Beauty,0
TXN0005098,CUST00640,2025-11-11,45.95,Electronics,0
TXN0005099,CUST00640,2025-11-29,86.87,Home & Kitchen,1
TXN0005100,CUST00640,2025-10-14,64.02,Fashion,1
TXN0005101,CUST00641,2025-08-20,91.99,Books,0
TXN0005102,CUST00641,2025-01-02,58.45,Beauty,1
TXN0005103,CUST00643,2025-07-22,34.55,Fashion,1
TXN0005104,CUST00643,2025-12-20,24.11,Fashion,0
TXN0005105,CUST00643,2025-02-16,33.92,Fashion,0
TXN0005106,CUST00643,2024-05-07,72.52,Electronics,0
TXN0005107,CUST00643,2025-10-20,116.56,Electronics,1
TXN0005108,CUST00643,2025-06-06,38.42,Sports,1
TXN0005109,CUST00643,2024-10-19,32.38,Books,0
TXN0005110,CUST00643,2024-12-10,13.67,Books,1
TXN0005111,CUST00643,2024-08-27,39.35,Home & Kitchen,0
TXN0005112,CUST00643,2025-09-21,34.24,Beauty,0
TXN0005113,CUST00644,2024-01-15,120.05,Beauty,1
TXN0005114,CUST00644,2025-08-08,78.14,Beauty,0
TXN0005115,CUST00644,2025-09-29,24.7,Beauty,1
TXN0005116,CUST00644,2025-02-26,106.42,Books,0
TXN0005117,CUST00644,2024-11-04,65.74,Home & Kitchen,0
TXN0005118,CUST00644,2025-05-08,23.74,Beauty,0
TXN0005119,CUST00644,2024-10-12,17.29,Beauty,0
TXN0005120,CUST00644,2024-05-05,35.15,Home & Kitchen,1
TXN0005121,CUST00644,2024-06-19,35.86,Books,0
TXN0005122,CUST00644,2025-11-15,80.11,Sports,0
TXN0005123,CUST00644,2025-03-18,49.09,Electronics,0
TXN0005124,CUST00644,2024-03-15,57.65,Beauty,0
TXN0005125,CUST00644,2025-04-07,82.89,Electronics,0
TXN0005126,CUST00644,2024-03-29,31.32,Electronics,0
TXN0005127,CUST00644,2024-05-09,36.23,Beauty,0
TXN0005128,CUST00644,2025-09-21,158.48,Sports,0
TXN0005129,CUST00644,2024-02-29,78.7,Fashion,0
TXN0005130,CUST00644,2025-02-10,34.89,Fashion,0
TXN0005131,CUST00644,2024-11-28,48.61,Beauty,0
TXN0005132,CUST00644,2025-01-21,53.45,Home & Kitchen,1
TXN0005133,CUST00644,2025-12-30,103.75,Books,1
TXN0005134,CUST00644,2024-09-12,46.13,Home & Kitchen,0
TXN0005135,CUST00644,2025-04-04,110.68,Sports,1
TXN0005136,CUST00644,2024-11-07,102.22,Books,0
TXN0005137,CUST00644,2025-09-23,19.88,Beauty,1
TXN0005138,CUST00644,2025-03-28,28.53,Books,0
TXN0005139,CUST00645,2025-11-24,12.49,Books,1
TXN0005140,CUST00645,2025-08-23,36.33,Home & Kitchen,0
TXN0005141,CUST00645,2025-01-28,37.2,Books,0
TXN0005142,CUST00645,2025-11-08,37.25,Electronics,0
TXN0005143,CUST00645,2025-01-29,21.38,Books,1
TXN0005144,CUST00646,2025-11-14,71.41,Beauty,0
TXN0005145,CUST00646,2025-09-06,54.37,Beauty,0
TXN0005146,CUST00646,2025-06-14,81.61,Books,0
TXN0005147,CUST00646,2025-08-04,48.5,Fashion,1
TXN0005148,CUST00646,2025-10-27,35.08,Fashion,1
TXN0005149,CUST00646,2025-10-25,92.95,Beauty,0
TXN0005150,CUST00646,2025-11-04,76.88,Electronics,1
TXN0005151,CUST00646,2025-09-20,109.1,Home & Kitchen,1
TXN0005152,CUST00646,2025-12-27,38.57,Books,0
TXN0005153,CUST00646,2025-07-23,119.5,Books,0
TXN0005154,CUST00646,2025-06-12,64.41,Books,1
TXN0005155,CUST00648,2025-08-04,39.11,Electronics,0
TXN0005156,CUST00648,2025-12-10,58.24,Books,1
TXN0005157,CUST00648,2025-03-11,40.67,Books,1
TXN0005158,CUST00648,2025-04-18,50.91,Books,0
TXN0005159,CUST00648,2024-09-28,28.38,Fashion,1
TXN0005160,CUST00648,2025-04-22,14.97,Home & Kitchen,1
TXN0005161,CUST00648,2024-09-01,47.81,Sports,0
TXN0005162,CUST00648,2024-11-29,111.52,Beauty,0
TXN0005163,CUST00648,2025-11-28,25.92,Books,0
TXN0005164,CUST00649,2025-08-31,34.36,Fashion,0
TXN0005165,CUST00650,2025-10-28,83.55,Home & Kitchen,0
TXN0005166,CUST00650,2025-10-16,92.21,Fashion,0
TXN0005167,CUST00651,2025-11-26,27.04,Sports,1
TXN0005168,CUST00651,2024-08-17,88.5,Sports,1
TXN0005169,CUST00651,2024-12-28,49.59,Books,0
TXN0005170,CUST00651,2025-11-26,80.86,Fashion,0
TXN0005171,CUST00651,2024-11-10,114.39,Electronics,1
TXN0005172,CUST00651,2024-08-20,81.95,Electronics,0
TXN0005173,CUST00651,2024-09-28,64.72,Electronics,1
TXN0005174,CUST00651,2025-07-14,46.07,Books,0
TXN0005175,CUST00651,2024-07-26,52.02,Books,0
TXN0005176,CUST00651,2025-05-15,36.77,Beauty,1
TXN0005177,CUST00652,2025-03-04,62.76,Beauty,0
TXN0005178,CUST00652,2025-12-07,47.01,Books,1
TXN0005179,CUST00652,2024-11-06,57.41,Sports,1
TXN0005180,CUST00652,2025-01-03,124.08,Electronics,0
TXN0005181,CUST00652,2025-03-09,209.73,Sports,1
TXN0005182,CUST00652,2024-08-18,207.02,Fashion,0
TXN0005183,CUST00652,2025-08-04,29.51,Beauty,0
TXN0005184,CUST00652,2025-09-24,70.02,Fashion,0
TXN0005185,CUST00652,2024-12-27,105.58,Beauty,0
TXN0005186,CUST00652,2025-12-04,133.69,Home & Kitchen,0
TXN0005187,CUST00652,2025-01-30,74.73,Books,0
TXN0005188,CUST00652,2025-12-27,98.62,Home & Kitchen,1
TXN0005189,CUST00652,2025-10-15,11.93,Sports,1
TXN0005190,CUST00652,2024-09-09,73.27,Sports,0
TXN0005191,CUST00652,2025-06-18,38.94,Books,0
TXN0005192,CUST00652,2025-03-02,96.08,Beauty,0
TXN0005193,CUST00652,2025-10-10,25.82,Sports,1
TXN0005194,CUST00652,2024-08-31,60.39,Home & Kitchen,0
TXN0005195,CUST00652,2025-04-10,80.2,Books,1
TXN0005196,CUST00652,2025-05-30,129.95,Beauty,0
TXN0005197,CUST00652,2025-05-12,48.8,Books,0
TXN0005198,CUST00652,2025-09-09,73.54,Electronics,1
TXN0005199,CUST00652,2025-10-15,80.5,Electronics,0
TXN0005200,CUST00652,2024-10-28,156.93,Books,0
TXN0005201,CUST00652,2024-12-08,82.48,Sports,1
TXN0005202,CUST00652,2025-11-11,21.17,Home & Kitchen,0
TXN0005203,CUST00653,2024-09-09,22.57,Fashion,0
TXN0005204,CUST00653,2024-09-14,21.9,Home & Kitchen,0
TXN0005205,CUST00653,2025-06-21,57.09,Books,0
TXN0005206,CUST00653,2025-07-12,54.72,Fashion,0
TXN0005207,CUST00653,2025-03-15,93.06,Books,0
TXN0005208,CUST00653,2025-10-20,49.82,Beauty,0
TXN0005209,CUST00653,2025-11-10,74.84,Books,0
TXN0005210,CUST00653,2025-11-20,153.25,Home & Kitchen,0
TXN0005211,CUST00653,2025-11-02,40.27,Electronics,0
TXN0005212,CUST00653,2025-08-19,36.86,Fashion,0
TXN0005213,CUST00653,2024-10-27,180.15,Beauty,0
TXN0005214,CUST00653,2025-03-26,84.74,Electronics,0
TXN0005215,CUST00653,2025-05-07,42.0,Electronics,0
TXN0005216,CUST00653,2025-12-28,47.33,Electronics,1
TXN0005217,CUST00653,2025-03-05,62.3,Books,0
TXN0005218,CUST00653,2025-07-28,42.05,Beauty,0
TXN0005219,CUST00653,2024-09-03,38.34,Sports,0
TXN0005220,CUST00653,2025-07-29,80.66,Beauty,0
TXN0005221,CUST00653,2025-01-23,48.63,Books,0
TXN0005222,CUST00653,2025-04-20,96.99,Home & Kitchen,1
TXN0005223,CUST00653,2024-11-20,50.48,Books,0
TXN0005224,CUST00653,2024-10-19,74.69,Beauty,0
TXN0005225,CUST00653,2025-03-07,62.9,Fashion,0
TXN0005226,CUST00653,2025-11-09,40.31,Fashion,0
TXN0005227,CUST00653,2024-10-15,22.62,Home & Kitchen,0
TXN0005228,CUST00654,2025-11-26,17.11,Fashion,0
TXN0005229,CUST00654,2025-08-25,34.44,Books,0
TXN0005230,CUST00654,2025-12-16,48.87,Fashion,0
TXN0005231,CUST00655,2025-09-07,57.93,Fashion,1
TXN0005232,CUST00655,2025-09-05,40.66,Beauty,1
TXN0005233,CUST00656,2024-08-19,75.84,Fashion,0
TXN0005234,CUST00656,2024-10-27,46.61,Sports,0
TXN0005235,CUST00656,2024-04-14,51.25,Electronics,1
TXN0005236,CUST00656,2025-08-17,52.59,Beauty,1
TXN0005237,CUST00656,2025-06-05,18.96,Sports,0
TXN0005238,CUST00657,2024-09-09,47.84,Fashion,0
TXN0005239,CUST00657,2024-11-12,103.85,Fashion,1
TXN0005240,CUST00657,2025-04-05,3.12,Fashion,0
TXN0005241,CUST00657,2025-05-06,27.61,Electronics,0
TXN0005242,CUST00657,2025-11-09,62.84,Books,1
TXN0005243,CUST00657,2024-10-05,10.67,Fashion,1
TXN0005244,CUST00657,2024-11-15,49.23,Fashion,0
TXN0005245,CUST00657,2025-01-23,42.95,Home & Kitchen,0
TXN0005246,CUST00658,2025-11-15,58.91,Beauty,0
TXN0005247,CUST00658,2025-12-15,186.63,Beauty,0
TXN0005248,CUST00658,2025-10-12,94.28,Books,0
TXN0005249,CUST00658,2025-09-06,74.89,Sports,0
TXN0005250,CUST00658,2025-09-01,93.46,Electronics,0
TXN0005251,CUST00658,2025-11-28,73.98,Books,0
TXN0005252,CUST00658,2025-10-15,64.21,Fashion,0
TXN0005253,CUST00658,2025-10-03,95.53,Electronics,0
TXN0005254,CUST00659,2025-12-02,98.53,Home & Kitchen,0
TXN0005255,CUST00659,2025-08-08,45.78,Electronics,1
TXN0005256,CUST00660,2025-01-03,21.9,Beauty,1
TXN0005257,CUST00660,2025-08-22,42.28,Electronics,0
TXN0005258,CUST00661,2024-09-03,14.45,Home & Kitchen,1
TXN0005259,CUST00661,2025-04-22,131.14,Electronics,0
TXN0005260,CUST00661,2024-10-04,57.25,Home & Kitchen,0
TXN0005261,CUST00661,2025-11-23,67.76,Electronics,0
TXN0005262,CUST00661,2025-11-27,6.67,Sports,1
TXN0005263,CUST00661,2025-10-02,22.29,Fashion,0
TXN0005264,CUST00661,2025-02-11,39.49,Beauty,0
TXN0005265,CUST00661,2025-12-06,40.35,Beauty,0
TXN0005266,CUST00661,2024-08-30,34.37,Books,1
TXN0005267,CUST00661,2025-12-01,55.13,Electronics,0
TXN0005268,CUST00661,2024-07-18,26.84,Electronics,1
TXN0005269,CUST00661,2025-09-17,71.73,Electronics,1
TXN0005270,CUST00662,2025-08-28,13.16,Home & Kitchen,0
TXN0005271,CUST00663,2025-08-04,59.67,Electronics,0
TXN0005272,CUST00663,2025-08-05,76.14,Books,0
TXN0005273,CUST00663,2025-11-25,40.32,Sports,1
TXN0005274,CUST00663,2025-08-11,37.55,Electronics,1
TXN0005275,CUST00664,2025-07-31,96.11,Electronics,0
TXN0005276,CUST00664,2025-07-05,46.17,Fashion,1
TXN0005277,CUST00664,2025-06-03,23.56,Sports,0
TXN0005278,CUST00664,2025-10-29,42.83,Electronics,0
TXN0005279,CUST00665,2025-03-31,127.93,Beauty,0
TXN0005280,CUST00665,2025-10-24,46.57,Sports,0
TXN0005281,CUST00665,2024-11-11,75.18,Sports,1
TXN0005282,CUST00665,2025-11-21,119.59,Home & Kitchen,1
TXN0005283,CUST00665,2025-11-24,12.51,Beauty,0
TXN0005284,CUST00665,2024-11-28,138.83,Beauty,1
TXN0005285,CUST00665,2025-05-16,99.72,Home & Kitchen,0
TXN0005286,CUST00665,2024-12-23,91.64,Sports,0
TXN0005287,CUST00665,2025-12-18,45.64,Beauty,0
TXN0005288,CUST00665,2025-10-09,30.56,Home & Kitchen,0
TXN0005289,CUST00665,2025-01-03,33.77,Home & Kitchen,1
TXN0005290,CUST00665,2025-08-17,103.03,Books,1
TXN0005291,CUST00665,2025-11-23,55.12,Home & Kitchen,0
TXN0005292,CUST00665,2025-08-19,158.74,Home & Kitchen,0
TXN0005293,CUST00665,2025-02-03,30.28,Fashion,0
TXN0005294,CUST00665,2025-11-04,175.53,Home & Kitchen,0
TXN0005295,CUST00665,2025-06-12,45.67,Books,0
TXN0005296,CUST00665,2025-04-03,35.36,Beauty,0
TXN0005297,CUST00665,2025-12-11,77.82,Beauty,0
TXN0005298,CUST00665,2025-04-24,118.17,Sports,0
TXN0005299,CUST00665,2025-04-15,71.28,Electronics,0
TXN0005300,CUST00666,2024-11-19,17.04,Home & Kitchen,0
TXN0005301,CUST00666,2025-05-24,39.52,Home & Kitchen,0
TXN0005302,CUST00666,2024-11-14,16.22,Electronics,0
TXN0005303,CUST00666,2025-07-22,21.06,Electronics,1
TXN0005304,CUST00666,2025-09-29,38.78,Beauty,0
TXN0005305,CUST00666,2025-10-07,12.83,Books,0
TXN0005306,CUST00666,2025-04-09,76.01,Beauty,0
TXN0005307,CUST00666,2025-07-06,38.41,Books,0
TXN0005308,CUST00666,2025-04-08,27.42,Fashion,0
TXN0005309,CUST00666,2025-06-10,17.17,Electronics,1
TXN0005310,CUST00668,2025-12-08,29.37,Sports,0
TXN0005311,CUST00668,2025-10-23,59.41,Electronics,0
TXN0005312,CUST00669,2025-10-28,32.81,Sports,0
TXN0005313,CUST00669,2025-10-30,13.61,Home & Kitchen,0
TXN0005314,CUST00669,2025-12-07,47.97,Books,0
TXN0005315,CUST00669,2025-09-04,55.61,Fashion,1
TXN0005316,CUST00669,2025-10-29,31.44,Home & Kitchen,1
TXN0005317,CUST00669,2025-11-12,66.15,Beauty,0
TXN0005318,CUST00670,2025-10-27,76.92,Sports,0
TXN0005319,CUST00670,2025-09-30,12.65,Books,1
TXN0005320,CUST00670,2025-07-21,97.96,Books,1
TXN0005321,CUST00671,2025-11-16,53.94,Beauty,0
TXN0005322,CUST00671,2025-11-29,48.38,Sports,1
TXN0005323,CUST00671,2025-11-09,81.66,Beauty,1
TXN0005324,CUST00672,2024-11-16,48.99,Books,0
TXN0005325,CUST00673,2025-06-02,27.3,Fashion,0
TXN0005326,CUST00674,2024-10-08,21.42,Electronics,0
TXN0005327,CUST00674,2025-05-24,101.35,Books,0
TXN0005328,CUST00674,2025-12-08,123.09,Home & Kitchen,0
TXN0005329,CUST00674,2025-11-12,31.46,Electronics,0
TXN0005330,CUST00674,2025-05-27,93.22,Books,1
TXN0005331,CUST00674,2024-06-24,87.06,Home & Kitchen,0
TXN0005332,CUST00674,2025-06-11,96.48,Electronics,0
TXN0005333,CUST00674,2024-08-06,44.23,Books,1
TXN0005334,CUST00674,2025-05-27,80.52,Home & Kitchen,0
TXN0005335,CUST00674,2025-05-03,79.28,Books,0
TXN0005336,CUST00674,2024-07-20,65.85,Beauty,0
TXN0005337,CUST00674,2024-08-19,28.95,Fashion,1
TXN0005338,CUST00674,2025-07-06,46.22,Sports,0
TXN0005339,CUST00674,2024-06-23,53.07,Beauty,1
TXN0005340,CUST00674,2025-04-04,160.18,Beauty,1
TXN0005341,CUST00674,2024-11-01,217.26,Books,0
TXN0005342,CUST00674,2024-10-21,130.44,Sports,0
TXN0005343,CUST00674,2025-11-14,116.6,Electronics,0
TXN0005344,CUST00675,2025-11-02,115.38,Home & Kitchen,1
TXN0005345,CUST00675,2024-11-26,38.15,Beauty,0
TXN0005346,CUST00675,2025-03-06,48.05,Beauty,0
TXN0005347,CUST00675,2025-11-02,46.5,Books,0
TXN0005348,CUST00675,2024-12-25,28.86,Books,0
TXN0005349,CUST00675,2025-11-08,67.73,Electronics,1
TXN0005350,CUST00675,2025-12-14,113.81,Books,1
TXN0005351,CUST00675,2025-05-31,32.37,Beauty,0
TXN0005352,CUST00675,2025-06-04,107.93,Home & Kitchen,0
TXN0005353,CUST00675,2025-09-19,65.99,Sports,1
TXN0005354,CUST00675,2025-01-30,12.06,Fashion,0
TXN0005355,CUST00675,2025-09-18,49.3,Books,1
TXN0005356,CUST00675,2025-05-25,31.11,Fashion,0
TXN0005357,CUST00675,2025-02-25,60.97,Sports,0
TXN0005358,CUST00675,2025-11-16,18.85,Sports,0
TXN0005359,CUST00675,2025-12-25,90.04,Books,0
TXN0005360,CUST00675,2025-06-19,69.96,Sports,0
TXN0005361,CUST00675,2025-09-01,166.72,Electronics,1
TXN0005362,CUST00675,2025-04-07,47.36,Fashion,0
TXN0005363,CUST00675,2025-08-25,126.29,Beauty,1
TXN0005364,CUST00675,2025-01-01,55.61,Electronics,0
TXN0005365,CUST00675,2024-12-04,58.27,Home & Kitchen,0
TXN0005366,CUST00676,2025-12-22,15.96,Books,0
TXN0005367,CUST00676,2025-05-16,93.11,Sports,0
TXN0005368,CUST00676,2025-05-25,53.01,Beauty,0
TXN0005369,CUST00676,2024-12-15,104.3,Fashion,1
TXN0005370,CUST00676,2025-06-24,55.18,Beauty,1
TXN0005371,CUST00676,2024-12-24,56.79,Electronics,0
TXN0005372,CUST00676,2025-06-17,34.06,Beauty,0
TXN0005373,CUST00677,2024-08-06,24.12,Books,0
TXN0005374,CUST00677,2025-08-16,78.05,Sports,0
TXN0005375,CUST00677,2024-07-10,57.93,Fashion,1
TXN0005376,CUST00677,2025-09-15,37.36,Fashion,1
TXN0005377,CUST00677,2025-05-21,21.53,Fashion,0
TXN0005378,CUST00677,2024-08-20,32.12,Fashion,0
TXN0005379,CUST00677,2025-09-07,26.33,Books,0
TXN0005380,CUST00677,2024-11-16,44.63,Books,1
TXN0005381,CUST00679,2025-08-24,163.58,Electronics,0
TXN0005382,CUST00679,2024-07-26,96.11,Electronics,0
TXN0005383,CUST00679,2024-12-31,38.9,Beauty,0
TXN0005384,CUST00679,2024-11-19,68.66,Books,0
TXN0005385,CUST00679,2024-08-17,47.52,Electronics,0
TXN0005386,CUST00679,2025-10-16,42.93,Fashion,0
TXN0005387,CUST00679,2024-12-05,52.87,Home & Kitchen,0
TXN0005388,CUST00679,2025-06-24,132.64,Beauty,0
TXN0005389,CUST00679,2025-09-05,34.51,Home & Kitchen,0
TXN0005390,CUST00679,2025-01-21,73.9,Fashion,0
TXN0005391,CUST00679,2025-10-14,48.76,Books,0
TXN0005392,CUST00679,2024-06-25,141.66,Home & Kitchen,0
TXN0005393,CUST00679,2025-12-27,25.08,Books,0
TXN0005394,CUST00679,2025-04-12,70.77,Beauty,0
TXN0005395,CUST00679,2024-09-27,83.18,Books,0
TXN0005396,CUST00679,2025-07-12,49.83,Electronics,0
TXN0005397,CUST00679,2025-09-23,63.68,Books,0
TXN0005398,CUST00679,2024-06-22,34.68,Fashion,0
TXN0005399,CUST00679,2025-12-24,56.24,Sports,1
TXN0005400,CUST00679,2025-12-14,51.26,Books,0
TXN0005401,CUST00679,2025-12-15,43.44,Books,1
TXN0005402,CUST00679,2025-08-22,56.79,Beauty,0
TXN0005403,CUST00679,2025-03-21,60.92,Electronics,0
TXN0005404,CUST00679,2025-08-24,29.72,Books,0
TXN0005405,CUST00679,2024-11-24,48.73,Home & Kitchen,1
TXN0005406,CUST00679,2025-11-13,62.78,Fashion,1
TXN0005407,CUST00679,2024-10-15,28.33,Sports,1
TXN0005408,CUST00679,2025-12-12,39.23,Sports,1
TXN0005409,CUST00679,2025-05-04,77.47,Electronics,0
TXN0005410,CUST00679,2025-10-15,163.81,Books,0
TXN0005411,CUST00679,2025-12-18,72.2,Home & Kitchen,0
TXN0005412,CUST00679,2024-09-21,73.89,Beauty,0
TXN0005413,CUST00679,2024-09-13,49.03,Books,1
TXN0005414,CUST00679,2024-11-25,42.98,Books,1
TXN0005415,CUST00679,2024-07-10,101.0,Books,0
TXN0005416,CUST00679,2024-10-15,201.86,Books,0
TXN0005417,CUST00680,2025-11-08,26.11,Beauty,0
TXN0005418,CUST00680,2025-08-05,136.37,Books,0
TXN0005419,CUST00680,2025-09-21,113.9,Books,0
TXN0005420,CUST00680,2025-09-09,42.58,Sports,0
TXN0005421,CUST00681,2025-05-31,2.17,Beauty,0
TXN0005422,CUST00681,2024-11-22,99.98,Fashion,1
TXN0005423,CUST00681,2024-08-10,68.48,Fashion,0
TXN0005424,CUST00681,2025-03-12,15.01,Home & Kitchen,1
TXN0005425,CUST00681,2024-06-25,51.95,Electronics,1
TXN0005426,CUST00682,2025-11-03,28.82,Home & Kitchen,1
TXN0005427,CUST00683,2025-04-26,26.62,Electronics,1
TXN0005428,CUST00683,2025-09-27,19.83,Electronics,0
TXN0005429,CUST00683,2025-04-01,95.8,Electronics,0
TXN0005430,CUST00684,2025-07-17,30.08,Home & Kitchen,0
TXN0005431,CUST00684,2025-05-14,16.43,Books,0
TXN0005432,CUST00684,2025-07-01,46.3,Sports,0
TXN0005433,CUST00685,2024-12-04,27.47,Fashion,0
TXN0005434,CUST00686,2025-06-04,62.66,Books,1
TXN0005435,CUST00686,2025-10-30,18.8,Electronics,0
TXN0005436,CUST00686,2025-07-27,29.33,Sports,0
TXN0005437,CUST00687,2025-12-02,69.51,Home & Kitchen,1
TXN0005438,CUST00687,2025-09-04,62.99,Fashion,0
TXN0005439,CUST00687,2025-05-25,19.6,Home & Kitchen,1
TXN0005440,CUST00687,2025-11-24,53.59,Beauty,0
TXN0005441,CUST00687,2025-02-01,55.72,Sports,1
TXN0005442,CUST00687,2025-09-28,50.86,Books,1
TXN0005443,CUST00687,2025-06-14,74.27,Electronics,0
TXN0005444,CUST00687,2025-08-17,76.11,Home & Kitchen,0
TXN0005445,CUST00687,2025-08-20,103.82,Electronics,0
TXN0005446,CUST00687,2025-02-11,60.0,Sports,0
TXN0005447,CUST00687,2025-10-14,52.12,Sports,0
TXN0005448,CUST00687,2025-06-15,25.63,Fashion,0
TXN0005449,CUST00687,2025-04-27,16.78,Beauty,0
TXN0005450,CUST00688,2025-05-08,40.3,Beauty,0
TXN0005451,CUST00688,2025-05-27,51.15,Home & Kitchen,0
TXN0005452,CUST00688,2025-09-15,13.85,Home & Kitchen,1
TXN0005453,CUST00688,2025-07-11,40.94,Books,1
TXN0005454,CUST00688,2025-05-11,9.38,Fashion,0
TXN0005455,CUST00688,2025-10-01,68.38,Sports,0
TXN0005456,CUST00689,2025-12-14,26.36,Books,0
TXN0005457,CUST00689,2025-12-03,101.22,Sports,1
TXN0005458,CUST00689,2025-12-23,18.01,Sports,1
TXN0005459,CUST00690,2025-12-12,32.49,Fashion,1
TXN0005460,CUST00690,2025-02-26,22.02,Electronics,1
TXN0005461,CUST00690,2024-05-23,57.36,Beauty,0
TXN0005462,CUST00690,2024-06-08,49.55,Electronics,0
TXN0005463,CUST00690,2025-09-27,25.4,Sports,0
TXN0005464,CUST00690,2025-03-15,12.12,Beauty,1
TXN0005465,CUST00690,2025-07-08,18.92,Home & Kitchen,0
TXN0005466,CUST00691,2025-04-26,69.08,Fashion,0
TXN0005467,CUST00691,2025-03-12,21.85,Home & Kitchen,0
TXN0005468,CUST00691,2025-05-10,38.42,Fashion,0
TXN0005469,CUST00691,2025-01-05,124.82,Beauty,1
TXN0005470,CUST00691,2025-03-04,34.86,Books,0
TXN0005471,CUST00691,2025-04-16,128.6,Beauty,0
TXN0005472,CUST00691,2025-06-08,51.31,Fashion,1
TXN0005473,CUST00691,2025-10-08,59.75,Sports,1
TXN0005474,CUST00691,2025-05-13,165.25,Home & Kitchen,1
TXN0005475,CUST00691,2025-10-07,48.87,Fashion,1
TXN0005476,CUST00692,2025-07-30,59.75,Books,1
TXN0005477,CUST00692,2024-11-12,43.47,Books,1
TXN0005478,CUST00692,2025-08-20,55.81,Books,1
TXN0005479,CUST00692,2025-08-04,64.1,Electronics,0
TXN0005480,CUST00692,2025-12-27,79.97,Sports,1
TXN0005481,CUST00692,2025-09-22,136.05,Home & Kitchen,0
TXN0005482,CUST00692,2025-01-04,65.61,Home & Kitchen,0
TXN0005483,CUST00692,2025-11-19,17.94,Sports,0
TXN0005484,CUST00692,2025-03-02,113.25,Books,0
TXN0005485,CUST00692,2025-04-20,23.06,Electronics,0
TXN0005486,CUST00692,2025-04-19,50.62,Home & Kitchen,0
TXN0005487,CUST00692,2025-07-03,132.9,Books,0
TXN0005488,CUST00692,2025-07-09,64.14,Sports,1
TXN0005489,CUST00692,2024-11-11,21.52,Beauty,1
TXN0005490,CUST00692,2024-12-30,23.32,Books,0
TXN0005491,CUST00692,2025-11-15,113.5,Fashion,0
TXN0005492,CUST00692,2025-06-03,159.57,Beauty,0
TXN0005493,CUST00692,2025-03-06,24.12,Home & Kitchen,0
TXN0005494,CUST00692,2025-06-18,39.6,Books,1
TXN0005495,CUST00692,2025-03-17,36.6,Beauty,1
TXN0005496,CUST00692,2024-09-22,106.71,Electronics,1
TXN0005497,CUST00692,2025-08-07,115.35,Home & Kitchen,0
TXN0005498,CUST00692,2025-02-07,70.68,Fashion,1
TXN0005499,CUST00692,2025-05-05,46.95,Books,0
TXN0005500,CUST00692,2025-08-16,93.73,Fashion,0
TXN0005501,CUST00692,2025-04-05,52.42,Books,1
TXN0005502,CUST00692,2024-11-02,47.05,Fashion,0
TXN0005503,CUST00692,2025-02-27,36.59,Books,0
TXN0005504,CUST00692,2025-12-02,94.98,Books,0
TXN0005505,CUST00692,2025-02-18,23.09,Electronics,0
TXN0005506,CUST00694,2024-09-23,84.28,Fashion,0
TXN0005507,CUST00694,2024-09-15,69.68,Beauty,0
TXN0005508,CUST00694,2025-06-12,82.73,Books,1
TXN0005509,CUST00694,2024-09-26,31.15,Beauty,0
TXN0005510,CUST00695,2025-04-24,58.46,Home & Kitchen,0
TXN0005511,CUST00695,2025-01-09,50.43,Books,0
TXN0005512,CUST00695,2025-11-26,19.63,Fashion,1
TXN0005513,CUST00695,2025-04-18,52.46,Electronics,0
TXN0005514,CUST00695,2025-08-04,52.84,Sports,1
TXN0005515,CUST00695,2025-02-04,41.13,Beauty,0
TXN0005516,CUST00696,2025-11-18,28.44,Home & Kitchen,0
TXN0005517,CUST00696,2025-06-14,70.19,Beauty,1
TXN0005518,CUST00697,2024-12-06,36.44,Books,0
TXN0005519,CUST00697,2024-10-04,50.8,Beauty,0
TXN0005520,CUST00697,2025-11-18,17.64,Home & Kitchen,0
TXN0005521,CUST00697,2025-11-13,17.91,Beauty,0
TXN0005522,CUST00697,2025-04-30,49.53,Beauty,0
TXN0005523,CUST00697,2025-11-28,88.52,Electronics,0
TXN0005524,CUST00697,2025-09-28,55.54,Sports,1
TXN0005525,CUST00697,2024-11-04,143.02,Books,0
TXN0005526,CUST00697,2025-09-15,25.29,Home & Kitchen,0
TXN0005527,CUST00698,2025-07-07,45.54,Home & Kitchen,1
TXN0005528,CUST00698,2025-06-14,39.71,Books,0
TXN0005529,CUST00698,2025-03-07,129.23,Fashion,1
TXN0005530,CUST00698,2025-09-16,65.64,Books,0
TXN0005531,CUST00698,2025-04-25,35.17,Sports,1
TXN0005532,CUST00698,2025-10-04,167.32,Beauty,1
TXN0005533,CUST00698,2025-12-06,82.18,Electronics,0
TXN0005534,CUST00698,2025-06-23,29.33,Fashion,0
TXN0005535,CUST00698,2025-03-10,90.81,Home & Kitchen,1
TXN0005536,CUST00698,2025-06-19,48.57,Sports,0
TXN0005537,CUST00698,2025-10-05,144.78,Electronics,1
TXN0005538,CUST00698,2025-08-15,24.73,Books,0
TXN0005539,CUST00698,2025-08-28,24.63,Home & Kitchen,0
TXN0005540,CUST00698,2025-06-01,52.01,Beauty,1
TXN0005541,CUST00698,2025-09-18,43.12,Books,0
TXN0005542,CUST00699,2025-01-01,15.87,Fashion,1
TXN0005543,CUST00699,2025-02-12,105.72,Sports,0
TXN0005544,CUST00699,2024-12-02,36.03,Fashion,0
TXN0005545,CUST00699,2025-10-25,124.84,Beauty,0
TXN0005546,CUST00699,2025-03-13,68.2,Books,1
TXN0005547,CUST00699,2025-08-27,49.99,Beauty,1
TXN0005548,CUST00699,2025-11-29,62.38,Home & Kitchen,0
TXN0005549,CUST00699,2025-11-01,22.79,Fashion,1
TXN0005550,CUST00699,2025-08-05,76.71,Fashion,1
TXN0005551,CUST00699,2025-04-04,55.01,Fashion,0
TXN0005552,CUST00699,2024-12-06,32.72,Books,0
TXN0005553,CUST00699,2025-11-06,46.31,Fashion,0
TXN0005554,CUST00699,2025-11-23,123.28,Books,1
TXN0005555,CUST00699,2024-10-06,64.23,Books,0
TXN0005556,CUST00699,2024-11-30,19.61,Electronics,0
TXN0005557,CUST00699,2025-12-27,33.15,Home & Kitchen,0
TXN0005558,CUST00699,2024-09-17,64.01,Books,1
TXN0005559,CUST00700,2025-12-17,21.67,Sports,0
TXN0005560,CUST00700,2025-12-11,29.44,Electronics,0
TXN0005561,CUST00700,2025-05-26,47.39,Books,0
TXN0005562,CUST00700,2025-11-16,58.31,Fashion,0
TXN0005563,CUST00700,2025-06-24,30.22,Beauty,0
TXN0005564,CUST00700,2025-05-22,55.9,Beauty,0
TXN0005565,CUST00702,2024-10-26,55.06,Books,1
TXN0005566,CUST00702,2025-06-16,57.1,Fashion,1
TXN0005567,CUST00702,2025-01-31,25.07,Electronics,1
TXN0005568,CUST00702,2025-11-11,81.72,Electronics,0
TXN0005569,CUST00702,2025-01-02,33.97,Home & Kitchen,1
TXN0005570,CUST00702,2025-06-27,70.46,Beauty,0
TXN0005571,CUST00702,2025-07-26,35.65,Fashion,1
TXN0005572,CUST00702,2025-08-30,34.41,Electronics,1
TXN0005573,CUST00702,2025-02-14,25.72,Electronics,1
TXN0005574,CUST00702,2025-03-30,21.0,Sports,0
TXN0005575,CUST00702,2025-06-21,18.79,Books,1
TXN0005576,CUST00702,2025-12-02,21.49,Home & Kitchen,0
TXN0005577,CUST00702,2025-03-06,70.2,Sports,1
TXN0005578,CUST00702,2025-04-24,129.25,Beauty,1
TXN0005579,CUST00702,2025-06-05,55.47,Fashion,1
TXN0005580,CUST00702,2025-07-18,174.72,Books,0
TXN0005581,CUST00703,2025-10-18,30.5,Books,0
TXN0005582,CUST00703,2025-12-29,26.22,Beauty,0
TXN0005583,CUST00705,2025-01-28,109.69,Fashion,1
TXN0005584,CUST00705,2025-10-07,33.57,Electronics,0
TXN0005585,CUST00705,2024-05-25,60.11,Electronics,1
TXN0005586,CUST00706,2024-07-29,83.55,Fashion,0
TXN0005587,CUST00706,2024-06-04,53.8,Beauty,0
TXN0005588,CUST00706,2024-11-19,14.56,Beauty,1
TXN0005589,CUST00706,2024-05-03,70.6,Home & Kitchen,1
TXN0005590,CUST00706,2024-06-21,21.03,Books,0
TXN0005591,CUST00706,2024-03-09,14.18,Sports,0
TXN0005592,CUST00706,2024-09-17,94.88,Fashion,0
TXN0005593,CUST00706,2024-09-24,46.34,Books,1
TXN0005594,CUST00706,2024-05-16,30.48,Books,1
TXN0005595,CUST00706,2024-04-20,37.32,Beauty,0
TXN0005596,CUST00707,2025-10-15,15.21,Books,0
TXN0005597,CUST00707,2025-08-11,43.11,Books,0
TXN0005598,CUST00707,2025-09-29,33.59,Books,1
TXN0005599,CUST00707,2025-10-14,62.38,Electronics,0
TXN0005600,CUST00707,2025-10-10,109.62,Beauty,1
TXN0005601,CUST00707,2025-07-14,78.71,Books,1
TXN0005602,CUST00708,2025-01-09,57.23,Beauty,0
TXN0005603,CUST00708,2025-04-30,43.77,Home & Kitchen,0
TXN0005604,CUST00708,2024-12-14,42.6,Books,0
TXN0005605,CUST00708,2025-06-25,31.8,Books,0
TXN0005606,CUST00708,2025-09-10,26.35,Beauty,0
TXN0005607,CUST00708,2025-05-12,82.32,Home & Kitchen,1
TXN0005608,CUST00708,2025-03-02,77.74,Electronics,0
TXN0005609,CUST00708,2025-06-10,56.69,Electronics,1
TXN0005610,CUST00708,2024-10-08,54.53,Electronics,0
TXN0005611,CUST00708,2025-10-30,81.65,Electronics,1
TXN0005612,CUST00709,2025-07-21,64.51,Electronics,0
TXN0005613,CUST00709,2025-09-07,25.67,Beauty,0
TXN0005614,CUST00709,2025-07-16,67.89,Books,0
TXN0005615,CUST00709,2024-12-06,60.02,Books,0
TXN0005616,CUST00709,2025-01-12,64.91,Sports,0
TXN0005617,CUST00709,2025-07-09,46.5,Fashion,1
TXN0005618,CUST00709,2025-11-12,43.26,Electronics,0
TXN0005619,CUST00709,2025-07-17,88.0,Sports,0
TXN0005620,CUST00709,2025-05-17,38.05,Sports,0
TXN0005621,CUST00709,2025-12-25,175.68,Sports,0
TXN0005622,CUST00709,2025-01-23,17.6,Beauty,0
TXN0005623,CUST00709,2024-10-21,66.2,Home & Kitchen,0
TXN0005624,CUST00709,2025-11-16,82.31,Books,0
TXN0005625,CUST00709,2025-05-29,83.84,Books,0
TXN0005626,CUST00709,2025-10-10,49.04,Electronics,1
TXN0005627,CUST00709,2025-08-12,27.98,Sports,0
TXN0005628,CUST00709,2025-07-26,38.76,Fashion,0
TXN0005629,CUST00709,2025-04-25,96.32,Beauty,0
TXN0005630,CUST00709,2025-08-26,113.14,Beauty,1
TXN0005631,CUST00710,2025-09-01,25.43,Books,0
TXN0005632,CUST00710,2025-02-25,15.34,Books,1
TXN0005633,CUST00710,2024-11-04,38.56,Beauty,1
TXN0005634,CUST00710,2024-10-23,115.75,Home & Kitchen,0
TXN0005635,CUST00710,2024-09-17,61.68,Sports,0
TXN0005636,CUST00710,2024-11-03,80.02,Fashion,1
TXN0005637,CUST00710,2024-10-25,43.79,Electronics,1
TXN0005638,CUST00710,2025-08-18,64.83,Home & Kitchen,0
TXN0005639,CUST00710,2025-07-09,115.74,Electronics,1
TXN0005640,CUST00710,2024-10-19,116.84,Books,0
TXN0005641,CUST00710,2024-11-20,62.16,Sports,1
TXN0005642,CUST00710,2025-11-29,77.63,Fashion,0
TXN0005643,CUST00710,2025-05-02,87.6,Beauty,1
TXN0005644,CUST00710,2024-12-23,60.48,Books,0
TXN0005645,CUST00710,2025-06-09,29.43,Electronics,0
TXN0005646,CUST00710,2025-12-13,52.41,Beauty,0
TXN0005647,CUST00710,2025-06-12,66.67,Sports,0
TXN0005648,CUST00710,2025-06-22,82.95,Sports,0
TXN0005649,CUST00710,2025-08-24,33.01,Sports,0
TXN0005650,CUST00710,2024-12-11,43.29,Beauty,1
TXN0005651,CUST00711,2025-12-30,80.69,Electronics,0
TXN0005652,CUST00712,2024-07-03,16.16,Sports,0
TXN0005653,CUST00712,2024-06-13,69.65,Sports,0
TXN0005654,CUST00712,2024-02-17,92.37,Sports,0
TXN0005655,CUST00712,2025-12-18,73.35,Books,0
TXN0005656,CUST00712,2025-06-20,30.96,Books,0
TXN0005657,CUST00712,2024-02-28,76.54,Electronics,0
TXN0005658,CUST00712,2025-06-17,2.34,Fashion,0
TXN0005659,CUST00714,2025-10-12,22.5,Books,0
TXN0005660,CUST00714,2024-05-08,8.92,Electronics,0
TXN0005661,CUST00714,2025-05-15,67.25,Fashion,0
TXN0005662,CUST00714,2024-06-03,54.43,Sports,1
TXN0005663,CUST00714,2024-06-13,18.05,Books,0
TXN0005664,CUST00714,2025-02-11,27.44,Fashion,0
TXN0005665,CUST00714,2024-05-25,13.08,Electronics,1
TXN0005666,CUST00714,2024-09-09,19.21,Sports,0
TXN0005667,CUST00714,2025-12-10,32.36,Beauty,1
TXN0005668,CUST00714,2024-12-30,37.96,Home & Kitchen,1
TXN0005669,CUST00714,2024-11-19,44.85,Electronics,0
TXN0005670,CUST00715,2025-08-05,53.44,Electronics,1
TXN0005671,CUST00715,2025-04-15,9.62,Fashion,0
TXN0005672,CUST00716,2025-06-17,105.49,Sports,0
TXN0005673,CUST00716,2025-04-21,29.29,Fashion,0
TXN0005674,CUST00716,2024-10-30,168.58,Books,0
TXN0005675,CUST00716,2025-03-14,104.18,Fashion,0
TXN0005676,CUST00716,2025-06-17,86.78,Electronics,0
TXN0005677,CUST00716,2025-10-15,83.0,Sports,1
TXN0005678,CUST00716,2024-11-20,64.85,Home & Kitchen,1
TXN0005679,CUST00716,2025-10-18,56.91,Electronics,0
TXN0005680,CUST00716,2025-08-12,108.14,Electronics,0
TXN0005681,CUST00716,2024-11-08,119.88,Electronics,0
TXN0005682,CUST00716,2025-08-21,48.91,Sports,0
TXN0005683,CUST00716,2025-10-02,95.71,Home & Kitchen,0
TXN0005684,CUST00716,2025-08-12,172.74,Home & Kitchen,1
TXN0005685,CUST00716,2025-12-14,59.0,Sports,0
TXN0005686,CUST00716,2025-02-13,23.18,Fashion,1
TXN0005687,CUST00716,2025-03-31,32.37,Beauty,0
TXN0005688,CUST00716,2025-10-28,13.54,Books,0
TXN0005689,CUST00717,2025-05-07,54.93,Electronics,0
TXN0005690,CUST00717,2025-02-15,90.36,Fashion,1
TXN0005691,CUST00717,2025-11-23,36.04,Home & Kitchen,0
TXN0005692,CUST00717,2025-05-10,132.25,Electronics,0
TXN0005693,CUST00717,2024-12-24,185.73,Sports,1
TXN0005694,CUST00717,2025-01-20,26.43,Home & Kitchen,0
TXN0005695,CUST00717,2025-08-29,22.89,Books,1
TXN0005696,CUST00717,2025-01-13,32.46,Sports,1
TXN0005697,CUST00717,2025-12-03,87.28,Beauty,1
TXN0005698,CUST00717,2025-09-24,89.13,Fashion,0
TXN0005699,CUST00718,2025-10-29,37.03,Sports,1
TXN0005700,CUST00718,2025-10-29,96.99,Beauty,0
TXN0005701,CUST00718,2025-08-08,32.67,Books,0
TXN0005702,CUST00718,2025-11-02,116.97,Home & Kitchen,1
TXN0005703,CUST00718,2025-10-13,63.19,Sports,0
TXN0005704,CUST00718,2025-05-09,98.58,Home & Kitchen,0
TXN0005705,CUST00718,2025-11-19,35.05,Sports,1
TXN0005706,CUST00718,2025-03-14,19.82,Sports,0
TXN0005707,CUST00718,2025-06-03,38.59,Sports,0
TXN0005708,CUST00718,2025-06-04,64.74,Fashion,1
TXN0005709,CUST00718,2025-07-09,57.41,Books,1
TXN0005710,CUST00718,2025-07-31,85.02,Electronics,0
TXN0005711,CUST00718,2025-12-28,154.48,Books,1
TXN0005712,CUST00718,2025-05-17,77.89,Electronics,0
TXN0005713,CUST00718,2025-10-12,46.93,Fashion,0
TXN0005714,CUST00718,2025-07-15,62.84,Electronics,0
TXN0005715,CUST00719,2025-06-28,74.36,Fashion,0
TXN0005716,CUST00719,2025-12-18,106.72,Fashion,0
TXN0005717,CUST00719,2025-10-20,10.43,Home & Kitchen,0
TXN0005718,CUST00719,2025-06-30,7.71,Fashion,1
TXN0005719,CUST00719,2025-09-12,49.35,Fashion,0
TXN0005720,CUST00719,2025-12-17,67.02,Sports,0
TXN0005721,CUST00719,2025-10-02,66.05,Sports,1
TXN0005722,CUST00720,2025-06-19,53.77,Fashion,0
TXN0005723,CUST00720,2025-05-22,53.88,Sports,0
TXN0005724,CUST00720,2025-01-23,18.49,Home & Kitchen,0
TXN0005725,CUST00720,2025-04-24,73.42,Home & Kitchen,0
TXN0005726,CUST00720,2025-04-13,111.33,Fashion,0
TXN0005727,CUST00721,2024-09-28,20.03,Books,0
TXN0005728,CUST00721,2025-02-21,89.32,Sports,1
TXN0005729,CUST00721,2025-09-26,86.96,Beauty,0
TXN0005730,CUST00721,2025-07-03,51.74,Electronics,0
TXN0005731,CUST00721,2025-04-01,31.12,Sports,0
TXN0005732,CUST00722,2025-07-31,31.56,Home & Kitchen,1
TXN0005733,CUST00722,2025-09-29,28.65,Home & Kitchen,0
TXN0005734,CUST00722,2025-08-08,30.69,Beauty,0
TXN0005735,CUST00722,2025-08-20,64.64,Books,0
TXN0005736,CUST00722,2025-07-21,106.53,Fashion,0
TXN0005737,CUST00723,2025-12-30,58.35,Beauty,1
TXN0005738,CUST00724,2025-03-23,74.35,Beauty,0
TXN0005739,CUST00724,2025-12-03,14.52,Electronics,0
TXN0005740,CUST00724,2025-10-06,36.19,Home & Kitchen,1
TXN0005741,CUST00724,2025-10-06,44.27,Books,0
TXN0005742,CUST00724,2025-03-06,56.31,Beauty,1
TXN0005743,CUST00724,2025-06-23,100.43,Books,1
TXN0005744,CUST00724,2025-07-07,41.32,Fashion,0
TXN0005745,CUST00724,2025-10-09,95.07,Sports,0
TXN0005746,CUST00725,2025-06-25,28.07,Fashion,0
TXN0005747,CUST00725,2025-04-19,92.46,Electronics,0
TXN0005748,CUST00725,2025-06-01,38.07,Books,0
TXN0005749,CUST00725,2025-06-19,113.73,Books,0
TXN0005750,CUST00725,2025-07-25,30.43,Home & Kitchen,0
TXN0005751,CUST00725,2025-04-06,14.79,Books,0
TXN0005752,CUST00725,2025-03-02,49.77,Books,1
TXN0005753,CUST00726,2024-05-06,16.66,Books,0
TXN0005754,CUST00726,2024-10-05,45.84,Fashion,1
TXN0005755,CUST00726,2025-04-20,35.08,Books,0
TXN0005756,CUST00726,2024-10-22,71.37,Home & Kitchen,1
TXN0005757,CUST00726,2024-11-09,68.48,Sports,1
TXN0005758,CUST00726,2025-03-04,85.34,Books,0
TXN0005759,CUST00726,2025-01-28,35.49,Books,1
TXN0005760,CUST00726,2025-09-14,75.38,Sports,0
TXN0005761,CUST00726,2025-06-14,43.99,Sports,0
TXN0005762,CUST00726,2024-05-12,28.62,Fashion,0
TXN0005763,CUST00726,2025-02-19,38.16,Beauty,0
TXN0005764,CUST00726,2025-07-06,10.64,Fashion,0
TXN0005765,CUST00726,2024-11-22,61.98,Home & Kitchen,0
TXN0005766,CUST00726,2025-11-03,65.12,Beauty,0
TXN0005767,CUST00726,2025-02-05,136.96,Beauty,1
TXN0005768,CUST00726,2025-03-30,24.79,Electronics,0
TXN0005769,CUST00727,2025-02-21,27.44,Sports,1
TXN0005770,CUST00727,2025-03-03,73.38,Fashion,0
TXN0005771,CUST00727,2025-01-23,120.55,Electronics,1
TXN0005772,CUST00727,2025-01-11,104.24,Home & Kitchen,0
TXN0005773,CUST00727,2024-11-07,38.42,Electronics,0
TXN0005774,CUST00727,2025-09-28,97.21,Sports,0
TXN0005775,CUST00727,2025-05-06,27.3,Electronics,0
TXN0005776,CUST00727,2024-07-12,29.42,Books,0
TXN0005777,CUST00727,2024-10-23,22.9,Sports,0
TXN0005778,CUST00727,2024-11-04,68.22,Beauty,0
TXN0005779,CUST00727,2024-05-25,73.76,Electronics,1
TXN0005780,CUST00727,2024-06-14,36.43,Home & Kitchen,0
TXN0005781,CUST00727,2025-07-08,47.38,Books,0
TXN0005782,CUST00727,2024-05-29,46.43,Electronics,0
TXN0005783,CUST00727,2024-12-17,102.22,Home & Kitchen,0
TXN0005784,CUST00727,2025-05-09,34.95,Home & Kitchen,0
TXN0005785,CUST00728,2024-10-05,16.2,Home & Kitchen,0
TXN0005786,CUST00728,2024-07-20,36.66,Fashion,0
TXN0005787,CUST00728,2025-05-30,36.02,Fashion,1
TXN0005788,CUST00728,2025-06-26,13.84,Home & Kitchen,0
TXN0005789,CUST00728,2025-11-05,63.0,Electronics,1
TXN0005790,CUST00728,2024-04-25,109.09,Electronics,0
TXN0005791,CUST00728,2025-06-30,65.52,Beauty,1
TXN0005792,CUST00728,2025-05-14,48.11,Fashion,1
TXN0005793,CUST00728,2024-11-04,76.55,Beauty,0
TXN0005794,CUST00728,2025-02-18,32.41,Electronics,0
TXN0005795,CUST00728,2025-05-16,103.9,Electronics,0
TXN0005796,CUST00728,2024-04-02,148.35,Fashion,0
TXN0005797,CUST00728,2024-07-30,83.04,Sports,1
TXN0005798,CUST00728,2024-08-06,74.39,Books,1
TXN0005799,CUST00728,2025-03-31,68.04,Home & Kitchen,0
TXN0005800,CUST00728,2025-04-28,19.44,Sports,0
TXN0005801,CUST00728,2025-05-12,47.87,Beauty,0
TXN0005802,CUST00728,2025-01-07,44.48,Electronics,0
TXN0005803,CUST00728,2025-03-02,59.97,Sports,0
TXN0005804,CUST00728,2024-04-02,26.52,Home & Kitchen,1
TXN0005805,CUST00728,2025-12-16,132.18,Books,0
TXN0005806,CUST00728,2024-08-16,49.77,Sports,0
TXN0005807,CUST00728,2025-03-06,42.4,Home & Kitchen,0
TXN0005808,CUST00728,2025-05-23,112.72,Sports,1
TXN0005809,CUST00728,2025-12-02,22.22,Home & Kitchen,0
TXN0005810,CUST00728,2024-04-18,196.44,Sports,1
TXN0005811,CUST00728,2024-11-09,51.44,Electronics,0
TXN0005812,CUST00728,2024-05-28,98.23,Electronics,1
TXN0005813,CUST00728,2024-05-27,59.35,Fashion,1
TXN0005814,CUST00728,2024-03-29,24.73,Home & Kitchen,0
TXN0005815,CUST00728,2025-08-13,132.7,Beauty,0
TXN0005816,CUST00728,2025-12-23,114.26,Fashion,0
TXN0005817,CUST00728,2024-02-12,101.98,Home & Kitchen,1
TXN0005818,CUST00728,2024-09-12,37.58,Books,0
TXN0005819,CUST00728,2025-07-04,46.74,Books,1
TXN0005820,CUST00728,2025-04-22,96.92,Sports,0
TXN0005821,CUST00728,2024-08-06,101.55,Sports,1
TXN0005822,CUST00728,2025-03-07,80.9,Sports,1
TXN0005823,CUST00728,2025-03-13,77.58,Beauty,0
TXN0005824,CUST00728,2025-02-17,131.37,Beauty,0
TXN0005825,CUST00729,2025-05-16,55.64,Sports,0
TXN0005826,CUST00729,2025-10-03,48.68,Fashion,1
TXN0005827,CUST00730,2025-10-29,126.19,Home & Kitchen,0
TXN0005828,CUST00730,2024-09-28,27.88,Electronics,0
TXN0005829,CUST00730,2025-07-19,61.01,Books,0
TXN0005830,CUST00730,2025-07-15,88.7,Sports,1
TXN0005831,CUST00730,2025-02-22,21.88,Books,0
TXN0005832,CUST00730,2025-09-25,44.5,Fashion,1
TXN0005833,CUST00730,2025-11-07,58.07,Books,0
TXN0005834,CUST00730,2025-02-10,8.13,Fashion,0
TXN0005835,CUST00730,2025-07-23,55.36,Fashion,0
TXN0005836,CUST00730,2025-06-20,65.91,Beauty,1
TXN0005837,CUST00730,2025-12-15,51.24,Sports,1
TXN0005838,CUST00730,2024-11-23,89.44,Books,0
TXN0005839,CUST00730,2025-10-28,27.86,Home & Kitchen,0
TXN0005840,CUST00730,2025-10-07,66.09,Electronics,1
TXN0005841,CUST00730,2025-09-23,125.24,Books,0
TXN0005842,CUST00730,2024-12-18,83.63,Books,0
TXN0005843,CUST00730,2025-02-03,70.05,Home & Kitchen,0
TXN0005844,CUST00730,2024-09-04,108.72,Books,0
TXN0005845,CUST00730,2025-09-13,117.52,Fashion,0
TXN0005846,CUST00730,2024-08-13,48.31,Books,1
TXN0005847,CUST00731,2025-05-10,22.95,Sports,0
TXN0005848,CUST00733,2024-12-25,62.72,Beauty,0
TXN0005849,CUST00733,2024-10-07,55.76,Books,0
TXN0005850,CUST00733,2024-07-16,67.39,Beauty,0
TXN0005851,CUST00733,2024-04-16,66.85,Fashion,0
TXN0005852,CUST00733,2025-06-20,60.63,Beauty,0
TXN0005853,CUST00733,2025-05-06,6.36,Home & Kitchen,1
TXN0005854,CUST00733,2025-06-18,40.08,Beauty,0
TXN0005855,CUST00733,2025-08-21,20.52,Sports,0
TXN0005856,CUST00733,2025-11-23,10.07,Home & Kitchen,0
TXN0005857,CUST00734,2025-11-25,100.39,Home & Kitchen,0
TXN0005858,CUST00735,2025-02-01,40.04,Beauty,0
TXN0005859,CUST00735,2025-05-03,142.49,Sports,1
TXN0005860,CUST00735,2024-10-29,53.19,Books,0
TXN0005861,CUST00735,2025-05-06,40.11,Fashion,0
TXN0005862,CUST00735,2024-09-06,31.61,Home & Kitchen,0
TXN0005863,CUST00735,2024-06-28,12.98,Books,1
TXN0005864,CUST00735,2024-08-14,18.14,Electronics,0
TXN0005865,CUST00735,2025-10-06,76.53,Home & Kitchen,0
TXN0005866,CUST00735,2025-01-25,41.53,Beauty,0
TXN0005867,CUST00735,2024-07-11,211.49,Home & Kitchen,0
TXN0005868,CUST00735,2025-03-14,22.76,Electronics,0
TXN0005869,CUST00735,2025-01-13,64.13,Books,0
TXN0005870,CUST00735,2025-12-29,24.75,Electronics,0
TXN0005871,CUST00735,2025-01-16,8.44,Electronics,1
TXN0005872,CUST00735,2025-06-26,27.31,Books,1
TXN0005873,CUST00735,2025-01-06,37.68,Fashion,0
TXN0005874,CUST00735,2025-02-09,68.11,Electronics,0
TXN0005875,CUST00736,2025-01-21,69.37,Fashion,0
TXN0005876,CUST00736,2024-11-30,108.49,Sports,0
TXN0005877,CUST00736,2025-10-02,36.74,Electronics,0
TXN0005878,CUST00736,2024-11-03,113.11,Electronics,0
TXN0005879,CUST00736,2025-08-28,100.94,Books,0
TXN0005880,CUST00736,2024-11-21,35.58,Home & Kitchen,0
TXN0005881,CUST00736,2024-09-30,91.9,Sports,0
TXN0005882,CUST00736,2025-11-20,168.57,Beauty,0
TXN0005883,CUST00736,2024-09-24,34.12,Electronics,0
TXN0005884,CUST00736,2024-06-24,67.15,Beauty,0
TXN0005885,CUST00736,2024-05-18,51.47,Books,0
TXN0005886,CUST00736,2024-08-01,109.5,Sports,1
TXN0005887,CUST00736,2025-12-21,87.37,Books,1
TXN0005888,CUST00736,2025-11-23,98.31,Fashion,0
TXN0005889,CUST00736,2024-05-12,16.19,Beauty,0
TXN0005890,CUST00736,2025-05-14,103.14,Beauty,0
TXN0005891,CUST00736,2024-11-19,35.08,Sports,0
TXN0005892,CUST00736,2025-05-02,139.15,Books,1
TXN0005893,CUST00736,2024-06-06,47.31,Books,0
TXN0005894,CUST00736,2025-04-06,78.84,Sports,0
TXN0005895,CUST00736,2025-05-15,21.02,Books,0
TXN0005896,CUST00736,2024-12-31,101.59,Electronics,0
TXN0005897,CUST00736,2025-01-28,37.43,Beauty,1
TXN0005898,CUST00736,2024-07-04,77.78,Electronics,0
TXN0005899,CUST00736,2025-05-10,90.78,Sports,1
TXN0005900,CUST00736,2025-06-22,79.27,Fashion,1
TXN0005901,CUST00736,2025-09-25,108.63,Books,0
TXN0005902,CUST00736,2025-09-24,27.0,Electronics,0
TXN0005903,CUST00736,2024-06-22,22.36,Books,0
TXN0005904,CUST00736,2024-03-18,13.2,Beauty,0
TXN0005905,CUST00736,2025-06-26,59.92,Books,0
TXN0005906,CUST00736,2024-07-16,152.09,Sports,0
TXN0005907,CUST00736,2024-12-13,69.76,Books,1
TXN0005908,CUST00736,2025-06-12,65.04,Home & Kitchen,1
TXN0005909,CUST00736,2025-09-23,59.64,Fashion,0
TXN0005910,CUST00736,2025-05-02,88.71,Books,1
TXN0005911,CUST00736,2024-12-07,38.41,Books,0
TXN0005912,CUST00736,2024-10-28,39.14,Sports,0
TXN0005913,CUST00736,2025-03-05,40.42,Books,1
TXN0005914,CUST00736,2024-08-28,10.3,Sports,0
TXN0005915,CUST00736,2024-11-22,46.72,Electronics,0
TXN0005916,CUST00736,2025-06-07,66.57,Sports,1
TXN0005917,CUST00736,2025-11-19,28.67,Beauty,0
TXN0005918,CUST00736,2025-11-09,8.78,Fashion,0
TXN0005919,CUST00737,2025-08-12,39.23,Books,1
TXN0005920,CUST00737,2024-12-06,20.26,Sports,1
TXN0005921,CUST00737,2025-12-24,8.0,Fashion,0
TXN0005922,CUST00737,2025-02-04,81.1,Fashion,0
TXN0005923,CUST00737,2025-08-27,56.52,Electronics,1
TXN0005924,CUST00738,2025-11-29,102.52,Home & Kitchen,0
TXN0005925,CUST00739,2025-10-02,19.78,Fashion,0
TXN0005926,CUST00739,2025-11-15,34.06,Sports,1
TXN0005927,CUST00739,2025-12-06,25.61,Home & Kitchen,0
TXN0005928,CUST00739,2025-10-09,47.4,Electronics,0
TXN0005929,CUST00740,2025-12-21,78.76,Beauty,0
TXN0005930,CUST00742,2025-12-06,88.76,Beauty,1
TXN0005931,CUST00742,2025-04-29,27.84,Beauty,0
TXN0005932,CUST00742,2025-07-10,43.85,Fashion,0
TXN0005933,CUST00742,2024-09-28,37.05,Home & Kitchen,0
TXN0005934,CUST00742,2024-12-12,36.85,Electronics,1
TXN0005935,CUST00742,2025-02-08,27.75,Home & Kitchen,1
TXN0005936,CUST00742,2024-07-31,31.6,Books,0
TXN0005937,CUST00743,2025-09-09,118.72,Fashion,0
TXN0005938,CUST00743,2025-10-22,57.3,Sports,0
TXN0005939,CUST00744,2025-10-17,63.44,Electronics,0
TXN0005940,CUST00744,2025-07-21,103.16,Home & Kitchen,0
TXN0005941,CUST00744,2024-08-06,20.45,Home & Kitchen,1
TXN0005942,CUST00744,2025-08-21,107.39,Beauty,0
TXN0005943,CUST00744,2025-08-15,64.62,Home & Kitchen,0
TXN0005944,CUST00744,2025-10-15,75.4,Home & Kitchen,0
TXN0005945,CUST00744,2025-04-21,94.28,Fashion,1
TXN0005946,CUST00744,2025-04-19,56.07,Electronics,1
TXN0005947,CUST00744,2024-11-27,139.23,Books,0
TXN0005948,CUST00744,2024-11-17,24.79,Books,0
TXN0005949,CUST00744,2024-12-23,81.29,Sports,0
TXN0005950,CUST00744,2025-10-21,54.76,Beauty,0
TXN0005951,CUST00744,2025-02-02,70.89,Fashion,0
TXN0005952,CUST00745,2025-08-17,76.57,Home & Kitchen,0
TXN0005953,CUST00745,2024-09-19,37.91,Books,0
TXN0005954,CUST00745,2025-05-06,34.04,Sports,0
TXN0005955,CUST00745,2025-09-11,44.47,Electronics,0
TXN0005956,CUST00745,2024-07-26,53.77,Beauty,0
TXN0005957,CUST00745,2025-08-09,23.67,Sports,0
TXN0005958,CUST00745,2024-09-05,42.21,Beauty,1
TXN0005959,CUST00745,2025-01-18,110.59,Electronics,1
TXN0005960,CUST00745,2025-02-28,48.29,Home & Kitchen,1
TXN0005961,CUST00745,2025-01-09,69.91,Electronics,0
TXN0005962,CUST00745,2025-08-09,42.88,Sports,0
TXN0005963,CUST00745,2024-11-21,38.61,Beauty,1
TXN0005964,CUST00745,2024-08-21,49.22,Home & Kitchen,1
TXN0005965,CUST00745,2025-05-17,63.09,Home & Kitchen,0
TXN0005966,CUST00745,2024-12-25,34.9,Home & Kitchen,1
TXN0005967,CUST00745,2025-03-14,83.7,Electronics,0
TXN0005968,CUST00745,2024-08-19,52.49,Electronics,0
TXN0005969,CUST00745,2025-05-27,35.31,Home & Kitchen,1
TXN0005970,CUST00746,2025-11-30,37.35,Books,1
TXN0005971,CUST00746,2025-12-17,96.59,Fashion,0
TXN0005972,CUST00747,2025-05-31,103.36,Beauty,1
TXN0005973,CUST00747,2024-09-05,45.85,Home & Kitchen,1
TXN0005974,CUST00747,2025-10-24,21.9,Electronics,0
TXN0005975,CUST00748,2025-10-15,36.29,Electronics,0
TXN0005976,CUST00748,2025-12-03,54.77,Beauty,0
TXN0005977,CUST00748,2025-07-03,59.36,Beauty,1
TXN0005978,CUST00749,2025-12-26,35.29,Fashion,0
TXN0005979,CUST00749,2025-06-29,20.32,Electronics,0
TXN0005980,CUST00749,2025-09-02,26.88,Sports,0
TXN0005981,CUST00749,2024-10-21,33.1,Sports,1
TXN0005982,CUST00749,2025-03-16,19.49,Fashion,0
TXN0005983,CUST00749,2025-11-15,82.79,Beauty,0
TXN0005984,CUST00749,2024-11-27,70.54,Electronics,0
TXN0005985,CUST00750,2025-12-27,69.36,Beauty,0
TXN0005986,CUST00750,2024-05-30,29.52,Electronics,0
TXN0005987,CUST00750,2024-09-11,71.46,Fashion,0
TXN0005988,CUST00750,2025-02-12,60.42,Books,1
TXN0005989,CUST00750,2024-07-28,64.96,Home & Kitchen,1
TXN0005990,CUST00751,2024-05-10,48.14,Fashion,0
TXN0005991,CUST00751,2025-10-17,96.34,Beauty,0
TXN0005992,CUST00751,2024-06-28,75.78,Beauty,0
TXN0005993,CUST00751,2024-12-31,40.04,Home & Kitchen,0
TXN0005994,CUST00751,2024-01-29,42.64,Home & Kitchen,0
TXN0005995,CUST00751,2025-07-26,24.97,Home & Kitchen,1
TXN0005996,CUST00751,2024-11-16,73.23,Beauty,0
TXN0005997,CUST00751,2025-08-13,41.77,Fashion,0
TXN0005998,CUST00751,2025-01-03,41.05,Sports,0
TXN0005999,CUST00751,2024-08-19,39.75,Home & Kitchen,0
TXN0006000,CUST00751,2024-08-01,20.3,Electronics,0
TXN0006001,CUST00751,2025-02-24,20.01,Beauty,0
TXN0006002,CUST00751,2025-04-25,65.04,Books,1
TXN0006003,CUST00751,2025-05-29,18.12,Beauty,0
TXN0006004,CUST00751,2025-12-25,32.12,Fashion,1
TXN0006005,CUST00751,2024-05-26,64.95,Fashion,0
TXN0006006,CUST00752,2025-12-15,45.57,Home & Kitchen,0
TXN0006007,CUST00752,2025-11-19,120.85,Books,1
TXN0006008,CUST00752,2025-12-07,70.91,Beauty,0
TXN0006009,CUST00752,2025-11-13,95.13,Electronics,0
TXN0006010,CUST00752,2025-11-24,122.52,Home & Kitchen,1
TXN0006011,CUST00753,2025-09-15,63.1,Books,1
TXN0006012,CUST00753,2025-08-20,23.81,Fashion,0
TXN0006013,CUST00754,2025-10-20,35.74,Electronics,0
TXN0006014,CUST00754,2025-08-12,105.18,Fashion,0
TXN0006015,CUST00754,2025-12-11,47.55,Home & Kitchen,0
TXN0006016,CUST00754,2025-12-18,70.47,Electronics,0
TXN0006017,CUST00754,2025-07-26,26.86,Fashion,1
TXN0006018,CUST00754,2025-08-23,87.19,Beauty,0
TXN0006019,CUST00754,2025-11-29,107.47,Beauty,0
TXN0006020,CUST00755,2025-08-23,156.53,Books,0
TXN0006021,CUST00755,2025-11-25,126.85,Home & Kitchen,0
TXN0006022,CUST00755,2025-08-08,27.38,Electronics,0
TXN0006023,CUST00755,2025-08-13,46.14,Fashion,1
TXN0006024,CUST00755,2025-09-25,134.81,Books,0
TXN0006025,CUST00755,2025-09-17,108.32,Fashion,0
TXN0006026,CUST00755,2025-11-24,10.14,Beauty,0
TXN0006027,CUST00755,2025-10-20,40.88,Books,1
TXN0006028,CUST00755,2025-12-26,96.66,Home & Kitchen,1
TXN0006029,CUST00755,2025-09-09,69.12,Electronics,1
TXN0006030,CUST00755,2025-07-13,83.71,Beauty,0
TXN0006031,CUST00755,2025-07-31,88.38,Beauty,0
TXN0006032,CUST00755,2025-09-14,60.45,Sports,0
TXN0006033,CUST00757,2025-12-19,27.48,Beauty,0
TXN0006034,CUST00757,2025-12-04,41.42,Books,0
TXN0006035,CUST00757,2025-12-02,51.34,Books,0
TXN0006036,CUST00757,2025-12-17,127.2,Fashion,1
TXN0006037,CUST00758,2025-10-16,24.27,Home & Kitchen,0
TXN0006038,CUST00758,2025-11-26,29.73,Beauty,0
TXN0006039,CUST00758,2025-01-12,63.11,Sports,0
TXN0006040,CUST00758,2024-12-30,45.61,Books,0
TXN0006041,CUST00759,2025-09-26,15.04,Books,0
TXN0006042,CUST00759,2024-10-19,44.24,Beauty,0
TXN0006043,CUST00759,2024-05-25,44.65,Fashion,1
TXN0006044,CUST00759,2025-06-16,8.84,Electronics,0
TXN0006045,CUST00759,2024-10-28,105.93,Electronics,0
TXN0006046,CUST00759,2025-01-15,16.11,Electronics,0
TXN0006047,CUST00759,2025-07-18,80.28,Fashion,0
TXN0006048,CUST00759,2024-05-23,46.25,Fashion,1
TXN0006049,CUST00759,2024-12-04,57.0,Home & Kitchen,0
TXN0006050,CUST00759,2024-11-16,14.17,Sports,1
TXN0006051,CUST00759,2025-06-15,141.18,Electronics,1
TXN0006052,CUST00759,2024-09-07,16.4,Books,0
TXN0006053,CUST00760,2025-02-15,46.07,Fashion,0
TXN0006054,CUST00761,2025-09-05,85.09,Electronics,0
TXN0006055,CUST00761,2025-10-21,107.96,Books,0
TXN0006056,CUST00763,2025-12-29,19.07,Home & Kitchen,0
TXN0006057,CUST00763,2025-12-02,12.64,Beauty,1
TXN0006058,CUST00767,2025-01-19,38.48,Sports,1
TXN0006059,CUST00767,2025-03-18,63.59,Books,1
TXN0006060,CUST00767,2025-04-04,77.54,Electronics,0
TXN0006061,CUST00767,2025-09-29,48.0,Beauty,1
TXN0006062,CUST00767,2025-04-13,28.32,Beauty,0
TXN0006063,CUST00767,2025-09-04,44.36,Home & Kitchen,0
TXN0006064,CUST00767,2025-01-08,113.6,Home & Kitchen,0
TXN0006065,CUST00767,2025-07-26,66.08,Beauty,1
TXN0006066,CUST00767,2025-03-22,93.12,Electronics,0
TXN0006067,CUST00767,2025-03-26,39.95,Beauty,1
TXN0006068,CUST00767,2025-04-13,159.1,Fashion,1
TXN0006069,CUST00767,2025-09-08,9.98,Sports,0
TXN0006070,CUST00767,2025-04-16,96.45,Fashion,0
TXN0006071,CUST00767,2025-12-18,38.85,Books,1
TXN0006072,CUST00767,2025-09-16,108.37,Sports,0
TXN0006073,CUST00767,2024-12-31,54.99,Fashion,0
TXN0006074,CUST00767,2025-09-26,76.65,Fashion,0
TXN0006075,CUST00767,2025-06-28,48.94,Home & Kitchen,0
TXN0006076,CUST00767,2025-06-29,55.62,Electronics,0
TXN0006077,CUST00767,2025-05-06,113.02,Home & Kitchen,0
TXN0006078,CUST00767,2025-10-21,38.56,Books,1
TXN0006079,CUST00767,2025-03-21,30.37,Fashion,0
TXN0006080,CUST00767,2025-11-01,74.28,Books,0
TXN0006081,CUST00768,2024-09-20,34.23,Beauty,0
TXN0006082,CUST00768,2024-09-21,66.77,Fashion,0
TXN0006083,CUST00768,2024-05-24,37.11,Beauty,0
TXN0006084,CUST00768,2024-04-05,48.39,Books,0
TXN0006085,CUST00768,2025-08-31,58.45,Electronics,1
TXN0006086,CUST00768,2025-04-07,34.75,Books,0
TXN0006087,CUST00768,2025-04-23,40.83,Books,1
TXN0006088,CUST00768,2025-12-25,30.23,Sports,0
TXN0006089,CUST00769,2025-11-28,64.89,Sports,0
TXN0006090,CUST00769,2024-09-29,43.91,Fashion,1
TXN0006091,CUST00769,2025-07-07,72.99,Fashion,1
TXN0006092,CUST00769,2025-09-23,27.36,Sports,0
TXN0006093,CUST00769,2025-11-16,25.24,Books,0
TXN0006094,CUST00769,2025-12-28,12.28,Books,1
TXN0006095,CUST00769,2025-01-08,51.36,Fashion,1
TXN0006096,CUST00769,2025-08-21,5.49,Fashion,1
TXN0006097,CUST00769,2025-04-19,48.93,Electronics,1
TXN0006098,CUST00771,2025-12-03,49.92,Fashion,0
TXN0006099,CUST00772,2024-06-16,45.63,Beauty,0
TXN0006100,CUST00772,2024-01-16,47.97,Electronics,1
TXN0006101,CUST00772,2025-09-18,28.85,Home & Kitchen,1
TXN0006102,CUST00772,2024-09-27,31.87,Fashion,0
TXN0006103,CUST00772,2024-04-30,25.83,Fashion,0
TXN0006104,CUST00772,2024-11-25,52.77,Beauty,0
TXN0006105,CUST00772,2025-11-09,49.84,Electronics,0
TXN0006106,CUST00772,2024-04-14,41.69,Sports,0
TXN0006107,CUST00772,2025-02-11,68.28,Fashion,0
TXN0006108,CUST00772,2025-07-06,34.79,Electronics,0
TXN0006109,CUST00772,2024-04-05,23.1,Electronics,0
TXN0006110,CUST00772,2025-06-16,74.77,Beauty,0
TXN0006111,CUST00772,2024-05-22,52.69,Beauty,0
TXN0006112,CUST00772,2024-10-06,24.16,Sports,0
TXN0006113,CUST00772,2024-09-28,80.61,Home & Kitchen,0
TXN0006114,CUST00772,2024-02-11,38.82,Books,1
TXN0006115,CUST00772,2025-08-16,138.27,Books,0
TXN0006116,CUST00772,2025-07-12,160.52,Fashion,0
TXN0006117,CUST00772,2025-12-05,26.53,Fashion,1
TXN0006118,CUST00772,2025-02-10,20.41,Home & Kitchen,1
TXN0006119,CUST00773,2025-12-18,25.17,Beauty,0
TXN0006120,CUST00774,2025-09-14,26.33,Beauty,0
TXN0006121,CUST00774,2025-11-17,68.05,Electronics,0
TXN0006122,CUST00774,2025-08-22,48.64,Sports,0
TXN0006123,CUST00774,2025-12-05,54.25,Beauty,0
TXN0006124,CUST00775,2025-12-18,38.69,Books,0
TXN0006125,CUST00775,2025-09-27,17.68,Electronics,1
TXN0006126,CUST00775,2025-09-27,21.25,Home & Kitchen,0
TXN0006127,CUST00776,2025-04-05,60.28,Electronics,1
TXN0006128,CUST00776,2025-07-22,42.94,Home & Kitchen,0
TXN0006129,CUST00776,2025-06-18,105.09,Home & Kitchen,0
TXN0006130,CUST00776,2025-12-01,105.53,Home & Kitchen,0
TXN0006131,CUST00776,2025-10-08,64.74,Home & Kitchen,0
TXN0006132,CUST00776,2025-03-31,31.02,Books,0
TXN0006133,CUST00776,2025-07-11,73.12,Beauty,0
TXN0006134,CUST00776,2025-05-04,28.02,Fashion,0
TXN0006135,CUST00776,2025-06-18,97.48,Home & Kitchen,0
TXN0006136,CUST00776,2025-01-13,39.27,Electronics,0
TXN0006137,CUST00776,2025-02-27,63.3,Fashion,0
TXN0006138,CUST00776,2025-01-04,64.61,Electronics,1
TXN0006139,CUST00776,2025-04-02,9.57,Electronics,0
TXN0006140,CUST00777,2025-05-23,34.6,Electronics,0
TXN0006141,CUST00777,2024-12-26,45.23,Books,0
TXN0006142,CUST00777,2025-06-20,139.06,Books,1
TXN0006143,CUST00777,2025-08-13,23.93,Home & Kitchen,0
TXN0006144,CUST00777,2024-12-18,98.68,Fashion,1
TXN0006145,CUST00777,2025-04-14,72.88,Home & Kitchen,1
TXN0006146,CUST00777,2025-10-20,42.52,Beauty,1
TXN0006147,CUST00777,2024-10-31,94.23,Home & Kitchen,0
TXN0006148,CUST00777,2025-01-01,65.53,Sports,0
TXN0006149,CUST00777,2025-07-04,59.31,Electronics,0
TXN0006150,CUST00777,2024-12-26,46.91,Beauty,0
TXN0006151,CUST00777,2025-10-02,50.62,Fashion,0
TXN0006152,CUST00777,2025-05-29,24.42,Home & Kitchen,0
TXN0006153,CUST00777,2025-05-14,34.28,Beauty,1
TXN0006154,CUST00777,2024-10-29,82.77,Home & Kitchen,0
TXN0006155,CUST00777,2025-01-14,66.42,Home & Kitchen,0
TXN0006156,CUST00777,2025-07-08,61.41,Home & Kitchen,0
TXN0006157,CUST00777,2025-11-14,150.02,Electronics,0
TXN0006158,CUST00777,2025-08-17,79.22,Electronics,0
TXN0006159,CUST00777,2025-12-20,85.15,Books,0
TXN0006160,CUST00778,2025-01-13,68.52,Electronics,0
TXN0006161,CUST00778,2024-08-01,31.11,Books,0
TXN0006162,CUST00778,2025-12-01,20.49,Sports,1
TXN0006163,CUST00778,2024-09-18,47.69,Fashion,0
TXN0006164,CUST00778,2024-11-05,14.09,Home & Kitchen,1
TXN0006165,CUST00778,2024-11-24,48.7,Home & Kitchen,1
TXN0006166,CUST00778,2025-10-17,17.42,Books,0
TXN0006167,CUST00778,2025-01-26,58.92,Home & Kitchen,0
TXN0006168,CUST00778,2024-04-15,68.74,Books,1
TXN0006169,CUST00778,2024-06-08,51.01,Sports,0
TXN0006170,CUST00778,2024-06-15,24.28,Sports,0
TXN0006171,CUST00778,2024-11-02,76.52,Sports,0
TXN0006172,CUST00778,2025-05-22,57.69,Home & Kitchen,0
TXN0006173,CUST00778,2024-11-19,66.15,Fashion,0
TXN0006174,CUST00779,2025-12-26,37.06,Books,1
TXN0006175,CUST00780,2025-03-26,37.29,Home & Kitchen,1
TXN0006176,CUST00780,2025-03-06,150.37,Fashion,1
TXN0006177,CUST00780,2025-07-13,144.5,Sports,0
TXN0006178,CUST00780,2025-07-15,77.13,Beauty,1
TXN0006179,CUST00780,2025-04-04,53.68,Electronics,0
TXN0006180,CUST00780,2025-05-24,49.79,Electronics,0
TXN0006181,CUST00780,2025-08-27,142.32,Fashion,0
TXN0006182,CUST00780,2025-10-20,162.63,Books,1
TXN0006183,CUST00780,2025-01-31,59.17,Books,0
TXN0006184,CUST00780,2025-08-23,25.18,Sports,0
TXN0006185,CUST00780,2025-03-20,53.31,Electronics,0
TXN0006186,CUST00780,2025-01-30,32.79,Electronics,1
TXN0006187,CUST00780,2025-08-30,28.51,Sports,0
TXN0006188,CUST00780,2025-06-18,24.64,Books,1
TXN0006189,CUST00780,2025-02-03,79.85,Fashion,0
TXN0006190,CUST00780,2025-12-27,79.77,Fashion,1
TXN0006191,CUST00780,2025-06-17,42.33,Books,0
TXN0006192,CUST00780,2025-06-28,22.69,Beauty,0
TXN0006193,CUST00780,2025-05-17,38.66,Electronics,0
TXN0006194,CUST00781,2025-10-25,22.3,Electronics,0
TXN0006195,CUST00782,2025-08-14,34.86,Sports,0
TXN0006196,CUST00782,2025-03-14,32.29,Sports,0
TXN0006197,CUST00782,2025-02-18,66.72,Home & Kitchen,0
TXN0006198,CUST00782,2025-01-04,42.94,Home & Kitchen,0
TXN0006199,CUST00782,2024-10-18,79.78,Books,0
TXN0006200,CUST00782,2025-12-25,58.1,Beauty,0
TXN0006201,CUST00782,2025-01-27,79.86,Fashion,0
TXN0006202,CUST00782,2024-10-26,93.62,Sports,0
TXN0006203,CUST00782,2024-11-11,39.46,Books,0
TXN0006204,CUST00782,2025-04-09,49.8,Fashion,1
TXN0006205,CUST00784,2025-04-08,10.76,Electronics,1
TXN0006206,CUST00784,2025-02-06,109.33,Fashion,0
TXN0006207,CUST00784,2025-02-08,28.72,Fashion,0
TXN0006208,CUST00784,2025-04-22,26.43,Beauty,0
TXN0006209,CUST00784,2025-05-22,38.1,Sports,0
TXN0006210,CUST00784,2025-04-19,22.35,Books,0
TXN0006211,CUST00784,2025-09-22,122.93,Home & Kitchen,0
TXN0006212,CUST00784,2025-02-21,46.74,Sports,1
TXN0006213,CUST00785,2025-10-09,40.58,Home & Kitchen,0
TXN0006214,CUST00785,2025-05-23,54.75,Home & Kitchen,0
TXN0006215,CUST00785,2025-04-24,215.47,Beauty,0
TXN0006216,CUST00785,2025-05-31,26.43,Books,1
TXN0006217,CUST00785,2025-11-09,27.71,Books,0
TXN0006218,CUST00785,2025-11-17,16.52,Electronics,0
TXN0006219,CUST00785,2025-09-05,78.76,Beauty,0
TXN0006220,CUST00786,2025-04-27,75.18,Electronics,0
TXN0006221,CUST00786,2025-08-31,21.99,Beauty,0
TXN0006222,CUST00786,2025-06-30,34.64,Beauty,0
TXN0006223,CUST00786,2025-06-05,64.73,Sports,0
TXN0006224,CUST00786,2025-10-03,73.95,Sports,0
TXN0006225,CUST00786,2025-06-28,47.97,Electronics,1
TXN0006226,CUST00786,2025-07-14,43.72,Fashion,0
TXN0006227,CUST00786,2025-11-20,68.01,Sports,1
TXN0006228,CUST00787,2025-12-12,90.34,Home & Kitchen,0
TXN0006229,CUST00787,2025-10-23,6.01,Books,1
TXN0006230,CUST00787,2025-11-07,50.01,Fashion,0
TXN0006231,CUST00787,2025-12-06,72.7,Home & Kitchen,0
TXN0006232,CUST00789,2025-09-16,36.38,Electronics,0
TXN0006233,CUST00789,2025-06-18,100.84,Sports,1
TXN0006234,CUST00789,2025-08-12,79.71,Electronics,0
TXN0006235,CUST00789,2025-07-27,40.31,Books,0
TXN0006236,CUST00789,2025-09-13,69.98,Fashion,0
TXN0006237,CUST00789,2025-10-27,76.51,Books,0
TXN0006238,CUST00789,2025-08-17,29.83,Beauty,1
TXN0006239,CUST00789,2025-06-26,23.17,Beauty,1
TXN0006240,CUST00789,2025-08-20,15.16,Books,0
TXN0006241,CUST00789,2025-12-22,44.1,Sports,0
TXN0006242,CUST00789,2025-05-26,69.09,Sports,0
TXN0006243,CUST00789,2025-06-10,125.9,Electronics,1
TXN0006244,CUST00789,2025-10-05,93.44,Fashion,0
TXN0006245,CUST00789,2025-10-20,67.55,Beauty,0
TXN0006246,CUST00789,2025-09-06,27.87,Sports,1
TXN0006247,CUST00791,2025-02-26,66.37,Beauty,1
TXN0006248,CUST00791,2025-01-31,68.79,Sports,0
TXN0006249,CUST00791,2025-04-23,48.83,Beauty,0
TXN0006250,CUST00792,2025-02-23,48.08,Beauty,0
TXN0006251,CUST00792,2025-11-22,29.71,Sports,1
TXN0006252,CUST00792,2025-03-09,10.25,Home & Kitchen,0
TXN0006253,CUST00792,2024-12-26,58.62,Fashion,1
TXN0006254,CUST00792,2025-10-05,14.1,Fashion,0
TXN0006255,CUST00792,2025-12-13,64.17,Electronics,0
TXN0006256,CUST00792,2025-02-14,16.61,Fashion,1
TXN0006257,CUST00793,2025-08-25,62.21,Sports,0
TXN0006258,CUST00793,2024-10-02,61.48,Fashion,0
TXN0006259,CUST00793,2024-06-29,26.93,Sports,1
TXN0006260,CUST00793,2024-09-30,28.5,Books,1
TXN0006261,CUST00793,2025-05-28,67.14,Electronics,0
TXN0006262,CUST00793,2024-04-30,39.74,Sports,1
TXN0006263,CUST00793,2024-09-07,36.22,Beauty,0
TXN0006264,CUST00793,2025-01-23,34.59,Sports,1
TXN0006265,CUST00793,2025-07-20,33.21,Books,0
TXN0006266,CUST00793,2024-09-28,88.14,Books,0
TXN0006267,CUST00793,2024-11-12,48.47,Sports,0
TXN0006268,CUST00793,2025-05-06,27.8,Home & Kitchen,0
TXN0006269,CUST00794,2024-09-14,22.25,Home & Kitchen,1
TXN0006270,CUST00794,2025-11-09,69.7,Fashion,0
TXN0006271,CUST00794,2025-08-14,34.5,Home & Kitchen,0
TXN0006272,CUST00794,2025-10-21,32.44,Books,1
TXN0006273,CUST00794,2024-12-17,21.94,Home & Kitchen,0
TXN0006274,CUST00794,2025-09-07,8.34,Sports,0
TXN0006275,CUST00794,2025-11-08,17.52,Electronics,0
TXN0006276,CUST00794,2024-12-12,13.92,Fashion,1
TXN0006277,CUST00795,2025-02-11,34.59,Fashion,0
TXN0006278,CUST00795,2025-02-21,106.02,Electronics,1
TXN0006279,CUST00795,2025-02-25,55.28,Sports,0
TXN0006280,CUST00795,2025-04-19,109.95,Fashion,0
TXN0006281,CUST00795,2024-12-24,67.44,Home & Kitchen,0
TXN0006282,CUST00795,2025-09-09,22.86,Electronics,0
TXN0006283,CUST00795,2025-01-25,60.04,Books,1
TXN0006284,CUST00795,2025-04-08,31.53,Fashion,1
TXN0006285,CUST00795,2025-06-05,89.33,Home & Kitchen,0
TXN0006286,CUST00795,2025-03-26,104.42,Fashion,0
TXN0006287,CUST00795,2025-12-05,122.25,Home & Kitchen,0
TXN0006288,CUST00795,2025-09-21,28.29,Electronics,1
TXN0006289,CUST00795,2025-12-14,92.98,Books,1
TXN0006290,CUST00795,2025-08-05,70.51,Fashion,0
TXN0006291,CUST00796,2025-01-13,56.51,Fashion,0
TXN0006292,CUST00796,2025-12-16,64.14,Sports,0
TXN0006293,CUST00797,2025-08-23,56.9,Electronics,0
TXN0006294,CUST00797,2025-06-20,27.81,Electronics,0
TXN0006295,CUST00797,2025-06-25,41.2,Books,1
TXN0006296,CUST00797,2025-12-11,77.2,Home & Kitchen,0
TXN0006297,CUST00798,2025-09-12,24.98,Books,0
TXN0006298,CUST00798,2024-11-11,128.72,Sports,1
TXN0006299,CUST00798,2025-06-17,11.83,Home & Kitchen,1
TXN0006300,CUST00798,2024-10-25,27.35,Home & Kitchen,0
TXN0006301,CUST00798,2025-07-16,52.29,Electronics,0
TXN0006302,CUST00798,2024-11-20,50.17,Books,1
TXN0006303,CUST00798,2025-12-16,50.73,Sports,0
TXN0006304,CUST00798,2025-06-01,96.82,Home & Kitchen,1
TXN0006305,CUST00798,2025-06-07,21.42,Books,1
TXN0006306,CUST00798,2024-12-17,29.99,Fashion,1
TXN0006307,CUST00798,2025-04-21,16.1,Beauty,0
TXN0006308,CUST00798,2025-08-15,116.0,Sports,0
TXN0006309,CUST00798,2024-07-16,70.0,Home & Kitchen,0
TXN0006310,CUST00799,2025-02-18,34.92,Home & Kitchen,0
TXN0006311,CUST00799,2025-02-19,23.06,Electronics,0
TXN0006312,CUST00800,2025-10-06,14.18,Books,0
TXN0006313,CUST00800,2025-10-13,77.41,Electronics,0
TXN0006314,CUST00800,2025-10-17,27.42,Home & Kitchen,1
TXN0006315,CUST00800,2025-12-20,64.72,Fashion,0
TXN0006316,CUST00802,2025-06-27,49.27,Books,0
TXN0006317,CUST00802,2025-12-02,55.4,Home & Kitchen,1
TXN0006318,CUST00802,2024-11-05,68.65,Fashion,1
TXN0006319,CUST00802,2025-07-09,181.73,Home & Kitchen,0
TXN0006320,CUST00802,2025-08-25,71.07,Electronics,0
TXN0006321,CUST00802,2024-12-03,38.05,Sports,0
TXN0006322,CUST00802,2025-12-30,45.38,Books,0
TXN0006323,CUST00802,2025-09-05,44.33,Sports,0
TXN0006324,CUST00802,2025-07-24,57.67,Electronics,1
TXN0006325,CUST00802,2025-03-04,151.54,Books,0
TXN0006326,CUST00802,2025-04-17,64.04,Books,0
TXN0006327,CUST00802,2025-04-21,18.81,Books,1
TXN0006328,CUST00802,2025-03-15,107.29,Beauty,0
TXN0006329,CUST00802,2024-11-15,70.99,Books,0
TXN0006330,CUST00802,2024-12-14,88.85,Home & Kitchen,1
TXN0006331,CUST00803,2025-12-14,39.28,Books,1
TXN0006332,CUST00803,2025-11-11,35.05,Books,0
TXN0006333,CUST00803,2025-06-01,49.01,Sports,0
TXN0006334,CUST00805,2025-12-26,63.37,Sports,1
TXN0006335,CUST00805,2025-12-15,52.73,Fashion,1
TXN0006336,CUST00805,2025-12-24,46.08,Beauty,0
TXN0006337,CUST00805,2025-11-24,61.05,Fashion,1
TXN0006338,CUST00806,2025-10-29,24.02,Home & Kitchen,0
TXN0006339,CUST00806,2025-11-08,73.57,Home & Kitchen,0
TXN0006340,CUST00806,2025-05-31,44.11,Fashion,0
TXN0006341,CUST00806,2025-09-08,21.9,Sports,0
TXN0006342,CUST00807,2025-11-21,42.94,Books,0
TXN0006343,CUST00807,2025-10-25,104.29,Beauty,0
TXN0006344,CUST00807,2025-12-18,45.3,Fashion,0
TXN0006345,CUST00807,2024-10-25,49.52,Beauty,0
TXN0006346,CUST00807,2025-08-14,66.7,Fashion,0
TXN0006347,CUST00807,2025-10-18,110.31,Books,1
TXN0006348,CUST00807,2025-12-13,73.7,Books,0
TXN0006349,CUST00807,2024-10-04,14.56,Beauty,0
TXN0006350,CUST00807,2025-06-08,144.16,Home & Kitchen,0
TXN0006351,CUST00807,2025-04-21,76.3,Fashion,0
TXN0006352,CUST00807,2025-12-03,73.68,Beauty,0
TXN0006353,CUST00807,2025-02-25,59.11,Electronics,1
TXN0006354,CUST00807,2025-06-13,152.01,Beauty,0
TXN0006355,CUST00807,2024-10-21,26.33,Fashion,0
TXN0006356,CUST00807,2025-04-01,43.64,Beauty,0
TXN0006357,CUST00807,2025-12-29,115.89,Fashion,1
TXN0006358,CUST00807,2024-10-27,85.63,Fashion,1
TXN0006359,CUST00807,2025-10-26,36.68,Fashion,0
TXN0006360,CUST00807,2025-06-26,54.72,Sports,0
TXN0006361,CUST00808,2025-08-08,87.52,Beauty,0
TXN0006362,CUST00808,2025-05-02,18.2,Books,0
TXN0006363,CUST00808,2025-10-09,19.38,Fashion,0
TXN0006364,CUST00808,2025-01-22,20.92,Books,1
TXN0006365,CUST00808,2025-09-22,18.48,Home & Kitchen,0
TXN0006366,CUST00808,2025-12-13,42.98,Electronics,0
TXN0006367,CUST00809,2025-05-27,56.54,Home & Kitchen,0
TXN0006368,CUST00809,2025-01-07,132.55,Fashion,0
TXN0006369,CUST00809,2025-11-10,33.38,Fashion,1
TXN0006370,CUST00809,2025-05-14,60.52,Beauty,0
TXN0006371,CUST00809,2025-12-16,78.61,Books,0
TXN0006372,CUST00809,2024-12-02,61.85,Sports,1
TXN0006373,CUST00809,2025-09-01,41.56,Fashion,0
TXN0006374,CUST00809,2025-07-15,74.08,Electronics,0
TXN0006375,CUST00809,2025-11-26,53.18,Fashion,1
TXN0006376,CUST00809,2025-10-16,25.61,Electronics,0
TXN0006377,CUST00809,2025-10-15,162.29,Beauty,0
TXN0006378,CUST00809,2024-12-18,75.04,Fashion,0
TXN0006379,CUST00809,2025-05-22,20.36,Beauty,0
TXN0006380,CUST00810,2025-06-29,84.14,Books,0
TXN0006381,CUST00810,2025-04-28,53.17,Beauty,1
TXN0006382,CUST00810,2025-11-13,67.13,Electronics,0
TXN0006383,CUST00810,2024-10-23,52.05,Books,0
TXN0006384,CUST00810,2025-11-10,88.55,Sports,0
TXN0006385,CUST00812,2025-11-10,91.17,Fashion,0
TXN0006386,CUST00812,2025-10-20,79.52,Books,0
TXN0006387,CUST00812,2025-10-13,85.01,Electronics,0
TXN0006388,CUST00813,2025-11-07,72.55,Sports,1
TXN0006389,CUST00813,2025-10-17,36.98,Electronics,0
TXN0006390,CUST00813,2025-10-17,22.2,Beauty,0
TXN0006391,CUST00813,2025-09-09,89.37,Beauty,0
TXN0006392,CUST00813,2025-06-13,28.85,Electronics,1
TXN0006393,CUST00814,2025-12-10,103.47,Electronics,1
TXN0006394,CUST00814,2025-12-24,69.45,Electronics,0
TXN0006395,CUST00814,2025-11-17,115.03,Books,1
TXN0006396,CUST00814,2025-09-11,13.58,Electronics,1
TXN0006397,CUST00814,2025-06-15,53.72,Fashion,1
TXN0006398,CUST00814,2025-04-15,59.68,Fashion,0
TXN0006399,CUST00814,2025-12-02,93.24,Electronics,0
TXN0006400,CUST00814,2025-12-25,92.31,Home & Kitchen,0
TXN0006401,CUST00814,2025-06-17,43.57,Fashion,0
TXN0006402,CUST00815,2025-05-17,64.3,Books,0
TXN0006403,CUST00815,2025-11-25,28.5,Sports,0
TXN0006404,CUST00815,2025-01-29,33.95,Electronics,1
TXN0006405,CUST00815,2025-09-17,42.8,Electronics,0
TXN0006406,CUST00815,2025-04-02,50.32,Electronics,0
TXN0006407,CUST00815,2024-10-22,38.82,Sports,1
TXN0006408,CUST00815,2025-04-25,23.88,Books,0
TXN0006409,CUST00815,2025-09-23,7.77,Home & Kitchen,1
TXN0006410,CUST00816,2025-04-14,60.27,Books,0
TXN0006411,CUST00816,2025-03-13,15.85,Electronics,0
TXN0006412,CUST00817,2024-09-28,33.78,Fashion,0
TXN0006413,CUST00817,2025-03-04,35.14,Fashion,0
TXN0006414,CUST00818,2025-09-27,106.93,Beauty,1
TXN0006415,CUST00818,2025-11-03,89.31,Sports,0
TXN0006416,CUST00818,2025-12-10,66.25,Beauty,1
TXN0006417,CUST00818,2025-04-25,100.53,Fashion,0
TXN0006418,CUST00818,2025-01-11,120.25,Home & Kitchen,1
TXN0006419,CUST00818,2025-12-14,46.09,Home & Kitchen,1
TXN0006420,CUST00818,2025-07-10,120.5,Beauty,0
TXN0006421,CUST00818,2025-08-10,72.34,Fashion,1
TXN0006422,CUST00818,2025-08-30,99.48,Fashion,0
TXN0006423,CUST00818,2025-10-12,118.05,Electronics,1
TXN0006424,CUST00818,2025-10-28,68.21,Sports,0
TXN0006425,CUST00818,2025-07-21,64.49,Books,0
TXN0006426,CUST00818,2025-06-14,63.03,Home & Kitchen,0
TXN0006427,CUST00818,2025-07-14,142.22,Books,0
TXN0006428,CUST00818,2025-10-02,47.57,Sports,0
TXN0006429,CUST00818,2025-10-23,56.89,Electronics,1
TXN0006430,CUST00818,2025-06-03,38.53,Electronics,0
TXN0006431,CUST00818,2025-09-03,48.51,Electronics,0
TXN0006432,CUST00819,2025-08-14,29.85,Electronics,0
TXN0006433,CUST00819,2025-09-26,50.44,Sports,1
TXN0006434,CUST00819,2025-09-08,53.92,Home & Kitchen,0
TXN0006435,CUST00820,2025-03-14,28.65,Electronics,0
TXN0006436,CUST00820,2024-10-20,67.65,Sports,1
TXN0006437,CUST00820,2025-09-16,111.46,Beauty,0
TXN0006438,CUST00820,2025-02-18,43.87,Fashion,0
TXN0006439,CUST00820,2025-02-23,29.97,Electronics,0
TXN0006440,CUST00820,2025-11-02,113.26,Fashion,1
TXN0006441,CUST00820,2025-08-27,75.36,Electronics,0
TXN0006442,CUST00820,2025-11-06,66.75,Fashion,0
TXN0006443,CUST00820,2025-04-17,63.04,Beauty,1
TXN0006444,CUST00820,2025-02-14,34.33,Beauty,0
TXN0006445,CUST00820,2025-09-17,55.04,Fashion,0
TXN0006446,CUST00821,2025-05-03,113.65,Home & Kitchen,1
TXN0006447,CUST00821,2025-08-25,44.87,Books,0
TXN0006448,CUST00821,2025-11-08,31.7,Home & Kitchen,1
TXN0006449,CUST00821,2025-08-01,49.17,Fashion,1
TXN0006450,CUST00821,2025-03-21,120.67,Books,0
TXN0006451,CUST00821,2025-08-15,32.1,Beauty,0
TXN0006452,CUST00822,2025-12-25,62.58,Books,0
TXN0006453,CUST00823,2025-10-28,40.07,Books,0
TXN0006454,CUST00823,2024-11-27,13.96,Electronics,0
TXN0006455,CUST00823,2025-09-13,31.41,Beauty,0
TXN0006456,CUST00823,2024-12-16,41.75,Fashion,0
TXN0006457,CUST00823,2024-09-17,62.4,Electronics,0
TXN0006458,CUST00823,2025-01-25,26.77,Fashion,1
TXN0006459,CUST00824,2025-12-16,72.16,Electronics,0
TXN0006460,CUST00825,2025-05-05,122.21,Home & Kitchen,1
TXN0006461,CUST00825,2025-02-11,97.27,Home & Kitchen,0
TXN0006462,CUST00825,2025-12-02,164.52,Electronics,1
TXN0006463,CUST00825,2024-06-18,162.87,Sports,1
TXN0006464,CUST00825,2024-01-25,45.44,Home & Kitchen,1
TXN0006465,CUST00825,2024-06-11,21.41,Electronics,1
TXN0006466,CUST00825,2025-04-12,91.1,Home & Kitchen,0
TXN0006467,CUST00825,2025-12-15,41.76,Electronics,0
TXN0006468,CUST00825,2025-07-21,92.12,Electronics,0
TXN0006469,CUST00825,2025-05-29,100.35,Sports,0
TXN0006470,CUST00825,2025-09-11,72.16,Fashion,0
TXN0006471,CUST00825,2024-05-31,13.47,Fashion,0
TXN0006472,CUST00825,2024-01-28,5.88,Beauty,0
TXN0006473,CUST00825,2025-11-23,42.29,Sports,1
TXN0006474,CUST00825,2025-06-24,58.32,Home & Kitchen,0
TXN0006475,CUST00825,2024-04-12,24.97,Sports,0
TXN0006476,CUST00825,2025-08-10,30.24,Fashion,1
TXN0006477,CUST00825,2024-11-13,32.39,Books,0
TXN0006478,CUST00825,2025-08-11,109.14,Beauty,0
TXN0006479,CUST00825,2024-10-29,59.39,Fashion,0
TXN0006480,CUST00825,2024-05-23,47.34,Books,0
TXN0006481,CUST00825,2024-11-23,28.42,Books,1
TXN0006482,CUST00825,2024-05-07,57.82,Home & Kitchen,0
TXN0006483,CUST00825,2025-12-08,54.85,Sports,0
TXN0006484,CUST00825,2024-08-24,62.26,Home & Kitchen,1
TXN0006485,CUST00826,2025-08-22,56.46,Home & Kitchen,0
TXN0006486,CUST00826,2024-07-28,165.52,Electronics,0
TXN0006487,CUST00826,2025-01-28,145.19,Home & Kitchen,0
TXN0006488,CUST00826,2025-10-18,85.9,Beauty,1
TXN0006489,CUST00826,2024-09-25,63.0,Books,0
TXN0006490,CUST00826,2024-12-07,32.34,Home & Kitchen,1
TXN0006491,CUST00826,2025-02-14,15.5,Home & Kitchen,1
TXN0006492,CUST00826,2025-08-31,145.0,Books,0
TXN0006493,CUST00826,2024-07-11,40.05,Electronics,0
TXN0006494,CUST00826,2024-07-10,145.69,Electronics,0
TXN0006495,CUST00826,2024-10-10,5.88,Fashion,0
TXN0006496,CUST00826,2024-07-18,137.21,Books,0
TXN0006497,CUST00826,2024-12-28,70.71,Fashion,0
TXN0006498,CUST00826,2024-12-24,51.73,Home & Kitchen,0
TXN0006499,CUST00826,2025-12-22,93.08,Fashion,0
TXN0006500,CUST00826,2024-08-06,65.64,Beauty,0
TXN0006501,CUST00826,2025-05-26,36.89,Beauty,0
TXN0006502,CUST00826,2025-05-14,60.47,Books,0
TXN0006503,CUST00826,2025-08-07,141.27,Beauty,0
TXN0006504,CUST00826,2025-01-19,71.62,Electronics,0
TXN0006505,CUST00826,2025-08-17,39.91,Electronics,1
TXN0006506,CUST00826,2025-04-27,111.39,Sports,0
TXN0006507,CUST00826,2025-06-04,57.5,Beauty,0
TXN0006508,CUST00827,2025-02-26,51.37,Books,0
TXN0006509,CUST00827,2024-09-21,16.18,Home & Kitchen,0
TXN0006510,CUST00827,2024-11-16,40.09,Fashion,1
TXN0006511,CUST00827,2025-06-15,94.54,Electronics,0
TXN0006512,CUST00827,2025-06-10,37.84,Home & Kitchen,1
TXN0006513,CUST00827,2025-05-20,65.11,Fashion,0
TXN0006514,CUST00827,2024-10-02,94.99,Fashion,1
TXN0006515,CUST00827,2024-11-10,56.13,Beauty,0
TXN0006516,CUST00827,2025-05-27,180.51,Home & Kitchen,0
TXN0006517,CUST00827,2025-08-15,54.88,Home & Kitchen,0
TXN0006518,CUST00827,2024-09-21,132.95,Beauty,1
TXN0006519,CUST00827,2025-11-02,51.33,Beauty,0
TXN0006520,CUST00827,2025-09-11,134.26,Beauty,0
TXN0006521,CUST00827,2025-01-07,57.3,Books,1
TXN0006522,CUST00827,2024-07-24,112.1,Beauty,0
TXN0006523,CUST00827,2025-05-28,71.63,Sports,1
TXN0006524,CUST00827,2025-02-01,22.09,Books,0
TXN0006525,CUST00827,2024-08-17,80.19,Home & Kitchen,0
TXN0006526,CUST00827,2024-08-16,61.2,Fashion,0
TXN0006527,CUST00827,2024-09-16,34.15,Books,1
TXN0006528,CUST00827,2025-01-10,56.5,Fashion,0
TXN0006529,CUST00827,2025-12-09,207.24,Beauty,0
TXN0006530,CUST00827,2025-09-07,93.45,Beauty,1
TXN0006531,CUST00827,2025-06-22,101.49,Sports,0
TXN0006532,CUST00828,2025-03-27,44.25,Beauty,0
TXN0006533,CUST00828,2024-11-11,25.24,Sports,1
TXN0006534,CUST00828,2025-09-08,57.49,Sports,1
TXN0006535,CUST00828,2025-04-27,29.88,Beauty,0
TXN0006536,CUST00828,2025-03-10,35.99,Sports,0
TXN0006537,CUST00828,2025-02-04,17.8,Sports,1
TXN0006538,CUST00828,2025-04-08,101.77,Fashion,0
TXN0006539,CUST00828,2025-09-19,15.32,Beauty,0
TXN0006540,CUST00828,2024-09-30,18.17,Electronics,0
TXN0006541,CUST00828,2024-12-08,75.76,Sports,0
TXN0006542,CUST00829,2024-11-16,87.47,Books,0
TXN0006543,CUST00829,2024-11-21,103.89,Beauty,1
TXN0006544,CUST00829,2025-11-04,57.96,Sports,0
TXN0006545,CUST00829,2025-04-23,41.27,Sports,1
TXN0006546,CUST00829,2025-11-29,6.69,Books,0
TXN0006547,CUST00829,2024-08-18,46.52,Books,0
TXN0006548,CUST00829,2024-08-22,50.32,Fashion,0
TXN0006549,CUST00829,2024-09-06,18.82,Books,0
TXN0006550,CUST00829,2024-09-15,46.46,Electronics,0
TXN0006551,CUST00829,2024-11-20,96.46,Fashion,0
TXN0006552,CUST00829,2025-01-24,19.89,Home & Kitchen,0
TXN0006553,CUST00829,2025-04-06,67.52,Electronics,0
TXN0006554,CUST00829,2025-10-26,79.66,Fashion,1
TXN0006555,CUST00829,2025-06-09,67.09,Electronics,1
TXN0006556,CUST00829,2025-05-11,67.44,Home & Kitchen,0
TXN0006557,CUST00829,2024-10-11,115.54,Sports,1
TXN0006558,CUST00829,2025-09-11,95.62,Beauty,0
TXN0006559,CUST00829,2024-11-21,126.03,Fashion,0
TXN0006560,CUST00829,2025-09-23,47.05,Electronics,0
TXN0006561,CUST00829,2025-03-19,53.35,Electronics,0
TXN0006562,CUST00829,2025-11-12,115.53,Home & Kitchen,0
TXN0006563,CUST00829,2025-09-27,40.83,Home & Kitchen,0
TXN0006564,CUST00829,2024-09-01,50.4,Fashion,0
TXN0006565,CUST00829,2024-10-17,145.04,Home & Kitchen,1
TXN0006566,CUST00829,2025-05-15,77.93,Beauty,1
TXN0006567,CUST00829,2024-07-29,55.83,Fashion,1
TXN0006568,CUST00830,2025-07-23,52.55,Sports,1
TXN0006569,CUST00830,2025-08-10,29.97,Beauty,0
TXN0006570,CUST00830,2025-06-19,42.6,Fashion,0
TXN0006571,CUST00831,2025-11-20,71.5,Fashion,0
TXN0006572,CUST00831,2025-11-20,47.86,Fashion,0
TXN0006573,CUST00832,2025-06-14,15.77,Electronics,0
TXN0006574,CUST00832,2025-05-31,55.53,Books,0
TXN0006575,CUST00832,2025-07-30,74.75,Fashion,1
TXN0006576,CUST00832,2025-02-15,15.17,Electronics,1
TXN0006577,CUST00832,2025-11-11,80.14,Books,1
TXN0006578,CUST00832,2024-10-11,42.12,Books,0
TXN0006579,CUST00832,2025-08-25,21.78,Fashion,1
TXN0006580,CUST00833,2025-02-19,61.94,Beauty,0
TXN0006581,CUST00833,2025-10-07,74.14,Books,0
TXN0006582,CUST00833,2025-06-13,40.76,Electronics,0
TXN0006583,CUST00833,2025-10-05,54.79,Books,0
TXN0006584,CUST00833,2025-05-13,129.56,Beauty,0
TXN0006585,CUST00833,2025-11-29,106.24,Home & Kitchen,1
TXN0006586,CUST00833,2024-10-11,65.01,Electronics,1
TXN0006587,CUST00833,2024-08-06,47.3,Books,0
TXN0006588,CUST00833,2024-10-09,69.95,Electronics,0
TXN0006589,CUST00833,2024-10-19,233.48,Books,1
TXN0006590,CUST00833,2025-08-27,62.18,Sports,1
TXN0006591,CUST00833,2025-05-23,110.41,Electronics,0
TXN0006592,CUST00833,2025-12-26,46.23,Beauty,1
TXN0006593,CUST00833,2024-10-17,95.4,Sports,1
TXN0006594,CUST00833,2024-06-30,26.31,Fashion,1
TXN0006595,CUST00833,2025-03-19,112.75,Electronics,1
TXN0006596,CUST00833,2025-12-16,53.63,Fashion,1
TXN0006597,CUST00833,2025-07-27,41.62,Home & Kitchen,0
TXN0006598,CUST00833,2025-11-24,80.62,Fashion,0
TXN0006599,CUST00833,2025-10-25,111.06,Electronics,0
TXN0006600,CUST00833,2025-04-20,94.52,Fashion,1
TXN0006601,CUST00834,2025-05-27,29.09,Electronics,0
TXN0006602,CUST00834,2025-10-15,69.94,Electronics,0
TXN0006603,CUST00834,2025-01-17,44.94,Sports,0
TXN0006604,CUST00834,2025-01-12,37.88,Beauty,0
TXN0006605,CUST00834,2025-06-20,25.95,Fashion,1
TXN0006606,CUST00834,2025-10-24,34.16,Fashion,1
TXN0006607,CUST00835,2025-11-18,171.57,Beauty,1
TXN0006608,CUST00835,2025-11-15,37.2,Books,0
TXN0006609,CUST00835,2025-11-15,61.66,Fashion,1
TXN0006610,CUST00835,2025-12-07,62.2,Books,0
TXN0006611,CUST00835,2025-12-06,5.54,Sports,0
TXN0006612,CUST00835,2025-12-04,48.16,Books,0
TXN0006613,CUST00835,2025-11-11,55.23,Home & Kitchen,1
TXN0006614,CUST00837,2024-11-22,35.14,Beauty,0
TXN0006615,CUST00837,2024-10-18,61.31,Beauty,0
TXN0006616,CUST00837,2025-05-14,31.2,Books,0
TXN0006617,CUST00837,2025-07-25,52.78,Home & Kitchen,0
TXN0006618,CUST00837,2025-03-10,27.96,Beauty,1
TXN0006619,CUST00837,2025-02-13,31.38,Books,0
TXN0006620,CUST00837,2024-11-18,69.98,Books,1
TXN0006621,CUST00837,2024-06-22,56.48,Electronics,0
TXN0006622,CUST00837,2025-09-29,55.96,Home & Kitchen,0
TXN0006623,CUST00837,2024-11-04,58.83,Electronics,0
TXN0006624,CUST00837,2024-06-09,143.08,Fashion,0
TXN0006625,CUST00837,2025-06-14,38.94,Electronics,0
TXN0006626,CUST00837,2025-12-10,41.81,Books,0
TXN0006627,CUST00839,2025-08-22,69.4,Electronics,0
TXN0006628,CUST00839,2024-09-06,30.7,Sports,1
TXN0006629,CUST00839,2024-12-28,34.89,Fashion,0
TXN0006630,CUST00839,2024-08-18,8.57,Sports,0
TXN0006631,CUST00839,2025-09-03,62.99,Fashion,0
TXN0006632,CUST00839,2024-10-30,70.82,Electronics,0
TXN0006633,CUST00839,2025-05-02,82.8,Beauty,0
TXN0006634,CUST00839,2025-08-26,93.11,Beauty,0
TXN0006635,CUST00839,2025-09-15,146.83,Books,0
TXN0006636,CUST00839,2025-06-22,27.33,Beauty,0
TXN0006637,CUST00839,2024-08-11,20.42,Sports,1
TXN0006638,CUST00839,2025-07-14,64.17,Books,1
TXN0006639,CUST00840,2025-10-03,36.55,Home & Kitchen,1
TXN0006640,CUST00840,2025-09-20,40.65,Sports,0
TXN0006641,CUST00840,2025-07-14,35.24,Sports,0
TXN0006642,CUST00840,2025-05-12,34.81,Home & Kitchen,0
TXN0006643,CUST00840,2025-11-23,41.76,Books,0
TXN0006644,CUST00840,2025-07-02,15.24,Fashion,1
TXN0006645,CUST00840,2025-07-15,88.18,Beauty,1
TXN0006646,CUST00840,2025-07-07,57.05,Fashion,0
TXN0006647,CUST00840,2025-06-02,16.13,Home & Kitchen,1
TXN0006648,CUST00840,2025-07-09,74.2,Electronics,0
TXN0006649,CUST00840,2025-05-19,87.83,Sports,0
TXN0006650,CUST00841,2024-09-05,19.25,Beauty,0
TXN0006651,CUST00841,2025-02-16,41.69,Fashion,1
TXN0006652,CUST00841,2025-08-15,176.46,Books,0
TXN0006653,CUST00841,2024-10-07,63.0,Fashion,0
TXN0006654,CUST00841,2024-09-25,29.69,Beauty,0
TXN0006655,CUST00841,2024-11-07,37.25,Sports,0
TXN0006656,CUST00842,2025-10-27,25.95,Electronics,0
TXN0006657,CUST00842,2025-09-19,32.27,Fashion,0
TXN0006658,CUST00842,2025-09-17,74.03,Beauty,1
TXN0006659,CUST00842,2025-11-26,69.8,Fashion,0
TXN0006660,CUST00843,2024-03-26,115.94,Books,0
TXN0006661,CUST00843,2024-08-10,70.5,Sports,1
TXN0006662,CUST00843,2025-01-06,8.06,Sports,1
TXN0006663,CUST00843,2025-01-30,37.42,Electronics,1
TXN0006664,CUST00843,2024-12-16,61.29,Books,0
TXN0006665,CUST00843,2025-01-03,29.02,Beauty,0
TXN0006666,CUST00843,2025-06-29,30.61,Beauty,0
TXN0006667,CUST00843,2025-05-22,33.59,Home & Kitchen,0
TXN0006668,CUST00844,2025-12-28,85.65,Books,1
TXN0006669,CUST00844,2025-11-30,59.73,Books,0
TXN0006670,CUST00844,2025-11-18,51.6,Beauty,0
TXN0006671,CUST00845,2024-10-28,84.92,Beauty,0
TXN0006672,CUST00845,2025-08-28,61.97,Fashion,0
TXN0006673,CUST00845,2025-02-04,41.93,Electronics,0
TXN0006674,CUST00845,2024-08-12,83.23,Home & Kitchen,0
TXN0006675,CUST00845,2025-04-25,49.86,Books,0
TXN0006676,CUST00845,2024-10-28,80.42,Beauty,0
TXN0006677,CUST00845,2025-10-10,86.37,Fashion,0
TXN0006678,CUST00845,2025-04-01,92.34,Home & Kitchen,1
TXN0006679,CUST00846,2024-10-06,14.89,Electronics,0
TXN0006680,CUST00846,2025-03-09,64.75,Electronics,0
TXN0006681,CUST00846,2025-06-15,133.56,Electronics,0
TXN0006682,CUST00846,2024-09-13,113.38,Home & Kitchen,0
TXN0006683,CUST00846,2024-08-02,33.84,Sports,0
TXN0006684,CUST00846,2024-10-02,80.42,Home & Kitchen,0
TXN0006685,CUST00846,2025-09-29,64.1,Electronics,0
TXN0006686,CUST00846,2025-04-20,99.76,Fashion,0
TXN0006687,CUST00846,2025-11-16,62.74,Home & Kitchen,0
TXN0006688,CUST00846,2025-04-22,63.63,Fashion,0
TXN0006689,CUST00846,2025-12-15,80.36,Sports,0
TXN0006690,CUST00846,2025-09-16,82.81,Electronics,0
TXN0006691,CUST00846,2025-06-21,101.72,Electronics,0
TXN0006692,CUST00846,2024-11-26,80.75,Fashion,0
TXN0006693,CUST00846,2025-09-28,48.52,Sports,1
TXN0006694,CUST00846,2024-08-21,165.08,Electronics,0
TXN0006695,CUST00846,2025-02-21,65.63,Home & Kitchen,0
TXN0006696,CUST00846,2025-04-02,21.29,Fashion,0
TXN0006697,CUST00846,2025-05-12,49.12,Sports,0
TXN0006698,CUST00846,2025-11-09,46.27,Fashion,0
TXN0006699,CUST00846,2025-04-03,34.8,Books,1
TXN0006700,CUST00848,2025-04-28,99.71,Electronics,0
TXN0006701,CUST00848,2024-11-30,70.13,Fashion,0
TXN0006702,CUST00848,2025-02-10,201.91,Home & Kitchen,0
TXN0006703,CUST00848,2024-09-30,145.94,Electronics,0
TXN0006704,CUST00848,2025-10-04,100.2,Sports,0
TXN0006705,CUST00848,2025-09-06,23.34,Sports,0
TXN0006706,CUST00848,2025-05-07,191.37,Electronics,0
TXN0006707,CUST00848,2024-11-18,87.16,Sports,0
TXN0006708,CUST00848,2025-02-10,113.49,Beauty,0
TXN0006709,CUST00848,2025-02-19,78.45,Electronics,0
TXN0006710,CUST00848,2025-01-05,16.48,Electronics,0
TXN0006711,CUST00848,2024-11-28,85.18,Home & Kitchen,0
TXN0006712,CUST00848,2024-08-12,22.3,Electronics,1
TXN0006713,CUST00848,2025-05-19,37.74,Home & Kitchen,0
TXN0006714,CUST00848,2024-05-14,52.83,Electronics,0
TXN0006715,CUST00848,2025-11-21,46.94,Home & Kitchen,1
TXN0006716,CUST00848,2024-05-22,76.97,Home & Kitchen,0
TXN0006717,CUST00848,2025-08-22,79.45,Beauty,0
TXN0006718,CUST00848,2024-07-07,63.53,Sports,1
TXN0006719,CUST00848,2024-11-02,48.03,Fashion,0
TXN0006720,CUST00848,2025-07-20,33.29,Home & Kitchen,0
TXN0006721,CUST00848,2024-06-12,47.77,Beauty,0
TXN0006722,CUST00848,2025-02-20,64.87,Books,1
TXN0006723,CUST00848,2025-05-07,178.63,Home & Kitchen,0
TXN0006724,CUST00848,2025-03-18,45.23,Fashion,0
TXN0006725,CUST00848,2024-12-31,31.58,Books,0
TXN0006726,CUST00848,2025-06-16,8.74,Books,0
TXN0006727,CUST00848,2024-11-17,54.86,Electronics,0
TXN0006728,CUST00848,2025-06-12,133.44,Home & Kitchen,0
TXN0006729,CUST00848,2024-10-13,54.32,Beauty,1
TXN0006730,CUST00848,2025-10-22,68.1,Books,1
TXN0006731,CUST00848,2025-02-21,36.22,Sports,0
TXN0006732,CUST00848,2025-07-22,68.47,Electronics,1
TXN0006733,CUST00849,2024-06-28,107.25,Sports,0
TXN0006734,CUST00849,2024-11-07,59.66,Fashion,1
TXN0006735,CUST00849,2025-05-10,73.9,Electronics,0
TXN0006736,CUST00849,2025-03-14,27.76,Sports,1
TXN0006737,CUST00849,2025-05-11,15.73,Beauty,0
TXN0006738,CUST00849,2025-10-04,17.14,Beauty,1
TXN0006739,CUST00849,2025-08-05,23.39,Sports,0
TXN0006740,CUST00849,2025-08-12,98.31,Electronics,0
TXN0006741,CUST00849,2024-12-28,49.41,Home & Kitchen,0
TXN0006742,CUST00849,2024-11-21,42.43,Fashion,1
TXN0006743,CUST00849,2025-08-04,62.11,Fashion,1
TXN0006744,CUST00849,2024-09-21,53.4,Books,1
TXN0006745,CUST00849,2024-08-11,56.93,Beauty,1
TXN0006746,CUST00849,2024-07-20,47.01,Electronics,0
TXN0006747,CUST00849,2024-10-05,76.24,Books,0
TXN0006748,CUST00849,2025-02-10,70.29,Electronics,1
TXN0006749,CUST00849,2024-11-21,53.25,Books,1
TXN0006750,CUST00849,2025-11-21,51.13,Fashion,0
TXN0006751,CUST00850,2025-12-21,39.26,Fashion,0
TXN0006752,CUST00851,2025-12-08,57.4,Books,0
TXN0006753,CUST00851,2025-12-28,45.83,Books,0
TXN0006754,CUST00852,2025-10-06,51.21,Fashion,0
TXN0006755,CUST00852,2025-04-03,83.74,Books,0
TXN0006756,CUST00852,2025-08-23,80.78,Fashion,1
TXN0006757,CUST00852,2025-05-11,34.51,Sports,0
TXN0006758,CUST00852,2025-03-17,59.56,Sports,0
TXN0006759,CUST00852,2025-07-08,20.54,Books,0
TXN0006760,CUST00852,2025-11-20,34.88,Sports,0
TXN0006761,CUST00852,2025-11-22,30.63,Books,1
TXN0006762,CUST00853,2025-12-09,56.27,Sports,0
TXN0006763,CUST00853,2025-12-16,119.8,Home & Kitchen,1
TXN0006764,CUST00853,2025-05-10,105.47,Beauty,0
TXN0006765,CUST00853,2025-08-07,51.61,Fashion,0
TXN0006766,CUST00853,2025-04-29,97.34,Home & Kitchen,1
TXN0006767,CUST00853,2025-10-28,58.61,Home & Kitchen,0
TXN0006768,CUST00853,2025-06-29,50.64,Home & Kitchen,0
TXN0006769,CUST00853,2025-06-11,48.33,Sports,0
TXN0006770,CUST00853,2025-07-25,76.11,Beauty,1
TXN0006771,CUST00853,2025-05-17,42.46,Electronics,0
TXN0006772,CUST00853,2025-09-07,38.91,Books,0
TXN0006773,CUST00853,2025-08-19,93.49,Books,0
TXN0006774,CUST00853,2025-08-05,98.79,Beauty,0
TXN0006775,CUST00854,2024-12-01,40.5,Fashion,0
TXN0006776,CUST00854,2024-12-29,29.14,Fashion,0
TXN0006777,CUST00854,2025-12-16,60.57,Sports,0
TXN0006778,CUST00854,2025-04-25,28.78,Sports,0
TXN0006779,CUST00854,2025-07-10,13.66,Electronics,1
TXN0006780,CUST00855,2025-11-23,21.31,Fashion,0
TXN0006781,CUST00855,2025-12-14,59.02,Sports,0
TXN0006782,CUST00855,2025-11-23,132.37,Books,0
TXN0006783,CUST00855,2025-07-22,29.31,Beauty,0
TXN0006784,CUST00855,2025-07-22,34.34,Electronics,0
TXN0006785,CUST00855,2025-08-13,69.14,Electronics,0
TXN0006786,CUST00855,2025-06-02,68.64,Fashion,0
TXN0006787,CUST00855,2025-07-09,82.9,Home & Kitchen,0
TXN0006788,CUST00856,2025-07-12,25.18,Sports,0
TXN0006789,CUST00856,2025-07-27,49.94,Electronics,0
TXN0006790,CUST00856,2025-04-26,23.62,Beauty,0
TXN0006791,CUST00856,2025-05-04,92.17,Electronics,0
TXN0006792,CUST00856,2025-02-18,25.12,Beauty,0
TXN0006793,CUST00856,2025-02-14,57.68,Home & Kitchen,1
TXN0006794,CUST00856,2025-04-06,24.2,Fashion,0
TXN0006795,CUST00858,2025-04-13,82.35,Home & Kitchen,1
TXN0006796,CUST00858,2025-10-28,62.57,Fashion,0
TXN0006797,CUST00858,2025-06-02,127.01,Electronics,0
TXN0006798,CUST00858,2024-10-10,33.93,Home & Kitchen,1
TXN0006799,CUST00858,2024-11-22,67.51,Sports,1
TXN0006800,CUST00858,2025-01-21,42.24,Home & Kitchen,0
TXN0006801,CUST00858,2025-11-30,58.54,Home & Kitchen,0
TXN0006802,CUST00858,2025-01-20,29.96,Electronics,0
TXN0006803,CUST00858,2025-04-29,109.75,Electronics,1
TXN0006804,CUST00858,2025-02-23,21.2,Fashion,1
TXN0006805,CUST00858,2025-05-15,27.65,Books,0
TXN0006806,CUST00858,2025-02-19,88.6,Beauty,0
TXN0006807,CUST00858,2025-12-20,79.1,Home & Kitchen,0
TXN0006808,CUST00858,2025-02-01,33.05,Beauty,0
TXN0006809,CUST00858,2025-06-21,161.23,Home & Kitchen,1
TXN0006810,CUST00858,2025-08-26,118.34,Beauty,1
TXN0006811,CUST00858,2025-12-05,68.39,Books,1
TXN0006812,CUST00858,2025-11-02,162.73,Fashion,0
TXN0006813,CUST00860,2025-11-11,29.81,Electronics,1
TXN0006814,CUST00860,2025-09-04,90.83,Sports,1
TXN0006815,CUST00861,2024-08-24,74.56,Beauty,1
TXN0006816,CUST00861,2025-09-17,10.79,Electronics,1
TXN0006817,CUST00861,2024-08-10,6.58,Home & Kitchen,0
TXN0006818,CUST00861,2024-11-28,23.73,Home & Kitchen,0
TXN0006819,CUST00861,2024-09-29,76.01,Beauty,1
TXN0006820,CUST00861,2025-09-10,28.62,Beauty,0
TXN0006821,CUST00861,2025-05-28,34.29,Sports,0
TXN0006822,CUST00861,2024-08-22,101.7,Books,0
TXN0006823,CUST00861,2024-09-16,60.99,Fashion,0
TXN0006824,CUST00861,2025-04-18,21.84,Beauty,0
TXN0006825,CUST00861,2025-11-19,31.55,Home & Kitchen,0
TXN0006826,CUST00861,2024-11-03,40.37,Sports,0
TXN0006827,CUST00861,2025-10-05,13.14,Sports,0
TXN0006828,CUST00862,2025-04-15,76.79,Home & Kitchen,0
TXN0006829,CUST00863,2024-10-23,54.68,Home & Kitchen,0
TXN0006830,CUST00863,2025-01-05,63.86,Electronics,1
TXN0006831,CUST00863,2025-04-19,162.89,Books,0
TXN0006832,CUST00863,2025-08-27,98.54,Beauty,0
TXN0006833,CUST00863,2025-09-28,168.57,Sports,1
TXN0006834,CUST00863,2025-04-21,81.08,Beauty,0
TXN0006835,CUST00863,2024-12-07,49.77,Home & Kitchen,1
TXN0006836,CUST00863,2025-04-28,43.02,Books,0
TXN0006837,CUST00863,2025-06-14,73.19,Electronics,1
TXN0006838,CUST00863,2024-07-27,60.73,Sports,0
TXN0006839,CUST00863,2025-05-26,183.45,Books,0
TXN0006840,CUST00863,2024-08-09,19.83,Electronics,0
TXN0006841,CUST00863,2025-12-05,56.17,Books,0
TXN0006842,CUST00863,2024-10-12,140.22,Fashion,0
TXN0006843,CUST00863,2025-10-09,98.45,Books,0
TXN0006844,CUST00863,2025-03-18,143.32,Sports,0
TXN0006845,CUST00863,2024-11-28,91.59,Electronics,1
TXN0006846,CUST00863,2024-07-30,37.37,Fashion,0
TXN0006847,CUST00863,2025-05-22,118.94,Electronics,1
TXN0006848,CUST00863,2024-09-19,59.19,Home & Kitchen,0
TXN0006849,CUST00863,2024-10-06,59.58,Beauty,0
TXN0006850,CUST00865,2024-11-08,118.59,Fashion,1
TXN0006851,CUST00865,2025-05-12,10.86,Sports,0
TXN0006852,CUST00865,2025-07-24,22.04,Beauty,0
TXN0006853,CUST00865,2024-10-03,31.45,Electronics,0
TXN0006854,CUST00865,2025-10-21,64.06,Fashion,0
TXN0006855,CUST00865,2025-08-05,43.39,Beauty,0
TXN0006856,CUST00865,2025-12-19,49.6,Beauty,0
TXN0006857,CUST00865,2025-03-16,19.5,Books,0
TXN0006858,CUST00865,2025-01-07,62.45,Electronics,0
TXN0006859,CUST00865,2025-01-27,63.62,Home & Kitchen,1
TXN0006860,CUST00867,2025-09-23,80.94,Beauty,0
TXN0006861,CUST00867,2024-12-26,42.38,Beauty,0
TXN0006862,CUST00867,2025-10-01,74.67,Books,0
TXN0006863,CUST00868,2025-02-01,15.41,Sports,1
TXN0006864,CUST00868,2025-05-06,106.38,Beauty,1
TXN0006865,CUST00868,2025-04-15,57.73,Electronics,0
TXN0006866,CUST00868,2025-10-11,24.71,Electronics,0
TXN0006867,CUST00868,2025-07-17,24.36,Fashion,1
TXN0006868,CUST00868,2025-01-09,22.56,Books,0
TXN0006869,CUST00868,2024-11-03,60.06,Electronics,0
TXN0006870,CUST00868,2025-08-25,36.44,Beauty,0
TXN0006871,CUST00868,2025-04-02,58.64,Beauty,0
TXN0006872,CUST00868,2025-02-25,23.61,Fashion,0
TXN0006873,CUST00868,2025-04-16,96.72,Beauty,1
TXN0006874,CUST00869,2025-07-17,95.62,Home & Kitchen,1
TXN0006875,CUST00869,2024-10-04,58.51,Electronics,1
TXN0006876,CUST00869,2025-01-21,47.12,Home & Kitchen,1
TXN0006877,CUST00869,2024-09-30,30.86,Home & Kitchen,0
TXN0006878,CUST00869,2024-09-12,53.71,Sports,0
TXN0006879,CUST00869,2025-09-04,43.98,Beauty,0
TXN0006880,CUST00870,2024-08-04,46.7,Fashion,0
TXN0006881,CUST00870,2024-12-27,80.45,Books,1
TXN0006882,CUST00870,2024-07-31,11.73,Books,0
TXN0006883,CUST00870,2024-04-22,70.99,Beauty,0
TXN0006884,CUST00870,2025-10-31,84.11,Electronics,1
TXN0006885,CUST00870,2024-10-01,39.36,Home & Kitchen,0
TXN0006886,CUST00870,2025-11-25,32.89,Beauty,0
TXN0006887,CUST00870,2025-10-15,99.73,Electronics,0
TXN0006888,CUST00870,2025-08-10,29.12,Sports,1
TXN0006889,CUST00870,2025-10-16,34.01,Fashion,0
TXN0006890,CUST00870,2024-10-09,84.79,Beauty,1
TXN0006891,CUST00870,2025-03-24,55.97,Fashion,0
TXN0006892,CUST00870,2025-03-22,92.39,Books,0
TXN0006893,CUST00870,2024-11-20,52.08,Fashion,1
TXN0006894,CUST00870,2024-02-20,45.67,Home & Kitchen,0
TXN0006895,CUST00870,2025-03-21,86.65,Sports,0
TXN0006896,CUST00870,2025-03-06,36.33,Electronics,0
TXN0006897,CUST00870,2024-12-08,31.6,Sports,0
TXN0006898,CUST00870,2024-09-03,47.21,Beauty,0
TXN0006899,CUST00870,2025-09-14,30.68,Electronics,0
TXN0006900,CUST00871,2025-06-04,51.23,Home & Kitchen,0
TXN0006901,CUST00871,2024-08-03,30.59,Beauty,0
TXN0006902,CUST00871,2025-10-05,44.32,Beauty,0
TXN0006903,CUST00871,2025-05-17,29.5,Fashion,1
TXN0006904,CUST00871,2025-03-05,71.32,Electronics,0
TXN0006905,CUST00871,2024-05-08,38.55,Fashion,0
TXN0006906,CUST00871,2024-08-31,150.72,Electronics,0
TXN0006907,CUST00871,2025-06-24,88.78,Books,1
TXN0006908,CUST00871,2024-10-07,42.1,Beauty,0
TXN0006909,CUST00871,2024-10-13,49.08,Home & Kitchen,1
TXN0006910,CUST00871,2025-12-08,40.6,Home & Kitchen,1
TXN0006911,CUST00871,2025-11-06,135.13,Books,0
TXN0006912,CUST00871,2024-06-26,57.91,Fashion,1
TXN0006913,CUST00871,2024-10-23,14.5,Electronics,1
TXN0006914,CUST00871,2024-11-07,57.61,Fashion,0
TXN0006915,CUST00871,2025-03-03,111.27,Electronics,1
TXN0006916,CUST00871,2024-06-08,85.61,Home & Kitchen,0
TXN0006917,CUST00871,2025-06-02,51.22,Beauty,0
TXN0006918,CUST00871,2025-11-23,37.77,Electronics,0
TXN0006919,CUST00871,2025-07-21,21.94,Home & Kitchen,1
TXN0006920,CUST00871,2024-10-18,84.03,Books,0
TXN0006921,CUST00871,2025-08-27,46.54,Beauty,0
TXN0006922,CUST00871,2024-09-30,40.23,Beauty,0
TXN0006923,CUST00871,2025-09-03,85.93,Sports,0
TXN0006924,CUST00871,2025-01-01,46.15,Fashion,1
TXN0006925,CUST00871,2024-07-05,49.68,Books,0
TXN0006926,CUST00871,2025-06-06,80.77,Home & Kitchen,0
TXN0006927,CUST00871,2025-07-21,36.81,Fashion,0
TXN0006928,CUST00871,2024-07-11,111.43,Electronics,1
TXN0006929,CUST00871,2025-06-02,95.67,Electronics,0
TXN0006930,CUST00871,2025-11-25,64.62,Beauty,0
TXN0006931,CUST00872,2025-12-14,58.81,Home & Kitchen,0
TXN0006932,CUST00872,2025-12-23,75.45,Home & Kitchen,0
TXN0006933,CUST00873,2025-05-04,21.66,Fashion,0
TXN0006934,CUST00873,2025-05-01,9.44,Fashion,1
TXN0006935,CUST00873,2025-12-09,30.29,Home & Kitchen,1
TXN0006936,CUST00873,2025-07-18,33.69,Beauty,1
TXN0006937,CUST00873,2025-11-27,61.71,Beauty,1
TXN0006938,CUST00873,2025-09-14,33.57,Beauty,1
TXN0006939,CUST00873,2025-12-26,23.94,Sports,0
TXN0006940,CUST00873,2025-10-09,30.64,Books,0
TXN0006941,CUST00874,2025-04-19,21.6,Fashion,0
TXN0006942,CUST00874,2025-05-09,51.82,Books,0
TXN0006943,CUST00874,2025-10-19,21.51,Beauty,0
TXN0006944,CUST00874,2025-04-16,91.18,Home & Kitchen,0
TXN0006945,CUST00874,2025-02-11,18.79,Books,1
TXN0006946,CUST00874,2024-09-23,25.59,Sports,0
TXN0006947,CUST00874,2024-09-11,52.94,Beauty,0
TXN0006948,CUST00874,2025-01-29,54.65,Electronics,0
TXN0006949,CUST00874,2025-11-24,20.6,Sports,1
TXN0006950,CUST00874,2025-01-12,33.96,Sports,0
TXN0006951,CUST00874,2024-11-04,3.85,Fashion,0
TXN0006952,CUST00874,2024-12-30,39.76,Electronics,0
TXN0006953,CUST00874,2025-11-16,14.06,Books,1
TXN0006954,CUST00874,2025-11-24,40.87,Books,0
TXN0006955,CUST00874,2024-09-08,20.77,Sports,0
TXN0006956,CUST00875,2025-12-02,44.65,Sports,0
TXN0006957,CUST00876,2025-07-16,17.37,Fashion,1
TXN0006958,CUST00876,2025-12-08,5.94,Home & Kitchen,1
TXN0006959,CUST00876,2025-08-21,9.97,Books,0
TXN0006960,CUST00876,2025-12-10,63.32,Books,0
TXN0006961,CUST00876,2025-08-08,15.74,Books,1
TXN0006962,CUST00877,2025-04-03,38.65,Books,0
TXN0006963,CUST00877,2024-11-22,56.11,Books,0
TXN0006964,CUST00877,2025-08-05,16.25,Home & Kitchen,1
TXN0006965,CUST00877,2025-10-22,89.5,Electronics,1
TXN0006966,CUST00877,2025-09-18,57.19,Fashion,1
TXN0006967,CUST00877,2024-07-16,69.59,Beauty,0
TXN0006968,CUST00878,2025-08-25,120.13,Fashion,0
TXN0006969,CUST00878,2025-09-18,39.93,Beauty,0
TXN0006970,CUST00878,2025-11-22,36.05,Home & Kitchen,0
TXN0006971,CUST00878,2025-11-08,44.62,Electronics,0
TXN0006972,CUST00878,2025-11-25,64.06,Books,0
TXN0006973,CUST00879,2024-07-19,104.73,Beauty,0
TXN0006974,CUST00879,2025-08-03,38.5,Home & Kitchen,1
TXN0006975,CUST00879,2025-12-01,54.14,Sports,0
TXN0006976,CUST00879,2025-01-05,29.75,Books,1
TXN0006977,CUST00879,2025-12-12,22.61,Electronics,0
TXN0006978,CUST00879,2025-07-20,64.53,Beauty,0
TXN0006979,CUST00879,2024-06-07,51.4,Fashion,1
TXN0006980,CUST00879,2025-08-26,51.05,Books,0
TXN0006981,CUST00879,2024-07-19,60.75,Beauty,1
TXN0006982,CUST00879,2024-09-24,40.54,Books,0
TXN0006983,CUST00879,2024-12-16,82.08,Sports,0
TXN0006984,CUST00879,2024-08-25,19.54,Electronics,0
TXN0006985,CUST00879,2024-04-11,73.72,Electronics,0
TXN0006986,CUST00879,2025-01-13,76.0,Fashion,0
TXN0006987,CUST00881,2025-08-08,62.78,Books,1
TXN0006988,CUST00881,2025-09-19,40.42,Fashion,0
TXN0006989,CUST00881,2025-06-12,58.37,Beauty,1
TXN0006990,CUST00882,2025-12-06,92.15,Books,0
TXN0006991,CUST00882,2025-09-13,63.97,Sports,1
TXN0006992,CUST00882,2025-12-29,125.33,Fashion,1
TXN0006993,CUST00882,2025-10-02,49.94,Sports,0
TXN0006994,CUST00882,2025-11-07,61.75,Beauty,0
TXN0006995,CUST00883,2025-06-26,10.77,Fashion,0
TXN0006996,CUST00883,2024-08-29,41.02,Home & Kitchen,1
TXN0006997,CUST00883,2025-11-19,42.79,Fashion,0
TXN0006998,CUST00883,2024-08-24,36.49,Fashion,0
TXN0006999,CUST00883,2025-09-19,72.13,Books,0
TXN0007000,CUST00883,2024-11-16,67.53,Sports,0
TXN0007001,CUST00884,2025-07-20,32.69,Electronics,0
TXN0007002,CUST00884,2025-07-06,117.87,Home & Kitchen,1
TXN0007003,CUST00884,2025-08-31,118.81,Home & Kitchen,0
TXN0007004,CUST00884,2025-07-10,152.72,Electronics,0
TXN0007005,CUST00884,2025-08-17,19.22,Home & Kitchen,0
TXN0007006,CUST00884,2025-10-11,31.49,Home & Kitchen,0
TXN0007007,CUST00884,2025-07-06,5.91,Sports,1
TXN0007008,CUST00884,2025-08-08,50.58,Electronics,0
TXN0007009,CUST00884,2025-10-31,47.21,Books,1
TXN0007010,CUST00884,2025-09-15,90.95,Beauty,0
TXN0007011,CUST00884,2025-12-20,63.17,Books,0
TXN0007012,CUST00884,2025-08-19,180.47,Beauty,1
TXN0007013,CUST00885,2024-10-21,118.5,Beauty,1
TXN0007014,CUST00885,2025-07-15,80.24,Beauty,0
TXN0007015,CUST00885,2025-06-18,81.51,Home & Kitchen,1
TXN0007016,CUST00885,2025-12-24,54.04,Home & Kitchen,0
TXN0007017,CUST00885,2025-02-23,135.53,Sports,0
TXN0007018,CUST00885,2025-12-27,95.19,Beauty,0
TXN0007019,CUST00885,2025-01-23,57.51,Sports,1
TXN0007020,CUST00885,2025-02-04,69.81,Home & Kitchen,0
TXN0007021,CUST00885,2025-09-05,48.01,Electronics,0
TXN0007022,CUST00885,2025-12-05,92.8,Fashion,0
TXN0007023,CUST00885,2024-12-02,75.29,Beauty,1
TXN0007024,CUST00885,2025-12-14,67.49,Beauty,0
TXN0007025,CUST00885,2024-10-19,146.1,Home & Kitchen,0
TXN0007026,CUST00885,2025-02-11,40.54,Fashion,0
TXN0007027,CUST00885,2025-08-30,34.95,Sports,0
TXN0007028,CUST00885,2025-10-07,67.03,Sports,1
TXN0007029,CUST00885,2025-05-27,83.21,Fashion,0
TXN0007030,CUST00885,2024-11-24,25.22,Sports,1
TXN0007031,CUST00885,2025-10-20,47.65,Beauty,0
TXN0007032,CUST00887,2025-12-23,70.24,Beauty,1
TXN0007033,CUST00887,2025-07-24,30.89,Home & Kitchen,0
TXN0007034,CUST00887,2025-12-15,93.49,Books,0
TXN0007035,CUST00887,2025-09-08,42.48,Books,0
TXN0007036,CUST00887,2025-09-03,57.78,Books,1
TXN0007037,CUST00887,2025-02-24,134.77,Beauty,0
TXN0007038,CUST00887,2025-06-05,60.26,Books,0
TXN0007039,CUST00887,2025-08-26,146.54,Home & Kitchen,1
TXN0007040,CUST00887,2025-01-15,32.21,Books,0
TXN0007041,CUST00887,2024-09-06,45.23,Sports,1
TXN0007042,CUST00887,2024-09-30,69.23,Electronics,0
TXN0007043,CUST00887,2025-02-15,18.16,Electronics,0
TXN0007044,CUST00887,2025-03-25,32.54,Electronics,1
TXN0007045,CUST00887,2025-08-09,122.95,Electronics,1
TXN0007046,CUST00887,2025-11-03,12.46,Books,1
TXN0007047,CUST00887,2024-10-15,73.23,Electronics,1
TXN0007048,CUST00887,2025-04-20,67.26,Sports,0
TXN0007049,CUST00888,2025-08-23,96.35,Beauty,0
TXN0007050,CUST00888,2025-12-15,23.69,Electronics,0
TXN0007051,CUST00888,2025-11-03,58.85,Beauty,0
TXN0007052,CUST00888,2025-10-16,38.61,Books,1
TXN0007053,CUST00889,2025-11-08,8.33,Sports,0
TXN0007054,CUST00889,2025-08-26,28.05,Sports,0
TXN0007055,CUST00889,2025-10-05,26.54,Electronics,0
TXN0007056,CUST00889,2024-08-12,92.75,Books,1
TXN0007057,CUST00889,2025-06-26,20.8,Beauty,0
TXN0007058,CUST00889,2024-11-08,28.32,Sports,0
TXN0007059,CUST00889,2025-06-10,53.25,Sports,0
TXN0007060,CUST00889,2025-10-05,18.08,Electronics,0
TXN0007061,CUST00889,2024-12-31,30.18,Books,0
TXN0007062,CUST00889,2025-02-28,34.34,Home & Kitchen,0
TXN0007063,CUST00891,2025-12-01,12.65,Beauty,0
TXN0007064,CUST00891,2025-11-19,34.05,Fashion,0
TXN0007065,CUST00892,2025-09-13,53.04,Fashion,0
TXN0007066,CUST00892,2025-09-08,44.56,Beauty,0
TXN0007067,CUST00893,2025-02-16,35.37,Sports,1
TXN0007068,CUST00893,2025-02-02,97.72,Beauty,0
TXN0007069,CUST00893,2025-08-11,39.96,Electronics,0
TXN0007070,CUST00893,2025-07-01,23.36,Fashion,0
TXN0007071,CUST00893,2025-05-20,25.62,Beauty,0
TXN0007072,CUST00893,2025-03-25,35.48,Electronics,0
TXN0007073,CUST00893,2025-01-30,21.53,Home & Kitchen,0
TXN0007074,CUST00893,2025-07-22,49.5,Beauty,0
TXN0007075,CUST00893,2025-02-06,43.34,Beauty,1
TXN0007076,CUST00893,2025-02-16,58.93,Books,1
TXN0007077,CUST00893,2025-11-02,50.75,Books,0
TXN0007078,CUST00893,2025-04-11,38.29,Books,0
TXN0007079,CUST00893,2025-05-21,98.23,Beauty,0
TXN0007080,CUST00893,2025-03-02,46.07,Electronics,0
TXN0007081,CUST00893,2025-09-19,62.85,Home & Kitchen,0
TXN0007082,CUST00894,2025-08-06,58.21,Fashion,0
TXN0007083,CUST00894,2025-05-15,62.28,Sports,0
TXN0007084,CUST00894,2025-04-05,35.88,Home & Kitchen,0
TXN0007085,CUST00894,2025-07-03,57.73,Home & Kitchen,1
TXN0007086,CUST00894,2025-06-23,46.75,Books,1
TXN0007087,CUST00896,2025-09-30,36.35,Home & Kitchen,0
TXN0007088,CUST00896,2025-12-01,58.18,Home & Kitchen,0
TXN0007089,CUST00896,2025-06-22,40.82,Beauty,1
TXN0007090,CUST00897,2025-03-15,53.28,Books,0
TXN0007091,CUST00897,2024-08-08,41.49,Fashion,0
TXN0007092,CUST00897,2025-02-28,11.68,Electronics,0
TXN0007093,CUST00897,2025-12-14,199.04,Beauty,0
TXN0007094,CUST00897,2024-10-11,67.63,Electronics,0
TXN0007095,CUST00897,2025-04-04,22.96,Electronics,0
TXN0007096,CUST00897,2024-05-04,84.11,Electronics,0
TXN0007097,CUST00897,2024-03-24,22.17,Fashion,1
TXN0007098,CUST00897,2024-07-13,19.2,Home & Kitchen,0
TXN0007099,CUST00897,2024-06-18,4.61,Sports,1
TXN0007100,CUST00897,2025-09-08,43.39,Books,0
TXN0007101,CUST00898,2025-11-21,89.71,Sports,0
TXN0007102,CUST00898,2025-11-16,60.66,Home & Kitchen,1
TXN0007103,CUST00898,2025-10-21,84.81,Home & Kitchen,1
TXN0007104,CUST00898,2025-12-15,54.77,Fashion,0
TXN0007105,CUST00898,2025-12-07,98.08,Sports,0
TXN0007106,CUST00898,2025-11-15,7.46,Beauty,0
TXN0007107,CUST00900,2025-11-01,64.08,Fashion,0
TXN0007108,CUST00901,2025-10-10,35.83,Sports,0
TXN0007109,CUST00901,2025-08-29,69.86,Beauty,0
TXN0007110,CUST00902,2024-11-30,48.17,Fashion,0
TXN0007111,CUST00902,2024-12-30,46.57,Sports,1
TXN0007112,CUST00902,2025-04-16,19.9,Books,0
TXN0007113,CUST00902,2025-10-02,38.58,Beauty,0
TXN0007114,CUST00902,2025-06-06,18.68,Electronics,0
TXN0007115,CUST00902,2025-12-27,43.35,Sports,0
TXN0007116,CUST00902,2025-10-05,16.22,Beauty,0
TXN0007117,CUST00902,2025-06-13,9.07,Fashion,1
TXN0007118,CUST00902,2024-12-02,27.01,Books,0
TXN0007119,CUST00902,2025-09-02,33.74,Beauty,0
TXN0007120,CUST00902,2025-01-23,10.59,Books,1
TXN0007121,CUST00902,2025-08-29,50.15,Fashion,1
TXN0007122,CUST00902,2025-07-01,25.07,Beauty,1
TXN0007123,CUST00902,2025-04-23,30.05,Home & Kitchen,0
TXN0007124,CUST00902,2024-11-22,47.68,Sports,0
TXN0007125,CUST00902,2025-11-20,83.93,Fashion,0
TXN0007126,CUST00903,2025-12-30,22.97,Beauty,0
TXN0007127,CUST00903,2025-11-25,91.59,Fashion,1
TXN0007128,CUST00904,2025-05-01,79.87,Electronics,1
TXN0007129,CUST00904,2025-12-01,59.65,Books,0
TXN0007130,CUST00904,2025-08-12,5.43,Fashion,1
TXN0007131,CUST00904,2025-09-12,28.2,Sports,0
TXN0007132,CUST00906,2025-07-07,42.64,Electronics,0
TXN0007133,CUST00906,2025-09-18,72.94,Books,0
TXN0007134,CUST00907,2024-08-06,29.04,Sports,0
TXN0007135,CUST00907,2025-05-18,19.27,Beauty,1
TXN0007136,CUST00907,2024-05-20,70.96,Books,0
TXN0007137,CUST00907,2025-06-07,75.24,Home & Kitchen,0
TXN0007138,CUST00907,2025-06-02,141.94,Sports,1
TXN0007139,CUST00907,2025-05-18,22.8,Fashion,1
TXN0007140,CUST00907,2024-03-01,51.3,Home & Kitchen,0
TXN0007141,CUST00907,2024-08-23,28.74,Fashion,1
TXN0007142,CUST00907,2024-03-25,11.7,Electronics,0
TXN0007143,CUST00907,2025-11-08,59.45,Electronics,0
TXN0007144,CUST00907,2024-06-03,90.89,Electronics,0
TXN0007145,CUST00907,2025-08-18,51.64,Beauty,0
TXN0007146,CUST00907,2025-09-18,19.78,Electronics,1
TXN0007147,CUST00907,2024-11-02,15.76,Books,0
TXN0007148,CUST00907,2025-01-16,56.79,Sports,0
TXN0007149,CUST00907,2025-12-23,53.66,Fashion,0
TXN0007150,CUST00907,2025-07-18,54.26,Electronics,1
TXN0007151,CUST00907,2025-02-08,39.89,Sports,1
TXN0007152,CUST00907,2025-05-22,70.44,Books,1
TXN0007153,CUST00907,2024-09-14,137.75,Sports,1
TXN0007154,CUST00908,2025-08-09,56.44,Electronics,0
TXN0007155,CUST00909,2025-11-30,44.67,Sports,1
TXN0007156,CUST00911,2025-12-26,55.53,Beauty,1
TXN0007157,CUST00911,2025-07-18,118.9,Electronics,1
TXN0007158,CUST00911,2025-12-22,92.8,Books,0
TXN0007159,CUST00911,2025-12-16,29.05,Books,0
TXN0007160,CUST00911,2025-12-14,34.08,Fashion,1
TXN0007161,CUST00911,2025-09-12,21.75,Beauty,1
TXN0007162,CUST00911,2025-09-05,251.52,Books,0
TXN0007163,CUST00911,2025-08-11,80.86,Books,0
TXN0007164,CUST00911,2025-12-14,48.74,Home & Kitchen,0
TXN0007165,CUST00911,2025-07-25,55.03,Fashion,0
TXN0007166,CUST00912,2025-10-21,60.27,Fashion,0
TXN0007167,CUST00912,2025-12-14,108.12,Books,0
TXN0007168,CUST00912,2025-09-17,21.37,Fashion,0
TXN0007169,CUST00912,2025-09-19,35.45,Home & Kitchen,0
TXN0007170,CUST00912,2025-09-29,178.44,Fashion,0
TXN0007171,CUST00913,2025-03-01,24.42,Sports,0
TXN0007172,CUST00913,2025-03-20,31.98,Fashion,1
TXN0007173,CUST00913,2024-12-22,72.0,Books,0
TXN0007174,CUST00913,2025-09-30,73.83,Beauty,0
TXN0007175,CUST00913,2025-07-05,24.74,Home & Kitchen,1
TXN0007176,CUST00913,2024-09-06,43.81,Books,0
TXN0007177,CUST00913,2024-12-18,106.51,Electronics,1
TXN0007178,CUST00913,2025-06-08,62.93,Home & Kitchen,0
TXN0007179,CUST00913,2025-11-22,262.48,Electronics,0
TXN0007180,CUST00913,2024-11-30,66.81,Fashion,1
TXN0007181,CUST00913,2024-12-30,94.45,Books,0
TXN0007182,CUST00913,2025-09-19,55.36,Electronics,0
TXN0007183,CUST00913,2025-04-23,46.89,Books,0
TXN0007184,CUST00913,2024-12-23,51.51,Sports,0
TXN0007185,CUST00913,2025-10-22,172.19,Electronics,0
TXN0007186,CUST00913,2025-04-23,87.4,Electronics,0
TXN0007187,CUST00913,2025-04-21,60.08,Beauty,1
TXN0007188,CUST00913,2024-10-14,41.03,Sports,0
TXN0007189,CUST00913,2025-12-29,32.51,Electronics,0
TXN0007190,CUST00914,2025-10-24,9.35,Electronics,1
TXN0007191,CUST00914,2025-08-22,73.64,Fashion,0
TXN0007192,CUST00914,2025-12-27,57.96,Home & Kitchen,1
TXN0007193,CUST00915,2025-05-28,71.25,Home & Kitchen,1
TXN0007194,CUST00915,2025-08-07,22.04,Fashion,0
TXN0007195,CUST00915,2025-09-15,32.18,Electronics,0
TXN0007196,CUST00916,2024-11-19,17.1,Electronics,0
TXN0007197,CUST00916,2025-09-12,22.77,Beauty,1
TXN0007198,CUST00917,2024-10-01,25.41,Home & Kitchen,0
TXN0007199,CUST00917,2025-07-30,49.86,Fashion,0
TXN0007200,CUST00917,2025-11-13,15.76,Beauty,1
TXN0007201,CUST00917,2025-03-12,50.13,Electronics,0
TXN0007202,CUST00917,2024-02-25,53.34,Beauty,1
TXN0007203,CUST00917,2025-04-01,53.62,Electronics,1
TXN0007204,CUST00917,2025-06-26,32.4,Beauty,1
TXN0007205,CUST00917,2025-05-25,8.68,Electronics,0
TXN0007206,CUST00917,2024-05-06,73.87,Beauty,0
TXN0007207,CUST00917,2024-08-28,134.8,Books,1
TXN0007208,CUST00917,2024-12-20,64.87,Electronics,0
TXN0007209,CUST00917,2024-10-24,110.48,Fashion,0
TXN0007210,CUST00917,2025-04-19,41.63,Books,0
TXN0007211,CUST00917,2025-12-30,22.2,Beauty,0
TXN0007212,CUST00918,2025-04-17,53.65,Beauty,1
TXN0007213,CUST00918,2024-12-05,34.88,Home & Kitchen,0
TXN0007214,CUST00918,2025-03-15,73.9,Books,0
TXN0007215,CUST00918,2025-07-29,56.24,Beauty,1
TXN0007216,CUST00918,2025-12-20,61.17,Fashion,0
TXN0007217,CUST00918,2025-09-21,16.49,Fashion,0
TXN0007218,CUST00918,2024-10-26,26.63,Home & Kitchen,0
TXN0007219,CUST00918,2025-01-24,11.62,Electronics,0
TXN0007220,CUST00918,2025-01-27,21.56,Fashion,0
TXN0007221,CUST00918,2025-01-22,64.63,Books,0
TXN0007222,CUST00918,2025-12-25,11.79,Sports,0
TXN0007223,CUST00918,2024-11-29,33.32,Books,1
TXN0007224,CUST00918,2024-09-09,46.12,Sports,1
TXN0007225,CUST00918,2024-11-17,54.35,Electronics,1
TXN0007226,CUST00919,2024-11-16,26.25,Electronics,1
TXN0007227,CUST00919,2024-11-27,72.22,Home & Kitchen,1
TXN0007228,CUST00919,2025-03-30,49.2,Home & Kitchen,0
TXN0007229,CUST00919,2025-06-13,33.92,Beauty,0
TXN0007230,CUST00920,2025-12-20,77.03,Sports,0
TXN0007231,CUST00920,2025-08-10,37.21,Sports,0
TXN0007232,CUST00920,2025-10-04,89.33,Sports,1
TXN0007233,CUST00920,2025-08-13,65.33,Electronics,0
TXN0007234,CUST00921,2025-08-05,62.79,Fashion,1
TXN0007235,CUST00921,2025-04-01,46.43,Sports,1
TXN0007236,CUST00921,2025-09-06,23.35,Books,0
TXN0007237,CUST00921,2025-05-08,82.54,Home & Kitchen,0
TXN0007238,CUST00921,2025-08-04,158.12,Electronics,0
TXN0007239,CUST00921,2025-06-24,26.53,Fashion,1
TXN0007240,CUST00921,2025-03-11,41.41,Sports,0
TXN0007241,CUST00921,2025-01-22,81.13,Electronics,0
TXN0007242,CUST00921,2025-12-17,183.25,Sports,0
TXN0007243,CUST00921,2025-01-03,70.93,Electronics,0
TXN0007244,CUST00921,2025-08-28,45.46,Sports,0
TXN0007245,CUST00922,2025-07-09,111.51,Sports,0
TXN0007246,CUST00922,2025-06-22,46.54,Fashion,0
TXN0007247,CUST00922,2025-01-27,50.8,Fashion,0
TXN0007248,CUST00922,2024-10-24,63.38,Home & Kitchen,0
TXN0007249,CUST00922,2024-12-23,180.01,Electronics,1
TXN0007250,CUST00922,2025-02-06,125.82,Fashion,1
TXN0007251,CUST00922,2025-10-19,109.54,Electronics,0
TXN0007252,CUST00922,2025-01-26,106.86,Home & Kitchen,0
TXN0007253,CUST00922,2025-05-20,62.16,Fashion,1
TXN0007254,CUST00922,2024-10-13,133.19,Fashion,1
TXN0007255,CUST00922,2025-01-14,74.84,Electronics,0
TXN0007256,CUST00922,2025-11-09,53.45,Books,0
TXN0007257,CUST00922,2025-07-16,26.3,Books,0
TXN0007258,CUST00922,2025-07-08,129.39,Fashion,0
TXN0007259,CUST00922,2025-07-17,115.08,Home & Kitchen,1
TXN0007260,CUST00922,2025-07-14,21.8,Home & Kitchen,1
TXN0007261,CUST00922,2025-10-03,145.97,Beauty,0
TXN0007262,CUST00922,2025-02-06,115.18,Fashion,0
TXN0007263,CUST00922,2024-11-26,60.59,Electronics,0
TXN0007264,CUST00922,2025-11-28,54.24,Home & Kitchen,0
TXN0007265,CUST00922,2024-12-11,141.82,Books,0
TXN0007266,CUST00922,2024-10-01,118.02,Sports,0
TXN0007267,CUST00922,2025-09-22,52.68,Books,1
TXN0007268,CUST00922,2025-08-20,114.16,Home & Kitchen,1
TXN0007269,CUST00922,2025-02-23,138.72,Beauty,0
TXN0007270,CUST00922,2025-05-29,60.51,Books,0
TXN0007271,CUST00922,2024-11-12,30.76,Beauty,0
TXN0007272,CUST00923,2025-12-30,56.71,Beauty,0
TXN0007273,CUST00923,2025-12-03,22.02,Sports,0
TXN0007274,CUST00923,2025-12-12,34.17,Beauty,0
TXN0007275,CUST00924,2025-10-08,20.65,Fashion,1
TXN0007276,CUST00924,2025-08-22,45.23,Home & Kitchen,0
TXN0007277,CUST00924,2025-05-08,78.53,Fashion,0
TXN0007278,CUST00924,2024-11-06,57.84,Fashion,0
TXN0007279,CUST00924,2024-12-28,128.72,Books,0
TXN0007280,CUST00924,2025-06-30,42.98,Books,1
TXN0007281,CUST00924,2025-08-18,90.45,Home & Kitchen,1
TXN0007282,CUST00924,2025-07-26,34.1,Beauty,0
TXN0007283,CUST00924,2025-08-01,54.13,Electronics,0
TXN0007284,CUST00924,2025-05-25,41.52,Sports,1
TXN0007285,CUST00925,2024-09-13,31.73,Sports,1
TXN0007286,CUST00925,2024-11-25,31.33,Home & Kitchen,0
TXN0007287,CUST00925,2024-07-27,9.74,Fashion,0
TXN0007288,CUST00925,2024-08-18,35.21,Fashion,1
TXN0007289,CUST00925,2025-07-05,51.53,Books,0
TXN0007290,CUST00925,2025-01-21,53.1,Beauty,1
TXN0007291,CUST00927,2025-06-09,82.69,Beauty,0
TXN0007292,CUST00927,2025-05-27,47.37,Beauty,1
TXN0007293,CUST00927,2025-01-19,65.78,Beauty,0
TXN0007294,CUST00927,2025-10-15,38.3,Sports,1
TXN0007295,CUST00927,2025-01-06,49.79,Books,0
TXN0007296,CUST00927,2025-09-25,38.78,Home & Kitchen,0
TXN0007297,CUST00927,2025-11-16,68.32,Home & Kitchen,0
TXN0007298,CUST00927,2025-04-06,86.44,Sports,1
TXN0007299,CUST00927,2025-07-04,13.67,Electronics,0
TXN0007300,CUST00927,2025-07-19,45.21,Sports,0
TXN0007301,CUST00927,2025-09-23,46.49,Beauty,1
TXN0007302,CUST00927,2025-06-02,107.11,Beauty,1
TXN0007303,CUST00927,2025-01-03,25.52,Fashion,0
TXN0007304,CUST00927,2025-05-27,117.87,Sports,1
TXN0007305,CUST00927,2025-01-29,50.51,Home & Kitchen,1
TXN0007306,CUST00927,2025-06-26,73.28,Home & Kitchen,0
TXN0007307,CUST00927,2025-04-04,192.59,Books,0
TXN0007308,CUST00928,2025-05-31,26.82,Electronics,1
TXN0007309,CUST00929,2025-10-17,80.45,Beauty,0
TXN0007310,CUST00929,2024-12-19,34.6,Fashion,1
TXN0007311,CUST00929,2025-02-06,15.53,Electronics,0
TXN0007312,CUST00929,2025-02-11,87.67,Sports,0
TXN0007313,CUST00929,2025-10-26,47.15,Home & Kitchen,0
TXN0007314,CUST00929,2025-04-07,67.41,Sports,0
TXN0007315,CUST00929,2025-11-07,64.84,Beauty,1
TXN0007316,CUST00929,2025-06-09,63.03,Home & Kitchen,1
TXN0007317,CUST00929,2025-12-30,53.97,Sports,0
TXN0007318,CUST00929,2025-10-20,56.78,Books,0
TXN0007319,CUST00929,2025-09-08,41.47,Sports,0
TXN0007320,CUST00929,2025-12-02,68.51,Home & Kitchen,0
TXN0007321,CUST00929,2025-09-14,50.13,Beauty,0
TXN0007322,CUST00929,2024-09-03,45.61,Electronics,0
TXN0007323,CUST00930,2025-03-26,88.04,Electronics,0
TXN0007324,CUST00930,2025-10-14,41.52,Fashion,1
TXN0007325,CUST00930,2025-02-24,28.34,Home & Kitchen,0
TXN0007326,CUST00930,2025-05-13,47.35,Beauty,1
TXN0007327,CUST00930,2025-10-14,85.66,Fashion,0
TXN0007328,CUST00930,2025-12-04,129.52,Home & Kitchen,0
TXN0007329,CUST00930,2025-07-29,78.57,Fashion,1
TXN0007330,CUST00930,2025-07-26,57.88,Electronics,0
TXN0007331,CUST00931,2025-04-01,157.99,Fashion,0
TXN0007332,CUST00931,2025-04-12,41.55,Books,0
TXN0007333,CUST00931,2025-11-18,25.91,Home & Kitchen,1
TXN0007334,CUST00931,2024-12-01,79.52,Home & Kitchen,0
TXN0007335,CUST00931,2024-11-02,68.83,Fashion,0
TXN0007336,CUST00931,2025-10-25,37.3,Home & Kitchen,0
TXN0007337,CUST00931,2024-10-08,157.23,Electronics,0
TXN0007338,CUST00931,2025-08-15,28.39,Electronics,0
TXN0007339,CUST00931,2025-02-03,139.93,Home & Kitchen,0
TXN0007340,CUST00931,2025-12-13,90.09,Books,0
TXN0007341,CUST00931,2025-07-24,13.14,Electronics,0
TXN0007342,CUST00931,2025-05-25,102.15,Books,0
TXN0007343,CUST00931,2025-10-30,60.09,Home & Kitchen,0
TXN0007344,CUST00931,2025-03-20,66.41,Fashion,1
TXN0007345,CUST00931,2024-12-20,70.47,Beauty,1
TXN0007346,CUST00931,2025-05-14,66.68,Sports,0
TXN0007347,CUST00932,2025-12-14,17.92,Home & Kitchen,1
TXN0007348,CUST00932,2024-07-19,10.49,Fashion,0
TXN0007349,CUST00932,2024-07-21,49.55,Sports,0
TXN0007350,CUST00932,2025-06-05,35.16,Electronics,0
TXN0007351,CUST00932,2025-10-07,42.3,Beauty,0
TXN0007352,CUST00932,2025-11-24,93.89,Home & Kitchen,0
TXN0007353,CUST00933,2025-10-30,51.57,Sports,0
TXN0007354,CUST00933,2025-11-16,66.24,Fashion,0
TXN0007355,CUST00933,2025-11-01,36.4,Sports,0
TXN0007356,CUST00933,2025-11-27,143.95,Fashion,0
TXN0007357,CUST00934,2025-07-13,67.52,Electronics,0
TXN0007358,CUST00935,2024-12-28,44.96,Sports,0
TXN0007359,CUST00935,2024-09-17,18.05,Home & Kitchen,1
TXN0007360,CUST00935,2025-03-27,45.18,Books,1
TXN0007361,CUST00935,2025-02-15,48.88,Sports,0
TXN0007362,CUST00935,2024-11-09,28.27,Books,0
TXN0007363,CUST00936,2025-05-01,14.59,Electronics,1
TXN0007364,CUST00936,2025-07-01,104.1,Sports,0
TXN0007365,CUST00936,2025-10-10,52.81,Books,0
TXN0007366,CUST00936,2025-05-14,18.19,Beauty,0
TXN0007367,CUST00937,2025-11-20,80.04,Books,1
TXN0007368,CUST00937,2025-03-03,57.68,Beauty,1
TXN0007369,CUST00937,2025-10-11,56.79,Home & Kitchen,1
TXN0007370,CUST00937,2025-08-31,44.72,Home & Kitchen,0
TXN0007371,CUST00937,2025-08-08,69.07,Fashion,1
TXN0007372,CUST00937,2025-10-10,91.41,Fashion,0
TXN0007373,CUST00937,2025-06-21,7.4,Electronics,0
TXN0007374,CUST00937,2024-11-16,96.61,Beauty,0
TXN0007375,CUST00937,2025-08-23,25.59,Beauty,0
TXN0007376,CUST00939,2025-10-28,59.85,Electronics,0
TXN0007377,CUST00939,2025-12-10,53.92,Home & Kitchen,0
TXN0007378,CUST00939,2025-10-28,53.41,Beauty,0
TXN0007379,CUST00940,2025-12-03,64.78,Electronics,0
TXN0007380,CUST00940,2025-03-11,54.72,Electronics,0
TXN0007381,CUST00940,2025-12-10,108.78,Beauty,0
TXN0007382,CUST00940,2025-07-04,74.16,Fashion,1
TXN0007383,CUST00940,2025-06-11,22.19,Sports,0
TXN0007384,CUST00940,2025-03-12,55.21,Home & Kitchen,1
TXN0007385,CUST00940,2025-07-09,70.14,Sports,0
TXN0007386,CUST00941,2025-06-17,26.75,Beauty,0
TXN0007387,CUST00942,2024-07-07,39.96,Fashion,0
TXN0007388,CUST00942,2025-12-26,48.41,Sports,0
TXN0007389,CUST00942,2025-09-05,70.5,Electronics,0
TXN0007390,CUST00942,2025-12-02,27.65,Home & Kitchen,0
TXN0007391,CUST00942,2024-09-14,93.84,Electronics,0
TXN0007392,CUST00942,2025-07-09,54.49,Books,0
TXN0007393,CUST00942,2025-12-24,9.44,Sports,0
TXN0007394,CUST00943,2025-12-28,44.86,Electronics,1
TXN0007395,CUST00943,2025-12-02,41.47,Beauty,0
TXN0007396,CUST00944,2025-10-11,26.8,Home & Kitchen,1
TXN0007397,CUST00944,2025-06-09,40.15,Fashion,0
TXN0007398,CUST00944,2025-05-29,83.26,Beauty,0
TXN0007399,CUST00944,2025-09-11,88.91,Electronics,0
TXN0007400,CUST00944,2025-10-29,82.22,Sports,0
TXN0007401,CUST00944,2025-05-26,62.87,Sports,0
TXN0007402,CUST00944,2025-12-21,22.92,Electronics,1
TXN0007403,CUST00946,2025-06-10,51.74,Home & Kitchen,1
TXN0007404,CUST00946,2025-09-29,81.58,Books,0
TXN0007405,CUST00946,2025-06-25,118.81,Electronics,1
TXN0007406,CUST00946,2025-09-27,155.61,Electronics,0
TXN0007407,CUST00946,2025-09-14,131.08,Beauty,0
TXN0007408,CUST00946,2025-11-11,30.67,Electronics,1
TXN0007409,CUST00946,2025-09-04,21.18,Beauty,1
TXN0007410,CUST00946,2025-09-17,75.41,Books,0
TXN0007411,CUST00946,2025-10-18,38.39,Home & Kitchen,0
TXN0007412,CUST00946,2025-07-10,116.44,Home & Kitchen,0
TXN0007413,CUST00946,2025-09-18,12.49,Home & Kitchen,0
TXN0007414,CUST00946,2025-07-29,90.26,Home & Kitchen,1
TXN0007415,CUST00946,2025-10-18,33.29,Beauty,1
TXN0007416,CUST00947,2025-11-21,43.34,Electronics,1
TXN0007417,CUST00948,2024-11-12,23.3,Sports,0
TXN0007418,CUST00948,2024-09-04,27.35,Home & Kitchen,0
TXN0007419,CUST00948,2025-04-02,34.4,Beauty,0
TXN0007420,CUST00948,2025-08-25,46.92,Sports,1
TXN0007421,CUST00948,2025-05-04,28.3,Electronics,0
TXN0007422,CUST00948,2025-05-21,55.24,Beauty,0
TXN0007423,CUST00948,2025-04-07,25.42,Home & Kitchen,0
TXN0007424,CUST00948,2024-08-13,13.14,Books,0
TXN0007425,CUST00948,2024-10-23,70.08,Beauty,0
TXN0007426,CUST00949,2025-09-08,44.65,Beauty,0
TXN0007427,CUST00949,2025-04-30,33.37,Books,1
TXN0007428,CUST00950,2024-11-15,86.6,Electronics,0
TXN0007429,CUST00950,2024-05-06,75.18,Home & Kitchen,0
TXN0007430,CUST00950,2025-07-24,13.85,Sports,1
TXN0007431,CUST00950,2025-11-04,39.42,Electronics,0
TXN0007432,CUST00950,2024-09-28,38.23,Electronics,0
TXN0007433,CUST00950,2024-05-27,35.28,Fashion,1
TXN0007434,CUST00950,2024-04-30,15.11,Electronics,0
TXN0007435,CUST00950,2025-11-29,59.38,Electronics,0
TXN0007436,CUST00950,2025-01-07,91.98,Fashion,0
TXN0007437,CUST00950,2025-06-07,31.05,Electronics,0
TXN0007438,CUST00951,2025-10-04,31.26,Home & Kitchen,0
TXN0007439,CUST00951,2025-10-06,19.1,Books,0
TXN0007440,CUST00951,2025-12-27,87.14,Books,1
TXN0007441,CUST00951,2025-12-20,85.19,Beauty,0
TXN0007442,CUST00951,2025-12-17,34.49,Fashion,0
TXN0007443,CUST00952,2025-09-01,17.98,Fashion,0
TXN0007444,CUST00952,2025-02-07,28.79,Electronics,1
TXN0007445,CUST00952,2025-10-20,48.86,Fashion,0
TXN0007446,CUST00952,2025-01-19,13.67,Books,0
TXN0007447,CUST00952,2024-08-30,164.54,Home & Kitchen,1
TXN0007448,CUST00952,2025-12-28,70.05,Sports,0
TXN0007449,CUST00952,2025-03-12,36.96,Electronics,0
TXN0007450,CUST00952,2025-12-20,44.86,Books,0
TXN0007451,CUST00952,2025-12-24,52.17,Electronics,0
TXN0007452,CUST00952,2025-07-12,28.55,Home & Kitchen,0
TXN0007453,CUST00952,2024-08-12,69.84,Electronics,0
TXN0007454,CUST00952,2025-01-04,71.05,Electronics,0
TXN0007455,CUST00952,2025-04-03,59.27,Electronics,0
TXN0007456,CUST00952,2024-12-02,58.37,Home & Kitchen,1
TXN0007457,CUST00953,2025-06-16,49.89,Electronics,0
TXN0007458,CUST00953,2025-01-05,30.6,Home & Kitchen,1
TXN0007459,CUST00953,2025-12-19,34.54,Home & Kitchen,1
TXN0007460,CUST00953,2025-07-25,181.05,Books,0
TXN0007461,CUST00953,2025-09-20,60.2,Sports,1
TXN0007462,CUST00953,2025-11-24,117.13,Beauty,1
TXN0007463,CUST00953,2025-10-21,108.66,Home & Kitchen,0
TXN0007464,CUST00953,2025-10-22,79.45,Books,0
TXN0007465,CUST00953,2025-03-23,19.24,Fashion,1
TXN0007466,CUST00953,2025-06-19,113.65,Fashion,1
TXN0007467,CUST00953,2025-04-09,40.54,Sports,0
TXN0007468,CUST00953,2025-08-09,50.7,Beauty,0
TXN0007469,CUST00953,2025-07-04,74.21,Electronics,1
TXN0007470,CUST00953,2025-07-16,74.2,Fashion,0
TXN0007471,CUST00953,2025-03-31,103.37,Home & Kitchen,0
TXN0007472,CUST00953,2025-06-17,66.5,Fashion,1
TXN0007473,CUST00953,2024-11-29,74.21,Sports,0
TXN0007474,CUST00953,2024-11-17,61.58,Beauty,1
TXN0007475,CUST00953,2025-03-29,55.33,Books,1
TXN0007476,CUST00954,2025-06-26,54.61,Beauty,1
TXN0007477,CUST00954,2024-03-25,81.67,Books,0
TXN0007478,CUST00954,2024-05-29,93.25,Electronics,1
TXN0007479,CUST00954,2025-09-24,37.05,Sports,0
TXN0007480,CUST00954,2025-12-28,33.3,Sports,1
TXN0007481,CUST00954,2024-12-03,31.5,Fashion,0
TXN0007482,CUST00954,2025-04-08,27.55,Sports,0
TXN0007483,CUST00954,2025-02-05,16.06,Beauty,0
TXN0007484,CUST00954,2025-12-07,32.07,Books,0
TXN0007485,CUST00954,2024-08-27,24.51,Beauty,0
TXN0007486,CUST00954,2024-09-15,26.9,Home & Kitchen,0
TXN0007487,CUST00955,2025-11-19,52.8,Home & Kitchen,0
TXN0007488,CUST00956,2025-12-17,31.78,Books,1
TXN0007489,CUST00957,2025-10-21,168.2,Beauty,0
TXN0007490,CUST00957,2025-11-17,15.57,Fashion,0
TXN0007491,CUST00957,2025-09-10,22.99,Electronics,0
TXN0007492,CUST00957,2025-12-04,66.02,Home & Kitchen,0
TXN0007493,CUST00957,2025-07-24,155.44,Home & Kitchen,0
TXN0007494,CUST00957,2025-09-22,3.0,Books,0
TXN0007495,CUST00958,2025-01-27,53.51,Electronics,1
TXN0007496,CUST00958,2025-03-12,38.94,Home & Kitchen,0
TXN0007497,CUST00958,2025-08-20,71.69,Sports,0
TXN0007498,CUST00958,2025-04-29,56.88,Fashion,0
TXN0007499,CUST00958,2025-01-12,22.37,Books,0
TXN0007500,CUST00959,2025-12-30,9.35,Books,0
TXN0007501,CUST00959,2025-10-26,60.64,Books,0
TXN0007502,CUST00960,2025-02-11,63.93,Fashion,0
TXN0007503,CUST00960,2025-12-03,84.9,Books,0
TXN0007504,CUST00960,2025-11-29,45.39,Electronics,0
TXN0007505,CUST00960,2025-04-06,109.86,Electronics,0
TXN0007506,CUST00960,2025-04-16,138.71,Beauty,1
TXN0007507,CUST00960,2025-03-06,40.93,Electronics,0
TXN0007508,CUST00960,2024-12-18,111.91,Fashion,1
TXN0007509,CUST00960,2025-07-02,25.84,Electronics,0
TXN0007510,CUST00960,2025-09-10,76.75,Books,0
TXN0007511,CUST00960,2024-11-06,57.66,Fashion,0
TXN0007512,CUST00960,2025-06-19,59.42,Beauty,0
TXN0007513,CUST00960,2024-11-20,100.7,Beauty,0
TXN0007514,CUST00961,2025-11-07,27.03,Fashion,1
TXN0007515,CUST00962,2024-12-02,41.23,Beauty,0
TXN0007516,CUST00962,2025-08-29,5.7,Electronics,0
TXN0007517,CUST00962,2024-12-15,53.94,Home & Kitchen,1
TXN0007518,CUST00962,2025-06-05,65.92,Fashion,0
TXN0007519,CUST00962,2025-12-28,70.84,Sports,1
TXN0007520,CUST00962,2025-07-04,31.82,Sports,0
TXN0007521,CUST00962,2025-07-24,14.77,Sports,1
TXN0007522,CUST00962,2025-06-09,9.22,Home & Kitchen,1
TXN0007523,CUST00963,2025-01-13,26.23,Home & Kitchen,1
TXN0007524,CUST00963,2025-05-28,103.68,Books,0
TXN0007525,CUST00963,2025-06-29,31.44,Beauty,0
TXN0007526,CUST00965,2024-10-04,17.1,Books,1
TXN0007527,CUST00966,2025-04-15,51.25,Fashion,0
TXN0007528,CUST00966,2025-03-02,38.02,Sports,0
TXN0007529,CUST00966,2025-09-27,91.82,Electronics,0
TXN0007530,CUST00966,2025-03-05,49.02,Fashion,0
TXN0007531,CUST00966,2025-08-04,17.91,Fashion,1
TXN0007532,CUST00966,2025-05-14,69.91,Home & Kitchen,1
TXN0007533,CUST00966,2025-05-07,28.75,Beauty,1
TXN0007534,CUST00966,2025-03-06,74.33,Beauty,0
TXN0007535,CUST00967,2025-05-06,116.77,Sports,0
TXN0007536,CUST00967,2025-02-17,169.62,Sports,0
TXN0007537,CUST00967,2024-12-22,98.02,Fashion,0
TXN0007538,CUST00967,2025-03-06,45.2,Beauty,1
TXN0007539,CUST00967,2025-07-19,78.49,Fashion,0
TXN0007540,CUST00967,2025-02-17,49.61,Electronics,0
TXN0007541,CUST00967,2025-05-19,64.82,Home & Kitchen,1
TXN0007542,CUST00967,2025-08-14,189.49,Beauty,0
TXN0007543,CUST00967,2025-04-26,24.97,Fashion,0
TXN0007544,CUST00967,2025-01-08,82.11,Books,1
TXN0007545,CUST00967,2025-04-19,51.67,Home & Kitchen,1
TXN0007546,CUST00967,2025-07-20,218.07,Sports,1
TXN0007547,CUST00967,2025-08-24,105.41,Books,1
TXN0007548,CUST00967,2025-05-21,44.55,Electronics,0
TXN0007549,CUST00967,2025-06-25,56.93,Fashion,1
TXN0007550,CUST00967,2025-10-06,96.77,Beauty,1
TXN0007551,CUST00967,2025-07-08,54.6,Electronics,0
TXN0007552,CUST00967,2025-02-13,74.51,Books,0
TXN0007553,CUST00967,2025-01-19,109.68,Electronics,1
TXN0007554,CUST00967,2025-06-04,82.42,Fashion,0
TXN0007555,CUST00967,2025-03-24,56.96,Electronics,0
TXN0007556,CUST00967,2024-12-15,117.46,Beauty,1
TXN0007557,CUST00967,2025-03-25,88.95,Fashion,0
TXN0007558,CUST00968,2025-08-26,50.7,Home & Kitchen,0
TXN0007559,CUST00968,2025-08-16,28.84,Electronics,0
TXN0007560,CUST00969,2025-11-19,101.61,Beauty,0
TXN0007561,CUST00969,2024-09-02,22.53,Books,1
TXN0007562,CUST00969,2025-11-20,50.02,Sports,0
TXN0007563,CUST00969,2024-11-25,118.81,Beauty,0
TXN0007564,CUST00969,2025-11-21,104.37,Home & Kitchen,0
TXN0007565,CUST00969,2024-05-13,72.78,Home & Kitchen,1
TXN0007566,CUST00969,2025-02-24,32.89,Electronics,0
TXN0007567,CUST00969,2025-09-20,104.82,Sports,1
TXN0007568,CUST00969,2025-03-30,118.58,Electronics,1
TXN0007569,CUST00969,2025-03-16,78.61,Home & Kitchen,1
TXN0007570,CUST00969,2024-07-25,46.77,Beauty,0
TXN0007571,CUST00969,2025-04-30,30.82,Fashion,0
TXN0007572,CUST00969,2025-12-15,116.07,Fashion,1
TXN0007573,CUST00969,2024-08-07,53.67,Beauty,0
TXN0007574,CUST00969,2025-11-05,39.15,Sports,0
TXN0007575,CUST00969,2024-09-12,50.84,Beauty,0
TXN0007576,CUST00969,2024-10-22,21.25,Sports,0
TXN0007577,CUST00969,2025-08-13,37.6,Home & Kitchen,0
TXN0007578,CUST00969,2025-09-12,70.2,Electronics,0
TXN0007579,CUST00969,2025-09-17,81.39,Beauty,0
TXN0007580,CUST00969,2025-07-01,23.19,Home & Kitchen,1
TXN0007581,CUST00969,2025-07-05,64.04,Home & Kitchen,0
TXN0007582,CUST00969,2024-08-11,111.1,Electronics,0
TXN0007583,CUST00969,2025-12-29,55.14,Electronics,0
TXN0007584,CUST00969,2024-12-24,58.62,Books,0
TXN0007585,CUST00970,2025-10-28,20.23,Beauty,0
TXN0007586,CUST00971,2025-10-25,31.54,Books,1
TXN0007587,CUST00971,2024-09-18,89.59,Beauty,0
TXN0007588,CUST00971,2025-02-28,90.63,Fashion,1
TXN0007589,CUST00971,2025-02-20,59.14,Home & Kitchen,1
TXN0007590,CUST00971,2024-10-05,16.9,Fashion,0
TXN0007591,CUST00971,2025-11-06,66.88,Beauty,0
TXN0007592,CUST00971,2024-08-27,28.21,Fashion,0
TXN0007593,CUST00971,2024-09-21,139.59,Sports,1
TXN0007594,CUST00971,2025-03-26,32.69,Home & Kitchen,0
TXN0007595,CUST00971,2025-10-13,28.82,Sports,0
TXN0007596,CUST00971,2025-08-19,47.78,Sports,0
TXN0007597,CUST00971,2025-06-30,70.43,Beauty,1
TXN0007598,CUST00971,2025-02-21,36.89,Sports,1
TXN0007599,CUST00971,2024-08-28,35.2,Beauty,1
TXN0007600,CUST00971,2025-02-10,35.57,Electronics,1
TXN0007601,CUST00971,2025-12-18,42.15,Books,1
TXN0007602,CUST00971,2024-12-26,48.99,Electronics,0
TXN0007603,CUST00971,2024-11-01,82.0,Books,0
TXN0007604,CUST00971,2025-12-26,71.92,Fashion,0
TXN0007605,CUST00971,2025-05-20,109.86,Electronics,0
TXN0007606,CUST00971,2025-06-18,77.75,Fashion,0
TXN0007607,CUST00971,2025-01-11,66.83,Electronics,0
TXN0007608,CUST00971,2025-02-04,67.19,Electronics,0
TXN0007609,CUST00971,2025-03-03,66.95,Electronics,1
TXN0007610,CUST00971,2025-08-14,44.46,Sports,1
TXN0007611,CUST00971,2025-05-12,74.03,Home & Kitchen,0
TXN0007612,CUST00972,2025-06-19,76.86,Fashion,1
TXN0007613,CUST00973,2024-10-14,50.24,Electronics,0
TXN0007614,CUST00973,2025-07-31,7.95,Sports,1
TXN0007615,CUST00973,2024-10-30,30.04,Electronics,0
TXN0007616,CUST00973,2025-05-05,55.72,Home & Kitchen,0
TXN0007617,CUST00973,2024-10-20,36.62,Fashion,0
TXN0007618,CUST00974,2025-11-11,127.47,Sports,0
TXN0007619,CUST00974,2025-12-07,118.66,Books,0
TXN0007620,CUST00974,2025-11-17,35.45,Books,0
TXN0007621,CUST00974,2025-10-05,50.47,Beauty,0
TXN0007622,CUST00974,2025-12-12,41.6,Beauty,1
TXN0007623,CUST00975,2025-12-11,11.5,Beauty,0
TXN0007624,CUST00976,2025-12-06,34.28,Electronics,0
TXN0007625,CUST00976,2025-12-22,84.9,Fashion,1
TXN0007626,CUST00977,2024-11-20,42.36,Books,0
TXN0007627,CUST00977,2024-10-03,78.46,Books,0
TXN0007628,CUST00977,2024-12-08,62.01,Home & Kitchen,0
TXN0007629,CUST00977,2025-05-14,12.65,Beauty,1
TXN0007630,CUST00977,2024-10-14,49.07,Fashion,0
TXN0007631,CUST00977,2025-02-12,85.49,Fashion,1
TXN0007632,CUST00977,2025-04-24,39.36,Fashion,1
TXN0007633,CUST00977,2025-03-31,60.4,Home & Kitchen,0
TXN0007634,CUST00977,2025-08-30,4.32,Books,1
TXN0007635,CUST00977,2025-10-17,122.1,Home & Kitchen,0
TXN0007636,CUST00977,2025-02-10,117.49,Books,0
TXN0007637,CUST00977,2025-07-04,72.16,Sports,0
TXN0007638,CUST00977,2025-04-04,87.68,Home & Kitchen,1
TXN0007639,CUST00977,2025-08-02,33.33,Books,0
TXN0007640,CUST00977,2025-10-30,26.03,Electronics,1
TXN0007641,CUST00977,2025-11-07,158.78,Electronics,0
TXN0007642,CUST00977,2025-10-27,44.71,Fashion,0
TXN0007643,CUST00977,2025-02-03,65.45,Sports,0
TXN0007644,CUST00977,2025-12-06,48.8,Books,1
TXN0007645,CUST00977,2025-01-07,29.84,Sports,1
TXN0007646,CUST00977,2025-09-26,60.19,Beauty,0
TXN0007647,CUST00977,2024-12-06,32.12,Books,1
TXN0007648,CUST00978,2025-09-12,23.82,Home & Kitchen,0
TXN0007649,CUST00978,2025-10-15,29.24,Books,0
TXN0007650,CUST00978,2025-10-13,58.45,Fashion,1
TXN0007651,CUST00978,2025-10-29,14.1,Fashion,1
TXN0007652,CUST00980,2025-03-08,135.11,Home & Kitchen,1
TXN0007653,CUST00980,2025-04-11,31.89,Books,0
TXN0007654,CUST00980,2025-10-16,50.44,Electronics,0
TXN0007655,CUST00980,2025-04-22,46.15,Fashion,1
TXN0007656,CUST00980,2025-03-03,86.36,Fashion,0
TXN0007657,CUST00980,2025-06-25,52.37,Home & Kitchen,1
TXN0007658,CUST00980,2025-07-19,13.75,Beauty,1
TXN0007659,CUST00980,2025-08-17,54.51,Fashion,0
TXN0007660,CUST00981,2025-06-14,48.24,Electronics,1
TXN0007661,CUST00981,2025-09-30,38.07,Books,1
TXN0007662,CUST00981,2025-07-04,123.6,Beauty,0
TXN0007663,CUST00981,2025-04-24,80.88,Beauty,1
TXN0007664,CUST00981,2025-05-26,19.27,Home & Kitchen,0
TXN0007665,CUST00981,2025-10-28,49.75,Electronics,1
TXN0007666,CUST00981,2025-10-04,111.28,Fashion,0
TXN0007667,CUST00981,2025-05-21,53.77,Home & Kitchen,1
TXN0007668,CUST00981,2025-05-27,82.12,Electronics,1
TXN0007669,CUST00981,2025-12-23,110.25,Fashion,0
TXN0007670,CUST00981,2025-06-12,142.74,Books,1
TXN0007671,CUST00981,2025-11-08,21.18,Electronics,0
TXN0007672,CUST00981,2025-12-20,37.54,Sports,0
TXN0007673,CUST00981,2025-07-21,25.92,Home & Kitchen,0
TXN0007674,CUST00981,2025-09-12,72.49,Beauty,1
TXN0007675,CUST00982,2025-10-23,86.82,Sports,1
TXN0007676,CUST00982,2025-08-25,41.76,Electronics,0
TXN0007677,CUST00982,2024-08-04,79.82,Beauty,0
TXN0007678,CUST00982,2025-07-29,51.23,Fashion,0
TXN0007679,CUST00982,2025-01-15,27.13,Beauty,0
TXN0007680,CUST00982,2025-08-01,99.61,Electronics,1
TXN0007681,CUST00982,2025-03-12,30.27,Electronics,1
TXN0007682,CUST00982,2025-08-12,41.37,Electronics,1
TXN0007683,CUST00982,2025-03-02,171.79,Sports,0
TXN0007684,CUST00982,2024-10-02,40.52,Books,0
TXN0007685,CUST00982,2025-01-13,45.23,Home & Kitchen,1
TXN0007686,CUST00982,2025-02-11,15.32,Fashion,0
TXN0007687,CUST00983,2024-01-13,54.6,Sports,0
TXN0007688,CUST00983,2025-02-09,78.16,Sports,0
TXN0007689,CUST00983,2024-08-05,36.45,Fashion,0
TXN0007690,CUST00983,2025-06-18,47.67,Fashion,0
TXN0007691,CUST00983,2025-08-18,196.24,Electronics,1
TXN0007692,CUST00983,2025-12-30,41.06,Electronics,0
TXN0007693,CUST00983,2025-12-21,97.89,Home & Kitchen,1
TXN0007694,CUST00983,2025-12-01,77.67,Books,0
TXN0007695,CUST00983,2024-12-25,121.25,Home & Kitchen,1
TXN0007696,CUST00983,2024-05-02,92.16,Beauty,0
TXN0007697,CUST00983,2024-09-27,18.62,Beauty,1
TXN0007698,CUST00983,2025-02-12,25.86,Books,0
TXN0007699,CUST00983,2024-06-10,88.56,Home & Kitchen,0
TXN0007700,CUST00983,2025-09-12,34.94,Sports,1
TXN0007701,CUST00983,2024-12-29,102.9,Home & Kitchen,1
TXN0007702,CUST00983,2024-06-10,60.49,Books,0
TXN0007703,CUST00983,2025-04-12,33.23,Beauty,1
TXN0007704,CUST00983,2025-08-25,74.52,Home & Kitchen,1
TXN0007705,CUST00983,2025-08-07,46.13,Home & Kitchen,0
TXN0007706,CUST00983,2025-09-21,43.24,Beauty,0
TXN0007707,CUST00983,2024-01-05,53.76,Electronics,0
TXN0007708,CUST00983,2024-03-22,53.1,Home & Kitchen,1
TXN0007709,CUST00983,2025-10-23,79.7,Home & Kitchen,1
TXN0007710,CUST00983,2024-08-02,61.45,Books,1
TXN0007711,CUST00983,2024-09-19,35.13,Home & Kitchen,1
TXN0007712,CUST00983,2024-10-27,51.2,Sports,1
TXN0007713,CUST00983,2025-12-16,46.61,Books,0
TXN0007714,CUST00983,2024-02-01,95.9,Sports,0
TXN0007715,CUST00984,2025-07-27,28.29,Beauty,0
TXN0007716,CUST00984,2025-07-01,82.05,Electronics,1
TXN0007717,CUST00984,2025-04-12,34.54,Home & Kitchen,0
TXN0007718,CUST00984,2024-11-22,30.5,Books,0
TXN0007719,CUST00984,2025-04-14,8.87,Sports,0
TXN0007720,CUST00984,2024-07-05,21.94,Books,0
TXN0007721,CUST00984,2024-08-03,41.96,Books,0
TXN0007722,CUST00984,2025-10-05,70.04,Electronics,0
TXN0007723,CUST00984,2024-12-12,23.55,Fashion,1
TXN0007724,CUST00984,2024-06-01,43.08,Beauty,0
TXN0007725,CUST00985,2024-02-14,61.38,Fashion,0
TXN0007726,CUST00985,2025-10-31,62.32,Books,0
TXN0007727,CUST00985,2024-09-24,68.35,Fashion,0
TXN0007728,CUST00985,2024-10-25,74.12,Home & Kitchen,1
TXN0007729,CUST00985,2024-04-14,48.32,Beauty,0
TXN0007730,CUST00985,2024-07-11,60.74,Electronics,0
TXN0007731,CUST00985,2024-11-06,31.1,Fashion,0
TXN0007732,CUST00985,2024-12-12,58.75,Sports,0
TXN0007733,CUST00985,2025-03-24,60.37,Books,0
TXN0007734,CUST00985,2025-02-07,57.35,Books,1
TXN0007735,CUST00985,2025-04-10,48.35,Beauty,0
TXN0007736,CUST00985,2025-05-15,53.08,Home & Kitchen,0
TXN0007737,CUST00985,2024-10-28,128.19,Fashion,1
TXN0007738,CUST00985,2025-06-19,23.92,Books,0
TXN0007739,CUST00985,2025-03-10,104.46,Electronics,1
TXN0007740,CUST00985,2025-11-09,109.53,Fashion,0
TXN0007741,CUST00985,2024-08-26,77.48,Beauty,0
TXN0007742,CUST00985,2024-08-10,93.3,Books,0
TXN0007743,CUST00985,2025-04-14,54.46,Electronics,0
TXN0007744,CUST00985,2024-08-28,150.07,Home & Kitchen,0
TXN0007745,CUST00985,2024-09-20,78.74,Books,0
TXN0007746,CUST00985,2024-04-05,25.27,Books,0
TXN0007747,CUST00985,2024-12-17,67.32,Sports,0
TXN0007748,CUST00985,2025-05-06,59.81,Beauty,0
TXN0007749,CUST00985,2025-06-05,197.04,Sports,0
TXN0007750,CUST00985,2025-03-11,57.75,Fashion,0
TXN0007751,CUST00985,2024-07-04,43.61,Home & Kitchen,0
TXN0007752,CUST00985,2024-08-21,68.9,Books,0
TXN0007753,CUST00986,2025-02-15,70.91,Home & Kitchen,0
TXN0007754,CUST00986,2025-02-19,81.12,Home & Kitchen,0
TXN0007755,CUST00986,2025-11-08,113.7,Beauty,1
TXN0007756,CUST00986,2024-09-05,142.15,Sports,0
TXN0007757,CUST00986,2025-02-24,33.81,Beauty,0
TXN0007758,CUST00986,2024-10-25,140.21,Home & Kitchen,0
TXN0007759,CUST00986,2025-03-18,230.78,Home & Kitchen,1
TXN0007760,CUST00986,2025-01-30,89.68,Fashion,0
TXN0007761,CUST00986,2025-03-24,27.81,Electronics,0
TXN0007762,CUST00986,2025-02-22,38.49,Sports,0
TXN0007763,CUST00986,2024-12-29,62.09,Sports,0
TXN0007764,CUST00986,2025-05-14,100.08,Books,0
TXN0007765,CUST00986,2025-10-27,84.36,Home & Kitchen,0
TXN0007766,CUST00986,2024-12-04,77.66,Sports,0
TXN0007767,CUST00986,2025-08-25,24.45,Electronics,0
TXN0007768,CUST00986,2024-09-25,43.79,Beauty,0
TXN0007769,CUST00986,2025-07-20,51.36,Beauty,1
TXN0007770,CUST00986,2025-03-24,59.96,Sports,0
TXN0007771,CUST00986,2025-12-09,40.8,Home & Kitchen,1
TXN0007772,CUST00986,2025-09-21,33.48,Home & Kitchen,0
TXN0007773,CUST00986,2024-12-30,53.11,Electronics,0
TXN0007774,CUST00986,2025-09-28,43.31,Electronics,0
TXN0007775,CUST00986,2024-11-01,32.73,Beauty,1
TXN0007776,CUST00986,2025-01-31,23.0,Books,0
TXN0007777,CUST00986,2024-09-18,39.19,Fashion,1
TXN0007778,CUST00986,2025-09-02,33.21,Beauty,0
TXN0007779,CUST00986,2025-01-13,50.03,Books,0
TXN0007780,CUST00986,2025-06-15,28.28,Fashion,1
TXN0007781,CUST00986,2024-08-02,64.87,Sports,0
TXN0007782,CUST00986,2025-10-01,123.99,Home & Kitchen,0
TXN0007783,CUST00986,2024-12-10,56.25,Sports,0
TXN0007784,CUST00986,2025-06-10,115.43,Sports,1
TXN0007785,CUST00986,2025-12-23,225.1,Books,0
TXN0007786,CUST00987,2025-12-09,75.18,Fashion,1
TXN0007787,CUST00987,2025-05-02,37.6,Home & Kitchen,1
TXN0007788,CUST00989,2025-02-28,23.56,Beauty,0
TXN0007789,CUST00989,2025-07-06,23.93,Home & Kitchen,1
TXN0007790,CUST00989,2025-10-07,82.28,Electronics,1
TXN0007791,CUST00989,2025-12-27,14.72,Home & Kitchen,0
TXN0007792,CUST00989,2025-04-30,64.97,Electronics,0
TXN0007793,CUST00990,2025-12-22,21.49,Beauty,0
TXN0007794,CUST00990,2025-07-03,39.25,Electronics,1
TXN0007795,CUST00990,2025-12-02,14.34,Fashion,0
TXN0007796,CUST00990,2025-09-29,113.62,Home & Kitchen,1
TXN0007797,CUST00991,2025-01-07,25.9,Sports,0
TXN0007798,CUST00991,2024-11-27,32.95,Electronics,1
TXN0007799,CUST00991,2024-05-11,17.14,Electronics,0
TXN0007800,CUST00991,2024-07-22,155.75,Beauty,0
TXN0007801,CUST00991,2024-05-28,30.35,Home & Kitchen,1
TXN0007802,CUST00991,2024-08-31,109.95,Electronics,0
TXN0007803,CUST00991,2025-11-16,64.53,Beauty,0
TXN0007804,CUST00991,2025-04-16,68.8,Home & Kitchen,0
TXN0007805,CUST00992,2025-09-13,102.2,Books,0
TXN0007806,CUST00993,2024-06-11,19.97,Electronics,0
TXN0007807,CUST00993,2025-09-05,31.11,Electronics,0
TXN0007808,CUST00993,2025-11-15,24.47,Home & Kitchen,1
TXN0007809,CUST00993,2024-10-13,53.83,Fashion,1
TXN0007810,CUST00993,2024-07-13,79.3,Home & Kitchen,0
TXN0007811,CUST00993,2024-06-20,81.78,Home & Kitchen,1
TXN0007812,CUST00993,2024-04-19,34.88,Sports,0
TXN0007813,CUST00993,2024-04-14,22.41,Books,0
TXN0007814,CUST00993,2025-02-01,23.59,Sports,1
TXN0007815,CUST00993,2025-09-19,30.59,Fashion,1
TXN0007816,CUST00994,2025-01-22,94.37,Electronics,0
TXN0007817,CUST00994,2025-06-10,16.86,Books,0
TXN0007818,CUST00994,2025-12-15,56.04,Home & Kitchen,1
TXN0007819,CUST00994,2024-08-01,22.59,Fashion,0
TXN0007820,CUST00994,2025-04-18,15.63,Books,0
TXN0007821,CUST00994,2024-04-14,88.25,Fashion,1
TXN0007822,CUST00994,2025-06-24,29.52,Beauty,0
TXN0007823,CUST00994,2024-09-20,71.16,Sports,0
TXN0007824,CUST00994,2024-06-30,50.27,Electronics,0
TXN0007825,CUST00994,2025-08-13,13.08,Home & Kitchen,0
TXN0007826,CUST00994,2025-01-11,27.62,Fashion,0
TXN0007827,CUST00995,2024-07-27,36.94,Electronics,0
TXN0007828,CUST00995,2025-11-30,36.33,Beauty,0
TXN0007829,CUST00995,2025-07-20,43.07,Home & Kitchen,0
TXN0007830,CUST00995,2024-11-10,27.78,Fashion,0
TXN0007831,CUST00995,2024-07-31,104.3,Books,1
TXN0007832,CUST00995,2024-06-28,36.7,Books,0
TXN0007833,CUST00995,2025-09-02,31.32,Beauty,1
TXN0007834,CUST00996,2025-08-22,64.87,Beauty,1
TXN0007835,CUST00996,2025-09-28,24.37,Beauty,0
TXN0007836,CUST00996,2025-06-08,52.78,Electronics,1
TXN0007837,CUST00996,2025-06-10,26.86,Home & Kitchen,1
TXN0007838,CUST00996,2025-04-16,43.09,Home & Kitchen,1
TXN0007839,CUST00996,2025-03-16,17.13,Sports,0
TXN0007840,CUST00997,2024-02-07,70.15,Home & Kitchen,0
TXN0007841,CUST00997,2024-07-03,21.08,Fashion,0
TXN0007842,CUST00997,2024-08-21,123.19,Sports,0
TXN0007843,CUST00997,2025-04-12,30.24,Beauty,0
TXN0007844,CUST00997,2024-06-20,64.07,Books,0
TXN0007845,CUST00997,2025-05-02,74.43,Home & Kitchen,0
TXN0007846,CUST00997,2024-04-10,51.88,Sports,0
TXN0007847,CUST00997,2025-05-03,114.25,Fashion,1
TXN0007848,CUST00997,2024-06-20,56.74,Books,1
TXN0007849,CUST00997,2025-08-31,37.92,Fashion,0
TXN0007850,CUST00997,2025-06-21,55.67,Home & Kitchen,0
TXN0007851,CUST00997,2025-01-09,36.99,Fashion,0
TXN0007852,CUST00997,2025-03-20,109.79,Beauty,0
TXN0007853,CUST00997,2024-09-13,60.59,Sports,1
TXN0007854,CUST00997,2024-12-19,110.05,Fashion,0
TXN0007855,CUST00997,2024-05-31,46.17,Home & Kitchen,0
TXN0007856,CUST00997,2025-11-14,6.68,Home & Kitchen,0
TXN0007857,CUST00997,2025-06-26,87.2,Electronics,0
TXN0007858,CUST00997,2024-05-24,61.49,Home & Kitchen,0
TXN0007859,CUST00998,2025-12-07,28.61,Sports,1
TXN0007860,CUST00998,2025-09-24,88.06,Books,0
TXN0007861,CUST00999,2024-03-09,51.59,Beauty,0
TXN0007862,CUST00999,2025-09-29,8.71,Sports,1
TXN0007863,CUST00999,2024-01-27,60.25,Fashion,1
TXN0007864,CUST00999,2024-03-30,36.08,Beauty,0
TXN0007865,CUST00999,2024-04-29,102.4,Beauty,1
TXN0007866,CUST00999,2024-09-14,104.38,Electronics,1
TXN0007867,CUST00999,2025-11-24,27.63,Fashion,0
TXN0007868,CUST00999,2024-09-23,77.4,Sports,1
TXN0007869,CUST00999,2024-07-25,28.35,Beauty,0
TXN0007870,CUST00999,2024-05-08,51.79,Books,0
TXN0007871,CUST00999,2024-12-18,81.59,Home & Kitchen,0
TXN0007872,CUST00999,2025-05-04,41.52,Sports,0
TXN0007873,CUST00999,2024-12-01,89.65,Books,0
TXN0007874,CUST00999,2025-04-24,16.33,Books,0
TXN0007875,CUST00999,2024-10-01,74.87,Home & Kitchen,0
TXN0007876,CUST00999,2025-10-08,22.3,Beauty,0
TXN0007877,CUST00999,2024-06-09,9.57,Home & Kitchen,0
TXN0007878,CUST00999,2025-10-30,64.33,Beauty,0
TXN0007879,CUST01000,2025-08-18,59.42,Beauty,0
TXN0007880,CUST01001,2025-05-28,41.85,Beauty,0
TXN0007881,CUST01002,2025-12-28,38.0,Beauty,0
TXN0007882,CUST01002,2024-08-08,21.19,Beauty,0
TXN0007883,CUST01002,2025-12-19,89.05,Electronics,0
TXN0007884,CUST01002,2025-07-12,44.12,Sports,0
TXN0007885,CUST01002,2025-10-16,24.77,Electronics,0
TXN0007886,CUST01002,2025-01-24,19.01,Beauty,0
TXN0007887,CUST01002,2025-11-10,43.31,Electronics,1
TXN0007888,CUST01002,2025-04-28,46.36,Fashion,0
TXN0007889,CUST01002,2024-09-01,49.7,Sports,0
TXN0007890,CUST01002,2025-05-05,23.34,Home & Kitchen,1
TXN0007891,CUST01002,2025-06-11,41.68,Fashion,0
TXN0007892,CUST01002,2024-08-03,53.0,Sports,0
TXN0007893,CUST01002,2025-06-10,85.27,Sports,0
TXN0007894,CUST01002,2025-01-15,100.26,Home & Kitchen,0
TXN0007895,CUST01002,2024-06-09,9.17,Fashion,1
TXN0007896,CUST01002,2025-08-17,45.35,Sports,0
TXN0007897,CUST01002,2024-09-29,70.9,Sports,1
TXN0007898,CUST01002,2025-12-11,67.61,Sports,0
TXN0007899,CUST01004,2025-09-06,62.47,Home & Kitchen,0
TXN0007900,CUST01004,2025-07-21,73.28,Electronics,0
TXN0007901,CUST01004,2025-08-15,49.08,Beauty,0
TXN0007902,CUST01004,2025-11-15,26.13,Fashion,1
TXN0007903,CUST01004,2025-08-11,19.73,Beauty,1
TXN0007904,CUST01005,2024-11-02,42.61,Books,0
TXN0007905,CUST01007,2025-01-11,18.2,Electronics,1
TXN0007906,CUST01007,2024-10-27,37.52,Beauty,1
TXN0007907,CUST01007,2025-12-23,55.58,Sports,1
TXN0007908,CUST01007,2025-12-17,52.48,Beauty,0
TXN0007909,CUST01007,2025-06-05,48.7,Electronics,0
TXN0007910,CUST01007,2025-11-01,59.31,Electronics,0
TXN0007911,CUST01007,2025-08-17,19.02,Electronics,0
TXN0007912,CUST01009,2025-12-19,29.53,Home & Kitchen,0
TXN0007913,CUST01009,2025-01-03,15.26,Books,0
TXN0007914,CUST01009,2024-11-12,110.33,Electronics,0
TXN0007915,CUST01009,2025-09-07,24.11,Home & Kitchen,1
TXN0007916,CUST01009,2025-06-13,40.12,Sports,1
TXN0007917,CUST01009,2025-10-02,59.08,Electronics,0
TXN0007918,CUST01009,2025-03-02,9.13,Home & Kitchen,0
TXN0007919,CUST01009,2025-03-05,26.41,Sports,0
TXN0007920,CUST01009,2024-09-13,7.16,Beauty,0
TXN0007921,CUST01010,2025-07-29,35.25,Books,0
TXN0007922,CUST01010,2024-05-12,65.26,Home & Kitchen,0
TXN0007923,CUST01010,2024-07-22,45.47,Electronics,0
TXN0007924,CUST01010,2025-02-21,22.57,Electronics,0
TXN0007925,CUST01010,2025-03-14,9.84,Books,0
TXN0007926,CUST01010,2024-04-16,77.24,Sports,1
TXN0007927,CUST01010,2025-08-19,17.09,Books,0
TXN0007928,CUST01010,2025-07-18,124.31,Sports,1
TXN0007929,CUST01010,2025-04-27,45.77,Books,1
TXN0007930,CUST01010,2025-01-25,20.72,Books,1
TXN0007931,CUST01010,2025-11-20,17.3,Electronics,1
TXN0007932,CUST01010,2025-06-11,59.05,Books,0
TXN0007933,CUST01010,2025-04-18,138.09,Fashion,0
TXN0007934,CUST01010,2024-10-22,42.07,Sports,0
TXN0007935,CUST01010,2024-10-25,87.28,Fashion,1
TXN0007936,CUST01010,2025-08-07,73.18,Sports,1
TXN0007937,CUST01010,2024-08-17,27.87,Books,0
TXN0007938,CUST01011,2025-04-01,43.63,Beauty,0
TXN0007939,CUST01011,2025-08-27,58.95,Fashion,1
TXN0007940,CUST01011,2025-05-28,56.9,Fashion,0
TXN0007941,CUST01011,2025-02-23,26.58,Books,0
TXN0007942,CUST01011,2025-05-04,118.7,Books,1
TXN0007943,CUST01011,2025-03-23,27.0,Fashion,1
TXN0007944,CUST01012,2024-02-04,6.04,Home & Kitchen,0
TXN0007945,CUST01012,2025-11-11,19.05,Books,0
TXN0007946,CUST01012,2025-10-23,114.93,Home & Kitchen,0
TXN0007947,CUST01012,2025-03-13,83.82,Books,0
TXN0007948,CUST01012,2024-09-17,58.21,Electronics,1
TXN0007949,CUST01012,2025-12-16,11.25,Beauty,0
TXN0007950,CUST01012,2024-05-01,40.25,Sports,0
TXN0007951,CUST01013,2025-05-20,67.22,Books,0
TXN0007952,CUST01013,2025-12-13,55.8,Fashion,0
TXN0007953,CUST01013,2025-12-12,33.13,Electronics,0
TXN0007954,CUST01013,2025-04-27,88.0,Electronics,0
TXN0007955,CUST01013,2025-09-07,33.81,Electronics,0
TXN0007956,CUST01013,2025-10-03,137.14,Fashion,1
TXN0007957,CUST01013,2025-09-05,58.73,Sports,0
TXN0007958,CUST01015,2024-09-16,8.37,Electronics,1
TXN0007959,CUST01015,2025-09-30,28.48,Sports,0
TXN0007960,CUST01015,2024-07-27,33.74,Electronics,0
TXN0007961,CUST01015,2024-09-21,8.85,Fashion,1
TXN0007962,CUST01015,2024-11-18,62.57,Fashion,0
TXN0007963,CUST01015,2024-04-25,81.21,Electronics,0
TXN0007964,CUST01015,2025-07-24,15.49,Beauty,0
TXN0007965,CUST01016,2025-12-26,33.18,Electronics,0
TXN0007966,CUST01016,2025-12-29,49.27,Sports,0
TXN0007967,CUST01017,2025-04-24,16.6,Beauty,0
TXN0007968,CUST01018,2025-07-05,21.86,Beauty,1
TXN0007969,CUST01018,2025-11-10,33.22,Electronics,0
TXN0007970,CUST01018,2025-07-10,7.34,Electronics,1
TXN0007971,CUST01018,2025-06-20,30.65,Home & Kitchen,1
TXN0007972,CUST01018,2025-06-18,28.22,Beauty,0
TXN0007973,CUST01018,2025-12-24,40.06,Beauty,0
TXN0007974,CUST01019,2025-06-02,32.05,Fashion,1
TXN0007975,CUST01019,2025-03-09,95.74,Fashion,0
TXN0007976,CUST01019,2025-05-24,22.1,Sports,0
TXN0007977,CUST01019,2025-12-28,67.63,Home & Kitchen,0
TXN0007978,CUST01019,2024-08-25,26.35,Sports,0
TXN0007979,CUST01019,2024-11-22,73.27,Books,0
TXN0007980,CUST01019,2024-05-25,51.02,Beauty,1
TXN0007981,CUST01019,2025-09-25,51.7,Books,0
TXN0007982,CUST01019,2025-05-10,117.21,Sports,1
TXN0007983,CUST01019,2024-11-03,40.22,Electronics,0
TXN0007984,CUST01019,2025-02-25,51.65,Beauty,1
TXN0007985,CUST01019,2024-06-16,154.69,Fashion,1
TXN0007986,CUST01019,2025-08-18,79.53,Books,0
TXN0007987,CUST01019,2024-10-26,60.34,Electronics,1
TXN0007988,CUST01019,2025-10-26,60.64,Fashion,0
TXN0007989,CUST01019,2025-12-27,22.66,Fashion,0
TXN0007990,CUST01019,2024-11-20,9.74,Books,0
TXN0007991,CUST01019,2024-08-11,114.01,Books,0
TXN0007992,CUST01019,2024-11-28,94.46,Fashion,0
TXN0007993,CUST01019,2025-09-27,47.69,Fashion,0
TXN0007994,CUST01019,2025-07-22,164.05,Sports,0
TXN0007995,CUST01019,2024-11-18,79.36,Books,0
TXN0007996,CUST01019,2025-02-25,66.05,Books,0
TXN0007997,CUST01020,2025-11-17,49.96,Sports,0
TXN0007998,CUST01021,2025-07-07,40.49,Fashion,0
TXN0007999,CUST01021,2025-06-24,23.64,Beauty,1
TXN0008000,CUST01021,2025-05-21,12.72,Beauty,0
TXN0008001,CUST01021,2025-10-16,25.01,Home & Kitchen,0
TXN0008002,CUST01021,2025-07-30,86.64,Home & Kitchen,0
TXN0008003,CUST01021,2025-11-22,68.73,Books,1
TXN0008004,CUST01021,2025-10-06,43.1,Electronics,0
TXN0008005,CUST01022,2025-03-19,61.18,Sports,0
TXN0008006,CUST01022,2024-12-16,26.24,Beauty,1
TXN0008007,CUST01022,2025-05-21,57.98,Home & Kitchen,0
TXN0008008,CUST01022,2025-08-11,27.44,Books,1
TXN0008009,CUST01022,2024-09-13,50.21,Home & Kitchen,0
TXN0008010,CUST01022,2025-02-27,38.42,Beauty,0
TXN0008011,CUST01022,2025-11-14,65.77,Beauty,0
TXN0008012,CUST01022,2024-08-14,16.2,Books,0
TXN0008013,CUST01022,2025-04-29,23.75,Electronics,0
TXN0008014,CUST01023,2025-09-01,64.82,Beauty,1
TXN0008015,CUST01023,2025-09-27,61.91,Beauty,0
TXN0008016,CUST01023,2025-08-28,25.98,Beauty,0
TXN0008017,CUST01023,2025-07-07,111.3,Fashion,1
TXN0008018,CUST01023,2025-06-13,58.53,Electronics,0
TXN0008019,CUST01023,2025-08-31,43.83,Home & Kitchen,0
TXN0008020,CUST01024,2025-01-02,48.64,Beauty,1
TXN0008021,CUST01024,2025-12-19,89.39,Electronics,0
TXN0008022,CUST01024,2025-11-22,64.87,Sports,0
TXN0008023,CUST01024,2025-04-09,83.18,Beauty,0
TXN0008024,CUST01024,2025-11-19,73.82,Electronics,0
TXN0008025,CUST01024,2025-09-16,18.64,Sports,1
TXN0008026,CUST01024,2025-01-27,22.83,Home & Kitchen,0
TXN0008027,CUST01024,2025-11-10,44.87,Electronics,0
TXN0008028,CUST01024,2025-11-03,80.88,Books,0
TXN0008029,CUST01025,2025-02-10,100.69,Books,0
TXN0008030,CUST01025,2024-12-20,19.63,Books,0
TXN0008031,CUST01025,2024-12-01,65.3,Sports,1
TXN0008032,CUST01025,2025-09-03,51.12,Beauty,1
TXN0008033,CUST01025,2025-07-22,28.46,Electronics,1
TXN0008034,CUST01025,2025-07-03,40.61,Home & Kitchen,0
TXN0008035,CUST01025,2025-05-13,83.52,Fashion,0
TXN0008036,CUST01025,2025-11-05,90.79,Beauty,0
TXN0008037,CUST01025,2025-03-22,25.88,Books,0
TXN0008038,CUST01025,2025-06-26,142.18,Beauty,0
TXN0008039,CUST01025,2025-11-29,15.53,Home & Kitchen,0
TXN0008040,CUST01025,2025-05-31,67.9,Electronics,1
TXN0008041,CUST01026,2025-08-25,118.55,Fashion,1
TXN0008042,CUST01026,2024-03-17,17.13,Home & Kitchen,0
TXN0008043,CUST01026,2025-05-07,40.98,Sports,1
TXN0008044,CUST01026,2024-04-20,46.7,Sports,0
TXN0008045,CUST01026,2025-04-11,69.69,Fashion,0
TXN0008046,CUST01026,2025-08-13,88.6,Home & Kitchen,0
TXN0008047,CUST01026,2025-03-15,69.66,Books,0
TXN0008048,CUST01026,2024-08-12,35.21,Sports,0
TXN0008049,CUST01026,2025-08-11,43.54,Beauty,1
TXN0008050,CUST01026,2024-11-23,47.62,Sports,1
TXN0008051,CUST01026,2024-03-07,19.48,Electronics,0
TXN0008052,CUST01026,2025-09-01,82.08,Fashion,0
TXN0008053,CUST01026,2024-04-28,75.94,Books,1
TXN0008054,CUST01026,2024-09-04,43.97,Fashion,0
TXN0008055,CUST01026,2024-12-01,30.87,Home & Kitchen,0
TXN0008056,CUST01026,2024-06-23,48.4,Books,0
TXN0008057,CUST01026,2024-05-05,27.15,Books,0
TXN0008058,CUST01027,2025-12-12,21.85,Sports,0
TXN0008059,CUST01027,2025-12-16,72.07,Home & Kitchen,0
TXN0008060,CUST01027,2025-02-17,35.94,Beauty,0
TXN0008061,CUST01027,2025-01-05,74.31,Books,0
TXN0008062,CUST01027,2025-11-17,22.37,Fashion,1
TXN0008063,CUST01027,2025-11-19,99.91,Home & Kitchen,1
TXN0008064,CUST01028,2025-02-02,134.93,Books,1
TXN0008065,CUST01028,2025-11-29,50.39,Home & Kitchen,0
TXN0008066,CUST01028,2025-08-16,61.18,Beauty,0
TXN0008067,CUST01028,2025-09-10,19.89,Electronics,1
TXN0008068,CUST01028,2024-11-12,70.37,Books,0
TXN0008069,CUST01028,2025-09-08,69.66,Beauty,0
TXN0008070,CUST01029,2024-11-30,46.13,Beauty,0
TXN0008071,CUST01029,2024-07-26,34.02,Beauty,0
TXN0008072,CUST01029,2024-09-01,39.56,Sports,1
TXN0008073,CUST01029,2024-07-25,69.57,Books,0
TXN0008074,CUST01029,2025-06-18,56.86,Fashion,0
TXN0008075,CUST01030,2025-06-07,50.56,Sports,0
TXN0008076,CUST01030,2025-01-02,30.48,Books,0
TXN0008077,CUST01030,2024-07-31,86.24,Sports,1
TXN0008078,CUST01030,2025-09-25,8.84,Books,0
TXN0008079,CUST01030,2025-05-29,140.28,Sports,0
TXN0008080,CUST01030,2024-09-26,178.88,Home & Kitchen,0
TXN0008081,CUST01030,2025-10-14,60.77,Fashion,0
TXN0008082,CUST01030,2025-06-19,66.98,Books,0
TXN0008083,CUST01030,2025-05-19,20.29,Home & Kitchen,0
TXN0008084,CUST01030,2024-08-26,90.43,Sports,0
TXN0008085,CUST01030,2024-12-02,77.07,Sports,1
TXN0008086,CUST01030,2025-06-11,122.33,Home & Kitchen,1
TXN0008087,CUST01030,2024-09-02,83.68,Sports,0
TXN0008088,CUST01030,2025-04-24,39.5,Sports,0
TXN0008089,CUST01030,2025-06-29,34.03,Beauty,0
TXN0008090,CUST01030,2025-07-28,31.56,Electronics,0
TXN0008091,CUST01030,2024-11-19,70.61,Electronics,0
TXN0008092,CUST01031,2025-08-17,49.22,Electronics,0
TXN0008093,CUST01031,2025-12-07,127.39,Books,0
TXN0008094,CUST01031,2025-10-26,79.25,Fashion,1
TXN0008095,CUST01031,2025-05-30,114.08,Fashion,0
TXN0008096,CUST01031,2025-05-06,101.15,Electronics,1
TXN0008097,CUST01031,2025-10-05,36.44,Books,1
TXN0008098,CUST01031,2025-10-16,76.89,Electronics,0
TXN0008099,CUST01031,2025-06-16,86.55,Beauty,0
TXN0008100,CUST01032,2025-07-25,44.94,Books,1
TXN0008101,CUST01032,2025-08-24,69.2,Beauty,0
TXN0008102,CUST01032,2025-07-17,24.26,Home & Kitchen,1
TXN0008103,CUST01032,2025-07-06,85.94,Fashion,0
TXN0008104,CUST01032,2025-07-13,145.88,Books,1
TXN0008105,CUST01032,2025-07-23,66.29,Fashion,1
TXN0008106,CUST01032,2025-05-14,35.58,Electronics,0
TXN0008107,CUST01032,2025-09-20,37.54,Fashion,0
TXN0008108,CUST01032,2025-06-22,40.71,Books,1
TXN0008109,CUST01034,2025-12-22,81.81,Beauty,1
TXN0008110,CUST01034,2025-10-19,35.78,Beauty,0
TXN0008111,CUST01034,2025-08-07,50.07,Electronics,0
TXN0008112,CUST01034,2025-07-17,37.27,Electronics,0
TXN0008113,CUST01034,2025-10-01,73.15,Sports,0
TXN0008114,CUST01034,2025-12-20,29.29,Home & Kitchen,1
TXN0008115,CUST01034,2025-08-27,39.44,Electronics,1
TXN0008116,CUST01035,2025-04-05,94.07,Electronics,1
TXN0008117,CUST01035,2025-11-13,20.19,Books,0
TXN0008118,CUST01035,2024-12-03,22.08,Electronics,0
TXN0008119,CUST01035,2025-07-30,11.05,Beauty,0
TXN0008120,CUST01035,2025-07-12,73.13,Home & Kitchen,0
TXN0008121,CUST01035,2025-03-09,63.13,Sports,0
TXN0008122,CUST01035,2025-09-19,202.71,Books,0
TXN0008123,CUST01035,2025-01-23,34.33,Electronics,0
TXN0008124,CUST01036,2025-11-21,169.29,Fashion,0
TXN0008125,CUST01036,2025-09-05,25.91,Home & Kitchen,1
TXN0008126,CUST01036,2025-07-30,36.78,Electronics,0
TXN0008127,CUST01036,2025-12-04,73.33,Books,0
TXN0008128,CUST01036,2025-05-22,10.1,Beauty,0
TXN0008129,CUST01036,2025-08-31,30.28,Beauty,1
TXN0008130,CUST01036,2025-11-22,86.65,Fashion,1
TXN0008131,CUST01036,2025-12-13,56.46,Books,0
TXN0008132,CUST01036,2025-05-14,88.26,Sports,0
TXN0008133,CUST01036,2025-04-27,160.41,Sports,0
TXN0008134,CUST01036,2025-06-01,66.26,Fashion,0
TXN0008135,CUST01036,2025-04-12,64.26,Fashion,1
TXN0008136,CUST01037,2025-10-11,34.76,Home & Kitchen,1
TXN0008137,CUST01037,2025-11-23,42.77,Beauty,0
TXN0008138,CUST01037,2025-10-28,86.43,Beauty,0
TXN0008139,CUST01037,2025-11-06,61.32,Books,1
TXN0008140,CUST01040,2024-08-24,67.92,Home & Kitchen,0
TXN0008141,CUST01040,2024-07-20,25.97,Fashion,0
TXN0008142,CUST01040,2025-03-17,31.18,Fashion,0
TXN0008143,CUST01040,2024-05-16,39.03,Books,0
TXN0008144,CUST01040,2024-03-25,276.53,Fashion,0
TXN0008145,CUST01040,2025-07-21,93.79,Beauty,0
TXN0008146,CUST01040,2024-11-14,82.14,Sports,0
TXN0008147,CUST01040,2024-11-13,41.07,Fashion,0
TXN0008148,CUST01040,2024-10-08,27.73,Electronics,0
TXN0008149,CUST01040,2025-09-25,86.42,Sports,0
TXN0008150,CUST01040,2025-07-29,60.4,Electronics,1
TXN0008151,CUST01040,2024-06-24,106.11,Books,0
TXN0008152,CUST01040,2024-11-14,46.26,Books,0
TXN0008153,CUST01040,2025-05-26,123.77,Electronics,0
TXN0008154,CUST01040,2024-05-03,30.88,Fashion,1
TXN0008155,CUST01040,2024-11-29,68.04,Electronics,0
TXN0008156,CUST01040,2024-11-28,50.44,Fashion,0
TXN0008157,CUST01040,2025-08-28,149.67,Electronics,0
TXN0008158,CUST01040,2025-11-01,25.26,Home & Kitchen,1
TXN0008159,CUST01040,2025-01-12,44.21,Beauty,0
TXN0008160,CUST01040,2025-05-31,73.06,Sports,0
TXN0008161,CUST01040,2024-11-17,51.16,Sports,0
TXN0008162,CUST01040,2025-11-08,66.59,Electronics,0
TXN0008163,CUST01040,2024-08-25,100.31,Home & Kitchen,0
TXN0008164,CUST01040,2025-11-11,12.78,Fashion,0
TXN0008165,CUST01040,2025-05-08,89.85,Books,0
TXN0008166,CUST01040,2024-09-18,78.58,Books,1
TXN0008167,CUST01040,2025-05-25,29.11,Books,1
TXN0008168,CUST01040,2025-09-07,92.56,Books,0
TXN0008169,CUST01040,2025-06-23,257.14,Sports,1
TXN0008170,CUST01040,2024-08-29,36.4,Beauty,0
TXN0008171,CUST01040,2024-03-13,150.18,Fashion,0
TXN0008172,CUST01040,2024-12-12,71.8,Fashion,1
TXN0008173,CUST01040,2024-11-30,44.16,Sports,0
TXN0008174,CUST01043,2024-01-30,49.41,Beauty,0
TXN0008175,CUST01043,2025-05-09,27.59,Sports,1
TXN0008176,CUST01043,2025-09-10,32.85,Home & Kitchen,0
TXN0008177,CUST01043,2024-05-13,58.78,Home & Kitchen,0
TXN0008178,CUST01043,2025-12-29,27.03,Sports,0
TXN0008179,CUST01043,2025-03-17,65.9,Sports,0
TXN0008180,CUST01043,2025-03-25,121.48,Fashion,0
TXN0008181,CUST01043,2024-06-20,13.24,Electronics,0
TXN0008182,CUST01043,2024-03-14,45.93,Beauty,0
TXN0008183,CUST01043,2024-05-26,68.12,Beauty,0
TXN0008184,CUST01043,2025-04-25,30.9,Books,0
TXN0008185,CUST01043,2025-09-21,47.29,Beauty,0
TXN0008186,CUST01043,2024-12-06,46.51,Electronics,0
TXN0008187,CUST01043,2024-09-03,53.55,Sports,0
TXN0008188,CUST01043,2025-11-15,84.34,Electronics,0
TXN0008189,CUST01043,2024-11-30,30.23,Fashion,0
TXN0008190,CUST01043,2025-03-24,44.09,Sports,0
TXN0008191,CUST01044,2025-02-22,44.64,Home & Kitchen,1
TXN0008192,CUST01044,2025-10-29,95.81,Electronics,0
TXN0008193,CUST01044,2025-09-13,67.69,Electronics,0
TXN0008194,CUST01044,2025-12-30,114.45,Beauty,0
TXN0008195,CUST01044,2024-09-18,45.71,Fashion,0
TXN0008196,CUST01044,2025-11-19,72.03,Electronics,1
TXN0008197,CUST01044,2024-10-19,78.13,Sports,0
TXN0008198,CUST01044,2025-03-27,36.84,Sports,1
TXN0008199,CUST01044,2025-07-06,66.12,Home & Kitchen,1
TXN0008200,CUST01044,2025-06-15,33.86,Electronics,0
TXN0008201,CUST01044,2025-04-25,45.09,Fashion,0
TXN0008202,CUST01044,2025-02-23,78.31,Home & Kitchen,0
TXN0008203,CUST01044,2025-06-12,24.2,Home & Kitchen,0
TXN0008204,CUST01044,2025-10-12,51.44,Beauty,0
TXN0008205,CUST01044,2025-03-10,130.81,Books,0
TXN0008206,CUST01045,2025-10-10,49.53,Home & Kitchen,1
TXN0008207,CUST01045,2025-08-07,27.36,Electronics,0
TXN0008208,CUST01045,2025-10-04,110.65,Fashion,0
TXN0008209,CUST01045,2025-09-27,45.72,Home & Kitchen,1
TXN0008210,CUST01045,2025-05-31,58.24,Electronics,1
TXN0008211,CUST01045,2025-12-10,14.22,Sports,1
TXN0008212,CUST01046,2024-05-22,39.75,Sports,0
TXN0008213,CUST01046,2024-07-23,48.04,Fashion,0
TXN0008214,CUST01046,2024-02-08,102.7,Sports,1
TXN0008215,CUST01046,2024-04-01,93.7,Sports,0
TXN0008216,CUST01046,2025-09-30,45.5,Sports,1
TXN0008217,CUST01046,2025-02-25,123.6,Home & Kitchen,0
TXN0008218,CUST01046,2024-07-18,20.96,Beauty,0
TXN0008219,CUST01046,2024-09-24,163.95,Sports,1
TXN0008220,CUST01046,2025-01-20,35.72,Electronics,0
TXN0008221,CUST01046,2025-08-19,82.8,Sports,0
TXN0008222,CUST01046,2024-04-01,58.53,Books,0
TXN0008223,CUST01046,2025-10-16,10.78,Electronics,0
TXN0008224,CUST01046,2024-10-03,69.61,Sports,0
TXN0008225,CUST01046,2025-03-23,31.74,Beauty,1
TXN0008226,CUST01047,2025-10-30,18.77,Home & Kitchen,1
TXN0008227,CUST01047,2025-09-12,32.63,Books,1
TXN0008228,CUST01047,2025-07-29,43.28,Electronics,1
TXN0008229,CUST01048,2025-04-14,47.39,Electronics,0
TXN0008230,CUST01048,2025-08-31,14.04,Home & Kitchen,1
TXN0008231,CUST01049,2025-03-27,33.36,Beauty,0
TXN0008232,CUST01050,2025-09-24,39.22,Home & Kitchen,0
TXN0008233,CUST01050,2025-02-21,120.26,Fashion,1
TXN0008234,CUST01050,2025-01-27,21.84,Home & Kitchen,0
TXN0008235,CUST01051,2024-12-23,50.77,Electronics,0
TXN0008236,CUST01051,2025-05-06,20.62,Fashion,1
TXN0008237,CUST01051,2025-12-03,64.46,Fashion,0
TXN0008238,CUST01051,2024-12-17,37.6,Sports,0
TXN0008239,CUST01051,2025-03-04,26.42,Books,0
TXN0008240,CUST01053,2025-12-07,12.14,Home & Kitchen,0
TXN0008241,CUST01053,2025-08-15,52.78,Books,0
TXN0008242,CUST01053,2025-11-17,65.85,Electronics,0
TXN0008243,CUST01053,2025-09-25,35.85,Fashion,0
TXN0008244,CUST01053,2025-12-09,53.01,Beauty,0
TXN0008245,CUST01053,2025-12-19,88.74,Electronics,0
TXN0008246,CUST01053,2025-11-12,21.45,Sports,0
TXN0008247,CUST01053,2025-05-06,86.99,Sports,0
TXN0008248,CUST01053,2025-10-14,43.94,Books,0
TXN0008249,CUST01053,2025-10-21,20.09,Electronics,1
TXN0008250,CUST01054,2024-07-07,59.78,Home & Kitchen,0
TXN0008251,CUST01054,2024-10-29,69.09,Electronics,0
TXN0008252,CUST01054,2025-11-28,22.88,Beauty,0
TXN0008253,CUST01054,2025-01-03,68.74,Sports,0
TXN0008254,CUST01054,2025-07-05,41.23,Books,0
TXN0008255,CUST01054,2024-07-02,79.96,Sports,0
TXN0008256,CUST01055,2025-11-08,64.67,Electronics,0
TXN0008257,CUST01055,2025-10-07,67.39,Sports,0
TXN0008258,CUST01055,2025-08-26,62.63,Beauty,0
TXN0008259,CUST01055,2025-08-03,30.34,Fashion,1
TXN0008260,CUST01055,2025-10-03,92.98,Home & Kitchen,1
TXN0008261,CUST01055,2025-07-13,13.89,Books,0
TXN0008262,CUST01055,2025-06-18,62.81,Electronics,0
TXN0008263,CUST01058,2024-11-28,64.92,Electronics,1
TXN0008264,CUST01058,2024-08-06,14.46,Electronics,0
TXN0008265,CUST01058,2024-09-06,108.36,Beauty,0
TXN0008266,CUST01058,2024-11-10,58.48,Sports,1
TXN0008267,CUST01058,2025-07-05,77.62,Fashion,0
TXN0008268,CUST01058,2024-10-14,30.79,Books,0
TXN0008269,CUST01058,2024-04-29,119.08,Home & Kitchen,0
TXN0008270,CUST01058,2024-10-10,38.69,Beauty,0
TXN0008271,CUST01058,2024-06-30,147.79,Beauty,1
TXN0008272,CUST01058,2025-08-12,18.78,Home & Kitchen,1
TXN0008273,CUST01058,2025-03-18,72.43,Fashion,0
TXN0008274,CUST01058,2024-04-26,45.65,Electronics,1
TXN0008275,CUST01058,2024-10-21,41.76,Electronics,0
TXN0008276,CUST01058,2024-08-12,45.02,Electronics,1
TXN0008277,CUST01058,2024-11-21,15.63,Fashion,0
TXN0008278,CUST01059,2025-09-23,19.61,Sports,0
TXN0008279,CUST01059,2025-05-12,30.18,Sports,0
TXN0008280,CUST01059,2025-12-12,34.33,Beauty,1
TXN0008281,CUST01059,2025-04-01,14.08,Books,0
TXN0008282,CUST01059,2025-10-01,51.34,Books,0
TXN0008283,CUST01059,2025-06-20,31.43,Books,0
TXN0008284,CUST01059,2025-04-25,118.69,Electronics,0
TXN0008285,CUST01060,2025-08-18,26.22,Sports,0
TXN0008286,CUST01060,2025-10-29,34.76,Beauty,0
TXN0008287,CUST01060,2025-11-03,101.54,Electronics,0
TXN0008288,CUST01060,2025-09-17,17.03,Beauty,1
TXN0008289,CUST01060,2025-10-12,28.97,Beauty,0
TXN0008290,CUST01060,2025-08-10,82.32,Books,0
TXN0008291,CUST01060,2025-04-14,58.58,Fashion,0
TXN0008292,CUST01060,2025-12-06,59.59,Beauty,0
TXN0008293,CUST01060,2025-08-10,81.36,Books,0
TXN0008294,CUST01060,2025-08-19,43.61,Beauty,0
TXN0008295,CUST01060,2025-09-20,43.88,Sports,1
TXN0008296,CUST01060,2025-04-24,13.19,Fashion,0
TXN0008297,CUST01061,2024-05-24,62.6,Electronics,0
TXN0008298,CUST01061,2025-07-31,71.97,Beauty,0
TXN0008299,CUST01062,2025-09-24,49.54,Electronics,0
TXN0008300,CUST01064,2025-03-24,151.47,Sports,0
TXN0008301,CUST01064,2025-05-25,94.95,Home & Kitchen,0
TXN0008302,CUST01064,2025-09-22,41.0,Home & Kitchen,0
TXN0008303,CUST01064,2025-10-06,38.0,Fashion,0
TXN0008304,CUST01064,2025-12-08,150.25,Home & Kitchen,0
TXN0008305,CUST01064,2025-10-24,99.14,Beauty,0
TXN0008306,CUST01064,2025-04-24,74.83,Electronics,0
TXN0008307,CUST01064,2025-05-28,87.36,Fashion,0
TXN0008308,CUST01064,2025-03-24,81.86,Fashion,0
TXN0008309,CUST01064,2025-12-25,59.68,Electronics,0
TXN0008310,CUST01064,2025-08-12,29.48,Sports,0
TXN0008311,CUST01064,2025-11-24,137.23,Electronics,0
TXN0008312,CUST01064,2025-10-23,83.52,Fashion,1
TXN0008313,CUST01064,2025-10-22,25.68,Beauty,0
TXN0008314,CUST01064,2025-05-27,60.61,Books,0
TXN0008315,CUST01064,2025-03-03,29.71,Sports,0
TXN0008316,CUST01064,2025-09-13,65.04,Sports,0
TXN0008317,CUST01064,2025-12-27,45.92,Electronics,1
TXN0008318,CUST01064,2025-08-19,68.5,Electronics,1
TXN0008319,CUST01064,2025-10-21,84.91,Books,0
TXN0008320,CUST01064,2025-08-15,75.5,Fashion,0
TXN0008321,CUST01064,2025-03-29,48.48,Electronics,1
TXN0008322,CUST01064,2025-11-01,47.02,Electronics,1
TXN0008323,CUST01064,2025-08-29,33.61,Electronics,1
TXN0008324,CUST01065,2025-10-07,29.17,Fashion,1
TXN0008325,CUST01066,2024-09-04,78.44,Beauty,0
TXN0008326,CUST01066,2024-04-02,35.5,Fashion,1
TXN0008327,CUST01066,2024-04-15,72.89,Home & Kitchen,1
TXN0008328,CUST01066,2024-03-12,58.14,Electronics,1
TXN0008329,CUST01066,2024-12-10,49.25,Home & Kitchen,0
TXN0008330,CUST01066,2025-02-12,37.99,Home & Kitchen,0
TXN0008331,CUST01066,2025-05-22,181.6,Sports,0
TXN0008332,CUST01066,2025-01-29,17.43,Books,0
TXN0008333,CUST01066,2025-12-01,106.62,Fashion,1
TXN0008334,CUST01066,2025-05-01,46.6,Home & Kitchen,1
TXN0008335,CUST01066,2024-07-16,30.25,Fashion,1
TXN0008336,CUST01066,2024-11-13,41.81,Sports,0
TXN0008337,CUST01066,2024-03-29,25.77,Beauty,0
TXN0008338,CUST01066,2024-06-29,17.28,Beauty,1
TXN0008339,CUST01067,2025-09-22,89.83,Books,0
TXN0008340,CUST01067,2024-11-26,20.22,Electronics,0
TXN0008341,CUST01067,2025-09-02,61.02,Books,1
TXN0008342,CUST01067,2025-08-18,64.61,Electronics,0
TXN0008343,CUST01067,2025-10-05,49.03,Electronics,0
TXN0008344,CUST01067,2025-01-25,76.33,Home & Kitchen,0
TXN0008345,CUST01067,2025-09-18,46.46,Sports,0
TXN0008346,CUST01067,2025-04-13,121.98,Fashion,0
TXN0008347,CUST01067,2025-04-08,89.6,Beauty,1
TXN0008348,CUST01067,2024-11-04,114.73,Books,1
TXN0008349,CUST01067,2024-10-30,13.26,Books,0
TXN0008350,CUST01067,2025-07-29,96.66,Home & Kitchen,0
TXN0008351,CUST01067,2025-10-29,52.75,Fashion,1
TXN0008352,CUST01067,2025-02-02,49.99,Beauty,0
TXN0008353,CUST01067,2025-05-14,79.92,Books,0
TXN0008354,CUST01067,2025-02-25,90.44,Home & Kitchen,0
TXN0008355,CUST01067,2025-12-09,44.29,Home & Kitchen,0
TXN0008356,CUST01067,2025-02-10,87.29,Sports,1
TXN0008357,CUST01067,2025-05-21,55.5,Home & Kitchen,1
TXN0008358,CUST01067,2025-10-26,159.43,Books,0
TXN0008359,CUST01067,2025-05-31,111.83,Fashion,1
TXN0008360,CUST01067,2025-07-18,39.84,Sports,0
TXN0008361,CUST01069,2025-06-08,32.31,Home & Kitchen,0
TXN0008362,CUST01069,2025-08-13,33.69,Home & Kitchen,0
TXN0008363,CUST01069,2025-05-31,8.13,Books,0
TXN0008364,CUST01069,2025-11-10,32.19,Sports,0
TXN0008365,CUST01069,2025-11-19,39.42,Sports,0
TXN0008366,CUST01069,2025-03-19,41.66,Electronics,0
TXN0008367,CUST01069,2024-07-07,30.87,Electronics,0
TXN0008368,CUST01069,2025-06-06,41.49,Home & Kitchen,0
TXN0008369,CUST01070,2025-10-17,32.53,Beauty,0
TXN0008370,CUST01070,2025-12-03,30.52,Books,1
TXN0008371,CUST01070,2025-12-04,26.36,Sports,0
TXN0008372,CUST01070,2025-10-30,79.27,Beauty,1
TXN0008373,CUST01070,2025-07-21,79.77,Home & Kitchen,0
TXN0008374,CUST01070,2025-09-01,65.2,Electronics,0
TXN0008375,CUST01073,2025-11-11,98.93,Fashion,1
TXN0008376,CUST01076,2025-03-06,50.1,Fashion,0
TXN0008377,CUST01076,2025-08-04,70.96,Sports,0
TXN0008378,CUST01076,2024-08-06,68.06,Fashion,0
TXN0008379,CUST01076,2025-02-20,93.18,Home & Kitchen,0
TXN0008380,CUST01076,2024-07-27,22.83,Books,0
TXN0008381,CUST01076,2025-08-11,70.36,Sports,0
TXN0008382,CUST01076,2025-11-11,74.75,Fashion,1
TXN0008383,CUST01076,2025-07-20,93.27,Electronics,0
TXN0008384,CUST01076,2024-12-14,46.09,Home & Kitchen,0
TXN0008385,CUST01076,2025-02-19,11.11,Books,0
TXN0008386,CUST01076,2025-08-30,129.95,Fashion,0
TXN0008387,CUST01076,2025-04-04,58.13,Electronics,0
TXN0008388,CUST01076,2025-03-19,40.56,Fashion,0
TXN0008389,CUST01076,2025-11-01,49.69,Books,1
TXN0008390,CUST01076,2024-12-26,123.78,Beauty,0
TXN0008391,CUST01076,2025-07-15,26.13,Books,0
TXN0008392,CUST01077,2025-01-08,35.22,Beauty,0
TXN0008393,CUST01077,2025-09-04,20.78,Electronics,0
TXN0008394,CUST01077,2025-04-05,61.11,Electronics,1
TXN0008395,CUST01077,2025-07-28,38.71,Beauty,0
TXN0008396,CUST01077,2025-04-06,11.81,Electronics,0
TXN0008397,CUST01077,2025-08-02,52.99,Home & Kitchen,1
TXN0008398,CUST01077,2025-01-05,41.31,Home & Kitchen,0
TXN0008399,CUST01077,2025-08-02,61.63,Sports,1
TXN0008400,CUST01077,2025-01-19,41.17,Beauty,0
TXN0008401,CUST01078,2025-01-30,79.62,Home & Kitchen,0
TXN0008402,CUST01078,2025-05-26,29.51,Electronics,1
TXN0008403,CUST01078,2025-07-20,30.81,Electronics,0
TXN0008404,CUST01078,2025-08-30,70.97,Home & Kitchen,0
TXN0008405,CUST01078,2024-07-25,80.14,Sports,1
TXN0008406,CUST01078,2024-12-08,40.52,Beauty,0
TXN0008407,CUST01078,2024-12-18,31.08,Beauty,0
TXN0008408,CUST01078,2025-07-21,165.05,Electronics,1
TXN0008409,CUST01078,2025-08-03,36.51,Beauty,1
TXN0008410,CUST01078,2024-06-13,99.95,Beauty,1
TXN0008411,CUST01078,2025-03-13,78.6,Beauty,1
TXN0008412,CUST01078,2024-05-29,10.93,Electronics,0
TXN0008413,CUST01078,2024-05-08,66.81,Fashion,0
TXN0008414,CUST01078,2024-04-21,13.21,Fashion,0
TXN0008415,CUST01078,2024-11-28,91.31,Beauty,1
TXN0008416,CUST01078,2025-05-04,36.31,Fashion,0
TXN0008417,CUST01078,2025-05-16,76.5,Books,1
TXN0008418,CUST01078,2025-02-24,38.79,Beauty,0
TXN0008419,CUST01078,2025-08-12,6.16,Sports,0
TXN0008420,CUST01078,2024-08-10,36.99,Electronics,1
TXN0008421,CUST01078,2025-08-05,53.78,Books,1
TXN0008422,CUST01078,2024-06-12,87.88,Home & Kitchen,0
TXN0008423,CUST01078,2024-09-22,55.66,Electronics,0
TXN0008424,CUST01078,2025-10-10,36.35,Sports,0
TXN0008425,CUST01078,2025-07-13,127.3,Home & Kitchen,0
TXN0008426,CUST01078,2025-12-22,26.79,Electronics,0
TXN0008427,CUST01078,2025-11-19,30.13,Sports,0
TXN0008428,CUST01078,2024-06-04,60.83,Home & Kitchen,0
TXN0008429,CUST01078,2025-07-20,56.48,Home & Kitchen,0
TXN0008430,CUST01078,2025-12-10,79.41,Sports,1
TXN0008431,CUST01078,2025-04-22,71.43,Fashion,0
TXN0008432,CUST01078,2024-10-05,24.61,Electronics,0
TXN0008433,CUST01078,2025-10-24,44.11,Home & Kitchen,0
TXN0008434,CUST01079,2025-12-05,49.27,Books,1
TXN0008435,CUST01079,2025-12-04,80.72,Sports,1
TXN0008436,CUST01079,2025-12-07,53.78,Beauty,0
TXN0008437,CUST01080,2025-08-07,56.98,Beauty,1
TXN0008438,CUST01080,2025-10-27,27.14,Books,0
TXN0008439,CUST01081,2025-04-18,111.95,Books,1
TXN0008440,CUST01081,2025-02-11,31.84,Electronics,1
TXN0008441,CUST01081,2025-11-25,111.05,Electronics,0
TXN0008442,CUST01081,2025-09-26,28.08,Sports,0
TXN0008443,CUST01081,2025-07-20,46.73,Beauty,0
TXN0008444,CUST01081,2025-11-18,63.7,Books,0
TXN0008445,CUST01081,2025-01-19,17.21,Books,1
TXN0008446,CUST01081,2025-10-09,87.57,Home & Kitchen,0
TXN0008447,CUST01081,2025-06-23,82.28,Sports,0
TXN0008448,CUST01081,2024-11-22,45.45,Beauty,0
TXN0008449,CUST01081,2024-12-26,55.66,Beauty,0
TXN0008450,CUST01081,2025-06-26,69.48,Sports,0
TXN0008451,CUST01081,2025-10-19,20.58,Books,0
TXN0008452,CUST01081,2024-08-13,71.56,Sports,1
TXN0008453,CUST01081,2025-05-28,32.84,Sports,0
TXN0008454,CUST01081,2025-03-02,83.88,Home & Kitchen,0
TXN0008455,CUST01082,2025-06-01,20.55,Fashion,1
TXN0008456,CUST01082,2025-05-27,39.43,Beauty,0
TXN0008457,CUST01082,2024-09-14,40.74,Beauty,0
TXN0008458,CUST01082,2025-01-28,98.13,Books,0
TXN0008459,CUST01082,2025-02-05,50.02,Fashion,1
TXN0008460,CUST01082,2025-03-16,23.34,Fashion,1
TXN0008461,CUST01082,2025-05-21,34.09,Electronics,0
TXN0008462,CUST01082,2025-05-19,58.84,Home & Kitchen,1
TXN0008463,CUST01082,2024-12-15,39.2,Books,0
TXN0008464,CUST01082,2025-07-02,42.8,Home & Kitchen,0
TXN0008465,CUST01083,2025-10-07,36.18,Electronics,0
TXN0008466,CUST01083,2025-10-11,67.67,Fashion,0
TXN0008467,CUST01083,2025-10-19,13.57,Sports,0
TXN0008468,CUST01083,2024-09-17,53.91,Home & Kitchen,0
TXN0008469,CUST01083,2024-11-10,53.09,Home & Kitchen,0
TXN0008470,CUST01083,2024-04-18,19.05,Sports,0
TXN0008471,CUST01083,2024-08-25,19.65,Beauty,1
TXN0008472,CUST01084,2024-12-10,66.01,Electronics,0
TXN0008473,CUST01084,2025-01-12,154.21,Sports,0
TXN0008474,CUST01084,2024-11-20,104.3,Home & Kitchen,0
TXN0008475,CUST01084,2025-12-24,21.97,Home & Kitchen,0
TXN0008476,CUST01084,2025-08-16,39.3,Home & Kitchen,1
TXN0008477,CUST01084,2025-11-20,20.12,Books,1
TXN0008478,CUST01084,2025-06-28,49.12,Home & Kitchen,0
TXN0008479,CUST01084,2025-11-19,51.6,Books,0
TXN0008480,CUST01084,2025-01-18,35.89,Sports,1
TXN0008481,CUST01084,2025-09-23,145.14,Electronics,0
TXN0008482,CUST01085,2025-06-23,42.9,Electronics,0
TXN0008483,CUST01085,2025-10-31,43.05,Home & Kitchen,1
TXN0008484,CUST01086,2025-10-17,31.93,Sports,1
TXN0008485,CUST01086,2025-04-21,47.87,Books,1
TXN0008486,CUST01086,2025-03-24,9.5,Home & Kitchen,0
TXN0008487,CUST01086,2025-08-09,128.26,Home & Kitchen,0
TXN0008488,CUST01086,2025-03-21,32.53,Fashion,1
TXN0008489,CUST01086,2025-04-18,42.3,Beauty,0
TXN0008490,CUST01086,2025-08-15,44.21,Beauty,0
TXN0008491,CUST01086,2025-10-08,70.38,Electronics,1
TXN0008492,CUST01086,2025-08-31,51.36,Beauty,0
TXN0008493,CUST01086,2025-04-09,54.96,Electronics,1
TXN0008494,CUST01087,2025-05-06,54.62,Beauty,0
TXN0008495,CUST01088,2025-06-19,64.25,Electronics,1
TXN0008496,CUST01088,2025-08-05,109.58,Home & Kitchen,0
TXN0008497,CUST01088,2025-05-27,26.3,Beauty,0
TXN0008498,CUST01088,2025-09-08,71.54,Books,1
TXN0008499,CUST01088,2025-10-05,48.23,Sports,0
TXN0008500,CUST01088,2025-04-04,131.64,Fashion,0
TXN0008501,CUST01088,2025-10-22,42.79,Beauty,0
TXN0008502,CUST01088,2025-08-05,40.42,Electronics,0
TXN0008503,CUST01088,2025-09-14,27.51,Sports,1
TXN0008504,CUST01088,2025-06-08,83.46,Electronics,1
TXN0008505,CUST01088,2025-10-13,48.04,Home & Kitchen,0
TXN0008506,CUST01088,2025-06-04,32.62,Sports,1
TXN0008507,CUST01088,2025-10-27,65.56,Sports,0
TXN0008508,CUST01088,2025-03-26,39.92,Home & Kitchen,0
TXN0008509,CUST01088,2025-04-12,96.3,Electronics,0
TXN0008510,CUST01088,2025-11-06,97.92,Beauty,1
TXN0008511,CUST01088,2025-03-24,24.04,Fashion,1
TXN0008512,CUST01088,2025-07-11,62.29,Home & Kitchen,0
TXN0008513,CUST01088,2025-11-29,37.81,Home & Kitchen,0
TXN0008514,CUST01088,2025-04-30,95.55,Home & Kitchen,0
TXN0008515,CUST01088,2025-11-07,100.44,Beauty,0
TXN0008516,CUST01088,2025-05-27,49.95,Fashion,0
TXN0008517,CUST01089,2025-12-12,20.03,Fashion,1
TXN0008518,CUST01089,2025-11-24,88.86,Books,1
TXN0008519,CUST01089,2025-03-11,80.21,Fashion,0
TXN0008520,CUST01089,2025-05-01,62.67,Fashion,0
TXN0008521,CUST01089,2025-11-11,114.82,Sports,0
TXN0008522,CUST01089,2025-04-24,100.81,Books,0
TXN0008523,CUST01089,2025-07-10,74.44,Electronics,1
TXN0008524,CUST01089,2025-07-12,14.8,Fashion,0
TXN0008525,CUST01089,2025-11-17,181.19,Electronics,0
TXN0008526,CUST01090,2025-12-04,82.33,Books,0
TXN0008527,CUST01090,2025-10-04,164.33,Electronics,0
TXN0008528,CUST01091,2025-03-22,91.74,Fashion,1
TXN0008529,CUST01091,2025-09-30,73.13,Books,1
TXN0008530,CUST01091,2025-10-12,64.18,Sports,1
TXN0008531,CUST01091,2025-05-24,55.84,Beauty,1
TXN0008532,CUST01091,2025-03-15,23.01,Sports,0
TXN0008533,CUST01091,2025-05-15,103.55,Home & Kitchen,1
TXN0008534,CUST01091,2025-09-08,23.97,Electronics,0
TXN0008535,CUST01091,2025-01-09,45.42,Sports,0
TXN0008536,CUST01091,2024-12-21,79.42,Books,0
TXN0008537,CUST01091,2025-03-16,30.31,Fashion,1
TXN0008538,CUST01091,2025-08-31,18.98,Electronics,1
TXN0008539,CUST01091,2025-09-14,96.0,Books,0
TXN0008540,CUST01091,2025-07-30,79.28,Home & Kitchen,1
TXN0008541,CUST01091,2025-05-30,58.85,Home & Kitchen,0
TXN0008542,CUST01091,2025-12-30,64.29,Electronics,1
TXN0008543,CUST01091,2025-07-19,47.7,Books,1
TXN0008544,CUST01091,2025-01-23,100.08,Home & Kitchen,0
TXN0008545,CUST01091,2024-12-28,42.53,Sports,0
TXN0008546,CUST01091,2025-04-15,30.36,Books,0
TXN0008547,CUST01091,2024-12-11,20.41,Electronics,1
TXN0008548,CUST01091,2024-10-21,36.99,Sports,0
TXN0008549,CUST01091,2025-08-06,71.87,Fashion,0
TXN0008550,CUST01091,2025-09-29,116.22,Home & Kitchen,0
TXN0008551,CUST01091,2025-04-25,108.65,Electronics,0
TXN0008552,CUST01091,2025-03-31,39.84,Electronics,0
TXN0008553,CUST01091,2025-10-12,80.59,Sports,1
TXN0008554,CUST01092,2025-07-06,42.58,Beauty,1
TXN0008555,CUST01092,2025-08-05,63.43,Electronics,0
TXN0008556,CUST01092,2025-04-27,33.99,Sports,0
TXN0008557,CUST01092,2025-04-30,12.75,Electronics,0
TXN0008558,CUST01092,2025-10-17,71.2,Fashion,0
TXN0008559,CUST01092,2025-08-01,44.2,Fashion,0
TXN0008560,CUST01093,2025-09-24,33.78,Home & Kitchen,0
TXN0008561,CUST01095,2025-09-29,26.76,Sports,0
TXN0008562,CUST01095,2024-11-08,10.48,Home & Kitchen,0
TXN0008563,CUST01095,2024-12-28,30.19,Books,0
TXN0008564,CUST01096,2025-09-28,40.41,Beauty,0
TXN0008565,CUST01096,2025-09-05,51.85,Electronics,0
TXN0008566,CUST01096,2025-11-09,134.3,Books,0
TXN0008567,CUST01096,2025-03-23,35.92,Beauty,0
TXN0008568,CUST01096,2025-09-06,27.18,Home & Kitchen,0
TXN0008569,CUST01096,2025-06-07,15.49,Fashion,0
TXN0008570,CUST01096,2025-06-05,18.92,Electronics,1
TXN0008571,CUST01096,2025-03-11,22.19,Home & Kitchen,0
TXN0008572,CUST01096,2025-08-26,71.38,Sports,0
TXN0008573,CUST01096,2025-03-15,24.63,Home & Kitchen,0
TXN0008574,CUST01097,2025-11-05,52.11,Home & Kitchen,0
TXN0008575,CUST01097,2025-09-21,58.16,Beauty,0
TXN0008576,CUST01097,2025-12-17,50.93,Books,0
TXN0008577,CUST01098,2025-02-13,27.37,Home & Kitchen,1
TXN0008578,CUST01098,2025-12-08,29.47,Beauty,0
TXN0008579,CUST01098,2025-08-12,120.13,Home & Kitchen,1
TXN0008580,CUST01098,2024-10-26,57.35,Sports,0
TXN0008581,CUST01098,2025-04-20,39.01,Electronics,0
TXN0008582,CUST01098,2025-11-26,62.07,Fashion,0
TXN0008583,CUST01098,2025-10-13,77.0,Home & Kitchen,1
TXN0008584,CUST01098,2025-07-22,66.56,Electronics,0
TXN0008585,CUST01098,2025-09-04,23.52,Home & Kitchen,1
TXN0008586,CUST01098,2024-11-01,41.33,Fashion,0
TXN0008587,CUST01098,2024-12-30,35.91,Sports,0
TXN0008588,CUST01098,2025-02-14,24.52,Electronics,0
TXN0008589,CUST01098,2025-02-13,49.38,Electronics,1
TXN0008590,CUST01099,2025-07-03,7.66,Sports,0
TXN0008591,CUST01099,2025-07-18,25.31,Fashion,0
TXN0008592,CUST01099,2025-08-02,93.5,Home & Kitchen,0
TXN0008593,CUST01099,2025-10-07,44.23,Sports,0
TXN0008594,CUST01099,2025-12-18,66.27,Books,0
TXN0008595,CUST01101,2025-03-19,53.36,Books,0
TXN0008596,CUST01101,2025-04-13,51.21,Sports,1
TXN0008597,CUST01101,2025-03-04,37.77,Sports,0
TXN0008598,CUST01101,2025-08-02,47.99,Books,0
TXN0008599,CUST01101,2025-09-10,68.63,Home & Kitchen,0
TXN0008600,CUST01101,2025-03-03,19.86,Fashion,0
TXN0008601,CUST01101,2025-03-04,22.98,Beauty,0
TXN0008602,CUST01101,2025-07-09,8.43,Sports,0
TXN0008603,CUST01101,2025-06-08,44.32,Electronics,1
TXN0008604,CUST01102,2025-06-13,43.27,Books,0
TXN0008605,CUST01102,2025-01-21,59.63,Books,1
TXN0008606,CUST01102,2025-02-02,41.62,Fashion,0
TXN0008607,CUST01102,2025-06-20,24.83,Beauty,0
TXN0008608,CUST01102,2025-04-19,49.34,Books,0
TXN0008609,CUST01103,2025-05-07,20.27,Electronics,0
TXN0008610,CUST01103,2025-11-23,81.07,Electronics,1
TXN0008611,CUST01103,2025-06-25,37.23,Fashion,0
TXN0008612,CUST01103,2025-10-26,48.07,Sports,0
TXN0008613,CUST01103,2025-04-23,45.24,Sports,0
TXN0008614,CUST01103,2025-09-27,102.4,Sports,1
TXN0008615,CUST01103,2025-06-14,26.81,Books,0
TXN0008616,CUST01104,2025-09-22,68.57,Sports,1
TXN0008617,CUST01104,2024-10-05,25.65,Books,0
TXN0008618,CUST01104,2025-07-21,23.57,Beauty,0
TXN0008619,CUST01104,2025-05-15,34.51,Sports,1
TXN0008620,CUST01104,2024-12-30,21.38,Books,0
TXN0008621,CUST01104,2024-11-13,68.13,Electronics,0
TXN0008622,CUST01104,2024-09-13,25.07,Sports,0
TXN0008623,CUST01104,2025-09-18,29.76,Electronics,0
TXN0008624,CUST01104,2025-07-06,46.51,Sports,0
TXN0008625,CUST01104,2024-07-15,37.63,Beauty,0
TXN0008626,CUST01105,2025-10-02,57.54,Books,0
TXN0008627,CUST01105,2025-10-04,94.62,Sports,0
TXN0008628,CUST01105,2024-12-07,23.44,Sports,0
TXN0008629,CUST01105,2024-10-30,77.13,Beauty,1
TXN0008630,CUST01105,2024-11-21,18.26,Home & Kitchen,0
TXN0008631,CUST01105,2025-12-21,20.28,Home & Kitchen,0
TXN0008632,CUST01105,2024-09-24,32.08,Fashion,0
TXN0008633,CUST01105,2025-03-09,70.46,Sports,0
TXN0008634,CUST01105,2024-06-25,7.05,Home & Kitchen,0
TXN0008635,CUST01105,2025-01-26,115.2,Fashion,0
TXN0008636,CUST01105,2024-08-24,19.24,Home & Kitchen,1
TXN0008637,CUST01105,2024-08-26,44.31,Fashion,0
TXN0008638,CUST01105,2025-09-22,41.4,Home & Kitchen,0
TXN0008639,CUST01105,2025-11-30,42.66,Fashion,0
TXN0008640,CUST01105,2025-07-21,44.74,Beauty,0
TXN0008641,CUST01105,2025-03-15,87.55,Home & Kitchen,0
TXN0008642,CUST01105,2025-10-21,49.7,Books,0
TXN0008643,CUST01107,2025-08-19,18.15,Electronics,0
TXN0008644,CUST01107,2024-11-10,11.25,Books,0
TXN0008645,CUST01107,2025-01-23,33.03,Fashion,0
TXN0008646,CUST01107,2025-02-11,32.56,Beauty,0
TXN0008647,CUST01107,2025-12-24,83.47,Books,0
TXN0008648,CUST01107,2025-04-03,30.23,Beauty,0
TXN0008649,CUST01107,2024-07-08,44.75,Home & Kitchen,0
TXN0008650,CUST01107,2024-09-07,13.35,Electronics,0
TXN0008651,CUST01107,2025-06-11,21.66,Home & Kitchen,0
TXN0008652,CUST01108,2025-01-07,25.09,Sports,1
TXN0008653,CUST01108,2025-10-09,64.22,Sports,0
TXN0008654,CUST01108,2024-06-18,11.49,Electronics,0
TXN0008655,CUST01108,2025-07-15,64.01,Home & Kitchen,1
TXN0008656,CUST01108,2025-04-25,41.92,Books,1
TXN0008657,CUST01108,2025-07-01,49.06,Beauty,0
TXN0008658,CUST01108,2025-06-20,12.91,Sports,0
TXN0008659,CUST01108,2024-09-07,32.11,Fashion,0
TXN0008660,CUST01108,2025-11-20,41.34,Beauty,0
TXN0008661,CUST01108,2024-08-22,121.11,Beauty,1
TXN0008662,CUST01108,2025-09-06,101.86,Fashion,1
TXN0008663,CUST01108,2025-10-08,55.91,Sports,0
TXN0008664,CUST01108,2024-12-22,45.94,Fashion,0
TXN0008665,CUST01108,2025-09-05,27.72,Sports,0
TXN0008666,CUST01108,2025-09-17,35.49,Fashion,1
TXN0008667,CUST01109,2025-12-22,24.43,Beauty,0
TXN0008668,CUST01110,2025-12-01,38.38,Books,0
TXN0008669,CUST01110,2025-07-22,52.16,Sports,0
TXN0008670,CUST01110,2025-02-18,53.74,Books,0
TXN0008671,CUST01110,2025-08-10,68.75,Fashion,0
TXN0008672,CUST01110,2024-12-15,24.04,Sports,0
TXN0008673,CUST01110,2024-07-26,26.24,Home & Kitchen,1
TXN0008674,CUST01110,2025-04-05,8.38,Home & Kitchen,0
TXN0008675,CUST01111,2025-10-13,166.21,Home & Kitchen,1
TXN0008676,CUST01111,2025-11-11,59.78,Home & Kitchen,1
TXN0008677,CUST01111,2025-12-15,64.65,Electronics,0
TXN0008678,CUST01112,2025-10-16,26.24,Electronics,0
TXN0008679,CUST01112,2025-12-29,54.54,Beauty,0
TXN0008680,CUST01112,2025-09-14,33.89,Beauty,0
TXN0008681,CUST01112,2025-12-20,83.84,Sports,0
TXN0008682,CUST01112,2025-10-18,65.74,Fashion,1
TXN0008683,CUST01114,2024-09-05,25.05,Sports,0
TXN0008684,CUST01114,2025-05-23,18.98,Beauty,0
TXN0008685,CUST01114,2024-09-19,31.8,Books,0
TXN0008686,CUST01114,2025-02-26,63.81,Fashion,1
TXN0008687,CUST01114,2024-11-30,107.39,Fashion,0
TXN0008688,CUST01114,2025-01-18,69.77,Beauty,0
TXN0008689,CUST01114,2024-10-24,47.58,Electronics,1
TXN0008690,CUST01114,2025-11-03,22.65,Fashion,1
TXN0008691,CUST01114,2025-04-08,23.66,Electronics,0
TXN0008692,CUST01114,2025-01-02,61.88,Beauty,0
TXN0008693,CUST01114,2024-11-04,54.43,Home & Kitchen,0
TXN0008694,CUST01114,2025-10-20,63.35,Sports,0
TXN0008695,CUST01114,2025-07-22,75.32,Books,1
TXN0008696,CUST01114,2025-05-28,42.55,Beauty,1
TXN0008697,CUST01115,2025-02-03,87.92,Books,1
TXN0008698,CUST01115,2025-02-27,93.28,Electronics,1
TXN0008699,CUST01115,2025-08-12,31.98,Fashion,0
TXN0008700,CUST01115,2025-10-04,58.99,Electronics,0
TXN0008701,CUST01115,2025-08-09,62.13,Beauty,0
TXN0008702,CUST01115,2025-11-16,99.58,Electronics,1
TXN0008703,CUST01115,2025-10-10,91.25,Books,0
TXN0008704,CUST01115,2024-12-23,51.8,Fashion,1
TXN0008705,CUST01115,2025-08-04,56.68,Electronics,0
TXN0008706,CUST01115,2025-06-01,62.72,Fashion,1
TXN0008707,CUST01115,2025-04-06,64.64,Sports,1
TXN0008708,CUST01115,2025-05-20,222.81,Sports,0
TXN0008709,CUST01115,2025-02-18,40.9,Beauty,0
TXN0008710,CUST01115,2025-12-02,42.72,Beauty,1
TXN0008711,CUST01115,2025-11-01,30.98,Home & Kitchen,0
TXN0008712,CUST01115,2025-01-26,98.51,Fashion,0
TXN0008713,CUST01115,2025-02-05,43.36,Beauty,1
TXN0008714,CUST01115,2025-09-20,55.4,Books,0
TXN0008715,CUST01115,2025-01-12,33.06,Sports,1
TXN0008716,CUST01116,2025-11-15,78.38,Fashion,0
TXN0008717,CUST01116,2025-12-07,132.18,Books,0
TXN0008718,CUST01116,2025-10-23,136.93,Home & Kitchen,1
TXN0008719,CUST01116,2025-12-14,53.87,Electronics,0
TXN0008720,CUST01117,2025-12-13,20.27,Home & Kitchen,0
TXN0008721,CUST01117,2025-08-19,57.1,Home & Kitchen,0
TXN0008722,CUST01117,2025-02-26,87.2,Sports,1
TXN0008723,CUST01117,2025-10-12,106.78,Sports,0
TXN0008724,CUST01117,2025-02-19,47.38,Sports,0
TXN0008725,CUST01117,2024-11-24,51.68,Electronics,0
TXN0008726,CUST01117,2025-12-25,42.43,Books,1
TXN0008727,CUST01118,2025-05-29,23.46,Electronics,1
TXN0008728,CUST01118,2025-03-17,134.42,Electronics,0
TXN0008729,CUST01118,2025-06-09,12.21,Books,1
TXN0008730,CUST01118,2025-12-24,14.5,Home & Kitchen,0
TXN0008731,CUST01118,2025-01-07,51.92,Beauty,1
TXN0008732,CUST01118,2025-06-20,84.64,Beauty,0
TXN0008733,CUST01118,2024-11-11,26.18,Books,0
TXN0008734,CUST01118,2025-06-21,54.44,Beauty,0
TXN0008735,CUST01120,2025-04-21,12.09,Books,0
TXN0008736,CUST01120,2024-12-17,21.69,Beauty,1
TXN0008737,CUST01120,2024-08-11,70.73,Home & Kitchen,1
TXN0008738,CUST01120,2025-10-30,36.51,Beauty,0
TXN0008739,CUST01121,2025-10-17,101.4,Books,1
TXN0008740,CUST01121,2024-10-06,35.05,Fashion,0
TXN0008741,CUST01121,2024-10-16,28.46,Books,0
TXN0008742,CUST01121,2025-02-18,27.24,Fashion,1
TXN0008743,CUST01121,2025-06-10,30.46,Books,0
TXN0008744,CUST01121,2025-06-29,116.72,Sports,1
TXN0008745,CUST01121,2024-09-25,38.61,Sports,0
TXN0008746,CUST01121,2024-11-25,8.03,Electronics,0
TXN0008747,CUST01121,2025-01-27,274.67,Fashion,0
TXN0008748,CUST01121,2025-01-15,63.17,Electronics,0
TXN0008749,CUST01121,2025-08-10,22.3,Sports,0
TXN0008750,CUST01121,2025-01-28,79.25,Sports,0
TXN0008751,CUST01121,2025-08-14,143.91,Home & Kitchen,0
TXN0008752,CUST01121,2025-11-07,30.16,Books,0
TXN0008753,CUST01121,2025-07-20,42.15,Books,0
TXN0008754,CUST01121,2024-12-08,44.02,Beauty,0
TXN0008755,CUST01121,2025-03-30,26.5,Beauty,0
TXN0008756,CUST01121,2024-06-12,117.79,Home & Kitchen,0
TXN0008757,CUST01121,2025-05-10,91.59,Beauty,0
TXN0008758,CUST01121,2025-01-05,30.02,Fashion,0
TXN0008759,CUST01121,2024-11-29,49.87,Sports,0
TXN0008760,CUST01122,2025-11-23,24.77,Books,0
TXN0008761,CUST01122,2025-11-27,36.86,Sports,0
TXN0008762,CUST01123,2025-02-02,21.85,Home & Kitchen,0
TXN0008763,CUST01123,2025-07-11,24.3,Electronics,0
TXN0008764,CUST01123,2025-05-03,85.02,Fashion,0
TXN0008765,CUST01123,2025-12-25,55.54,Home & Kitchen,1
TXN0008766,CUST01123,2025-06-27,49.54,Beauty,1
TXN0008767,CUST01123,2025-09-04,22.82,Home & Kitchen,0
TXN0008768,CUST01123,2025-04-30,58.17,Electronics,0
TXN0008769,CUST01124,2024-04-24,37.54,Sports,0
TXN0008770,CUST01125,2025-04-19,122.48,Sports,0
TXN0008771,CUST01125,2025-10-10,122.14,Sports,0
TXN0008772,CUST01125,2025-02-27,92.94,Sports,0
TXN0008773,CUST01125,2024-12-01,120.95,Sports,0
TXN0008774,CUST01125,2025-03-24,41.73,Beauty,0
TXN0008775,CUST01125,2024-12-25,32.04,Home & Kitchen,0
TXN0008776,CUST01125,2025-11-13,83.28,Home & Kitchen,0
TXN0008777,CUST01125,2025-11-28,44.58,Beauty,0
TXN0008778,CUST01125,2025-08-03,114.66,Home & Kitchen,0
TXN0008779,CUST01125,2025-07-30,46.25,Fashion,0
TXN0008780,CUST01125,2025-11-10,76.31,Fashion,0
TXN0008781,CUST01125,2025-01-30,132.55,Electronics,1
TXN0008782,CUST01125,2025-11-15,86.1,Books,0
TXN0008783,CUST01125,2025-07-22,65.36,Books,0
TXN0008784,CUST01125,2025-01-18,83.75,Fashion,0
TXN0008785,CUST01125,2025-11-29,51.66,Beauty,0
TXN0008786,CUST01125,2025-10-22,12.81,Sports,0
TXN0008787,CUST01125,2025-07-29,176.87,Home & Kitchen,1
TXN0008788,CUST01125,2025-07-26,49.5,Sports,0
TXN0008789,CUST01125,2025-10-26,236.88,Sports,0
TXN0008790,CUST01125,2025-06-14,114.6,Home & Kitchen,1
TXN0008791,CUST01125,2025-09-26,8.75,Electronics,0
TXN0008792,CUST01125,2025-11-07,25.62,Home & Kitchen,0
TXN0008793,CUST01126,2025-02-13,33.58,Home & Kitchen,0
TXN0008794,CUST01126,2024-09-19,19.48,Fashion,1
TXN0008795,CUST01126,2024-12-03,1.67,Electronics,0
TXN0008796,CUST01126,2024-10-22,30.97,Home & Kitchen,1
TXN0008797,CUST01126,2025-02-22,40.46,Home & Kitchen,1
TXN0008798,CUST01127,2025-05-25,159.98,Beauty,0
TXN0008799,CUST01127,2025-08-14,73.39,Beauty,0
TXN0008800,CUST01127,2025-04-23,80.41,Fashion,0
TXN0008801,CUST01127,2025-08-29,84.31,Fashion,1
TXN0008802,CUST01127,2025-07-23,42.08,Home & Kitchen,0
TXN0008803,CUST01127,2024-09-29,73.01,Home & Kitchen,0
TXN0008804,CUST01127,2024-11-27,60.31,Sports,0
TXN0008805,CUST01127,2025-01-19,27.0,Electronics,0
TXN0008806,CUST01127,2025-07-06,78.56,Fashion,1
TXN0008807,CUST01127,2025-03-22,65.69,Books,0
TXN0008808,CUST01127,2024-11-19,137.79,Home & Kitchen,1
TXN0008809,CUST01127,2025-09-22,58.26,Fashion,0
TXN0008810,CUST01127,2025-11-02,39.14,Electronics,0
TXN0008811,CUST01127,2025-06-26,83.47,Fashion,0
TXN0008812,CUST01127,2025-12-02,49.36,Sports,0
TXN0008813,CUST01127,2025-09-03,83.46,Sports,0
TXN0008814,CUST01127,2025-01-12,16.01,Fashion,0
TXN0008815,CUST01128,2024-12-02,51.97,Electronics,0
TXN0008816,CUST01128,2025-03-21,12.2,Sports,0
TXN0008817,CUST01128,2024-08-17,25.0,Electronics,0
TXN0008818,CUST01128,2025-05-18,47.19,Sports,1
TXN0008819,CUST01128,2024-05-19,38.11,Sports,0
TXN0008820,CUST01128,2025-03-28,34.37,Fashion,1
TXN0008821,CUST01129,2024-08-03,16.25,Electronics,0
TXN0008822,CUST01129,2025-08-16,89.32,Beauty,0
TXN0008823,CUST01130,2025-05-07,44.57,Electronics,0
TXN0008824,CUST01130,2025-07-26,43.68,Home & Kitchen,1
TXN0008825,CUST01131,2024-11-22,136.69,Fashion,0
TXN0008826,CUST01131,2024-11-14,54.92,Home & Kitchen,0
TXN0008827,CUST01131,2024-08-06,111.98,Sports,0
TXN0008828,CUST01131,2025-10-27,121.52,Beauty,0
TXN0008829,CUST01131,2025-09-27,71.75,Books,0
TXN0008830,CUST01131,2024-07-03,14.84,Beauty,1
TXN0008831,CUST01131,2025-06-05,76.76,Sports,0
TXN0008832,CUST01131,2025-10-12,42.73,Fashion,0
TXN0008833,CUST01131,2025-06-21,49.96,Beauty,0
TXN0008834,CUST01131,2025-06-19,131.21,Home & Kitchen,0
TXN0008835,CUST01131,2024-09-16,135.11,Electronics,1
TXN0008836,CUST01131,2024-07-13,23.01,Books,0
TXN0008837,CUST01131,2024-11-15,46.87,Books,0
TXN0008838,CUST01131,2025-12-14,40.5,Electronics,0
TXN0008839,CUST01131,2025-05-28,37.9,Beauty,0
TXN0008840,CUST01131,2025-06-20,40.56,Beauty,0
TXN0008841,CUST01131,2024-06-11,96.45,Beauty,1
TXN0008842,CUST01131,2024-06-19,87.52,Home & Kitchen,0
TXN0008843,CUST01131,2025-03-29,110.57,Electronics,0
TXN0008844,CUST01131,2025-01-28,50.21,Fashion,1
TXN0008845,CUST01131,2025-05-26,166.78,Home & Kitchen,0
TXN0008846,CUST01131,2024-10-25,44.56,Books,1
TXN0008847,CUST01131,2025-02-20,143.82,Books,1
TXN0008848,CUST01131,2024-02-20,87.46,Electronics,0
TXN0008849,CUST01131,2024-02-10,31.0,Home & Kitchen,0
TXN0008850,CUST01131,2025-02-13,111.52,Electronics,0
TXN0008851,CUST01131,2024-02-07,11.9,Books,0
TXN0008852,CUST01131,2025-07-24,151.45,Fashion,0
TXN0008853,CUST01131,2025-12-23,54.72,Books,0
TXN0008854,CUST01131,2024-02-07,86.88,Electronics,0
TXN0008855,CUST01131,2024-08-09,26.31,Home & Kitchen,0
TXN0008856,CUST01131,2024-12-24,24.51,Fashion,0
TXN0008857,CUST01131,2025-03-23,151.92,Sports,0
TXN0008858,CUST01132,2025-09-19,53.8,Home & Kitchen,1
TXN0008859,CUST01132,2024-08-09,41.77,Home & Kitchen,0
TXN0008860,CUST01132,2025-04-10,34.82,Beauty,1
TXN0008861,CUST01132,2025-04-10,38.19,Books,1
TXN0008862,CUST01133,2025-09-19,134.04,Books,0
TXN0008863,CUST01133,2024-05-14,58.19,Sports,0
TXN0008864,CUST01133,2025-06-08,14.13,Books,0
TXN0008865,CUST01133,2024-12-31,59.87,Electronics,0
TXN0008866,CUST01133,2024-05-19,25.28,Books,0
TXN0008867,CUST01133,2025-01-26,27.07,Books,0
TXN0008868,CUST01133,2025-09-29,51.18,Home & Kitchen,0
TXN0008869,CUST01133,2025-01-07,36.45,Electronics,0
TXN0008870,CUST01133,2024-07-19,58.55,Beauty,1
TXN0008871,CUST01133,2025-07-04,103.06,Electronics,0
TXN0008872,CUST01133,2025-05-07,92.92,Books,0
TXN0008873,CUST01133,2024-08-29,16.52,Sports,1
TXN0008874,CUST01133,2025-02-25,31.25,Home & Kitchen,0
TXN0008875,CUST01133,2025-03-31,50.82,Fashion,0
TXN0008876,CUST01133,2025-03-27,17.56,Sports,0
TXN0008877,CUST01134,2025-12-22,63.31,Books,0
TXN0008878,CUST01135,2025-12-18,38.93,Books,0
TXN0008879,CUST01135,2025-11-07,38.67,Electronics,0
TXN0008880,CUST01137,2025-10-07,30.44,Books,1
TXN0008881,CUST01137,2024-12-02,21.83,Books,1
TXN0008882,CUST01137,2024-11-06,69.1,Electronics,1
TXN0008883,CUST01137,2025-07-29,74.22,Fashion,1
TXN0008884,CUST01137,2025-07-20,9.52,Fashion,0
TXN0008885,CUST01137,2025-06-14,69.67,Sports,1
TXN0008886,CUST01137,2025-01-11,35.9,Beauty,0
TXN0008887,CUST01137,2024-09-22,106.69,Fashion,1
TXN0008888,CUST01138,2025-12-29,35.58,Books,0
TXN0008889,CUST01139,2025-06-13,94.6,Fashion,0
TXN0008890,CUST01139,2024-11-16,97.91,Home & Kitchen,0
TXN0008891,CUST01139,2025-04-23,65.66,Beauty,1
TXN0008892,CUST01139,2024-06-05,28.53,Fashion,0
TXN0008893,CUST01139,2024-07-13,82.89,Beauty,0
TXN0008894,CUST01139,2024-02-28,50.96,Fashion,1
TXN0008895,CUST01139,2024-04-12,14.53,Books,1
TXN0008896,CUST01139,2025-01-14,37.04,Beauty,0
TXN0008897,CUST01139,2025-07-24,20.73,Home & Kitchen,1
TXN0008898,CUST01139,2025-10-16,24.94,Fashion,0
TXN0008899,CUST01139,2024-10-21,92.55,Fashion,0
TXN0008900,CUST01139,2025-06-28,94.03,Books,0
TXN0008901,CUST01140,2025-10-03,62.33,Electronics,0
TXN0008902,CUST01140,2025-08-19,93.68,Sports,1
TXN0008903,CUST01142,2024-04-28,60.39,Books,1
TXN0008904,CUST01142,2024-09-28,143.79,Books,0
TXN0008905,CUST01142,2024-12-03,49.92,Fashion,0
TXN0008906,CUST01142,2024-03-16,54.1,Electronics,1
TXN0008907,CUST01142,2024-09-17,90.67,Beauty,1
TXN0008908,CUST01142,2025-11-08,73.88,Electronics,0
TXN0008909,CUST01142,2024-05-24,99.55,Beauty,1
TXN0008910,CUST01142,2025-06-06,43.05,Sports,0
TXN0008911,CUST01142,2024-04-22,34.8,Sports,1
TXN0008912,CUST01142,2024-07-03,35.95,Fashion,0
TXN0008913,CUST01142,2025-02-21,34.82,Books,0
TXN0008914,CUST01142,2024-05-14,126.68,Fashion,0
TXN0008915,CUST01142,2025-05-22,120.59,Electronics,0
TXN0008916,CUST01142,2025-06-09,167.84,Beauty,1
TXN0008917,CUST01142,2025-10-04,70.67,Books,0
TXN0008918,CUST01142,2025-08-22,19.66,Home & Kitchen,1
TXN0008919,CUST01142,2024-12-14,42.73,Sports,0
TXN0008920,CUST01142,2025-07-28,111.21,Beauty,0
TXN0008921,CUST01142,2025-04-15,58.44,Books,0
TXN0008922,CUST01142,2024-09-10,33.64,Sports,0
TXN0008923,CUST01142,2024-10-27,21.05,Fashion,0
TXN0008924,CUST01142,2024-06-28,80.8,Books,0
TXN0008925,CUST01142,2025-06-29,76.85,Home & Kitchen,0
TXN0008926,CUST01142,2024-03-14,86.42,Beauty,1
TXN0008927,CUST01142,2025-03-21,32.38,Sports,0
TXN0008928,CUST01142,2025-06-06,29.47,Books,0
TXN0008929,CUST01142,2025-07-28,39.37,Fashion,0
TXN0008930,CUST01142,2024-03-30,39.09,Home & Kitchen,0
TXN0008931,CUST01142,2025-06-30,33.02,Fashion,0
TXN0008932,CUST01142,2025-03-14,55.51,Home & Kitchen,0
TXN0008933,CUST01142,2024-05-13,34.39,Books,0
TXN0008934,CUST01142,2024-12-31,33.78,Beauty,0
TXN0008935,CUST01142,2025-11-12,85.02,Beauty,0
TXN0008936,CUST01143,2025-11-02,116.19,Books,0
TXN0008937,CUST01143,2025-04-02,38.62,Beauty,0
TXN0008938,CUST01143,2025-05-31,45.67,Sports,0
TXN0008939,CUST01143,2025-07-20,24.54,Home & Kitchen,0
TXN0008940,CUST01143,2025-11-04,136.62,Sports,1
TXN0008941,CUST01143,2025-07-16,113.2,Beauty,1
TXN0008942,CUST01143,2025-07-29,174.19,Home & Kitchen,0
TXN0008943,CUST01143,2025-07-31,83.56,Electronics,1
TXN0008944,CUST01143,2025-12-12,129.11,Fashion,0
TXN0008945,CUST01143,2025-07-25,15.92,Electronics,0
TXN0008946,CUST01143,2025-06-29,55.3,Home & Kitchen,1
TXN0008947,CUST01143,2025-12-10,38.59,Beauty,1
TXN0008948,CUST01143,2025-10-26,78.11,Beauty,0
TXN0008949,CUST01143,2025-06-28,122.38,Home & Kitchen,1
TXN0008950,CUST01143,2025-08-26,96.29,Fashion,0
TXN0008951,CUST01143,2025-06-26,19.25,Books,1
TXN0008952,CUST01143,2025-08-11,41.64,Beauty,0
TXN0008953,CUST01143,2025-09-05,67.86,Electronics,0
TXN0008954,CUST01143,2025-04-25,43.14,Fashion,1
TXN0008955,CUST01143,2025-05-27,38.85,Beauty,0
TXN0008956,CUST01143,2025-03-12,90.31,Home & Kitchen,0
TXN0008957,CUST01143,2025-07-28,15.7,Books,1
TXN0008958,CUST01144,2025-01-02,69.92,Electronics,0
TXN0008959,CUST01144,2025-06-28,56.12,Home & Kitchen,0
TXN0008960,CUST01144,2025-04-17,49.4,Books,0
TXN0008961,CUST01144,2025-03-31,10.74,Beauty,1
TXN0008962,CUST01144,2025-05-23,103.24,Books,1
TXN0008963,CUST01144,2025-08-04,148.09,Fashion,0
TXN0008964,CUST01144,2025-03-03,16.2,Beauty,1
TXN0008965,CUST01144,2025-03-15,130.72,Beauty,0
TXN0008966,CUST01144,2025-12-29,35.92,Sports,0
TXN0008967,CUST01144,2024-12-17,46.97,Beauty,0
TXN0008968,CUST01144,2025-01-08,9.9,Books,0
TXN0008969,CUST01145,2025-10-01,21.85,Fashion,1
TXN0008970,CUST01145,2025-12-07,81.33,Electronics,0
TXN0008971,CUST01145,2025-10-31,59.32,Home & Kitchen,0
TXN0008972,CUST01147,2024-05-07,7.02,Home & Kitchen,0
TXN0008973,CUST01147,2024-05-09,39.82,Sports,0
TXN0008974,CUST01147,2025-08-31,66.38,Fashion,0
TXN0008975,CUST01147,2025-05-06,45.56,Beauty,1
TXN0008976,CUST01147,2024-12-27,71.33,Electronics,0
TXN0008977,CUST01147,2024-12-10,32.19,Sports,0
TXN0008978,CUST01147,2025-12-21,83.37,Home & Kitchen,0
TXN0008979,CUST01147,2024-07-25,21.21,Home & Kitchen,0
TXN0008980,CUST01147,2025-06-19,24.37,Books,0
TXN0008981,CUST01147,2025-02-10,102.94,Home & Kitchen,0
TXN0008982,CUST01147,2024-12-05,36.09,Beauty,0
TXN0008983,CUST01148,2025-09-30,55.65,Beauty,0
TXN0008984,CUST01148,2025-12-29,115.58,Beauty,0
TXN0008985,CUST01148,2025-11-16,83.81,Beauty,0
TXN0008986,CUST01150,2024-08-05,55.09,Beauty,0
TXN0008987,CUST01150,2024-10-04,116.31,Home & Kitchen,0
TXN0008988,CUST01150,2024-09-25,52.24,Electronics,1
TXN0008989,CUST01150,2025-03-04,115.18,Home & Kitchen,1
TXN0008990,CUST01150,2025-01-17,26.15,Beauty,0
TXN0008991,CUST01150,2024-11-28,54.64,Books,0
TXN0008992,CUST01150,2025-06-21,27.76,Fashion,0
TXN0008993,CUST01150,2025-09-01,56.18,Home & Kitchen,0
TXN0008994,CUST01150,2024-12-11,59.56,Books,0
TXN0008995,CUST01150,2025-08-25,116.77,Electronics,0
TXN0008996,CUST01150,2024-07-20,89.05,Home & Kitchen,1
TXN0008997,CUST01150,2025-06-11,18.34,Beauty,0
TXN0008998,CUST01150,2024-06-02,11.72,Beauty,0
TXN0008999,CUST01150,2025-07-05,78.38,Fashion,1
TXN0009000,CUST01150,2025-03-03,12.22,Sports,1
TXN0009001,CUST01151,2025-08-01,64.38,Fashion,1
TXN0009002,CUST01151,2025-06-22,44.35,Sports,0
TXN0009003,CUST01151,2025-03-02,108.77,Fashion,0
TXN0009004,CUST01151,2025-09-03,47.45,Books,1
TXN0009005,CUST01151,2024-10-06,50.72,Electronics,0
TXN0009006,CUST01151,2024-11-24,28.64,Sports,1
TXN0009007,CUST01151,2025-12-28,52.74,Sports,0
TXN0009008,CUST01151,2025-11-12,80.37,Home & Kitchen,1
TXN0009009,CUST01151,2025-10-25,37.75,Fashion,0
TXN0009010,CUST01151,2025-10-10,31.49,Sports,0
TXN0009011,CUST01151,2025-10-27,63.82,Sports,1
TXN0009012,CUST01151,2025-03-11,46.83,Electronics,0
TXN0009013,CUST01151,2025-05-13,32.23,Books,1
TXN0009014,CUST01151,2024-10-16,48.94,Electronics,0
TXN0009015,CUST01152,2025-12-05,26.26,Beauty,0
TXN0009016,CUST01152,2025-10-20,68.7,Electronics,0
TXN0009017,CUST01152,2025-08-24,48.08,Books,1
TXN0009018,CUST01152,2025-12-19,191.8,Home & Kitchen,1
TXN0009019,CUST01152,2025-10-02,126.67,Home & Kitchen,0
TXN0009020,CUST01152,2025-07-11,82.91,Sports,1
TXN0009021,CUST01152,2025-09-09,31.23,Electronics,0
TXN0009022,CUST01152,2025-10-05,26.03,Books,0
TXN0009023,CUST01153,2024-12-12,26.87,Electronics,0
TXN0009024,CUST01154,2024-12-10,37.65,Sports,0
TXN0009025,CUST01155,2024-06-27,75.0,Fashion,1
TXN0009026,CUST01155,2025-05-21,41.86,Home & Kitchen,0
TXN0009027,CUST01155,2024-08-24,152.93,Sports,0
TXN0009028,CUST01155,2025-03-28,95.42,Fashion,1
TXN0009029,CUST01155,2025-03-19,26.19,Fashion,0
TXN0009030,CUST01155,2025-10-17,109.47,Sports,0
TXN0009031,CUST01155,2024-09-18,96.18,Beauty,1
TXN0009032,CUST01155,2024-09-29,118.92,Books,0
TXN0009033,CUST01155,2024-10-24,88.54,Fashion,0
TXN0009034,CUST01155,2024-03-22,45.06,Home & Kitchen,0
TXN0009035,CUST01155,2024-06-13,52.97,Fashion,0
TXN0009036,CUST01155,2025-05-25,101.56,Home & Kitchen,0
TXN0009037,CUST01155,2025-10-04,70.98,Home & Kitchen,0
TXN0009038,CUST01155,2024-05-30,52.64,Beauty,1
TXN0009039,CUST01155,2024-08-12,74.54,Fashion,0
TXN0009040,CUST01155,2025-08-15,39.23,Sports,0
TXN0009041,CUST01155,2025-11-13,56.79,Books,0
TXN0009042,CUST01155,2024-08-17,48.07,Fashion,0
TXN0009043,CUST01155,2025-01-19,99.63,Electronics,0
TXN0009044,CUST01155,2024-10-05,69.95,Electronics,1
TXN0009045,CUST01155,2025-02-24,98.59,Electronics,0
TXN0009046,CUST01155,2025-06-09,40.61,Sports,0
TXN0009047,CUST01155,2025-05-24,97.58,Electronics,0
TXN0009048,CUST01155,2025-11-30,59.72,Sports,0
TXN0009049,CUST01155,2025-03-24,37.17,Beauty,0
TXN0009050,CUST01155,2024-05-06,128.26,Beauty,0
TXN0009051,CUST01156,2025-10-24,71.61,Electronics,0
TXN0009052,CUST01156,2025-11-08,47.39,Fashion,0
TXN0009053,CUST01156,2025-09-09,75.06,Home & Kitchen,0
TXN0009054,CUST01156,2025-12-09,58.1,Home & Kitchen,1
TXN0009055,CUST01156,2025-10-22,56.07,Electronics,1
TXN0009056,CUST01156,2025-08-31,19.24,Fashion,0
TXN0009057,CUST01156,2025-07-10,48.07,Books,0
TXN0009058,CUST01158,2025-12-02,27.5,Books,0
TXN0009059,CUST01159,2025-02-11,30.66,Fashion,0
TXN0009060,CUST01159,2025-10-14,43.72,Electronics,0
TXN0009061,CUST01159,2024-09-05,84.49,Home & Kitchen,0
TXN0009062,CUST01159,2025-12-09,89.48,Books,0
TXN0009063,CUST01159,2024-12-06,29.37,Electronics,0
TXN0009064,CUST01159,2025-12-20,52.71,Beauty,0
TXN0009065,CUST01159,2025-09-17,75.09,Books,0
TXN0009066,CUST01159,2024-09-06,38.99,Beauty,0
TXN0009067,CUST01160,2025-05-04,35.87,Fashion,0
TXN0009068,CUST01160,2025-05-03,41.01,Books,0
TXN0009069,CUST01160,2025-11-04,90.32,Home & Kitchen,0
TXN0009070,CUST01160,2025-04-11,61.83,Electronics,0
TXN0009071,CUST01160,2025-10-25,24.0,Electronics,0
TXN0009072,CUST01160,2025-07-24,29.85,Electronics,0
TXN0009073,CUST01162,2025-12-09,83.28,Sports,0
TXN0009074,CUST01162,2025-09-13,52.06,Books,0
TXN0009075,CUST01162,2025-08-19,90.79,Books,1
TXN0009076,CUST01162,2025-09-26,142.26,Books,1
TXN0009077,CUST01162,2025-09-15,39.56,Beauty,0
TXN0009078,CUST01162,2025-09-19,22.09,Electronics,0
TXN0009079,CUST01162,2025-07-22,165.25,Electronics,0
TXN0009080,CUST01163,2025-06-29,16.24,Books,0
TXN0009081,CUST01163,2024-04-17,35.27,Sports,1
TXN0009082,CUST01163,2025-12-04,38.47,Sports,1
TXN0009083,CUST01163,2024-06-13,18.84,Fashion,0
TXN0009084,CUST01163,2025-04-20,48.95,Electronics,0
TXN0009085,CUST01163,2025-04-18,14.63,Books,1
TXN0009086,CUST01163,2024-04-16,78.96,Sports,0
TXN0009087,CUST01163,2025-05-06,73.83,Beauty,0
TXN0009088,CUST01163,2025-08-28,56.95,Fashion,1
TXN0009089,CUST01163,2025-08-05,42.55,Sports,0
TXN0009090,CUST01164,2025-11-29,47.99,Home & Kitchen,0
TXN0009091,CUST01164,2025-10-20,85.17,Home & Kitchen,1
TXN0009092,CUST01164,2025-10-20,42.2,Beauty,0
TXN0009093,CUST01166,2024-07-03,116.3,Sports,0
TXN0009094,CUST01166,2024-06-01,41.43,Books,0
TXN0009095,CUST01166,2025-09-30,57.5,Electronics,0
TXN0009096,CUST01166,2025-04-03,120.29,Home & Kitchen,1
TXN0009097,CUST01166,2025-06-05,53.41,Home & Kitchen,0
TXN0009098,CUST01166,2024-09-20,45.9,Beauty,0
TXN0009099,CUST01166,2024-11-15,90.53,Fashion,0
TXN0009100,CUST01166,2025-11-14,48.66,Electronics,1
TXN0009101,CUST01166,2025-10-17,99.8,Home & Kitchen,0
TXN0009102,CUST01166,2024-03-18,133.95,Books,0
TXN0009103,CUST01166,2024-11-16,52.8,Sports,1
TXN0009104,CUST01166,2025-12-15,19.91,Beauty,0
TXN0009105,CUST01166,2025-12-16,86.22,Beauty,1
TXN0009106,CUST01166,2024-06-09,7.69,Home & Kitchen,1
TXN0009107,CUST01166,2025-03-25,69.94,Beauty,0
TXN0009108,CUST01166,2025-07-01,38.81,Electronics,1
TXN0009109,CUST01166,2024-11-16,59.95,Fashion,1
TXN0009110,CUST01166,2025-11-18,48.95,Beauty,0
TXN0009111,CUST01166,2025-05-24,73.62,Sports,0
TXN0009112,CUST01166,2024-07-25,88.03,Home & Kitchen,1
TXN0009113,CUST01166,2024-04-12,80.29,Beauty,0
TXN0009114,CUST01166,2024-06-08,32.45,Home & Kitchen,0
TXN0009115,CUST01166,2025-10-25,168.65,Books,1
TXN0009116,CUST01166,2025-05-01,74.58,Sports,0
TXN0009117,CUST01166,2024-07-01,152.96,Sports,1
TXN0009118,CUST01166,2025-11-24,105.97,Fashion,1
TXN0009119,CUST01166,2024-02-19,48.85,Beauty,0
TXN0009120,CUST01166,2025-09-30,58.12,Electronics,0
TXN0009121,CUST01166,2024-10-14,121.42,Beauty,1
TXN0009122,CUST01166,2024-07-03,78.83,Books,0
TXN0009123,CUST01166,2025-02-16,63.62,Beauty,0
TXN0009124,CUST01166,2024-08-24,67.9,Home & Kitchen,0
TXN0009125,CUST01166,2024-06-07,104.07,Sports,0
TXN0009126,CUST01166,2025-07-22,45.36,Books,0
TXN0009127,CUST01166,2025-06-19,63.53,Electronics,0
TXN0009128,CUST01166,2025-05-01,71.08,Beauty,1
TXN0009129,CUST01166,2025-10-28,77.98,Fashion,0
TXN0009130,CUST01166,2025-05-13,104.53,Sports,0
TXN0009131,CUST01166,2024-06-29,51.68,Electronics,0
TXN0009132,CUST01167,2025-06-20,60.06,Beauty,1
TXN0009133,CUST01167,2024-12-06,78.07,Fashion,0
TXN0009134,CUST01167,2025-03-29,40.15,Beauty,0
TXN0009135,CUST01167,2025-08-22,17.73,Home & Kitchen,1
TXN0009136,CUST01167,2025-04-18,55.79,Beauty,1
TXN0009137,CUST01168,2025-06-13,48.4,Sports,0
TXN0009138,CUST01168,2025-08-14,84.89,Electronics,0
TXN0009139,CUST01168,2025-09-07,99.12,Books,1
TXN0009140,CUST01168,2025-07-09,76.79,Home & Kitchen,1
TXN0009141,CUST01168,2025-11-06,26.74,Home & Kitchen,0
TXN0009142,CUST01168,2025-05-15,58.86,Fashion,1
TXN0009143,CUST01168,2025-08-17,116.41,Books,1
TXN0009144,CUST01168,2025-11-25,68.94,Electronics,1
TXN0009145,CUST01169,2025-08-07,47.0,Electronics,1
TXN0009146,CUST01170,2025-06-22,92.25,Sports,1
TXN0009147,CUST01170,2025-12-10,57.29,Fashion,1
TXN0009148,CUST01170,2025-04-25,118.22,Fashion,1
TXN0009149,CUST01170,2025-04-04,6.86,Beauty,0
TXN0009150,CUST01170,2024-10-29,23.02,Sports,0
TXN0009151,CUST01170,2025-10-12,20.54,Fashion,1
TXN0009152,CUST01170,2025-05-18,42.71,Electronics,1
TXN0009153,CUST01170,2025-08-27,63.26,Fashion,0
TXN0009154,CUST01170,2025-05-21,22.13,Beauty,1
TXN0009155,CUST01170,2024-12-21,26.8,Sports,0
TXN0009156,CUST01170,2025-09-22,54.74,Beauty,0
TXN0009157,CUST01170,2024-10-15,58.59,Sports,0
TXN0009158,CUST01170,2024-12-02,8.59,Books,0
TXN0009159,CUST01172,2025-06-02,60.71,Sports,0
TXN0009160,CUST01172,2024-07-26,48.86,Fashion,0
TXN0009161,CUST01172,2025-11-07,16.29,Electronics,0
TXN0009162,CUST01172,2025-08-18,8.12,Beauty,0
TXN0009163,CUST01172,2024-09-28,111.55,Home & Kitchen,1
TXN0009164,CUST01173,2025-12-05,140.8,Beauty,0
TXN0009165,CUST01174,2025-11-23,100.51,Home & Kitchen,0
TXN0009166,CUST01174,2025-08-17,97.98,Books,0
TXN0009167,CUST01174,2025-03-03,114.48,Home & Kitchen,0
TXN0009168,CUST01174,2025-11-11,55.91,Fashion,0
TXN0009169,CUST01174,2025-06-16,31.06,Electronics,0
TXN0009170,CUST01174,2025-07-30,53.27,Home & Kitchen,1
TXN0009171,CUST01174,2024-09-29,105.71,Books,0
TXN0009172,CUST01174,2024-11-11,115.35,Sports,1
TXN0009173,CUST01174,2024-10-15,27.07,Sports,0
TXN0009174,CUST01174,2024-08-12,29.99,Beauty,0
TXN0009175,CUST01174,2025-02-22,113.7,Electronics,0
TXN0009176,CUST01174,2025-05-27,40.0,Home & Kitchen,0
TXN0009177,CUST01174,2025-06-15,24.63,Books,0
TXN0009178,CUST01175,2025-12-28,97.91,Fashion,1
TXN0009179,CUST01176,2025-03-10,16.69,Sports,0
TXN0009180,CUST01176,2024-11-27,13.38,Beauty,1
TXN0009181,CUST01176,2025-11-30,23.56,Sports,1
TXN0009182,CUST01176,2024-11-17,54.66,Beauty,0
TXN0009183,CUST01176,2025-09-24,39.06,Home & Kitchen,1
TXN0009184,CUST01176,2025-03-29,29.56,Books,1
TXN0009185,CUST01177,2025-05-06,35.91,Fashion,0
TXN0009186,CUST01177,2025-06-28,124.62,Home & Kitchen,0
TXN0009187,CUST01177,2025-01-19,29.36,Beauty,0
TXN0009188,CUST01177,2025-04-18,25.63,Books,0
TXN0009189,CUST01177,2025-12-16,11.01,Beauty,0
TXN0009190,CUST01177,2025-07-04,16.91,Sports,0
TXN0009191,CUST01177,2025-08-19,58.34,Sports,0
TXN0009192,CUST01177,2025-05-06,27.62,Books,0
TXN0009193,CUST01177,2025-09-07,73.3,Books,0
TXN0009194,CUST01177,2025-09-29,65.41,Electronics,0
TXN0009195,CUST01177,2025-05-23,28.59,Electronics,0
TXN0009196,CUST01178,2025-12-25,17.79,Beauty,0
TXN0009197,CUST01179,2025-04-09,56.93,Books,1
TXN0009198,CUST01179,2024-09-20,149.42,Electronics,0
TXN0009199,CUST01179,2024-07-09,44.96,Beauty,1
TXN0009200,CUST01179,2025-11-13,48.45,Fashion,0
TXN0009201,CUST01179,2025-12-27,43.43,Electronics,0
TXN0009202,CUST01179,2025-11-11,19.69,Fashion,1
TXN0009203,CUST01179,2024-10-15,36.45,Sports,0
TXN0009204,CUST01179,2024-10-21,57.57,Books,1
TXN0009205,CUST01179,2025-04-27,43.93,Electronics,0
TXN0009206,CUST01179,2025-10-24,59.27,Fashion,0
TXN0009207,CUST01181,2025-07-13,45.45,Fashion,1
TXN0009208,CUST01181,2025-09-16,60.73,Beauty,1
TXN0009209,CUST01181,2024-03-13,71.01,Electronics,0
TXN0009210,CUST01181,2025-05-03,37.07,Electronics,0
TXN0009211,CUST01181,2024-12-23,10.65,Beauty,0
TXN0009212,CUST01181,2024-09-29,38.73,Beauty,1
TXN0009213,CUST01181,2025-03-28,46.56,Fashion,0
TXN0009214,CUST01181,2025-01-22,29.06,Books,0
TXN0009215,CUST01182,2025-10-12,39.25,Sports,1
TXN0009216,CUST01182,2025-10-12,46.15,Beauty,0
TXN0009217,CUST01182,2025-10-19,130.88,Fashion,0
TXN0009218,CUST01182,2025-09-18,28.96,Books,1
TXN0009219,CUST01184,2025-02-05,17.36,Sports,0
TXN0009220,CUST01184,2024-11-10,198.07,Beauty,1
TXN0009221,CUST01184,2024-10-23,112.03,Beauty,0
TXN0009222,CUST01184,2025-08-01,90.2,Electronics,1
TXN0009223,CUST01184,2025-03-16,73.41,Home & Kitchen,0
TXN0009224,CUST01184,2025-11-04,19.16,Electronics,0
TXN0009225,CUST01184,2025-01-11,35.97,Beauty,1
TXN0009226,CUST01184,2025-05-20,37.12,Home & Kitchen,1
TXN0009227,CUST01184,2025-11-01,69.77,Books,0
TXN0009228,CUST01184,2024-09-11,89.3,Books,1
TXN0009229,CUST01184,2025-08-19,157.97,Home & Kitchen,0
TXN0009230,CUST01184,2025-11-12,86.36,Sports,1
TXN0009231,CUST01184,2025-02-17,62.6,Home & Kitchen,1
TXN0009232,CUST01184,2025-11-20,100.28,Sports,0
TXN0009233,CUST01184,2025-12-07,171.16,Home & Kitchen,0
TXN0009234,CUST01184,2025-05-22,55.87,Sports,1
TXN0009235,CUST01184,2025-05-14,8.65,Books,0
TXN0009236,CUST01184,2025-04-15,65.83,Fashion,0
TXN0009237,CUST01184,2025-11-01,87.29,Fashion,1
TXN0009238,CUST01185,2025-08-09,19.86,Home & Kitchen,0
TXN0009239,CUST01185,2025-09-02,72.72,Sports,0
TXN0009240,CUST01185,2025-07-20,69.98,Books,1
TXN0009241,CUST01185,2025-12-14,14.23,Fashion,0
TXN0009242,CUST01185,2025-09-25,14.53,Sports,0
TXN0009243,CUST01186,2025-10-23,107.1,Books,0
TXN0009244,CUST01186,2024-05-14,17.17,Home & Kitchen,0
TXN0009245,CUST01186,2025-06-11,34.75,Sports,1
TXN0009246,CUST01186,2025-07-02,64.42,Sports,0
TXN0009247,CUST01186,2024-06-22,30.83,Home & Kitchen,0
TXN0009248,CUST01186,2024-07-09,23.08,Beauty,0
TXN0009249,CUST01186,2025-03-01,19.47,Beauty,0
TXN0009250,CUST01186,2025-09-04,9.29,Fashion,0
TXN0009251,CUST01186,2024-05-30,26.23,Home & Kitchen,1
TXN0009252,CUST01186,2024-07-16,18.04,Books,0
TXN0009253,CUST01186,2024-07-15,75.65,Books,0
TXN0009254,CUST01187,2025-10-12,84.83,Fashion,0
TXN0009255,CUST01187,2025-11-05,89.6,Fashion,0
TXN0009256,CUST01187,2025-09-08,50.31,Sports,1
TXN0009257,CUST01187,2025-09-10,96.77,Books,1
TXN0009258,CUST01187,2025-11-16,80.54,Beauty,1
TXN0009259,CUST01187,2025-09-12,47.07,Electronics,0
TXN0009260,CUST01187,2025-09-29,17.48,Home & Kitchen,1
TXN0009261,CUST01187,2025-10-03,127.5,Beauty,1
TXN0009262,CUST01187,2025-10-09,63.4,Fashion,0
TXN0009263,CUST01187,2025-11-13,54.57,Fashion,0
TXN0009264,CUST01187,2025-08-13,49.68,Beauty,1
TXN0009265,CUST01187,2025-09-01,94.15,Electronics,0
TXN0009266,CUST01187,2025-12-25,69.67,Electronics,0
TXN0009267,CUST01187,2025-09-10,103.85,Home & Kitchen,0
TXN0009268,CUST01187,2025-08-14,59.25,Books,0
TXN0009269,CUST01188,2025-09-21,102.04,Fashion,0
TXN0009270,CUST01188,2025-10-20,69.11,Fashion,0
TXN0009271,CUST01188,2025-09-18,56.02,Books,1
TXN0009272,CUST01188,2025-09-22,96.72,Electronics,0
TXN0009273,CUST01188,2025-11-26,118.75,Sports,0
TXN0009274,CUST01188,2025-10-20,24.98,Beauty,1
TXN0009275,CUST01188,2025-12-27,98.44,Home & Kitchen,0
TXN0009276,CUST01188,2025-11-22,96.32,Electronics,0
TXN0009277,CUST01188,2025-11-27,24.81,Electronics,1
TXN0009278,CUST01189,2025-04-13,74.78,Sports,1
TXN0009279,CUST01189,2025-09-28,32.35,Beauty,0
TXN0009280,CUST01189,2024-12-17,14.76,Sports,0
TXN0009281,CUST01189,2025-04-28,72.87,Fashion,1
TXN0009282,CUST01189,2024-10-24,97.37,Electronics,0
TXN0009283,CUST01189,2025-06-21,27.62,Home & Kitchen,0
TXN0009284,CUST01189,2024-08-12,49.22,Books,0
TXN0009285,CUST01189,2024-11-15,56.11,Sports,1
TXN0009286,CUST01189,2025-10-13,62.5,Fashion,1
TXN0009287,CUST01189,2025-01-08,52.43,Home & Kitchen,0
TXN0009288,CUST01189,2025-06-13,39.28,Books,0
TXN0009289,CUST01189,2025-10-28,55.41,Electronics,0
TXN0009290,CUST01189,2025-10-25,58.01,Fashion,0
TXN0009291,CUST01190,2025-12-17,44.63,Home & Kitchen,1
TXN0009292,CUST01190,2025-12-28,17.38,Home & Kitchen,0
TXN0009293,CUST01192,2024-12-07,101.33,Beauty,0
TXN0009294,CUST01192,2025-09-16,8.82,Sports,0
TXN0009295,CUST01192,2025-10-26,26.91,Books,1
TXN0009296,CUST01192,2024-11-07,48.25,Home & Kitchen,1
TXN0009297,CUST01192,2025-10-28,25.25,Home & Kitchen,1
TXN0009298,CUST01192,2024-12-16,72.19,Sports,1
TXN0009299,CUST01192,2025-10-24,33.18,Beauty,1
TXN0009300,CUST01192,2025-09-01,24.9,Home & Kitchen,0
TXN0009301,CUST01192,2025-08-15,46.81,Sports,0
TXN0009302,CUST01194,2025-09-24,42.29,Sports,0
TXN0009303,CUST01194,2025-12-23,44.83,Books,1
TXN0009304,CUST01194,2025-10-25,17.7,Books,1
TXN0009305,CUST01195,2025-10-12,79.22,Fashion,1
TXN0009306,CUST01195,2025-08-19,115.12,Electronics,1
TXN0009307,CUST01196,2025-02-19,60.54,Sports,1
TXN0009308,CUST01196,2025-04-20,64.19,Fashion,0
TXN0009309,CUST01196,2025-08-15,46.25,Electronics,0
TXN0009310,CUST01198,2025-09-20,10.02,Books,0
TXN0009311,CUST01198,2025-12-05,37.22,Fashion,0
TXN0009312,CUST01198,2025-01-13,54.54,Home & Kitchen,1
TXN0009313,CUST01198,2025-12-30,81.55,Fashion,0
TXN0009314,CUST01198,2024-09-28,24.29,Home & Kitchen,0
TXN0009315,CUST01198,2025-09-20,85.52,Sports,1
TXN0009316,CUST01198,2025-02-04,3.86,Electronics,0
TXN0009317,CUST01198,2024-10-08,25.5,Fashion,1
TXN0009318,CUST01198,2024-12-08,38.24,Sports,0
TXN0009319,CUST01199,2024-11-03,39.56,Sports,0
TXN0009320,CUST01199,2025-07-08,40.06,Books,0
TXN0009321,CUST01199,2024-10-17,29.78,Beauty,1
TXN0009322,CUST01199,2024-10-31,61.99,Home & Kitchen,0
TXN0009323,CUST01199,2025-06-28,33.94,Sports,0
TXN0009324,CUST01200,2025-04-17,74.25,Sports,0
TXN0009325,CUST01200,2024-11-26,33.53,Sports,0
TXN0009326,CUST01200,2025-07-14,10.29,Home & Kitchen,1
TXN0009327,CUST01200,2025-07-19,39.59,Books,1
TXN0009328,CUST01200,2025-11-14,22.36,Sports,1
TXN0009329,CUST01201,2025-10-07,49.56,Books,1
TXN0009330,CUST01202,2025-02-28,25.59,Beauty,1
TXN0009331,CUST01202,2025-05-29,38.44,Fashion,1
TXN0009332,CUST01202,2025-10-21,56.4,Fashion,0
TXN0009333,CUST01202,2025-08-08,80.3,Electronics,1
TXN0009334,CUST01202,2025-12-29,13.78,Fashion,0
TXN0009335,CUST01202,2025-04-19,24.36,Fashion,1
TXN0009336,CUST01202,2024-07-14,20.01,Electronics,0
TXN0009337,CUST01204,2024-04-20,53.7,Sports,0
TXN0009338,CUST01204,2024-06-15,30.25,Fashion,0
TXN0009339,CUST01204,2024-07-17,44.16,Fashion,0
TXN0009340,CUST01204,2025-05-29,45.95,Fashion,0
TXN0009341,CUST01204,2025-05-19,4.4,Beauty,1
TXN0009342,CUST01204,2025-07-15,56.71,Electronics,0
TXN0009343,CUST01205,2025-12-24,69.45,Home & Kitchen,1
TXN0009344,CUST01205,2025-12-28,105.49,Electronics,0
TXN0009345,CUST01206,2025-05-25,68.73,Electronics,0
TXN0009346,CUST01206,2025-11-27,67.03,Fashion,0
TXN0009347,CUST01206,2025-10-20,126.45,Sports,1
TXN0009348,CUST01206,2025-05-02,9.0,Beauty,0
TXN0009349,CUST01206,2025-03-24,52.86,Beauty,0
TXN0009350,CUST01207,2024-11-01,132.62,Books,0
TXN0009351,CUST01207,2024-07-10,64.05,Beauty,1
TXN0009352,CUST01207,2025-01-01,11.84,Home & Kitchen,0
TXN0009353,CUST01207,2024-10-16,70.68,Home & Kitchen,1
TXN0009354,CUST01207,2025-10-04,85.26,Sports,0
TXN0009355,CUST01207,2024-07-13,41.82,Electronics,1
TXN0009356,CUST01207,2024-10-04,26.66,Fashion,1
TXN0009357,CUST01207,2024-10-05,78.53,Sports,1
TXN0009358,CUST01207,2025-09-29,20.62,Beauty,0
TXN0009359,CUST01209,2025-05-27,102.57,Beauty,0
TXN0009360,CUST01209,2025-11-24,87.57,Beauty,0
TXN0009361,CUST01209,2025-02-18,83.57,Books,1
TXN0009362,CUST01209,2025-02-12,37.72,Beauty,0
TXN0009363,CUST01209,2025-01-02,52.88,Home & Kitchen,0
TXN0009364,CUST01209,2025-03-07,49.55,Home & Kitchen,1
TXN0009365,CUST01209,2024-12-03,26.55,Sports,0
TXN0009366,CUST01209,2025-03-25,20.39,Home & Kitchen,0
TXN0009367,CUST01209,2024-11-06,5.91,Sports,1
TXN0009368,CUST01209,2024-12-01,42.58,Electronics,0
TXN0009369,CUST01209,2025-04-18,22.13,Sports,0
TXN0009370,CUST01209,2025-07-24,59.49,Fashion,0
TXN0009371,CUST01209,2025-05-03,91.28,Fashion,1
TXN0009372,CUST01209,2025-05-15,49.79,Books,0
TXN0009373,CUST01209,2025-03-29,53.2,Home & Kitchen,1
TXN0009374,CUST01209,2025-06-17,138.18,Books,1
TXN0009375,CUST01209,2025-05-09,61.93,Fashion,1
TXN0009376,CUST01209,2025-04-29,102.19,Beauty,1
TXN0009377,CUST01209,2025-04-09,71.72,Sports,0
TXN0009378,CUST01209,2025-10-15,46.06,Beauty,1
TXN0009379,CUST01210,2024-09-05,108.92,Beauty,1
TXN0009380,CUST01210,2025-06-18,61.73,Books,0
TXN0009381,CUST01210,2025-12-13,161.17,Home & Kitchen,0
TXN0009382,CUST01210,2025-08-13,73.08,Books,0
TXN0009383,CUST01210,2025-01-16,109.03,Electronics,0
TXN0009384,CUST01210,2024-08-20,75.19,Sports,0
TXN0009385,CUST01210,2025-02-14,167.73,Beauty,0
TXN0009386,CUST01210,2025-01-21,82.46,Books,1
TXN0009387,CUST01210,2025-01-15,20.68,Home & Kitchen,0
TXN0009388,CUST01210,2024-10-08,112.14,Fashion,0
TXN0009389,CUST01210,2025-03-11,78.47,Electronics,0
TXN0009390,CUST01210,2024-07-09,155.5,Home & Kitchen,0
TXN0009391,CUST01210,2025-01-29,145.59,Beauty,0
TXN0009392,CUST01210,2025-03-01,71.72,Books,0
TXN0009393,CUST01210,2024-11-14,117.42,Home & Kitchen,0
TXN0009394,CUST01210,2025-11-26,81.2,Books,1
TXN0009395,CUST01210,2025-09-16,41.42,Beauty,0
TXN0009396,CUST01210,2024-10-31,57.83,Fashion,0
TXN0009397,CUST01210,2024-10-18,53.18,Sports,0
TXN0009398,CUST01210,2024-09-08,46.91,Sports,0
TXN0009399,CUST01210,2025-11-25,16.3,Fashion,0
TXN0009400,CUST01210,2025-11-01,154.55,Beauty,0
TXN0009401,CUST01210,2025-11-27,34.64,Home & Kitchen,1
TXN0009402,CUST01210,2025-12-05,122.59,Fashion,1
TXN0009403,CUST01210,2025-04-15,29.45,Books,0
TXN0009404,CUST01210,2025-02-06,90.63,Electronics,0
TXN0009405,CUST01210,2025-12-05,67.62,Fashion,0
TXN0009406,CUST01210,2024-09-20,155.11,Beauty,0
TXN0009407,CUST01210,2024-10-24,31.41,Home & Kitchen,0
TXN0009408,CUST01210,2025-08-07,20.04,Sports,0
TXN0009409,CUST01210,2025-11-22,78.42,Fashion,1
TXN0009410,CUST01210,2025-06-07,88.43,Electronics,1
TXN0009411,CUST01210,2024-12-05,24.08,Sports,0
TXN0009412,CUST01210,2025-02-13,101.11,Home & Kitchen,1
TXN0009413,CUST01210,2025-05-21,6.33,Home & Kitchen,0
TXN0009414,CUST01210,2025-06-26,71.72,Electronics,1
TXN0009415,CUST01210,2024-10-19,175.14,Home & Kitchen,1
TXN0009416,CUST01210,2025-08-31,124.21,Home & Kitchen,0
TXN0009417,CUST01211,2025-09-24,26.75,Sports,0
TXN0009418,CUST01211,2025-10-22,69.76,Electronics,0
TXN0009419,CUST01211,2025-10-01,55.89,Sports,1
TXN0009420,CUST01211,2025-08-08,65.18,Home & Kitchen,0
TXN0009421,CUST01211,2025-11-16,184.86,Electronics,0
TXN0009422,CUST01213,2025-12-18,15.22,Books,1
TXN0009423,CUST01213,2025-03-23,64.19,Home & Kitchen,0
TXN0009424,CUST01213,2024-05-23,30.64,Books,1
TXN0009425,CUST01213,2025-12-30,89.19,Beauty,0
TXN0009426,CUST01213,2024-10-13,76.17,Beauty,0
TXN0009427,CUST01213,2024-04-02,55.71,Electronics,1
TXN0009428,CUST01213,2024-06-25,62.64,Books,0
TXN0009429,CUST01213,2025-08-31,150.19,Books,0
TXN0009430,CUST01213,2024-08-01,151.67,Home & Kitchen,0
TXN0009431,CUST01213,2025-10-03,85.94,Home & Kitchen,0
TXN0009432,CUST01213,2024-06-29,40.58,Books,0
TXN0009433,CUST01213,2025-03-09,58.68,Electronics,0
TXN0009434,CUST01213,2025-08-30,25.66,Sports,0
TXN0009435,CUST01213,2025-04-03,124.24,Electronics,0
TXN0009436,CUST01213,2025-09-12,40.86,Books,0
TXN0009437,CUST01213,2025-06-26,55.64,Beauty,1
TXN0009438,CUST01213,2024-05-31,56.69,Sports,0
TXN0009439,CUST01213,2024-10-04,39.21,Books,0
TXN0009440,CUST01213,2024-10-07,145.25,Beauty,1
TXN0009441,CUST01213,2025-02-06,45.63,Beauty,0
TXN0009442,CUST01213,2024-09-18,66.37,Fashion,0
TXN0009443,CUST01213,2024-09-01,19.41,Beauty,1
TXN0009444,CUST01213,2024-10-31,38.6,Books,1
TXN0009445,CUST01213,2025-07-08,141.28,Books,0
TXN0009446,CUST01213,2024-11-08,38.84,Sports,1
TXN0009447,CUST01213,2025-02-26,26.94,Electronics,0
TXN0009448,CUST01213,2024-11-23,88.01,Electronics,0
TXN0009449,CUST01213,2024-08-29,84.49,Home & Kitchen,0
TXN0009450,CUST01213,2025-03-03,159.53,Electronics,0
TXN0009451,CUST01213,2025-01-18,78.57,Sports,0
TXN0009452,CUST01213,2025-01-18,54.76,Books,0
TXN0009453,CUST01213,2025-01-15,37.45,Fashion,0
TXN0009454,CUST01213,2024-10-05,86.26,Books,0
TXN0009455,CUST01213,2024-12-14,15.2,Books,1
TXN0009456,CUST01213,2025-05-03,189.51,Fashion,1
TXN0009457,CUST01213,2025-12-26,14.02,Fashion,0
TXN0009458,CUST01213,2025-01-22,100.87,Electronics,1
TXN0009459,CUST01213,2025-12-24,57.63,Beauty,0
TXN0009460,CUST01213,2025-09-02,134.02,Electronics,1
TXN0009461,CUST01213,2024-05-04,101.16,Electronics,0
TXN0009462,CUST01214,2025-04-18,9.07,Beauty,0
TXN0009463,CUST01214,2025-08-03,54.14,Books,1
TXN0009464,CUST01214,2025-10-12,50.56,Books,0
TXN0009465,CUST01214,2025-10-13,51.79,Electronics,0
TXN0009466,CUST01214,2025-05-29,37.51,Home & Kitchen,0
TXN0009467,CUST01214,2025-11-11,61.29,Electronics,0
TXN0009468,CUST01214,2025-11-03,117.69,Sports,1
TXN0009469,CUST01214,2025-09-17,53.72,Home & Kitchen,0
TXN0009470,CUST01214,2025-09-27,22.81,Fashion,1
TXN0009471,CUST01214,2025-05-10,73.68,Books,0
TXN0009472,CUST01214,2025-11-08,23.09,Sports,1
TXN0009473,CUST01214,2025-07-17,138.45,Books,1
TXN0009474,CUST01214,2025-02-17,76.89,Electronics,1
TXN0009475,CUST01214,2025-05-20,34.59,Home & Kitchen,1
TXN0009476,CUST01214,2025-09-30,93.01,Books,0
TXN0009477,CUST01214,2025-07-16,68.85,Home & Kitchen,0
TXN0009478,CUST01214,2025-10-26,109.45,Books,1
TXN0009479,CUST01214,2025-11-19,51.06,Fashion,0
TXN0009480,CUST01215,2025-11-22,21.66,Sports,0
TXN0009481,CUST01215,2025-09-11,109.32,Books,1
TXN0009482,CUST01215,2025-07-24,68.4,Home & Kitchen,0
TXN0009483,CUST01215,2025-07-27,12.56,Sports,0
TXN0009484,CUST01215,2025-12-27,97.19,Electronics,0
TXN0009485,CUST01215,2025-12-16,27.56,Books,0
TXN0009486,CUST01215,2025-12-21,139.43,Beauty,0
TXN0009487,CUST01215,2025-10-24,123.56,Beauty,1
TXN0009488,CUST01215,2025-09-02,77.94,Books,1
TXN0009489,CUST01216,2025-07-27,36.62,Books,0
TXN0009490,CUST01216,2025-07-02,30.38,Electronics,0
TXN0009491,CUST01216,2025-02-07,19.3,Electronics,1
TXN0009492,CUST01216,2025-11-18,16.62,Fashion,0
TXN0009493,CUST01216,2025-01-18,50.34,Sports,0
TXN0009494,CUST01216,2025-10-09,42.96,Fashion,1
TXN0009495,CUST01216,2025-12-19,124.26,Books,0
TXN0009496,CUST01217,2025-12-08,106.27,Home & Kitchen,1
TXN0009497,CUST01218,2025-11-24,65.05,Electronics,1
TXN0009498,CUST01218,2025-10-19,23.62,Fashion,1
TXN0009499,CUST01219,2025-03-06,42.46,Beauty,1
TXN0009500,CUST01219,2025-06-28,28.22,Electronics,0
TXN0009501,CUST01219,2025-12-23,23.72,Home & Kitchen,0
TXN0009502,CUST01219,2025-04-07,38.75,Sports,0
TXN0009503,CUST01219,2025-09-01,96.99,Fashion,0
TXN0009504,CUST01219,2025-07-24,67.61,Books,0
TXN0009505,CUST01219,2025-07-20,29.95,Sports,0
TXN0009506,CUST01219,2025-07-20,39.49,Beauty,0
TXN0009507,CUST01221,2025-10-11,44.07,Fashion,0
TXN0009508,CUST01221,2025-09-01,36.96,Books,1
TXN0009509,CUST01221,2024-09-25,43.18,Books,0
TXN0009510,CUST01221,2025-05-18,76.13,Electronics,1
TXN0009511,CUST01221,2025-04-24,6.51,Home & Kitchen,1
TXN0009512,CUST01221,2025-07-13,29.83,Home & Kitchen,0
TXN0009513,CUST01221,2025-09-30,27.15,Sports,0
TXN0009514,CUST01221,2025-12-11,57.32,Home & Kitchen,0
TXN0009515,CUST01221,2024-08-23,134.67,Electronics,0
TXN0009516,CUST01221,2025-09-22,42.4,Home & Kitchen,1
TXN0009517,CUST01221,2024-07-16,55.91,Beauty,0
TXN0009518,CUST01222,2025-09-01,50.12,Sports,0
TXN0009519,CUST01223,2025-08-15,33.69,Books,0
TXN0009520,CUST01223,2025-12-05,31.72,Electronics,0
TXN0009521,CUST01223,2025-04-07,50.16,Sports,1
TXN0009522,CUST01223,2024-12-03,25.65,Beauty,1
TXN0009523,CUST01223,2025-11-26,77.26,Electronics,0
TXN0009524,CUST01223,2025-10-26,63.11,Electronics,0
TXN0009525,CUST01223,2025-08-31,102.91,Electronics,0
TXN0009526,CUST01223,2024-10-23,74.13,Fashion,0
TXN0009527,CUST01223,2024-07-06,49.84,Books,0
TXN0009528,CUST01223,2024-09-25,50.85,Electronics,0
TXN0009529,CUST01223,2024-10-18,73.59,Fashion,1
TXN0009530,CUST01223,2024-10-19,86.89,Home & Kitchen,0
TXN0009531,CUST01223,2025-08-08,23.78,Sports,1
TXN0009532,CUST01223,2025-04-04,39.6,Books,0
TXN0009533,CUST01223,2025-09-02,24.59,Electronics,1
TXN0009534,CUST01223,2025-12-09,77.45,Fashion,0
TXN0009535,CUST01223,2025-10-12,58.84,Electronics,0
TXN0009536,CUST01223,2024-06-23,60.54,Fashion,0
TXN0009537,CUST01223,2025-02-15,45.89,Books,0
TXN0009538,CUST01223,2025-04-05,92.04,Home & Kitchen,0
TXN0009539,CUST01223,2025-02-17,22.65,Beauty,0
TXN0009540,CUST01223,2025-02-18,66.66,Electronics,1
TXN0009541,CUST01223,2025-10-29,18.8,Books,1
TXN0009542,CUST01223,2025-09-04,90.2,Fashion,1
TXN0009543,CUST01224,2025-09-27,34.72,Home & Kitchen,1
TXN0009544,CUST01224,2025-03-05,48.94,Books,0
TXN0009545,CUST01224,2025-01-31,100.5,Books,1
TXN0009546,CUST01224,2025-08-04,61.94,Fashion,0
TXN0009547,CUST01224,2025-11-03,13.45,Books,1
TXN0009548,CUST01224,2025-05-21,18.82,Books,0
TXN0009549,CUST01224,2025-01-10,49.26,Fashion,1
TXN0009550,CUST01224,2025-12-23,37.55,Home & Kitchen,0
TXN0009551,CUST01224,2025-03-10,95.47,Electronics,0
TXN0009552,CUST01224,2025-07-22,112.71,Beauty,1
TXN0009553,CUST01224,2025-12-04,30.04,Books,0
TXN0009554,CUST01225,2025-07-29,71.7,Home & Kitchen,0
TXN0009555,CUST01225,2025-04-21,45.93,Fashion,0
TXN0009556,CUST01225,2025-07-13,31.63,Home & Kitchen,0
TXN0009557,CUST01225,2025-08-18,91.73,Fashion,0
TXN0009558,CUST01225,2025-09-14,63.48,Sports,0
TXN0009559,CUST01225,2025-03-28,25.53,Home & Kitchen,0
TXN0009560,CUST01226,2024-05-23,44.4,Beauty,1
TXN0009561,CUST01226,2025-11-11,47.55,Fashion,0
TXN0009562,CUST01226,2025-01-21,17.23,Fashion,0
TXN0009563,CUST01226,2025-08-16,58.96,Home & Kitchen,0
TXN0009564,CUST01226,2025-07-11,25.09,Fashion,0
TXN0009565,CUST01226,2024-05-25,23.42,Fashion,0
TXN0009566,CUST01226,2024-07-22,35.55,Home & Kitchen,1
TXN0009567,CUST01226,2024-09-11,69.18,Home & Kitchen,0
TXN0009568,CUST01226,2025-11-07,79.56,Books,1
TXN0009569,CUST01226,2025-04-03,43.63,Beauty,1
TXN0009570,CUST01227,2025-02-13,181.84,Home & Kitchen,1
TXN0009571,CUST01227,2025-09-03,49.28,Electronics,0
TXN0009572,CUST01227,2025-08-29,30.71,Beauty,1
TXN0009573,CUST01227,2024-08-28,57.24,Home & Kitchen,0
TXN0009574,CUST01227,2025-05-25,120.72,Sports,0
TXN0009575,CUST01227,2025-06-07,79.93,Home & Kitchen,0
TXN0009576,CUST01227,2024-11-14,16.64,Home & Kitchen,0
TXN0009577,CUST01227,2025-02-01,47.46,Books,0
TXN0009578,CUST01227,2024-10-05,51.18,Sports,0
TXN0009579,CUST01227,2024-11-10,79.16,Beauty,0
TXN0009580,CUST01227,2024-07-19,40.69,Books,0
TXN0009581,CUST01227,2025-09-25,175.64,Books,0
TXN0009582,CUST01227,2025-01-13,53.38,Fashion,0
TXN0009583,CUST01227,2025-08-27,61.53,Electronics,0
TXN0009584,CUST01227,2024-11-16,23.1,Sports,0
TXN0009585,CUST01227,2025-02-03,34.42,Beauty,0
TXN0009586,CUST01227,2024-11-22,66.99,Fashion,0
TXN0009587,CUST01227,2025-08-28,64.05,Sports,0
TXN0009588,CUST01227,2024-12-07,44.28,Sports,0
TXN0009589,CUST01227,2025-09-07,103.23,Fashion,0
TXN0009590,CUST01227,2025-04-21,70.86,Books,1
TXN0009591,CUST01227,2024-12-18,52.78,Beauty,0
TXN0009592,CUST01227,2024-08-01,66.2,Home & Kitchen,1
TXN0009593,CUST01227,2025-05-01,59.95,Books,1
TXN0009594,CUST01227,2025-10-23,50.21,Books,0
TXN0009595,CUST01227,2024-10-26,158.53,Home & Kitchen,1
TXN0009596,CUST01227,2025-08-31,29.92,Fashion,0
TXN0009597,CUST01228,2024-04-23,35.27,Home & Kitchen,1
TXN0009598,CUST01228,2024-08-02,24.66,Books,0
TXN0009599,CUST01228,2024-05-19,42.17,Sports,1
TXN0009600,CUST01228,2024-04-18,31.53,Sports,0
TXN0009601,CUST01228,2024-10-20,39.63,Books,0
TXN0009602,CUST01228,2025-10-23,108.94,Home & Kitchen,1
TXN0009603,CUST01228,2024-11-12,21.46,Electronics,1
TXN0009604,CUST01228,2024-04-11,54.76,Sports,0
TXN0009605,CUST01229,2025-08-01,64.31,Fashion,0
TXN0009606,CUST01229,2024-12-15,162.37,Home & Kitchen,1
TXN0009607,CUST01229,2025-10-04,58.48,Fashion,0
TXN0009608,CUST01229,2024-10-05,156.89,Beauty,0
TXN0009609,CUST01229,2024-12-06,166.96,Home & Kitchen,0
TXN0009610,CUST01229,2024-10-02,109.56,Electronics,0
TXN0009611,CUST01229,2025-11-09,76.41,Electronics,0
TXN0009612,CUST01229,2025-11-07,25.57,Sports,0
TXN0009613,CUST01229,2025-01-12,70.35,Books,0
TXN0009614,CUST01229,2024-10-08,92.35,Books,1
TXN0009615,CUST01229,2025-03-13,39.41,Fashion,0
TXN0009616,CUST01229,2024-11-11,17.66,Beauty,0
TXN0009617,CUST01229,2025-03-30,59.29,Fashion,1
TXN0009618,CUST01229,2025-05-17,104.53,Beauty,0
TXN0009619,CUST01229,2025-08-20,134.73,Sports,0
TXN0009620,CUST01229,2025-10-13,16.6,Home & Kitchen,0
TXN0009621,CUST01229,2025-06-18,69.14,Home & Kitchen,1
TXN0009622,CUST01229,2025-03-06,78.33,Sports,0
TXN0009623,CUST01229,2025-12-30,70.56,Beauty,0
TXN0009624,CUST01229,2025-09-20,48.09,Books,0
TXN0009625,CUST01229,2025-03-13,129.94,Sports,0
TXN0009626,CUST01229,2025-05-10,127.68,Electronics,1
TXN0009627,CUST01229,2024-11-09,62.53,Home & Kitchen,0
TXN0009628,CUST01230,2024-11-09,34.82,Books,0
TXN0009629,CUST01230,2025-02-12,33.23,Electronics,1
TXN0009630,CUST01230,2025-04-22,52.15,Books,0
TXN0009631,CUST01230,2025-10-16,21.76,Home & Kitchen,0
TXN0009632,CUST01230,2025-12-25,47.1,Electronics,0
TXN0009633,CUST01232,2024-12-06,25.55,Fashion,0
TXN0009634,CUST01232,2025-03-23,24.48,Beauty,0
TXN0009635,CUST01232,2025-08-15,71.21,Beauty,0
TXN0009636,CUST01232,2025-03-12,65.82,Home & Kitchen,0
TXN0009637,CUST01232,2025-01-05,61.84,Home & Kitchen,0
TXN0009638,CUST01232,2025-11-13,9.2,Books,0
TXN0009639,CUST01232,2024-12-28,38.67,Electronics,1
TXN0009640,CUST01232,2024-12-16,68.6,Fashion,0
TXN0009641,CUST01232,2025-12-10,71.26,Home & Kitchen,1
TXN0009642,CUST01232,2024-08-08,44.18,Home & Kitchen,0
TXN0009643,CUST01232,2025-02-16,74.94,Fashion,0
TXN0009644,CUST01232,2025-08-09,56.62,Beauty,0
TXN0009645,CUST01233,2025-10-04,72.1,Sports,0
TXN0009646,CUST01233,2025-11-30,41.74,Fashion,1
TXN0009647,CUST01233,2025-12-15,41.46,Electronics,0
TXN0009648,CUST01234,2025-07-18,11.65,Beauty,0
TXN0009649,CUST01234,2025-07-26,66.64,Sports,0
TXN0009650,CUST01234,2024-06-18,62.58,Beauty,0
TXN0009651,CUST01234,2025-04-23,55.93,Sports,1
TXN0009652,CUST01234,2025-10-07,25.09,Sports,0
TXN0009653,CUST01234,2025-04-28,68.58,Books,0
TXN0009654,CUST01234,2024-07-05,72.84,Beauty,1
TXN0009655,CUST01234,2024-10-13,71.91,Books,0
TXN0009656,CUST01234,2025-10-10,32.07,Beauty,0
TXN0009657,CUST01234,2024-11-23,58.77,Beauty,0
TXN0009658,CUST01234,2025-07-06,70.75,Fashion,1
TXN0009659,CUST01234,2025-08-07,57.11,Home & Kitchen,1
TXN0009660,CUST01234,2024-04-30,34.53,Books,0
TXN0009661,CUST01234,2024-06-07,46.88,Home & Kitchen,0
TXN0009662,CUST01234,2025-10-16,8.4,Sports,1
TXN0009663,CUST01234,2024-07-19,80.08,Home & Kitchen,0
TXN0009664,CUST01234,2025-10-30,19.36,Beauty,0
TXN0009665,CUST01234,2025-08-14,51.32,Books,0
TXN0009666,CUST01234,2024-05-27,29.28,Beauty,0
TXN0009667,CUST01235,2024-09-20,13.67,Home & Kitchen,0
TXN0009668,CUST01235,2025-02-01,30.55,Electronics,0
TXN0009669,CUST01235,2025-04-23,18.01,Fashion,0
TXN0009670,CUST01235,2025-11-18,32.06,Sports,0
TXN0009671,CUST01235,2025-08-22,97.83,Electronics,0
TXN0009672,CUST01235,2025-08-08,81.7,Beauty,0
TXN0009673,CUST01235,2024-12-05,21.78,Beauty,1
TXN0009674,CUST01236,2025-12-12,54.43,Home & Kitchen,1
TXN0009675,CUST01237,2025-11-27,36.93,Sports,0
TXN0009676,CUST01238,2025-09-22,95.64,Beauty,1
TXN0009677,CUST01239,2025-04-28,34.64,Sports,1
TXN0009678,CUST01239,2025-04-25,73.23,Electronics,0
TXN0009679,CUST01239,2025-09-26,102.61,Fashion,0
TXN0009680,CUST01239,2025-03-18,52.92,Sports,1
TXN0009681,CUST01239,2025-12-27,78.87,Fashion,0
TXN0009682,CUST01239,2025-06-04,42.72,Home & Kitchen,0
TXN0009683,CUST01239,2025-08-02,77.62,Sports,0
TXN0009684,CUST01239,2025-05-25,105.87,Books,0
TXN0009685,CUST01239,2025-10-15,56.07,Sports,0
TXN0009686,CUST01240,2025-04-05,84.13,Fashion,0
TXN0009687,CUST01240,2025-06-12,26.36,Sports,0
TXN0009688,CUST01240,2025-08-10,26.05,Fashion,0
TXN0009689,CUST01240,2025-06-15,39.75,Fashion,1
TXN0009690,CUST01240,2025-07-12,45.99,Books,0
TXN0009691,CUST01241,2025-08-28,35.09,Home & Kitchen,0
TXN0009692,CUST01241,2024-10-30,45.74,Electronics,0
TXN0009693,CUST01243,2025-05-07,83.55,Electronics,1
TXN0009694,CUST01243,2024-04-19,22.26,Home & Kitchen,1
TXN0009695,CUST01243,2024-10-26,62.32,Fashion,0
TXN0009696,CUST01243,2024-01-25,39.34,Home & Kitchen,0
TXN0009697,CUST01243,2024-12-07,43.53,Beauty,1
TXN0009698,CUST01243,2025-06-18,86.05,Beauty,0
TXN0009699,CUST01243,2024-02-19,38.52,Fashion,0
TXN0009700,CUST01243,2025-02-26,47.13,Beauty,0
TXN0009701,CUST01243,2025-10-10,46.71,Electronics,0
TXN0009702,CUST01243,2024-03-24,59.46,Books,1
TXN0009703,CUST01243,2024-08-25,34.95,Fashion,1
TXN0009704,CUST01243,2024-09-27,41.41,Fashion,0
TXN0009705,CUST01244,2025-12-01,10.15,Fashion,0
TXN0009706,CUST01244,2025-12-22,24.68,Home & Kitchen,1
TXN0009707,CUST01244,2025-01-23,34.58,Home & Kitchen,0
TXN0009708,CUST01244,2025-07-15,17.12,Electronics,1
TXN0009709,CUST01245,2024-11-01,19.99,Fashion,0
TXN0009710,CUST01245,2025-10-15,36.06,Fashion,1
TXN0009711,CUST01245,2025-12-22,60.94,Fashion,1
TXN0009712,CUST01246,2025-10-02,97.75,Beauty,0
TXN0009713,CUST01246,2025-12-17,47.48,Electronics,1
TXN0009714,CUST01246,2025-10-12,108.36,Books,0
TXN0009715,CUST01246,2025-11-26,80.72,Fashion,0
TXN0009716,CUST01246,2025-04-21,147.12,Fashion,0
TXN0009717,CUST01247,2025-09-08,70.65,Books,0
TXN0009718,CUST01247,2025-04-29,26.67,Sports,1
TXN0009719,CUST01247,2025-07-04,16.2,Home & Kitchen,1
TXN0009720,CUST01247,2025-10-25,45.44,Electronics,1
TXN0009721,CUST01247,2025-06-22,56.47,Beauty,0
TXN0009722,CUST01247,2025-03-14,94.09,Fashion,0
TXN0009723,CUST01248,2024-08-19,131.79,Home & Kitchen,0
TXN0009724,CUST01248,2025-02-21,18.33,Electronics,0
TXN0009725,CUST01248,2025-02-11,31.01,Beauty,0
TXN0009726,CUST01248,2025-02-18,36.98,Sports,1
TXN0009727,CUST01248,2024-08-29,65.97,Books,0
TXN0009728,CUST01248,2025-11-25,69.09,Beauty,0
TXN0009729,CUST01248,2025-01-24,39.49,Books,0
TXN0009730,CUST01248,2024-09-05,40.64,Fashion,0
TXN0009731,CUST01248,2024-10-28,116.94,Beauty,0
TXN0009732,CUST01248,2025-11-28,13.37,Books,1
TXN0009733,CUST01248,2025-07-19,63.59,Beauty,0
TXN0009734,CUST01248,2025-07-07,12.99,Beauty,0
TXN0009735,CUST01249,2024-09-04,17.46,Books,0
TXN0009736,CUST01249,2025-03-30,28.47,Fashion,0
TXN0009737,CUST01250,2025-11-24,22.44,Electronics,0
TXN0009738,CUST01250,2025-11-03,13.19,Beauty,0
TXN0009739,CUST01251,2025-10-07,95.9,Fashion,0
TXN0009740,CUST01251,2024-08-07,105.52,Home & Kitchen,0
TXN0009741,CUST01251,2025-04-11,47.95,Fashion,1
TXN0009742,CUST01251,2024-08-28,94.9,Beauty,0
TXN0009743,CUST01251,2024-04-29,30.93,Home & Kitchen,0
TXN0009744,CUST01251,2024-12-08,55.1,Home & Kitchen,1
TXN0009745,CUST01251,2025-04-21,12.78,Books,0
TXN0009746,CUST01251,2025-02-28,98.39,Books,0
TXN0009747,CUST01251,2025-03-04,22.88,Beauty,0
TXN0009748,CUST01251,2025-07-18,110.16,Sports,0
TXN0009749,CUST01251,2024-02-20,54.74,Beauty,0
TXN0009750,CUST01251,2025-11-09,9.96,Sports,1
TXN0009751,CUST01251,2025-03-16,145.47,Electronics,0
TXN0009752,CUST01251,2024-02-11,21.79,Home & Kitchen,0
TXN0009753,CUST01251,2024-05-25,44.37,Beauty,0
TXN0009754,CUST01251,2025-02-22,4.21,Books,0
TXN0009755,CUST01251,2024-10-08,55.46,Books,0
TXN0009756,CUST01251,2024-07-23,33.16,Sports,0
TXN0009757,CUST01251,2025-07-17,64.26,Electronics,1
TXN0009758,CUST01251,2025-02-21,24.91,Fashion,0
TXN0009759,CUST01251,2025-02-13,31.66,Sports,0
TXN0009760,CUST01252,2025-02-26,23.78,Fashion,0
TXN0009761,CUST01252,2025-08-17,43.84,Fashion,0
TXN0009762,CUST01252,2025-03-02,48.16,Home & Kitchen,0
TXN0009763,CUST01253,2025-02-16,16.6,Home & Kitchen,0
TXN0009764,CUST01253,2024-10-10,32.84,Home & Kitchen,0
TXN0009765,CUST01253,2025-05-10,90.69,Sports,1
TXN0009766,CUST01253,2025-04-03,32.47,Electronics,1
TXN0009767,CUST01253,2025-01-27,51.82,Sports,0
TXN0009768,CUST01254,2025-11-07,22.23,Sports,0
TXN0009769,CUST01254,2025-04-10,38.68,Beauty,0
TXN0009770,CUST01254,2025-10-16,18.3,Electronics,0
TXN0009771,CUST01254,2025-01-03,23.34,Books,0
TXN0009772,CUST01254,2025-07-30,39.55,Fashion,1
TXN0009773,CUST01254,2025-12-20,66.26,Fashion,0
TXN0009774,CUST01254,2025-12-14,47.38,Beauty,0
TXN0009775,CUST01254,2025-04-17,128.23,Fashion,0
TXN0009776,CUST01254,2025-08-13,50.17,Electronics,0
TXN0009777,CUST01254,2025-06-14,17.24,Fashion,0
TXN0009778,CUST01254,2024-12-09,41.36,Home & Kitchen,0
TXN0009779,CUST01255,2024-12-17,135.36,Beauty,0
TXN0009780,CUST01255,2024-08-18,28.9,Electronics,1
TXN0009781,CUST01255,2024-07-12,28.94,Home & Kitchen,0
TXN0009782,CUST01255,2024-10-03,47.9,Beauty,1
TXN0009783,CUST01255,2025-02-04,80.11,Books,1
TXN0009784,CUST01255,2025-01-22,77.61,Fashion,0
TXN0009785,CUST01255,2025-06-09,134.08,Beauty,1
TXN0009786,CUST01255,2025-12-27,56.42,Fashion,0
TXN0009787,CUST01255,2025-11-13,18.73,Home & Kitchen,0
TXN0009788,CUST01255,2025-05-23,16.66,Home & Kitchen,0
TXN0009789,CUST01255,2024-07-02,83.37,Beauty,0
TXN0009790,CUST01255,2025-09-28,47.19,Books,0
TXN0009791,CUST01255,2025-09-15,66.88,Beauty,0
TXN0009792,CUST01255,2025-08-07,28.69,Electronics,0
TXN0009793,CUST01255,2024-08-21,30.5,Home & Kitchen,1
TXN0009794,CUST01255,2025-08-12,55.61,Beauty,1
TXN0009795,CUST01255,2024-03-26,70.09,Fashion,0
TXN0009796,CUST01255,2025-05-22,78.02,Fashion,1
TXN0009797,CUST01255,2024-03-28,70.09,Beauty,0
TXN0009798,CUST01255,2025-02-23,84.04,Books,0
TXN0009799,CUST01255,2025-12-09,61.62,Sports,0
TXN0009800,CUST01255,2024-04-21,76.79,Electronics,1
TXN0009801,CUST01255,2024-08-14,32.59,Beauty,0
TXN0009802,CUST01255,2024-04-23,59.54,Electronics,0
TXN0009803,CUST01255,2024-05-26,132.26,Home & Kitchen,0
TXN0009804,CUST01255,2025-06-09,36.8,Books,0
TXN0009805,CUST01255,2025-06-30,37.15,Books,0
TXN0009806,CUST01255,2025-03-30,50.49,Electronics,0
TXN0009807,CUST01255,2024-03-21,115.11,Books,0
TXN0009808,CUST01255,2024-05-03,75.83,Beauty,1
TXN0009809,CUST01255,2025-05-21,144.42,Electronics,1
TXN0009810,CUST01255,2024-06-25,103.62,Fashion,0
TXN0009811,CUST01256,2025-03-14,79.79,Home & Kitchen,0
TXN0009812,CUST01256,2024-05-26,41.04,Fashion,1
TXN0009813,CUST01256,2024-11-26,36.24,Sports,0
TXN0009814,CUST01256,2025-06-09,35.08,Sports,0
TXN0009815,CUST01256,2024-11-17,60.43,Beauty,0
TXN0009816,CUST01256,2024-11-27,55.81,Books,0
TXN0009817,CUST01256,2024-10-09,46.79,Beauty,1
TXN0009818,CUST01256,2024-07-11,78.5,Electronics,0
TXN0009819,CUST01256,2024-08-03,19.91,Beauty,1
TXN0009820,CUST01256,2025-09-07,56.27,Books,0
TXN0009821,CUST01256,2025-08-07,8.74,Books,0
TXN0009822,CUST01256,2024-10-12,103.6,Beauty,0
TXN0009823,CUST01256,2025-08-24,58.57,Beauty,1
TXN0009824,CUST01257,2025-10-05,33.55,Electronics,0
TXN0009825,CUST01257,2025-12-08,66.17,Home & Kitchen,0
TXN0009826,CUST01257,2025-07-09,35.14,Beauty,0
TXN0009827,CUST01257,2025-12-07,49.72,Home & Kitchen,0
TXN0009828,CUST01257,2025-11-21,32.53,Books,1
TXN0009829,CUST01257,2025-06-04,59.7,Books,0
TXN0009830,CUST01257,2025-07-22,44.24,Electronics,1
TXN0009831,CUST01258,2025-03-07,52.1,Sports,1
TXN0009832,CUST01258,2025-07-19,49.2,Beauty,1
TXN0009833,CUST01258,2025-11-03,45.63,Sports,0
TXN0009834,CUST01258,2025-10-19,50.43,Home & Kitchen,0
TXN0009835,CUST01258,2025-08-19,46.88,Beauty,0
TXN0009836,CUST01259,2025-06-04,30.11,Books,1
TXN0009837,CUST01259,2024-10-05,178.81,Home & Kitchen,0
TXN0009838,CUST01259,2025-09-18,17.4,Sports,0
TXN0009839,CUST01259,2024-08-28,140.46,Home & Kitchen,1
TXN0009840,CUST01259,2024-07-03,124.0,Electronics,0
TXN0009841,CUST01259,2025-03-15,108.38,Fashion,1
TXN0009842,CUST01259,2025-06-25,28.62,Beauty,0
TXN0009843,CUST01259,2025-08-24,90.49,Sports,1
TXN0009844,CUST01259,2025-06-23,86.48,Beauty,0
TXN0009845,CUST01259,2025-05-20,53.43,Books,0
TXN0009846,CUST01259,2024-12-30,68.31,Electronics,0
TXN0009847,CUST01259,2024-12-20,67.09,Fashion,0
TXN0009848,CUST01259,2025-04-11,17.3,Electronics,0
TXN0009849,CUST01259,2025-03-13,36.67,Home & Kitchen,0
TXN0009850,CUST01259,2024-04-15,45.42,Books,0
TXN0009851,CUST01259,2024-11-07,34.6,Sports,0
TXN0009852,CUST01259,2024-10-23,51.83,Home & Kitchen,0
TXN0009853,CUST01259,2025-05-06,2.61,Fashion,0
TXN0009854,CUST01259,2024-03-23,57.45,Sports,0
TXN0009855,CUST01259,2024-07-27,31.76,Sports,0
TXN0009856,CUST01259,2025-11-17,34.02,Books,0
TXN0009857,CUST01259,2024-12-25,10.33,Beauty,0
TXN0009858,CUST01259,2024-07-07,211.6,Beauty,1
TXN0009859,CUST01259,2024-04-04,74.87,Electronics,0
TXN0009860,CUST01259,2024-09-26,90.19,Beauty,0
TXN0009861,CUST01259,2025-06-07,11.62,Home & Kitchen,1
TXN0009862,CUST01259,2025-11-03,34.48,Electronics,0
TXN0009863,CUST01259,2024-04-20,140.77,Electronics,0
TXN0009864,CUST01259,2025-09-17,41.08,Beauty,1
TXN0009865,CUST01259,2024-10-10,75.05,Beauty,0
TXN0009866,CUST01259,2024-09-10,72.66,Home & Kitchen,0
TXN0009867,CUST01259,2025-07-06,19.82,Electronics,0
TXN0009868,CUST01259,2025-12-21,18.96,Sports,0
TXN0009869,CUST01259,2024-03-09,39.91,Books,0
TXN0009870,CUST01259,2025-09-06,17.7,Home & Kitchen,0
TXN0009871,CUST01259,2025-08-09,49.2,Home & Kitchen,0
TXN0009872,CUST01259,2025-09-10,56.2,Beauty,0
TXN0009873,CUST01260,2025-10-21,89.89,Home & Kitchen,0
TXN0009874,CUST01260,2025-05-01,36.62,Books,1
TXN0009875,CUST01261,2025-07-13,35.96,Home & Kitchen,1
TXN0009876,CUST01261,2025-07-10,39.39,Electronics,0
TXN0009877,CUST01261,2025-11-19,23.69,Sports,1
TXN0009878,CUST01261,2025-10-04,44.61,Home & Kitchen,0
TXN0009879,CUST01261,2025-06-26,49.72,Fashion,0
TXN0009880,CUST01261,2025-11-04,51.69,Home & Kitchen,0
TXN0009881,CUST01261,2025-12-25,40.26,Home & Kitchen,0
TXN0009882,CUST01261,2025-10-30,83.47,Beauty,0
TXN0009883,CUST01261,2025-08-20,30.93,Electronics,0
TXN0009884,CUST01261,2025-08-21,114.08,Beauty,0
TXN0009885,CUST01262,2025-10-01,28.84,Home & Kitchen,0
TXN0009886,CUST01263,2025-08-18,33.03,Home & Kitchen,0
TXN0009887,CUST01263,2025-11-22,36.9,Books,0
TXN0009888,CUST01263,2025-09-01,39.11,Electronics,0
TXN0009889,CUST01263,2025-10-17,73.91,Sports,0
TXN0009890,CUST01264,2024-03-09,14.05,Electronics,1
TXN0009891,CUST01264,2025-02-20,16.82,Home & Kitchen,0
TXN0009892,CUST01264,2025-02-12,98.09,Books,1
TXN0009893,CUST01264,2025-11-23,32.11,Electronics,0
TXN0009894,CUST01264,2025-07-31,116.45,Sports,0
TXN0009895,CUST01264,2025-09-12,76.05,Books,0
TXN0009896,CUST01264,2025-06-18,36.64,Beauty,0
TXN0009897,CUST01264,2024-11-27,54.37,Fashion,0
TXN0009898,CUST01264,2025-03-10,53.02,Fashion,0
TXN0009899,CUST01264,2024-12-03,10.94,Electronics,0
TXN0009900,CUST01264,2025-03-21,82.03,Sports,1
TXN0009901,CUST01264,2024-06-11,10.09,Electronics,1
TXN0009902,CUST01264,2025-02-22,72.8,Fashion,0
TXN0009903,CUST01265,2025-01-10,27.35,Books,0
TXN0009904,CUST01265,2024-06-06,39.64,Fashion,0
TXN0009905,CUST01265,2025-10-16,68.05,Books,1
TXN0009906,CUST01265,2025-11-10,13.23,Beauty,1
TXN0009907,CUST01265,2025-05-04,65.18,Beauty,1
TXN0009908,CUST01265,2025-01-02,129.03,Home & Kitchen,0
TXN0009909,CUST01265,2024-08-26,33.4,Home & Kitchen,1
TXN0009910,CUST01265,2024-08-21,90.74,Beauty,0
TXN0009911,CUST01265,2024-10-04,102.99,Books,0
TXN0009912,CUST01265,2025-11-15,62.02,Sports,0
TXN0009913,CUST01265,2025-08-31,48.59,Fashion,0
TXN0009914,CUST01265,2024-11-14,38.7,Books,0
TXN0009915,CUST01266,2024-07-24,11.99,Sports,1
TXN0009916,CUST01266,2025-09-26,43.37,Sports,1
TXN0009917,CUST01266,2025-05-24,30.68,Beauty,0
TXN0009918,CUST01266,2024-10-17,55.22,Electronics,0
TXN0009919,CUST01266,2024-05-20,52.31,Electronics,1
TXN0009920,CUST01266,2024-06-19,45.39,Home & Kitchen,1
TXN0009921,CUST01266,2024-04-27,132.41,Home & Kitchen,0
TXN0009922,CUST01266,2025-08-26,49.67,Electronics,1
TXN0009923,CUST01266,2024-06-28,19.57,Fashion,0
TXN0009924,CUST01267,2025-11-03,66.56,Sports,0
TXN0009925,CUST01267,2025-12-04,39.8,Books,1
TXN0009926,CUST01268,2024-08-01,34.89,Books,1
TXN0009927,CUST01268,2025-06-12,87.66,Electronics,0
TXN0009928,CUST01268,2024-05-16,15.87,Beauty,1
TXN0009929,CUST01268,2025-12-11,44.73,Sports,0
TXN0009930,CUST01268,2025-09-13,85.05,Books,1
TXN0009931,CUST01268,2024-07-09,68.37,Electronics,1
TXN0009932,CUST01268,2024-10-03,21.07,Home & Kitchen,1
TXN0009933,CUST01268,2025-04-29,37.41,Books,0
TXN0009934,CUST01268,2025-08-19,47.48,Books,0
TXN0009935,CUST01269,2025-09-22,53.9,Home & Kitchen,0
TXN0009936,CUST01269,2025-09-27,177.23,Beauty,0
TXN0009937,CUST01269,2025-12-06,13.06,Beauty,0
TXN0009938,CUST01269,2025-10-08,44.13,Electronics,0
TXN0009939,CUST01270,2024-12-17,40.2,Fashion,0
TXN0009940,CUST01270,2025-11-08,64.5,Books,1
TXN0009941,CUST01270,2025-01-28,87.6,Home & Kitchen,0
TXN0009942,CUST01270,2025-06-18,97.95,Books,0
TXN0009943,CUST01270,2025-07-25,57.58,Books,1
TXN0009944,CUST01270,2025-04-21,22.5,Books,0
TXN0009945,CUST01270,2025-05-25,52.2,Electronics,0
TXN0009946,CUST01270,2024-12-02,115.1,Beauty,0
TXN0009947,CUST01270,2025-02-26,35.87,Electronics,1
TXN0009948,CUST01270,2025-08-05,69.26,Fashion,0
TXN0009949,CUST01270,2025-09-01,39.53,Sports,0
TXN0009950,CUST01270,2025-08-03,76.01,Home & Kitchen,0
TXN0009951,CUST01270,2025-08-25,122.8,Home & Kitchen,0
TXN0009952,CUST01270,2025-08-11,117.57,Sports,0
TXN0009953,CUST01270,2025-12-27,151.54,Sports,0
TXN0009954,CUST01270,2025-11-15,49.96,Sports,1
TXN0009955,CUST01270,2025-03-26,27.15,Fashion,0
TXN0009956,CUST01270,2024-10-27,19.95,Books,1
TXN0009957,CUST01270,2025-02-25,69.86,Electronics,1
TXN0009958,CUST01270,2025-10-11,12.15,Home & Kitchen,0
TXN0009959,CUST01270,2025-09-30,91.83,Sports,1
TXN0009960,CUST01271,2025-09-17,130.89,Beauty,1
TXN0009961,CUST01272,2024-07-12,36.3,Fashion,0
TXN0009962,CUST01272,2025-07-21,8.74,Beauty,0
TXN0009963,CUST01272,2024-05-13,33.95,Home & Kitchen,1
TXN0009964,CUST01272,2024-12-21,38.17,Books,0
TXN0009965,CUST01272,2025-11-24,211.5,Books,0
TXN0009966,CUST01272,2025-12-09,125.86,Fashion,1
TXN0009967,CUST01272,2024-02-20,80.29,Home & Kitchen,0
TXN0009968,CUST01272,2025-02-10,44.3,Sports,1
TXN0009969,CUST01272,2025-06-03,16.23,Books,1
TXN0009970,CUST01272,2024-11-18,23.72,Electronics,1
TXN0009971,CUST01272,2024-04-27,27.51,Sports,0
TXN0009972,CUST01272,2025-03-18,19.63,Beauty,0
TXN0009973,CUST01272,2024-06-01,29.74,Fashion,0
TXN0009974,CUST01273,2025-11-14,17.3,Books,0
TXN0009975,CUST01274,2024-10-13,130.58,Home & Kitchen,0
TXN0009976,CUST01274,2025-06-03,19.16,Home & Kitchen,0
TXN0009977,CUST01274,2024-11-16,18.9,Electronics,0
TXN0009978,CUST01274,2025-09-07,38.53,Beauty,0
TXN0009979,CUST01274,2025-11-02,43.74,Fashion,1
TXN0009980,CUST01274,2025-08-13,16.65,Electronics,0
TXN0009981,CUST01274,2024-08-06,42.75,Beauty,0
TXN0009982,CUST01274,2025-05-01,34.6,Books,0
TXN0009983,CUST01275,2025-10-16,61.54,Fashion,1
TXN0009984,CUST01275,2025-01-11,40.5,Home & Kitchen,1
TXN0009985,CUST01276,2024-04-18,47.24,Home & Kitchen,1
TXN0009986,CUST01276,2025-08-27,90.36,Beauty,1
TXN0009987,CUST01276,2025-01-12,44.93,Sports,1
TXN0009988,CUST01276,2024-09-30,49.19,Books,0
TXN0009989,CUST01276,2025-04-04,51.17,Home & Kitchen,1
TXN0009990,CUST01276,2025-02-25,43.28,Electronics,0
TXN0009991,CUST01276,2024-03-09,18.45,Fashion,0
TXN0009992,CUST01276,2025-10-31,47.66,Fashion,1
TXN0009993,CUST01276,2025-02-06,108.68,Electronics,0
TXN0009994,CUST01276,2025-10-01,108.22,Books,0
TXN0009995,CUST01276,2025-02-19,57.56,Home & Kitchen,1
TXN0009996,CUST01276,2024-03-29,6.62,Fashion,0
TXN0009997,CUST01276,2024-04-14,27.36,Electronics,0
TXN0009998,CUST01276,2025-02-23,77.54,Sports,1
TXN0009999,CUST01277,2025-09-30,82.1,Home & Kitchen,1
TXN0010000,CUST01277,2024-11-21,26.54,Books,0
TXN0010001,CUST01277,2025-03-17,74.51,Books,0
TXN0010002,CUST01277,2025-07-10,70.54,Sports,1
TXN0010003,CUST01277,2024-12-05,78.14,Beauty,0
TXN0010004,CUST01277,2025-06-03,140.64,Sports,0
TXN0010005,CUST01277,2024-12-27,108.97,Beauty,0
TXN0010006,CUST01279,2025-08-29,29.91,Books,0
TXN0010007,CUST01280,2025-10-20,23.72,Sports,1
TXN0010008,CUST01280,2025-05-25,73.39,Home & Kitchen,0
TXN0010009,CUST01280,2025-08-18,1.39,Sports,0
TXN0010010,CUST01280,2025-10-22,44.39,Beauty,0
TXN0010011,CUST01280,2025-11-21,39.02,Beauty,0
TXN0010012,CUST01281,2025-04-09,49.64,Sports,0
TXN0010013,CUST01281,2024-10-27,52.28,Electronics,1
TXN0010014,CUST01281,2025-03-12,49.38,Home & Kitchen,0
TXN0010015,CUST01281,2025-12-17,35.2,Home & Kitchen,1
TXN0010016,CUST01281,2025-03-31,69.59,Home & Kitchen,1
TXN0010017,CUST01281,2024-11-26,36.11,Home & Kitchen,0
TXN0010018,CUST01281,2024-10-18,29.51,Beauty,1
TXN0010019,CUST01281,2025-10-28,38.78,Fashion,0
TXN0010020,CUST01281,2025-05-16,49.28,Beauty,0
TXN0010021,CUST01282,2025-12-14,62.65,Books,0
TXN0010022,CUST01282,2025-12-02,30.06,Beauty,0
TXN0010023,CUST01282,2025-06-12,18.77,Fashion,1
TXN0010024,CUST01282,2025-04-10,77.43,Sports,1
TXN0010025,CUST01282,2025-08-26,9.78,Books,1
TXN0010026,CUST01282,2025-11-03,61.01,Fashion,1
TXN0010027,CUST01282,2025-03-08,86.75,Books,0
TXN0010028,CUST01282,2025-10-17,49.67,Beauty,1
TXN0010029,CUST01282,2025-09-20,98.0,Home & Kitchen,0
TXN0010030,CUST01283,2025-05-25,41.52,Beauty,0
TXN0010031,CUST01283,2025-06-03,11.56,Electronics,0
TXN0010032,CUST01283,2025-09-20,25.74,Books,1
TXN0010033,CUST01283,2025-12-14,39.91,Sports,0
TXN0010034,CUST01283,2025-06-01,89.38,Electronics,0
TXN0010035,CUST01284,2025-09-15,54.92,Books,1
TXN0010036,CUST01284,2025-07-18,23.4,Beauty,0
TXN0010037,CUST01284,2025-06-16,40.45,Sports,0
TXN0010038,CUST01284,2025-06-28,78.98,Home & Kitchen,0
TXN0010039,CUST01284,2025-08-21,25.85,Electronics,0
TXN0010040,CUST01284,2025-12-29,88.23,Fashion,1
TXN0010041,CUST01285,2025-03-20,62.18,Books,0
TXN0010042,CUST01285,2024-05-13,66.29,Sports,0
TXN0010043,CUST01285,2025-10-16,56.35,Home & Kitchen,0
TXN0010044,CUST01285,2025-01-01,29.63,Home & Kitchen,1
TXN0010045,CUST01285,2025-12-25,62.97,Home & Kitchen,1
TXN0010046,CUST01285,2024-09-17,36.64,Home & Kitchen,1
TXN0010047,CUST01285,2025-09-21,25.9,Beauty,0
TXN0010048,CUST01286,2024-11-01,75.49,Books,0
TXN0010049,CUST01287,2025-11-16,38.39,Beauty,0
TXN0010050,CUST01287,2025-12-09,127.69,Electronics,0
TXN0010051,CUST01288,2025-01-24,12.15,Fashion,1
TXN0010052,CUST01288,2025-03-22,27.04,Sports,1
TXN0010053,CUST01288,2025-01-23,21.33,Sports,1
TXN0010054,CUST01289,2024-11-30,136.0,Fashion,0
TXN0010055,CUST01289,2025-12-18,43.02,Sports,0
TXN0010056,CUST01289,2025-02-21,97.44,Home & Kitchen,0
TXN0010057,CUST01289,2024-12-31,186.33,Sports,1
TXN0010058,CUST01289,2025-07-20,63.84,Beauty,0
TXN0010059,CUST01289,2024-04-30,61.05,Beauty,0
TXN0010060,CUST01289,2025-11-28,39.21,Electronics,0
TXN0010061,CUST01289,2025-10-14,42.87,Home & Kitchen,0
TXN0010062,CUST01289,2025-08-14,32.83,Sports,1
TXN0010063,CUST01289,2024-04-28,69.19,Books,0
TXN0010064,CUST01289,2025-09-16,44.05,Beauty,0
TXN0010065,CUST01289,2025-11-29,18.34,Fashion,0
TXN0010066,CUST01289,2024-09-01,61.92,Beauty,0
TXN0010067,CUST01289,2024-03-26,59.56,Sports,0
TXN0010068,CUST01289,2025-01-27,27.35,Fashion,1
TXN0010069,CUST01289,2025-09-24,116.84,Beauty,0
TXN0010070,CUST01289,2024-04-05,94.59,Sports,0
TXN0010071,CUST01289,2025-11-23,38.09,Electronics,0
TXN0010072,CUST01289,2024-10-19,88.08,Electronics,0
TXN0010073,CUST01289,2024-04-21,38.71,Beauty,0
TXN0010074,CUST01289,2025-09-26,46.73,Fashion,0
TXN0010075,CUST01289,2025-03-07,38.82,Fashion,0
TXN0010076,CUST01289,2025-08-15,112.99,Electronics,0
TXN0010077,CUST01289,2024-09-25,64.65,Sports,1
TXN0010078,CUST01289,2024-04-06,25.09,Home & Kitchen,1
TXN0010079,CUST01289,2024-12-18,77.62,Fashion,0
TXN0010080,CUST01289,2025-12-04,129.04,Fashion,0
TXN0010081,CUST01289,2024-12-08,119.46,Books,0
TXN0010082,CUST01289,2024-12-13,16.91,Beauty,0
TXN0010083,CUST01289,2025-02-24,44.52,Sports,0
TXN0010084,CUST01290,2025-07-17,11.96,Beauty,0
TXN0010085,CUST01290,2024-07-08,58.25,Home & Kitchen,0
TXN0010086,CUST01290,2025-07-08,48.87,Fashion,0
TXN0010087,CUST01290,2025-11-07,62.78,Beauty,1
TXN0010088,CUST01290,2025-08-31,38.28,Sports,0
TXN0010089,CUST01290,2024-12-26,37.13,Home & Kitchen,0
TXN0010090,CUST01290,2025-04-27,138.35,Home & Kitchen,0
TXN0010091,CUST01291,2025-11-08,44.23,Home & Kitchen,0
TXN0010092,CUST01291,2025-12-11,42.42,Books,1
TXN0010093,CUST01291,2025-12-02,15.51,Electronics,0
TXN0010094,CUST01292,2025-11-30,10.62,Books,0
TXN0010095,CUST01292,2025-05-31,25.16,Books,0
TXN0010096,CUST01292,2025-08-28,77.88,Books,0
TXN0010097,CUST01293,2025-04-29,59.53,Books,0
TXN0010098,CUST01293,2025-05-11,89.62,Home & Kitchen,0
TXN0010099,CUST01293,2025-07-10,56.78,Sports,1
TXN0010100,CUST01293,2025-05-26,27.0,Sports,0
TXN0010101,CUST01293,2025-11-28,20.99,Sports,0
TXN0010102,CUST01293,2025-12-22,78.36,Beauty,0
TXN0010103,CUST01293,2025-06-08,32.77,Fashion,1
TXN0010104,CUST01293,2025-11-22,101.47,Beauty,1
TXN0010105,CUST01293,2025-09-03,77.14,Beauty,1
TXN0010106,CUST01294,2025-05-18,41.7,Beauty,0
TXN0010107,CUST01294,2025-08-29,12.21,Home & Kitchen,1
TXN0010108,CUST01294,2025-04-07,42.3,Beauty,0
TXN0010109,CUST01294,2025-07-12,33.81,Fashion,0
TXN0010110,CUST01294,2025-11-30,49.33,Fashion,0
TXN0010111,CUST01294,2025-09-28,54.35,Beauty,1
TXN0010112,CUST01295,2025-01-04,30.92,Home & Kitchen,0
TXN0010113,CUST01295,2025-05-07,67.29,Electronics,0
TXN0010114,CUST01295,2025-08-04,78.32,Sports,0
TXN0010115,CUST01295,2025-05-17,58.68,Home & Kitchen,0
TXN0010116,CUST01295,2025-01-13,40.06,Beauty,0
TXN0010117,CUST01295,2025-11-30,57.97,Books,1
TXN0010118,CUST01296,2025-11-15,83.18,Fashion,0
TXN0010119,CUST01296,2025-12-16,50.13,Books,0
TXN0010120,CUST01296,2025-11-05,63.48,Electronics,0
TXN0010121,CUST01297,2025-12-21,25.39,Beauty,0
TXN0010122,CUST01297,2025-12-26,77.05,Sports,0
TXN0010123,CUST01297,2024-11-08,91.08,Books,0
TXN0010124,CUST01297,2024-09-02,95.11,Beauty,0
TXN0010125,CUST01297,2024-09-21,47.44,Beauty,0
TXN0010126,CUST01297,2025-04-17,133.88,Beauty,0
TXN0010127,CUST01297,2025-12-19,73.4,Fashion,0
TXN0010128,CUST01297,2025-08-23,21.99,Books,0
TXN0010129,CUST01297,2025-10-31,17.18,Electronics,0
TXN0010130,CUST01297,2025-02-19,13.43,Sports,0
TXN0010131,CUST01297,2025-10-31,37.65,Fashion,1
TXN0010132,CUST01297,2025-03-28,88.49,Fashion,0
TXN0010133,CUST01297,2025-06-14,84.14,Sports,0
TXN0010134,CUST01297,2025-01-11,82.42,Sports,1
TXN0010135,CUST01297,2025-07-05,14.65,Sports,0
TXN0010136,CUST01297,2025-06-25,70.79,Electronics,0
TXN0010137,CUST01297,2024-10-18,42.87,Sports,0
TXN0010138,CUST01297,2025-03-06,51.78,Sports,1
TXN0010139,CUST01298,2025-09-20,36.59,Books,0
TXN0010140,CUST01298,2024-11-02,39.73,Beauty,1
TXN0010141,CUST01298,2025-11-03,45.18,Electronics,0
TXN0010142,CUST01298,2025-08-26,17.64,Home & Kitchen,0
TXN0010143,CUST01298,2025-09-14,23.97,Sports,1
TXN0010144,CUST01298,2025-11-17,97.42,Fashion,1
TXN0010145,CUST01298,2025-08-23,40.93,Fashion,0
TXN0010146,CUST01298,2024-11-30,36.62,Sports,0
TXN0010147,CUST01298,2025-12-29,36.78,Books,0
TXN0010148,CUST01299,2024-12-08,52.29,Beauty,1
TXN0010149,CUST01299,2025-02-11,29.3,Books,0
TXN0010150,CUST01299,2025-02-27,20.5,Electronics,0
TXN0010151,CUST01300,2025-12-09,62.66,Home & Kitchen,0
TXN0010152,CUST01300,2025-09-28,47.51,Electronics,0
TXN0010153,CUST01300,2024-05-10,20.44,Books,0
TXN0010154,CUST01300,2025-12-26,70.32,Sports,1
TXN0010155,CUST01300,2024-10-08,20.29,Books,0
TXN0010156,CUST01300,2025-05-29,162.95,Beauty,0
TXN0010157,CUST01300,2024-10-11,66.26,Sports,1
TXN0010158,CUST01300,2024-12-27,35.43,Sports,0
TXN0010159,CUST01300,2025-06-29,52.11,Fashion,0
TXN0010160,CUST01300,2024-11-19,40.58,Fashion,0
TXN0010161,CUST01302,2025-01-14,32.05,Beauty,0
TXN0010162,CUST01302,2025-12-15,10.97,Home & Kitchen,0
TXN0010163,CUST01302,2025-05-11,14.93,Books,0
TXN0010164,CUST01302,2025-11-03,31.62,Fashion,0
TXN0010165,CUST01302,2025-07-06,40.21,Fashion,0
TXN0010166,CUST01302,2025-11-01,10.71,Beauty,0
TXN0010167,CUST01302,2025-08-08,69.9,Books,0
TXN0010168,CUST01303,2025-06-09,55.24,Fashion,0
TXN0010169,CUST01303,2025-10-04,58.72,Home & Kitchen,0
TXN0010170,CUST01303,2025-08-20,77.59,Fashion,0
TXN0010171,CUST01303,2025-04-11,116.24,Home & Kitchen,0
TXN0010172,CUST01303,2025-08-11,158.32,Electronics,1
TXN0010173,CUST01303,2025-07-25,35.55,Electronics,1
TXN0010174,CUST01303,2025-11-03,116.78,Fashion,0
TXN0010175,CUST01303,2025-11-26,66.31,Sports,0
TXN0010176,CUST01303,2025-07-06,25.93,Beauty,1
TXN0010177,CUST01303,2025-06-01,126.52,Beauty,0
TXN0010178,CUST01304,2025-09-28,56.06,Fashion,0
TXN0010179,CUST01304,2025-10-21,154.39,Books,0
TXN0010180,CUST01304,2025-11-20,90.24,Sports,0
TXN0010181,CUST01304,2025-10-21,38.19,Beauty,0
TXN0010182,CUST01304,2025-09-18,35.55,Fashion,0
TXN0010183,CUST01304,2025-11-23,149.54,Fashion,0
TXN0010184,CUST01304,2025-11-03,64.34,Beauty,0
TXN0010185,CUST01304,2025-10-21,20.76,Sports,0
TXN0010186,CUST01304,2025-12-05,125.05,Books,0
TXN0010187,CUST01305,2025-05-15,39.1,Electronics,0
TXN0010188,CUST01305,2025-07-13,38.06,Sports,0
TXN0010189,CUST01305,2025-01-25,56.62,Home & Kitchen,0
TXN0010190,CUST01305,2025-10-20,59.49,Fashion,0
TXN0010191,CUST01305,2025-11-22,34.83,Fashion,0
TXN0010192,CUST01305,2025-01-04,26.8,Beauty,0
TXN0010193,CUST01305,2025-03-30,17.77,Books,1
TXN0010194,CUST01305,2025-02-11,8.56,Electronics,1
TXN0010195,CUST01305,2025-07-16,74.54,Electronics,0
TXN0010196,CUST01305,2025-02-16,67.33,Books,0
TXN0010197,CUST01306,2024-05-24,60.87,Electronics,0
TXN0010198,CUST01306,2025-10-07,14.36,Books,0
TXN0010199,CUST01306,2024-05-20,94.78,Books,0
TXN0010200,CUST01306,2024-02-18,22.66,Beauty,0
TXN0010201,CUST01306,2024-07-30,29.83,Sports,1
TXN0010202,CUST01308,2025-01-04,120.8,Beauty,0
TXN0010203,CUST01308,2025-12-19,69.7,Beauty,0
TXN0010204,CUST01308,2025-03-22,12.96,Electronics,0
TXN0010205,CUST01308,2025-08-21,36.08,Beauty,0
TXN0010206,CUST01308,2025-04-20,100.14,Home & Kitchen,1
TXN0010207,CUST01308,2025-01-03,29.88,Books,0
TXN0010208,CUST01308,2025-07-10,119.29,Sports,1
TXN0010209,CUST01308,2025-10-04,39.64,Electronics,1
TXN0010210,CUST01308,2025-08-20,90.74,Books,1
TXN0010211,CUST01308,2025-01-30,65.36,Sports,0
TXN0010212,CUST01308,2025-03-17,49.91,Books,0
TXN0010213,CUST01308,2025-03-17,66.28,Sports,1
TXN0010214,CUST01308,2025-08-23,79.65,Books,1
TXN0010215,CUST01308,2025-08-22,43.82,Electronics,1
TXN0010216,CUST01308,2025-07-23,93.62,Beauty,0
TXN0010217,CUST01308,2025-04-04,143.96,Beauty,0
TXN0010218,CUST01308,2025-07-29,65.81,Books,0
TXN0010219,CUST01308,2025-02-01,120.48,Electronics,0
TXN0010220,CUST01308,2025-08-08,36.12,Home & Kitchen,0
TXN0010221,CUST01309,2025-12-22,48.36,Beauty,0
TXN0010222,CUST01309,2025-06-26,72.1,Books,0
TXN0010223,CUST01310,2025-12-07,51.74,Electronics,0
TXN0010224,CUST01310,2024-10-02,135.04,Home & Kitchen,0
TXN0010225,CUST01310,2024-12-18,65.59,Beauty,1
TXN0010226,CUST01310,2025-04-14,134.7,Books,0
TXN0010227,CUST01310,2025-04-08,52.95,Sports,0
TXN0010228,CUST01310,2025-07-29,49.71,Books,0
TXN0010229,CUST01310,2025-03-11,56.57,Books,0
TXN0010230,CUST01310,2025-07-13,75.62,Beauty,1
TXN0010231,CUST01310,2025-03-10,169.27,Beauty,1
TXN0010232,CUST01310,2025-07-21,108.74,Electronics,0
TXN0010233,CUST01310,2025-12-24,98.8,Electronics,1
TXN0010234,CUST01310,2025-04-19,72.94,Fashion,0
TXN0010235,CUST01310,2025-07-09,81.5,Home & Kitchen,0
TXN0010236,CUST01310,2025-06-17,65.38,Sports,1
TXN0010237,CUST01310,2025-05-18,31.6,Electronics,1
TXN0010238,CUST01310,2025-08-01,33.9,Books,1
TXN0010239,CUST01310,2025-08-27,84.0,Fashion,1
TXN0010240,CUST01311,2025-09-30,61.87,Home & Kitchen,0
TXN0010241,CUST01311,2025-10-16,109.07,Beauty,0
TXN0010242,CUST01311,2025-09-22,46.75,Books,0
TXN0010243,CUST01311,2025-10-19,134.34,Home & Kitchen,0
TXN0010244,CUST01311,2025-09-03,54.66,Fashion,0
TXN0010245,CUST01311,2025-12-25,22.28,Fashion,1
TXN0010246,CUST01311,2025-10-19,75.53,Beauty,1
TXN0010247,CUST01311,2025-06-14,40.81,Fashion,1
TXN0010248,CUST01311,2025-08-17,63.86,Home & Kitchen,0
TXN0010249,CUST01311,2025-09-16,102.62,Electronics,0
TXN0010250,CUST01311,2025-07-10,73.97,Home & Kitchen,0
TXN0010251,CUST01311,2025-10-26,27.57,Books,0
TXN0010252,CUST01311,2025-11-12,132.99,Books,1
TXN0010253,CUST01311,2025-10-12,33.81,Electronics,1
TXN0010254,CUST01311,2025-07-01,45.55,Beauty,0
TXN0010255,CUST01311,2025-12-27,116.85,Books,0
TXN0010256,CUST01311,2025-07-26,43.98,Beauty,1
TXN0010257,CUST01312,2025-11-24,39.22,Fashion,0
TXN0010258,CUST01312,2025-03-20,54.9,Home & Kitchen,0
TXN0010259,CUST01313,2025-11-17,85.25,Home & Kitchen,0
TXN0010260,CUST01313,2025-07-29,27.35,Home & Kitchen,0
TXN0010261,CUST01313,2025-12-29,53.56,Books,0
TXN0010262,CUST01313,2025-12-25,33.03,Beauty,0
TXN0010263,CUST01313,2025-08-30,40.07,Home & Kitchen,1
TXN0010264,CUST01313,2025-10-05,44.53,Beauty,0
TXN0010265,CUST01313,2025-12-21,10.99,Books,0
TXN0010266,CUST01314,2025-12-04,21.94,Home & Kitchen,0
TXN0010267,CUST01315,2025-11-10,37.02,Sports,1
TXN0010268,CUST01315,2025-01-02,66.75,Home & Kitchen,1
TXN0010269,CUST01315,2025-01-05,26.36,Sports,0
TXN0010270,CUST01315,2025-09-29,107.58,Electronics,0
TXN0010271,CUST01315,2025-01-01,118.44,Fashion,0
TXN0010272,CUST01315,2025-03-25,57.62,Fashion,1
TXN0010273,CUST01315,2025-07-27,28.45,Sports,0
TXN0010274,CUST01315,2025-09-16,37.08,Home & Kitchen,1
TXN0010275,CUST01315,2024-12-13,17.97,Electronics,0
TXN0010276,CUST01315,2025-09-12,77.28,Fashion,1
TXN0010277,CUST01315,2025-11-18,24.77,Home & Kitchen,0
TXN0010278,CUST01315,2025-05-13,45.59,Sports,0
TXN0010279,CUST01315,2025-04-24,17.81,Home & Kitchen,1
TXN0010280,CUST01315,2025-04-15,19.04,Books,1
TXN0010281,CUST01315,2025-08-29,28.51,Home & Kitchen,1
TXN0010282,CUST01315,2025-08-14,60.39,Home & Kitchen,0
TXN0010283,CUST01316,2025-11-01,30.63,Books,1
TXN0010284,CUST01316,2025-12-06,30.58,Fashion,0
TXN0010285,CUST01316,2025-05-12,50.87,Sports,0
TXN0010286,CUST01316,2025-05-20,87.02,Books,1
TXN0010287,CUST01316,2025-08-22,49.45,Home & Kitchen,1
TXN0010288,CUST01316,2025-02-28,115.09,Beauty,0
TXN0010289,CUST01317,2025-12-18,70.33,Books,0
TXN0010290,CUST01319,2025-12-22,73.98,Beauty,1
TXN0010291,CUST01319,2025-04-24,31.25,Books,0
TXN0010292,CUST01319,2025-05-27,30.38,Home & Kitchen,0
TXN0010293,CUST01319,2025-05-04,11.77,Fashion,0
TXN0010294,CUST01319,2025-04-03,49.91,Books,1
TXN0010295,CUST01319,2025-09-23,64.24,Books,1
TXN0010296,CUST01319,2025-04-22,49.64,Fashion,0
TXN0010297,CUST01319,2025-06-06,80.82,Fashion,1
TXN0010298,CUST01319,2025-03-26,11.88,Sports,1
TXN0010299,CUST01319,2025-03-29,34.54,Home & Kitchen,1
TXN0010300,CUST01319,2025-05-07,12.43,Beauty,0
TXN0010301,CUST01320,2025-11-07,74.58,Home & Kitchen,0
TXN0010302,CUST01321,2025-12-27,199.71,Books,0
TXN0010303,CUST01321,2025-12-27,30.02,Fashion,0
TXN0010304,CUST01321,2025-10-07,42.23,Electronics,0
TXN0010305,CUST01321,2025-10-02,99.7,Fashion,1
TXN0010306,CUST01321,2025-10-29,35.12,Sports,0
TXN0010307,CUST01321,2025-09-30,87.01,Home & Kitchen,0
TXN0010308,CUST01321,2025-10-21,122.96,Fashion,0
TXN0010309,CUST01321,2025-12-08,46.51,Sports,1
TXN0010310,CUST01322,2025-12-14,8.44,Electronics,0
TXN0010311,CUST01323,2025-08-10,33.02,Home & Kitchen,0
TXN0010312,CUST01323,2025-10-05,49.32,Home & Kitchen,0
TXN0010313,CUST01323,2024-12-30,51.21,Books,0
TXN0010314,CUST01323,2025-01-24,48.82,Sports,1
TXN0010315,CUST01323,2024-12-02,51.52,Books,0
TXN0010316,CUST01323,2025-08-26,49.87,Sports,0
TXN0010317,CUST01323,2024-12-14,49.9,Beauty,1
TXN0010318,CUST01323,2025-10-01,66.87,Beauty,0
TXN0010319,CUST01324,2025-09-06,73.72,Sports,0
TXN0010320,CUST01324,2025-12-08,78.85,Fashion,1
TXN0010321,CUST01324,2025-12-10,66.3,Home & Kitchen,1
TXN0010322,CUST01324,2025-04-07,98.11,Books,1
TXN0010323,CUST01324,2025-11-08,38.63,Fashion,0
TXN0010324,CUST01325,2025-09-20,98.5,Sports,1
TXN0010325,CUST01325,2025-10-13,28.33,Sports,0
TXN0010326,CUST01325,2025-03-22,45.11,Home & Kitchen,1
TXN0010327,CUST01325,2025-01-20,85.29,Sports,0
TXN0010328,CUST01325,2024-12-18,45.57,Home & Kitchen,1
TXN0010329,CUST01325,2024-09-16,21.57,Beauty,1
TXN0010330,CUST01325,2024-06-16,55.82,Beauty,0
TXN0010331,CUST01325,2025-09-14,26.08,Books,0
TXN0010332,CUST01325,2025-01-05,89.86,Fashion,0
TXN0010333,CUST01325,2025-02-28,79.13,Sports,0
TXN0010334,CUST01325,2025-03-19,56.03,Beauty,0
TXN0010335,CUST01325,2025-04-19,109.22,Fashion,0
TXN0010336,CUST01325,2024-02-25,49.82,Beauty,1
TXN0010337,CUST01325,2025-03-20,34.88,Beauty,0
TXN0010338,CUST01325,2024-03-05,51.85,Electronics,0
TXN0010339,CUST01325,2025-06-22,18.13,Books,0
TXN0010340,CUST01325,2025-06-11,105.2,Electronics,1
TXN0010341,CUST01325,2025-01-04,65.73,Home & Kitchen,0
TXN0010342,CUST01326,2025-10-16,45.7,Fashion,1
TXN0010343,CUST01326,2024-09-13,40.79,Home & Kitchen,1
TXN0010344,CUST01326,2024-07-14,69.32,Fashion,1
TXN0010345,CUST01326,2025-04-01,29.09,Fashion,1
TXN0010346,CUST01326,2024-08-10,34.05,Fashion,0
TXN0010347,CUST01326,2025-11-07,44.13,Home & Kitchen,1
TXN0010348,CUST01326,2025-03-22,102.72,Sports,0
TXN0010349,CUST01326,2024-10-12,18.73,Books,0
TXN0010350,CUST01326,2025-12-29,73.59,Electronics,0
TXN0010351,CUST01326,2025-03-17,86.71,Books,0
TXN0010352,CUST01326,2024-12-29,42.21,Fashion,1
TXN0010353,CUST01326,2025-06-23,36.75,Home & Kitchen,0
TXN0010354,CUST01326,2025-08-29,121.63,Beauty,1
TXN0010355,CUST01326,2024-06-24,86.7,Beauty,0
TXN0010356,CUST01326,2024-11-14,120.13,Sports,0
TXN0010357,CUST01326,2025-06-11,87.99,Books,0
TXN0010358,CUST01326,2025-07-07,76.6,Electronics,1
TXN0010359,CUST01327,2025-12-23,104.87,Books,0
TXN0010360,CUST01327,2025-11-10,11.42,Sports,0
TXN0010361,CUST01327,2024-05-23,6.11,Fashion,0
TXN0010362,CUST01327,2024-03-27,138.56,Books,1
TXN0010363,CUST01327,2025-01-03,51.69,Fashion,0
TXN0010364,CUST01327,2024-02-12,20.33,Home & Kitchen,0
TXN0010365,CUST01327,2024-05-01,118.77,Books,0
TXN0010366,CUST01327,2025-12-03,52.95,Electronics,1
TXN0010367,CUST01327,2024-10-01,64.34,Beauty,0
TXN0010368,CUST01327,2025-05-26,31.49,Books,1
TXN0010369,CUST01327,2025-09-19,51.65,Electronics,0
TXN0010370,CUST01327,2024-11-05,36.74,Home & Kitchen,0
TXN0010371,CUST01327,2025-03-03,29.81,Sports,0
TXN0010372,CUST01327,2025-06-16,21.65,Electronics,0
TXN0010373,CUST01327,2024-11-30,42.04,Home & Kitchen,0
TXN0010374,CUST01327,2025-05-01,47.15,Sports,0
TXN0010375,CUST01327,2025-04-12,64.25,Sports,0
TXN0010376,CUST01327,2025-01-22,71.18,Books,0
TXN0010377,CUST01327,2024-09-14,26.19,Sports,0
TXN0010378,CUST01327,2025-02-27,102.94,Electronics,0
TXN0010379,CUST01327,2025-06-03,16.54,Electronics,0
TXN0010380,CUST01327,2025-02-21,110.07,Beauty,1
TXN0010381,CUST01328,2025-05-20,63.32,Sports,0
TXN0010382,CUST01328,2024-12-28,115.77,Sports,0
TXN0010383,CUST01328,2025-11-03,27.62,Fashion,0
TXN0010384,CUST01328,2025-08-07,10.21,Fashion,1
TXN0010385,CUST01328,2025-03-07,17.06,Home & Kitchen,0
TXN0010386,CUST01328,2025-09-23,47.71,Books,0
TXN0010387,CUST01328,2025-08-06,23.41,Fashion,0
TXN0010388,CUST01329,2025-09-26,42.38,Books,0
TXN0010389,CUST01330,2025-05-11,59.74,Books,0
TXN0010390,CUST01330,2025-08-08,30.64,Fashion,0
TXN0010391,CUST01330,2025-10-10,50.51,Fashion,0
TXN0010392,CUST01330,2025-10-10,50.95,Books,0
TXN0010393,CUST01331,2025-11-13,19.17,Books,1
TXN0010394,CUST01331,2025-12-27,48.92,Beauty,0
TXN0010395,CUST01332,2025-11-27,63.16,Fashion,0
TXN0010396,CUST01332,2025-03-26,104.66,Electronics,0
TXN0010397,CUST01332,2025-11-19,105.36,Sports,0
TXN0010398,CUST01332,2025-05-28,70.58,Home & Kitchen,0
TXN0010399,CUST01333,2024-10-25,39.97,Sports,0
TXN0010400,CUST01333,2024-09-10,4.49,Home & Kitchen,0
TXN0010401,CUST01333,2025-05-11,51.54,Electronics,0
TXN0010402,CUST01333,2025-01-22,60.6,Books,0
TXN0010403,CUST01333,2025-12-29,10.92,Fashion,0
TXN0010404,CUST01333,2025-07-11,29.97,Books,1
TXN0010405,CUST01333,2025-12-04,84.62,Electronics,1
TXN0010406,CUST01333,2025-12-27,62.72,Fashion,0
TXN0010407,CUST01333,2024-12-21,69.49,Sports,0
TXN0010408,CUST01333,2024-11-21,47.24,Home & Kitchen,1
TXN0010409,CUST01334,2025-09-01,23.98,Electronics,0
TXN0010410,CUST01335,2025-06-17,52.57,Fashion,0
TXN0010411,CUST01335,2025-12-05,47.86,Fashion,1
TXN0010412,CUST01335,2025-10-01,42.42,Fashion,0
TXN0010413,CUST01335,2025-06-25,48.13,Sports,0
TXN0010414,CUST01335,2025-05-10,31.47,Sports,0
TXN0010415,CUST01335,2025-12-16,72.46,Beauty,0
TXN0010416,CUST01335,2025-05-07,7.72,Beauty,1
TXN0010417,CUST01335,2025-10-01,30.93,Electronics,0
TXN0010418,CUST01335,2025-10-21,20.47,Sports,0
TXN0010419,CUST01335,2025-07-14,63.6,Electronics,1
TXN0010420,CUST01335,2025-05-30,59.88,Home & Kitchen,0
TXN0010421,CUST01336,2024-11-21,122.26,Books,1
TXN0010422,CUST01336,2024-06-11,52.04,Electronics,0
TXN0010423,CUST01336,2025-10-09,61.46,Fashion,1
TXN0010424,CUST01336,2024-05-09,64.97,Beauty,1
TXN0010425,CUST01336,2025-03-25,12.79,Electronics,0
TXN0010426,CUST01336,2025-05-17,168.35,Beauty,1
TXN0010427,CUST01336,2025-05-19,56.31,Electronics,0
TXN0010428,CUST01336,2024-08-02,104.52,Beauty,1
TXN0010429,CUST01336,2025-06-01,93.54,Fashion,0
TXN0010430,CUST01336,2024-08-30,70.54,Electronics,1
TXN0010431,CUST01336,2025-10-20,155.54,Sports,0
TXN0010432,CUST01336,2024-09-24,108.87,Sports,1
TXN0010433,CUST01336,2025-05-25,39.92,Fashion,0
TXN0010434,CUST01336,2025-02-04,20.23,Sports,0
TXN0010435,CUST01336,2024-06-08,44.88,Beauty,0
TXN0010436,CUST01336,2024-07-15,61.04,Home & Kitchen,0
TXN0010437,CUST01336,2025-02-12,77.0,Sports,1
TXN0010438,CUST01336,2025-09-03,69.72,Electronics,1
TXN0010439,CUST01336,2025-05-28,57.93,Sports,0
TXN0010440,CUST01336,2025-06-12,24.56,Beauty,0
TXN0010441,CUST01336,2024-08-03,67.28,Electronics,0
TXN0010442,CUST01336,2024-07-05,57.08,Books,0
TXN0010443,CUST01337,2025-04-22,54.49,Beauty,0
TXN0010444,CUST01337,2025-12-25,49.18,Books,1
TXN0010445,CUST01337,2025-09-22,23.47,Fashion,1
TXN0010446,CUST01337,2025-10-18,30.77,Sports,0
TXN0010447,CUST01337,2025-01-25,76.16,Books,0
TXN0010448,CUST01337,2025-02-24,43.81,Sports,0
TXN0010449,CUST01337,2025-06-17,15.93,Beauty,0
TXN0010450,CUST01337,2024-10-02,35.84,Electronics,0
TXN0010451,CUST01337,2025-01-23,41.81,Home & Kitchen,1
TXN0010452,CUST01337,2025-03-05,32.67,Beauty,0
TXN0010453,CUST01337,2025-10-07,19.46,Sports,0
TXN0010454,CUST01337,2025-12-17,24.62,Home & Kitchen,0
TXN0010455,CUST01337,2025-06-29,73.17,Beauty,0
TXN0010456,CUST01337,2024-11-13,26.44,Books,0
TXN0010457,CUST01338,2025-10-29,59.45,Fashion,0
TXN0010458,CUST01338,2025-09-01,41.79,Home & Kitchen,1
TXN0010459,CUST01338,2025-05-04,58.38,Sports,1
TXN0010460,CUST01338,2025-10-09,43.18,Beauty,0
TXN0010461,CUST01338,2025-02-16,3.84,Sports,1
TXN0010462,CUST01338,2025-03-19,33.57,Home & Kitchen,1
TXN0010463,CUST01339,2025-11-24,110.86,Books,0
TXN0010464,CUST01339,2025-08-26,62.8,Home & Kitchen,0
TXN0010465,CUST01339,2025-10-19,70.75,Home & Kitchen,0
TXN0010466,CUST01340,2025-12-26,76.22,Sports,0
TXN0010467,CUST01340,2025-08-16,204.07,Fashion,0
TXN0010468,CUST01340,2025-08-22,55.94,Home & Kitchen,1
TXN0010469,CUST01340,2025-05-16,92.13,Home & Kitchen,0
TXN0010470,CUST01340,2024-09-21,19.21,Books,0
TXN0010471,CUST01340,2025-11-29,32.88,Sports,0
TXN0010472,CUST01340,2024-05-23,88.32,Sports,0
TXN0010473,CUST01340,2025-08-13,26.52,Home & Kitchen,0
TXN0010474,CUST01340,2025-02-20,85.65,Books,1
TXN0010475,CUST01340,2024-08-03,73.0,Beauty,1
TXN0010476,CUST01340,2025-08-24,65.38,Electronics,0
TXN0010477,CUST01340,2024-06-05,182.31,Fashion,1
TXN0010478,CUST01340,2024-05-18,66.78,Beauty,0
TXN0010479,CUST01340,2025-06-02,61.13,Electronics,0
TXN0010480,CUST01340,2025-08-23,104.85,Home & Kitchen,0
TXN0010481,CUST01340,2025-02-07,29.22,Sports,0
TXN0010482,CUST01340,2025-09-22,85.09,Beauty,0
TXN0010483,CUST01340,2025-02-10,30.39,Beauty,0
TXN0010484,CUST01340,2025-09-12,32.98,Fashion,0
TXN0010485,CUST01340,2024-06-29,24.74,Fashion,0
TXN0010486,CUST01340,2025-11-04,59.35,Electronics,0
TXN0010487,CUST01340,2024-04-27,92.66,Beauty,0
TXN0010488,CUST01340,2025-06-13,68.87,Books,0
TXN0010489,CUST01340,2024-02-21,16.13,Home & Kitchen,0
TXN0010490,CUST01340,2024-04-27,49.24,Electronics,0
TXN0010491,CUST01340,2025-01-06,57.55,Beauty,1
TXN0010492,CUST01340,2025-01-12,50.0,Home & Kitchen,1
TXN0010493,CUST01340,2024-05-28,139.6,Books,0
TXN0010494,CUST01340,2024-04-04,48.11,Books,1
TXN0010495,CUST01341,2025-09-18,64.18,Sports,0
TXN0010496,CUST01341,2025-03-20,39.48,Fashion,1
TXN0010497,CUST01341,2025-09-21,24.72,Fashion,0
TXN0010498,CUST01341,2025-03-22,15.57,Electronics,0
TXN0010499,CUST01343,2025-12-01,84.5,Fashion,1
TXN0010500,CUST01343,2024-07-04,38.88,Fashion,0
TXN0010501,CUST01343,2024-08-30,57.74,Home & Kitchen,0
TXN0010502,CUST01343,2025-06-02,54.09,Sports,0
TXN0010503,CUST01343,2025-10-09,77.32,Home & Kitchen,0
TXN0010504,CUST01343,2025-08-27,37.35,Home & Kitchen,1
TXN0010505,CUST01343,2024-07-30,37.15,Sports,0
TXN0010506,CUST01343,2024-05-03,82.71,Beauty,1
TXN0010507,CUST01343,2025-06-26,142.06,Electronics,0
TXN0010508,CUST01343,2024-09-11,89.95,Books,1
TXN0010509,CUST01343,2024-11-13,102.21,Home & Kitchen,0
TXN0010510,CUST01343,2024-05-04,46.32,Sports,1
TXN0010511,CUST01343,2025-05-08,74.9,Fashion,0
TXN0010512,CUST01343,2025-10-19,75.26,Sports,1
TXN0010513,CUST01343,2024-07-19,240.98,Books,0
TXN0010514,CUST01343,2024-04-04,38.81,Fashion,1
TXN0010515,CUST01343,2024-05-10,157.42,Home & Kitchen,0
TXN0010516,CUST01343,2024-11-26,31.07,Fashion,0
TXN0010517,CUST01343,2024-02-24,96.15,Fashion,0
TXN0010518,CUST01343,2024-12-22,62.43,Beauty,1
TXN0010519,CUST01343,2025-07-22,63.14,Fashion,1
TXN0010520,CUST01343,2024-07-10,117.8,Fashion,0
TXN0010521,CUST01343,2024-03-24,66.0,Sports,1
TXN0010522,CUST01343,2024-12-29,126.25,Books,0
TXN0010523,CUST01343,2025-11-26,57.7,Fashion,1
TXN0010524,CUST01343,2025-04-21,122.64,Home & Kitchen,0
TXN0010525,CUST01343,2025-07-10,105.18,Sports,0
TXN0010526,CUST01343,2025-02-10,18.99,Beauty,0
TXN0010527,CUST01343,2025-05-10,47.11,Books,0
TXN0010528,CUST01343,2025-07-03,25.98,Sports,0
TXN0010529,CUST01344,2024-03-11,19.66,Beauty,0
TXN0010530,CUST01344,2025-12-13,27.82,Books,1
TXN0010531,CUST01344,2025-08-18,37.41,Home & Kitchen,0
TXN0010532,CUST01344,2025-04-20,53.93,Fashion,0
TXN0010533,CUST01344,2024-08-26,25.09,Home & Kitchen,0
TXN0010534,CUST01344,2025-10-20,41.12,Beauty,0
TXN0010535,CUST01344,2025-12-28,42.98,Home & Kitchen,0
TXN0010536,CUST01344,2025-12-10,49.24,Home & Kitchen,1
TXN0010537,CUST01344,2024-10-27,31.77,Fashion,1
TXN0010538,CUST01344,2025-06-03,85.76,Home & Kitchen,0
TXN0010539,CUST01344,2025-11-03,35.07,Home & Kitchen,0
TXN0010540,CUST01344,2025-09-02,44.27,Books,0
TXN0010541,CUST01345,2025-12-08,48.72,Home & Kitchen,0
TXN0010542,CUST01345,2025-11-27,20.96,Books,0
TXN0010543,CUST01345,2025-11-25,20.7,Home & Kitchen,1
TXN0010544,CUST01345,2025-12-05,51.67,Beauty,0
TXN0010545,CUST01346,2024-11-09,42.39,Home & Kitchen,0
TXN0010546,CUST01346,2024-09-11,21.94,Beauty,1
TXN0010547,CUST01346,2024-04-12,121.46,Sports,1
TXN0010548,CUST01346,2025-04-03,70.79,Beauty,1
TXN0010549,CUST01346,2024-06-20,96.12,Beauty,0
TXN0010550,CUST01346,2025-02-28,86.91,Electronics,0
TXN0010551,CUST01346,2025-07-16,192.29,Beauty,0
TXN0010552,CUST01346,2025-09-26,84.91,Electronics,0
TXN0010553,CUST01346,2025-11-21,172.1,Beauty,0
TXN0010554,CUST01346,2025-02-18,46.28,Home & Kitchen,1
TXN0010555,CUST01346,2025-04-01,53.27,Books,0
TXN0010556,CUST01346,2025-02-16,37.53,Fashion,0
TXN0010557,CUST01346,2025-12-10,19.78,Beauty,1
TXN0010558,CUST01346,2025-10-19,85.83,Home & Kitchen,0
TXN0010559,CUST01346,2025-08-01,22.49,Electronics,0
TXN0010560,CUST01346,2024-06-30,33.8,Books,0
TXN0010561,CUST01346,2025-01-26,62.86,Fashion,0
TXN0010562,CUST01346,2024-11-20,29.61,Fashion,0
TXN0010563,CUST01346,2025-10-02,206.7,Books,0
TXN0010564,CUST01346,2024-04-22,114.31,Books,0
TXN0010565,CUST01346,2024-08-23,57.39,Home & Kitchen,0
TXN0010566,CUST01346,2025-06-04,8.26,Home & Kitchen,0
TXN0010567,CUST01346,2024-08-26,59.95,Home & Kitchen,0
TXN0010568,CUST01346,2025-08-31,63.63,Electronics,0
TXN0010569,CUST01346,2024-12-01,134.39,Home & Kitchen,1
TXN0010570,CUST01346,2025-12-21,128.87,Beauty,1
TXN0010571,CUST01346,2025-02-13,9.52,Beauty,1
TXN0010572,CUST01346,2025-07-17,38.43,Home & Kitchen,1
TXN0010573,CUST01346,2025-07-03,37.29,Sports,1
TXN0010574,CUST01347,2025-07-30,43.5,Sports,0
TXN0010575,CUST01347,2024-12-28,54.05,Books,1
TXN0010576,CUST01347,2025-01-27,37.16,Fashion,1
TXN0010577,CUST01347,2025-07-01,48.18,Fashion,0
TXN0010578,CUST01347,2025-12-19,38.94,Sports,1
TXN0010579,CUST01347,2025-06-29,66.33,Sports,1
TXN0010580,CUST01347,2025-11-10,84.3,Beauty,0
TXN0010581,CUST01347,2025-03-28,28.99,Home & Kitchen,1
TXN0010582,CUST01347,2025-10-28,24.34,Electronics,1
TXN0010583,CUST01347,2025-10-09,30.84,Electronics,0
TXN0010584,CUST01347,2025-09-20,83.2,Fashion,1
TXN0010585,CUST01347,2025-08-15,118.34,Fashion,0
TXN0010586,CUST01347,2025-07-01,72.47,Home & Kitchen,0
TXN0010587,CUST01347,2025-09-05,76.32,Books,0
TXN0010588,CUST01347,2025-11-27,128.28,Beauty,0
TXN0010589,CUST01347,2025-08-27,46.08,Books,0
TXN0010590,CUST01347,2025-07-03,55.97,Sports,0
TXN0010591,CUST01347,2025-07-11,66.8,Beauty,0
TXN0010592,CUST01348,2025-12-11,47.41,Electronics,0
TXN0010593,CUST01350,2025-08-27,26.44,Books,0
TXN0010594,CUST01350,2025-09-04,71.33,Beauty,0
TXN0010595,CUST01350,2025-10-05,58.92,Books,1
TXN0010596,CUST01350,2024-12-20,57.13,Books,0
TXN0010597,CUST01350,2025-08-15,44.4,Beauty,0
TXN0010598,CUST01350,2024-11-08,49.49,Fashion,1
TXN0010599,CUST01350,2025-10-13,83.38,Home & Kitchen,1
TXN0010600,CUST01350,2025-02-10,13.91,Sports,0
TXN0010601,CUST01350,2024-10-20,41.73,Sports,0
TXN0010602,CUST01350,2025-02-10,98.83,Beauty,0
TXN0010603,CUST01350,2025-03-24,61.59,Electronics,1
TXN0010604,CUST01350,2024-02-19,121.34,Electronics,1
TXN0010605,CUST01350,2024-08-06,44.31,Electronics,0
TXN0010606,CUST01350,2024-12-09,109.68,Books,0
TXN0010607,CUST01350,2024-03-27,95.86,Home & Kitchen,1
TXN0010608,CUST01350,2025-10-11,82.1,Home & Kitchen,1
TXN0010609,CUST01350,2024-05-03,103.82,Sports,1
TXN0010610,CUST01350,2024-01-09,99.6,Home & Kitchen,0
TXN0010611,CUST01350,2025-01-18,158.14,Beauty,1
TXN0010612,CUST01350,2025-06-11,25.35,Home & Kitchen,0
TXN0010613,CUST01350,2025-08-19,127.16,Electronics,0
TXN0010614,CUST01350,2025-11-28,115.63,Beauty,0
TXN0010615,CUST01350,2025-02-02,4.21,Fashion,0
TXN0010616,CUST01350,2025-12-07,45.5,Books,1
TXN0010617,CUST01350,2025-05-29,60.84,Electronics,1
TXN0010618,CUST01350,2025-11-04,50.5,Home & Kitchen,0
TXN0010619,CUST01350,2024-09-04,18.63,Books,0
TXN0010620,CUST01351,2025-08-15,56.7,Beauty,0
TXN0010621,CUST01351,2025-11-15,75.59,Fashion,0
TXN0010622,CUST01352,2024-11-12,41.39,Fashion,1
TXN0010623,CUST01352,2025-07-03,13.55,Sports,0
TXN0010624,CUST01352,2025-04-12,115.33,Home & Kitchen,0
TXN0010625,CUST01352,2025-03-03,61.39,Sports,0
TXN0010626,CUST01352,2024-10-04,28.6,Fashion,1
TXN0010627,CUST01352,2024-05-02,82.34,Sports,0
TXN0010628,CUST01352,2024-10-12,54.35,Electronics,0
TXN0010629,CUST01352,2024-12-24,47.66,Beauty,1
TXN0010630,CUST01352,2025-04-25,35.56,Fashion,1
TXN0010631,CUST01352,2024-10-01,29.42,Home & Kitchen,0
TXN0010632,CUST01352,2024-02-27,27.66,Sports,1
TXN0010633,CUST01352,2024-12-27,67.86,Sports,0
TXN0010634,CUST01352,2025-10-24,44.66,Books,0
TXN0010635,CUST01352,2025-05-12,33.12,Home & Kitchen,0
TXN0010636,CUST01353,2024-06-13,75.83,Sports,0
TXN0010637,CUST01353,2024-05-24,140.43,Sports,1
TXN0010638,CUST01353,2024-11-18,84.84,Home & Kitchen,0
TXN0010639,CUST01353,2025-05-05,27.04,Books,0
TXN0010640,CUST01353,2025-08-14,7.19,Electronics,0
TXN0010641,CUST01353,2024-08-05,28.35,Fashion,0
TXN0010642,CUST01353,2025-12-08,43.65,Electronics,0
TXN0010643,CUST01353,2024-12-19,15.74,Books,0
TXN0010644,CUST01353,2025-05-02,87.37,Books,0
TXN0010645,CUST01353,2025-04-13,39.99,Books,0
TXN0010646,CUST01353,2025-03-01,103.93,Home & Kitchen,0
TXN0010647,CUST01353,2025-09-09,36.09,Home & Kitchen,0
TXN0010648,CUST01353,2024-05-16,36.28,Beauty,0
TXN0010649,CUST01353,2025-08-05,95.27,Books,1
TXN0010650,CUST01353,2025-07-11,44.64,Fashion,1
TXN0010651,CUST01353,2025-02-22,97.06,Fashion,0
TXN0010652,CUST01354,2024-12-01,31.43,Home & Kitchen,1
TXN0010653,CUST01354,2025-10-28,27.04,Beauty,0
TXN0010654,CUST01354,2025-01-05,51.39,Fashion,0
TXN0010655,CUST01354,2025-03-20,45.75,Beauty,0
TXN0010656,CUST01354,2024-11-18,35.06,Home & Kitchen,0
TXN0010657,CUST01354,2025-04-15,25.12,Home & Kitchen,1
TXN0010658,CUST01354,2025-10-30,75.23,Fashion,1
TXN0010659,CUST01354,2025-12-26,14.0,Books,1
TXN0010660,CUST01354,2024-11-09,64.69,Books,0
TXN0010661,CUST01354,2025-02-25,19.08,Home & Kitchen,0
TXN0010662,CUST01354,2025-04-13,21.87,Home & Kitchen,1
TXN0010663,CUST01354,2024-10-03,50.41,Sports,0
TXN0010664,CUST01354,2025-12-15,53.11,Books,0
TXN0010665,CUST01354,2025-10-02,26.3,Electronics,0
TXN0010666,CUST01354,2025-05-29,80.82,Fashion,1
TXN0010667,CUST01355,2025-03-14,16.06,Electronics,0
TXN0010668,CUST01355,2025-10-28,82.73,Books,0
TXN0010669,CUST01355,2024-12-31,37.46,Beauty,0
TXN0010670,CUST01355,2024-04-22,28.49,Beauty,0
TXN0010671,CUST01355,2025-08-31,45.92,Beauty,0
TXN0010672,CUST01355,2024-08-10,79.7,Beauty,0
TXN0010673,CUST01355,2024-10-30,68.52,Electronics,0
TXN0010674,CUST01355,2024-08-10,109.9,Sports,1
TXN0010675,CUST01355,2025-08-29,73.27,Electronics,0
TXN0010676,CUST01355,2025-04-06,122.61,Sports,0
TXN0010677,CUST01355,2025-10-17,100.07,Home & Kitchen,1
TXN0010678,CUST01355,2025-09-10,41.13,Electronics,1
TXN0010679,CUST01355,2025-12-07,38.0,Sports,0
TXN0010680,CUST01355,2025-12-05,2.64,Beauty,0
TXN0010681,CUST01355,2025-06-24,14.74,Electronics,1
TXN0010682,CUST01355,2025-03-05,35.53,Sports,0
TXN0010683,CUST01356,2025-08-21,11.93,Home & Kitchen,0
TXN0010684,CUST01356,2025-10-18,9.78,Sports,0
TXN0010685,CUST01356,2025-02-01,39.07,Beauty,0
TXN0010686,CUST01357,2025-10-10,15.44,Home & Kitchen,0
TXN0010687,CUST01358,2025-10-06,20.73,Sports,1
TXN0010688,CUST01358,2025-10-02,53.47,Home & Kitchen,0
TXN0010689,CUST01358,2025-11-16,55.16,Books,0
TXN0010690,CUST01358,2025-07-08,23.21,Electronics,0
TXN0010691,CUST01360,2025-10-26,27.25,Books,0
TXN0010692,CUST01360,2025-04-25,94.96,Electronics,1
TXN0010693,CUST01360,2025-03-24,22.69,Sports,1
TXN0010694,CUST01362,2025-08-14,24.05,Electronics,0
TXN0010695,CUST01362,2025-07-23,57.39,Sports,0
TXN0010696,CUST01363,2025-05-26,28.07,Electronics,0
TXN0010697,CUST01363,2025-10-23,98.01,Sports,1
TXN0010698,CUST01363,2025-03-02,38.2,Fashion,0
TXN0010699,CUST01363,2025-05-21,29.52,Sports,1
TXN0010700,CUST01364,2024-12-19,122.42,Electronics,1
TXN0010701,CUST01364,2025-10-24,58.73,Sports,0
TXN0010702,CUST01364,2024-10-30,36.09,Beauty,0
TXN0010703,CUST01365,2025-03-22,68.49,Sports,0
TXN0010704,CUST01365,2025-03-29,46.53,Books,0
TXN0010705,CUST01365,2025-06-20,44.82,Fashion,0
TXN0010706,CUST01365,2025-10-24,68.9,Electronics,0
TXN0010707,CUST01365,2025-10-11,40.74,Books,0
TXN0010708,CUST01365,2024-05-20,35.46,Beauty,0
TXN0010709,CUST01366,2025-06-03,111.05,Home & Kitchen,0
TXN0010710,CUST01366,2025-08-07,52.89,Beauty,0
TXN0010711,CUST01366,2025-11-28,17.33,Beauty,1
TXN0010712,CUST01366,2025-10-03,53.26,Books,0
TXN0010713,CUST01366,2025-10-10,67.46,Fashion,0
TXN0010714,CUST01368,2024-07-23,153.46,Books,1
TXN0010715,CUST01368,2024-11-14,89.23,Home & Kitchen,1
TXN0010716,CUST01368,2025-10-26,112.35,Electronics,0
TXN0010717,CUST01368,2025-11-23,42.09,Fashion,0
TXN0010718,CUST01368,2025-05-21,24.94,Books,0
TXN0010719,CUST01368,2025-12-05,41.98,Sports,1
TXN0010720,CUST01368,2025-04-18,104.34,Home & Kitchen,0
TXN0010721,CUST01368,2024-05-17,82.89,Beauty,0
TXN0010722,CUST01368,2025-05-31,28.06,Sports,0
TXN0010723,CUST01368,2025-02-01,125.51,Books,0
TXN0010724,CUST01368,2024-06-30,111.37,Books,0
TXN0010725,CUST01368,2025-01-31,38.91,Beauty,1
TXN0010726,CUST01368,2025-06-16,28.1,Electronics,1
TXN0010727,CUST01368,2025-02-24,67.63,Beauty,0
TXN0010728,CUST01368,2025-09-01,22.02,Sports,0
TXN0010729,CUST01368,2024-09-08,117.63,Home & Kitchen,0
TXN0010730,CUST01368,2025-11-26,19.77,Electronics,0
TXN0010731,CUST01368,2025-09-05,95.62,Sports,0
TXN0010732,CUST01368,2025-10-27,88.37,Beauty,0
TXN0010733,CUST01368,2025-02-15,15.79,Electronics,0
TXN0010734,CUST01368,2025-09-25,58.04,Electronics,1
TXN0010735,CUST01368,2025-07-26,29.57,Fashion,1
TXN0010736,CUST01368,2025-09-22,44.58,Home & Kitchen,1
TXN0010737,CUST01368,2025-03-13,44.21,Beauty,0
TXN0010738,CUST01368,2025-08-17,36.04,Fashion,0
TXN0010739,CUST01368,2025-08-18,30.15,Home & Kitchen,0
TXN0010740,CUST01368,2025-06-16,100.66,Fashion,0
TXN0010741,CUST01368,2025-10-17,35.23,Sports,1
TXN0010742,CUST01368,2025-08-28,84.51,Books,0
TXN0010743,CUST01368,2024-08-16,128.01,Home & Kitchen,0
TXN0010744,CUST01368,2024-08-17,25.85,Sports,0
TXN0010745,CUST01368,2025-10-08,73.96,Beauty,0
TXN0010746,CUST01368,2025-03-12,150.24,Books,1
TXN0010747,CUST01368,2025-12-20,138.55,Books,0
TXN0010748,CUST01369,2025-11-16,32.24,Fashion,1
TXN0010749,CUST01369,2025-11-10,67.91,Sports,1
TXN0010750,CUST01370,2025-09-25,28.36,Home & Kitchen,0
TXN0010751,CUST01370,2025-04-03,14.53,Books,0
TXN0010752,CUST01370,2024-12-15,10.78,Sports,0
TXN0010753,CUST01370,2025-12-04,20.45,Fashion,0
TXN0010754,CUST01371,2025-01-24,11.4,Fashion,1
TXN0010755,CUST01371,2024-10-10,40.56,Fashion,0
TXN0010756,CUST01371,2024-09-07,46.24,Fashion,1
TXN0010757,CUST01371,2024-09-21,22.25,Home & Kitchen,0
TXN0010758,CUST01371,2024-12-30,14.99,Fashion,1
TXN0010759,CUST01371,2025-02-13,65.12,Electronics,0
TXN0010760,CUST01371,2025-02-24,47.75,Electronics,0
TXN0010761,CUST01371,2025-04-18,24.98,Sports,1
TXN0010762,CUST01371,2025-05-01,80.9,Sports,0
TXN0010763,CUST01372,2025-03-10,85.91,Electronics,0
TXN0010764,CUST01372,2025-08-09,30.5,Fashion,0
TXN0010765,CUST01372,2025-06-22,124.8,Sports,0
TXN0010766,CUST01372,2025-09-13,150.74,Home & Kitchen,1
TXN0010767,CUST01372,2025-07-06,48.64,Electronics,0
TXN0010768,CUST01372,2025-07-25,100.16,Home & Kitchen,1
TXN0010769,CUST01372,2024-12-07,32.56,Home & Kitchen,1
TXN0010770,CUST01372,2025-07-18,33.92,Fashion,0
TXN0010771,CUST01372,2025-07-29,56.61,Books,1
TXN0010772,CUST01372,2025-10-29,17.15,Fashion,0
TXN0010773,CUST01372,2025-07-11,35.67,Fashion,0
TXN0010774,CUST01372,2025-05-24,149.56,Home & Kitchen,0
TXN0010775,CUST01372,2025-12-01,65.32,Fashion,0
TXN0010776,CUST01372,2025-04-30,133.72,Beauty,0
TXN0010777,CUST01372,2025-06-07,18.31,Home & Kitchen,1
TXN0010778,CUST01372,2025-03-01,39.74,Fashion,1
TXN0010779,CUST01372,2025-04-20,66.19,Fashion,1
TXN0010780,CUST01372,2025-03-10,84.11,Home & Kitchen,1
TXN0010781,CUST01373,2025-11-21,47.31,Electronics,1
TXN0010782,CUST01373,2025-10-26,18.93,Fashion,0
TXN0010783,CUST01373,2025-04-10,55.31,Beauty,1
TXN0010784,CUST01374,2025-10-07,60.09,Electronics,0
TXN0010785,CUST01374,2025-03-16,69.12,Beauty,0
TXN0010786,CUST01374,2025-08-23,82.95,Electronics,0
TXN0010787,CUST01374,2025-04-19,63.62,Beauty,0
TXN0010788,CUST01374,2024-12-21,31.62,Books,0
TXN0010789,CUST01374,2025-09-23,111.18,Books,0
TXN0010790,CUST01374,2025-03-10,111.36,Fashion,1
TXN0010791,CUST01374,2025-03-03,43.32,Beauty,0
TXN0010792,CUST01374,2024-09-22,106.55,Electronics,0
TXN0010793,CUST01374,2025-11-11,38.1,Beauty,0
TXN0010794,CUST01374,2025-12-24,138.91,Beauty,0
TXN0010795,CUST01374,2025-10-12,67.03,Beauty,0
TXN0010796,CUST01374,2025-05-05,83.11,Fashion,0
TXN0010797,CUST01374,2024-11-16,130.06,Fashion,0
TXN0010798,CUST01374,2025-10-30,78.42,Beauty,1
TXN0010799,CUST01374,2025-08-05,155.55,Sports,0
TXN0010800,CUST01374,2025-03-05,63.3,Electronics,0
TXN0010801,CUST01374,2024-11-15,64.0,Electronics,0
TXN0010802,CUST01374,2025-10-16,7.74,Fashion,0
TXN0010803,CUST01374,2025-12-26,145.76,Sports,0
TXN0010804,CUST01374,2025-09-10,71.09,Sports,0
TXN0010805,CUST01374,2025-10-18,57.82,Books,1
TXN0010806,CUST01374,2025-03-08,27.3,Sports,0
TXN0010807,CUST01374,2025-12-04,110.06,Electronics,0
TXN0010808,CUST01374,2025-11-05,149.32,Fashion,0
TXN0010809,CUST01374,2025-04-24,43.6,Fashion,0
TXN0010810,CUST01374,2025-10-08,9.62,Electronics,1
TXN0010811,CUST01375,2025-12-06,54.99,Beauty,0
TXN0010812,CUST01375,2025-08-13,15.63,Books,0
TXN0010813,CUST01375,2025-02-04,71.94,Sports,0
TXN0010814,CUST01375,2025-08-09,152.66,Home & Kitchen,0
TXN0010815,CUST01376,2025-12-29,52.11,Books,0
TXN0010816,CUST01376,2025-10-24,42.69,Home & Kitchen,1
TXN0010817,CUST01376,2025-12-10,31.07,Beauty,1
TXN0010818,CUST01376,2025-09-02,19.26,Fashion,0
TXN0010819,CUST01376,2025-12-12,20.73,Fashion,1
TXN0010820,CUST01376,2025-10-27,12.41,Electronics,0
TXN0010821,CUST01376,2025-09-24,27.8,Sports,1
TXN0010822,CUST01377,2025-08-05,56.3,Home & Kitchen,1
TXN0010823,CUST01377,2025-11-01,47.57,Beauty,0
TXN0010824,CUST01377,2025-10-20,59.18,Home & Kitchen,0
TXN0010825,CUST01377,2025-06-09,67.08,Sports,0
TXN0010826,CUST01377,2025-09-18,75.63,Electronics,0
TXN0010827,CUST01377,2025-08-23,59.38,Beauty,1
TXN0010828,CUST01378,2025-02-10,30.48,Electronics,1
TXN0010829,CUST01378,2025-06-04,32.6,Electronics,0
TXN0010830,CUST01378,2025-06-07,37.1,Beauty,1
TXN0010831,CUST01378,2025-01-05,126.58,Beauty,0
TXN0010832,CUST01378,2025-07-25,154.36,Beauty,1
TXN0010833,CUST01378,2025-11-08,73.19,Electronics,1
TXN0010834,CUST01378,2024-10-24,27.27,Home & Kitchen,0
TXN0010835,CUST01378,2025-03-10,14.01,Home & Kitchen,1
TXN0010836,CUST01378,2025-04-29,49.15,Home & Kitchen,1
TXN0010837,CUST01378,2024-11-13,68.12,Electronics,0
TXN0010838,CUST01378,2025-11-16,26.88,Beauty,0
TXN0010839,CUST01378,2025-10-17,97.35,Books,0
TXN0010840,CUST01378,2024-12-31,14.85,Home & Kitchen,0
TXN0010841,CUST01378,2024-11-18,116.01,Fashion,0
TXN0010842,CUST01378,2024-11-12,55.79,Books,0
TXN0010843,CUST01379,2025-01-05,28.92,Electronics,0
TXN0010844,CUST01379,2025-07-25,12.6,Books,0
TXN0010845,CUST01379,2025-05-28,32.57,Books,0
TXN0010846,CUST01379,2025-12-21,44.32,Beauty,0
TXN0010847,CUST01379,2025-07-01,44.12,Beauty,0
TXN0010848,CUST01380,2024-07-08,90.7,Electronics,1
TXN0010849,CUST01380,2025-04-07,27.91,Home & Kitchen,0
TXN0010850,CUST01380,2024-07-17,79.98,Books,0
TXN0010851,CUST01380,2025-05-09,83.04,Books,0
TXN0010852,CUST01380,2024-08-14,46.49,Home & Kitchen,0
TXN0010853,CUST01380,2025-01-18,46.51,Electronics,1
TXN0010854,CUST01382,2025-09-01,24.47,Fashion,0
TXN0010855,CUST01382,2025-03-18,141.87,Fashion,0
TXN0010856,CUST01382,2025-10-29,45.75,Fashion,0
TXN0010857,CUST01382,2025-05-08,78.21,Sports,0
TXN0010858,CUST01382,2025-09-20,56.35,Electronics,0
TXN0010859,CUST01382,2025-11-05,43.29,Fashion,0
TXN0010860,CUST01382,2025-04-09,51.73,Sports,0
TXN0010861,CUST01382,2025-10-03,58.44,Fashion,0
TXN0010862,CUST01382,2025-10-19,65.19,Fashion,1
TXN0010863,CUST01382,2025-04-03,122.67,Books,1
TXN0010864,CUST01382,2025-05-12,63.85,Beauty,0
TXN0010865,CUST01382,2025-08-13,40.18,Electronics,0
TXN0010866,CUST01383,2025-06-10,14.93,Electronics,0
TXN0010867,CUST01383,2025-09-04,34.27,Sports,0
TXN0010868,CUST01383,2025-04-16,53.5,Fashion,0
TXN0010869,CUST01383,2025-11-04,12.01,Books,1
TXN0010870,CUST01383,2025-03-22,53.72,Books,0
TXN0010871,CUST01384,2024-06-13,39.38,Home & Kitchen,0
TXN0010872,CUST01384,2024-01-17,42.76,Home & Kitchen,0
TXN0010873,CUST01384,2024-11-30,54.98,Sports,0
TXN0010874,CUST01384,2024-04-16,28.16,Beauty,0
TXN0010875,CUST01384,2025-12-05,33.51,Fashion,0
TXN0010876,CUST01384,2024-07-28,63.53,Beauty,1
TXN0010877,CUST01384,2024-07-24,85.36,Fashion,0
TXN0010878,CUST01384,2025-01-15,56.44,Fashion,0
TXN0010879,CUST01384,2025-05-13,22.81,Sports,1
TXN0010880,CUST01384,2024-09-10,19.46,Fashion,1
TXN0010881,CUST01384,2024-03-25,40.02,Books,0
TXN0010882,CUST01384,2024-09-09,48.51,Books,1
TXN0010883,CUST01384,2024-10-27,58.14,Fashion,1
TXN0010884,CUST01384,2025-11-20,51.53,Home & Kitchen,1
TXN0010885,CUST01384,2025-11-01,48.28,Electronics,0
TXN0010886,CUST01384,2024-02-06,99.54,Fashion,0
TXN0010887,CUST01384,2025-07-13,46.07,Electronics,0
TXN0010888,CUST01384,2024-03-27,69.03,Beauty,0
TXN0010889,CUST01384,2025-06-08,25.37,Fashion,0
TXN0010890,CUST01385,2025-05-23,33.62,Home & Kitchen,1
TXN0010891,CUST01387,2025-12-07,112.11,Beauty,1
TXN0010892,CUST01388,2025-04-16,19.21,Books,0
TXN0010893,CUST01388,2024-09-23,56.77,Home & Kitchen,0
TXN0010894,CUST01388,2025-06-22,86.04,Home & Kitchen,1
TXN0010895,CUST01388,2025-10-30,60.32,Sports,1
TXN0010896,CUST01388,2025-12-16,91.21,Home & Kitchen,0
TXN0010897,CUST01388,2025-08-16,69.73,Electronics,0
TXN0010898,CUST01389,2025-04-09,54.56,Electronics,0
TXN0010899,CUST01389,2025-01-30,66.96,Home & Kitchen,0
TXN0010900,CUST01389,2025-07-18,49.49,Electronics,0
TXN0010901,CUST01389,2024-09-29,110.54,Beauty,0
TXN0010902,CUST01389,2024-11-15,55.26,Electronics,1
TXN0010903,CUST01389,2024-10-28,30.77,Books,0
TXN0010904,CUST01389,2025-04-02,96.89,Fashion,0
TXN0010905,CUST01389,2024-12-01,63.29,Beauty,0
TXN0010906,CUST01389,2025-09-06,30.22,Electronics,0
TXN0010907,CUST01390,2025-04-22,60.71,Sports,1
TXN0010908,CUST01390,2025-12-01,120.19,Beauty,0
TXN0010909,CUST01390,2025-06-21,97.64,Sports,1
TXN0010910,CUST01390,2025-04-07,81.33,Books,0
TXN0010911,CUST01390,2025-08-30,30.41,Sports,1
TXN0010912,CUST01390,2025-08-10,49.57,Fashion,0
TXN0010913,CUST01390,2025-03-23,35.6,Fashion,0
TXN0010914,CUST01391,2025-02-28,205.3,Electronics,1
TXN0010915,CUST01391,2025-07-09,73.63,Electronics,0
TXN0010916,CUST01391,2025-03-21,90.85,Home & Kitchen,0
TXN0010917,CUST01391,2025-04-25,113.95,Fashion,0
TXN0010918,CUST01391,2025-09-12,113.18,Electronics,0
TXN0010919,CUST01391,2025-01-25,23.36,Beauty,0
TXN0010920,CUST01391,2025-12-29,83.66,Electronics,0
TXN0010921,CUST01391,2025-06-08,117.69,Electronics,1
TXN0010922,CUST01391,2024-10-24,23.86,Beauty,0
TXN0010923,CUST01391,2024-09-20,45.99,Beauty,0
TXN0010924,CUST01391,2024-11-06,98.54,Beauty,1
TXN0010925,CUST01391,2024-12-06,47.77,Sports,0
TXN0010926,CUST01391,2024-04-27,52.62,Beauty,0
TXN0010927,CUST01391,2025-03-17,27.75,Fashion,0
TXN0010928,CUST01391,2025-06-10,234.98,Sports,1
TXN0010929,CUST01391,2024-05-14,64.36,Books,1
TXN0010930,CUST01391,2024-04-27,62.06,Electronics,1
TXN0010931,CUST01391,2025-09-03,61.45,Home & Kitchen,1
TXN0010932,CUST01391,2024-11-01,43.79,Beauty,0
TXN0010933,CUST01391,2024-07-08,115.53,Beauty,0
TXN0010934,CUST01391,2024-06-08,43.9,Home & Kitchen,1
TXN0010935,CUST01391,2024-10-28,62.5,Fashion,0
TXN0010936,CUST01391,2025-08-13,32.4,Home & Kitchen,0
TXN0010937,CUST01391,2025-01-15,20.16,Books,0
TXN0010938,CUST01391,2024-07-20,127.25,Sports,0
TXN0010939,CUST01391,2024-09-19,56.88,Home & Kitchen,0
TXN0010940,CUST01391,2025-10-24,64.94,Sports,0
TXN0010941,CUST01391,2025-05-11,53.3,Books,0
TXN0010942,CUST01391,2024-06-01,70.15,Books,0
TXN0010943,CUST01391,2025-08-22,143.89,Electronics,0
TXN0010944,CUST01391,2025-02-22,58.0,Beauty,0
TXN0010945,CUST01391,2025-01-02,88.92,Beauty,0
TXN0010946,CUST01391,2025-01-28,41.74,Books,0
TXN0010947,CUST01391,2024-11-13,79.77,Sports,1
TXN0010948,CUST01391,2025-01-07,108.85,Fashion,0
TXN0010949,CUST01391,2025-10-18,44.8,Fashion,0
TXN0010950,CUST01391,2025-10-20,53.51,Fashion,1
TXN0010951,CUST01391,2025-01-24,80.85,Sports,1
TXN0010952,CUST01391,2024-07-25,25.51,Fashion,0
TXN0010953,CUST01392,2025-08-19,130.21,Fashion,1
TXN0010954,CUST01392,2025-07-24,34.13,Fashion,0
TXN0010955,CUST01392,2024-10-15,22.45,Books,0
TXN0010956,CUST01392,2025-07-06,38.29,Electronics,0
TXN0010957,CUST01392,2025-05-21,40.41,Books,0
TXN0010958,CUST01392,2025-06-27,35.72,Electronics,0
TXN0010959,CUST01392,2025-01-02,71.92,Books,0
TXN0010960,CUST01392,2025-12-16,28.5,Beauty,0
TXN0010961,CUST01392,2025-08-21,75.32,Home & Kitchen,0
TXN0010962,CUST01392,2024-07-18,24.5,Sports,0
TXN0010963,CUST01393,2025-12-10,31.27,Electronics,0
TXN0010964,CUST01395,2025-10-08,129.05,Fashion,1
TXN0010965,CUST01395,2025-09-14,49.15,Fashion,1
TXN0010966,CUST01395,2025-11-15,91.94,Home & Kitchen,1
TXN0010967,CUST01396,2025-08-03,101.66,Fashion,0
TXN0010968,CUST01398,2025-08-25,52.65,Books,0
TXN0010969,CUST01398,2025-10-01,16.8,Books,0
TXN0010970,CUST01399,2025-09-24,34.14,Home & Kitchen,1
TXN0010971,CUST01399,2025-09-28,100.29,Home & Kitchen,1
TXN0010972,CUST01400,2025-09-20,62.06,Books,0
TXN0010973,CUST01400,2025-09-11,26.28,Beauty,1
TXN0010974,CUST01400,2025-08-25,180.41,Books,1
TXN0010975,CUST01400,2025-09-02,64.3,Sports,0
TXN0010976,CUST01401,2025-04-29,50.81,Sports,0
TXN0010977,CUST01402,2025-07-22,36.83,Sports,1
TXN0010978,CUST01402,2025-11-14,69.47,Sports,0
TXN0010979,CUST01403,2024-09-24,38.38,Home & Kitchen,0
TXN0010980,CUST01403,2025-09-03,87.26,Fashion,0
TXN0010981,CUST01403,2025-10-08,74.36,Home & Kitchen,0
TXN0010982,CUST01403,2025-08-10,45.5,Beauty,1
TXN0010983,CUST01403,2025-04-26,49.29,Home & Kitchen,0
TXN0010984,CUST01403,2025-06-01,32.27,Books,0
TXN0010985,CUST01403,2024-09-13,38.86,Fashion,1
TXN0010986,CUST01403,2025-12-18,144.83,Sports,0
TXN0010987,CUST01403,2025-07-10,20.35,Books,0
TXN0010988,CUST01403,2025-11-21,64.19,Electronics,0
TXN0010989,CUST01403,2025-01-21,39.31,Books,1
TXN0010990,CUST01403,2024-09-17,87.65,Beauty,1
TXN0010991,CUST01403,2025-10-02,132.95,Books,0
TXN0010992,CUST01403,2024-12-21,38.63,Electronics,0
TXN0010993,CUST01403,2024-10-15,66.27,Fashion,0
TXN0010994,CUST01403,2025-10-27,59.93,Fashion,1
TXN0010995,CUST01403,2024-06-15,5.22,Electronics,1
TXN0010996,CUST01403,2024-12-27,115.23,Fashion,0
TXN0010997,CUST01403,2025-11-30,19.27,Books,1
TXN0010998,CUST01406,2025-10-06,22.66,Electronics,0
TXN0010999,CUST01406,2025-10-13,24.11,Fashion,1
TXN0011000,CUST01406,2025-09-05,31.24,Fashion,0
TXN0011001,CUST01407,2025-03-18,42.26,Beauty,0
TXN0011002,CUST01407,2025-01-06,22.89,Home & Kitchen,0
TXN0011003,CUST01407,2025-03-17,60.78,Electronics,1
TXN0011004,CUST01407,2025-04-19,11.28,Sports,1
TXN0011005,CUST01407,2025-08-01,52.93,Beauty,1
TXN0011006,CUST01407,2024-10-19,57.31,Beauty,0
TXN0011007,CUST01407,2024-08-28,25.59,Home & Kitchen,1
TXN0011008,CUST01408,2025-09-19,46.35,Fashion,1
TXN0011009,CUST01408,2025-06-24,16.44,Books,1
TXN0011010,CUST01408,2025-09-27,30.38,Sports,0
TXN0011011,CUST01408,2025-10-17,43.39,Beauty,0
TXN0011012,CUST01408,2025-04-17,27.71,Beauty,0
TXN0011013,CUST01408,2025-10-15,22.38,Fashion,0
TXN0011014,CUST01408,2025-10-21,37.89,Beauty,0
TXN0011015,CUST01408,2025-12-05,27.94,Sports,0
TXN0011016,CUST01409,2024-10-10,67.8,Home & Kitchen,0
TXN0011017,CUST01409,2025-02-18,91.08,Sports,0
TXN0011018,CUST01409,2025-07-08,62.55,Beauty,1
TXN0011019,CUST01409,2025-07-08,25.2,Electronics,0
TXN0011020,CUST01410,2025-07-04,39.16,Books,0
TXN0011021,CUST01410,2025-11-27,65.67,Home & Kitchen,0
TXN0011022,CUST01410,2025-10-09,107.5,Books,1
TXN0011023,CUST01410,2025-07-02,61.9,Sports,1
TXN0011024,CUST01412,2025-02-10,27.24,Home & Kitchen,1
TXN0011025,CUST01412,2025-11-14,54.01,Home & Kitchen,1
TXN0011026,CUST01414,2025-10-17,94.24,Fashion,1
TXN0011027,CUST01414,2024-08-17,40.63,Home & Kitchen,1
TXN0011028,CUST01414,2025-04-30,91.48,Home & Kitchen,0
TXN0011029,CUST01414,2025-09-16,42.25,Beauty,0
TXN0011030,CUST01414,2024-07-20,37.97,Sports,0
TXN0011031,CUST01414,2025-01-26,13.8,Beauty,0
TXN0011032,CUST01414,2024-07-09,24.76,Books,0
TXN0011033,CUST01414,2024-04-29,37.47,Electronics,0
TXN0011034,CUST01414,2024-04-26,59.29,Books,0
TXN0011035,CUST01414,2024-04-11,111.12,Home & Kitchen,0
TXN0011036,CUST01414,2025-09-06,63.8,Sports,0
TXN0011037,CUST01414,2024-03-30,57.0,Home & Kitchen,0
TXN0011038,CUST01414,2024-05-01,20.82,Electronics,0
TXN0011039,CUST01414,2025-03-15,24.58,Home & Kitchen,1
TXN0011040,CUST01414,2025-11-19,38.66,Beauty,0
TXN0011041,CUST01414,2025-02-25,45.25,Books,1
TXN0011042,CUST01414,2024-09-05,59.39,Electronics,1
TXN0011043,CUST01414,2025-06-29,44.23,Sports,0
TXN0011044,CUST01414,2025-12-11,46.9,Fashion,0
TXN0011045,CUST01414,2025-12-07,44.86,Electronics,0
TXN0011046,CUST01414,2024-05-26,10.04,Fashion,0
TXN0011047,CUST01414,2025-08-16,56.97,Beauty,0
TXN0011048,CUST01415,2025-10-04,52.56,Electronics,0
TXN0011049,CUST01415,2024-10-01,94.25,Electronics,0
TXN0011050,CUST01415,2025-01-14,44.84,Sports,0
TXN0011051,CUST01415,2025-01-16,68.88,Books,1
TXN0011052,CUST01415,2025-09-01,34.26,Home & Kitchen,1
TXN0011053,CUST01415,2025-10-12,30.51,Fashion,1
TXN0011054,CUST01415,2025-01-01,48.08,Home & Kitchen,1
TXN0011055,CUST01415,2025-02-14,31.28,Home & Kitchen,0
TXN0011056,CUST01415,2025-08-17,15.81,Beauty,0
TXN0011057,CUST01415,2025-02-02,31.14,Beauty,0
TXN0011058,CUST01415,2024-09-17,112.04,Sports,0
TXN0011059,CUST01415,2025-09-22,72.59,Electronics,0
TXN0011060,CUST01415,2025-07-29,36.02,Sports,0
TXN0011061,CUST01416,2025-10-10,96.63,Fashion,0
TXN0011062,CUST01416,2025-10-25,35.08,Beauty,0
TXN0011063,CUST01418,2025-12-15,76.27,Sports,1
TXN0011064,CUST01418,2025-11-30,37.06,Fashion,1
TXN0011065,CUST01419,2025-11-29,66.27,Fashion,1
TXN0011066,CUST01419,2025-03-24,33.69,Books,0
TXN0011067,CUST01419,2025-05-01,40.39,Fashion,0
TXN0011068,CUST01419,2025-10-12,10.35,Electronics,0
TXN0011069,CUST01419,2025-04-21,31.89,Fashion,1
TXN0011070,CUST01419,2025-03-12,37.55,Books,0
TXN0011071,CUST01419,2025-12-19,28.63,Books,1
TXN0011072,CUST01419,2025-05-06,28.43,Home & Kitchen,1
TXN0011073,CUST01420,2025-01-01,18.12,Sports,0
TXN0011074,CUST01420,2025-05-23,21.97,Sports,1
TXN0011075,CUST01420,2024-10-17,59.93,Fashion,0
TXN0011076,CUST01420,2025-03-26,142.06,Sports,0
TXN0011077,CUST01420,2024-12-18,38.68,Sports,0
TXN0011078,CUST01420,2024-11-01,64.31,Sports,0
TXN0011079,CUST01420,2024-12-27,17.32,Electronics,0
TXN0011080,CUST01420,2024-10-23,54.43,Sports,0
TXN0011081,CUST01420,2025-06-04,54.7,Home & Kitchen,0
TXN0011082,CUST01420,2025-12-24,20.9,Sports,0
TXN0011083,CUST01420,2025-01-30,55.87,Fashion,0
TXN0011084,CUST01420,2025-12-20,28.23,Books,0
TXN0011085,CUST01420,2024-12-05,38.75,Sports,0
TXN0011086,CUST01420,2025-10-07,44.59,Fashion,1
TXN0011087,CUST01420,2025-06-04,98.68,Home & Kitchen,0
TXN0011088,CUST01420,2025-09-12,31.53,Fashion,0
TXN0011089,CUST01420,2024-09-19,25.9,Electronics,0
TXN0011090,CUST01420,2024-12-14,64.39,Books,0
TXN0011091,CUST01420,2024-12-05,32.75,Fashion,1
TXN0011092,CUST01420,2025-05-03,78.94,Books,0
TXN0011093,CUST01420,2024-12-14,39.16,Books,0
TXN0011094,CUST01420,2025-04-11,66.0,Sports,0
TXN0011095,CUST01420,2025-03-16,158.69,Fashion,0
TXN0011096,CUST01420,2025-12-11,16.96,Books,1
TXN0011097,CUST01420,2025-11-24,16.35,Fashion,0
TXN0011098,CUST01420,2025-11-09,60.6,Sports,1
TXN0011099,CUST01420,2025-08-25,48.04,Sports,1
TXN0011100,CUST01420,2025-04-06,46.21,Beauty,1
TXN0011101,CUST01420,2024-09-17,60.32,Fashion,0
TXN0011102,CUST01420,2025-01-28,30.31,Home & Kitchen,0
TXN0011103,CUST01420,2024-08-15,57.28,Electronics,0
TXN0011104,CUST01421,2025-11-23,34.98,Beauty,0
TXN0011105,CUST01422,2025-10-16,28.57,Home & Kitchen,0
TXN0011106,CUST01422,2025-08-23,38.62,Beauty,1
TXN0011107,CUST01423,2025-12-26,38.42,Sports,0
TXN0011108,CUST01424,2025-04-07,9.31,Beauty,0
TXN0011109,CUST01424,2025-12-25,78.37,Beauty,1
TXN0011110,CUST01424,2025-08-20,82.04,Beauty,0
TXN0011111,CUST01424,2025-10-20,104.18,Home & Kitchen,1
TXN0011112,CUST01424,2025-10-02,30.65,Fashion,1
TXN0011113,CUST01424,2024-07-18,23.1,Books,1
TXN0011114,CUST01424,2024-11-10,40.55,Home & Kitchen,0
TXN0011115,CUST01424,2024-12-21,52.88,Electronics,1
TXN0011116,CUST01425,2025-11-25,36.99,Electronics,0
TXN0011117,CUST01425,2024-12-30,18.92,Home & Kitchen,1
TXN0011118,CUST01426,2025-08-19,33.71,Books,0
TXN0011119,CUST01426,2025-10-27,84.82,Sports,0
TXN0011120,CUST01426,2025-09-12,44.44,Books,0
TXN0011121,CUST01427,2025-07-25,14.05,Home & Kitchen,1
TXN0011122,CUST01427,2025-08-01,37.01,Fashion,0
TXN0011123,CUST01427,2025-07-07,19.58,Books,0
TXN0011124,CUST01427,2025-07-19,30.51,Sports,0
TXN0011125,CUST01427,2025-09-19,15.33,Sports,0
TXN0011126,CUST01427,2025-12-28,16.18,Electronics,0
TXN0011127,CUST01427,2025-08-10,44.31,Electronics,0
TXN0011128,CUST01427,2025-07-08,77.74,Beauty,0
TXN0011129,CUST01427,2025-02-21,14.36,Fashion,1
TXN0011130,CUST01427,2024-06-10,45.66,Fashion,1
TXN0011131,CUST01427,2024-11-29,37.04,Beauty,0
TXN0011132,CUST01427,2024-09-08,67.74,Fashion,0
TXN0011133,CUST01427,2024-11-09,12.67,Fashion,0
TXN0011134,CUST01427,2024-10-29,146.87,Beauty,0
TXN0011135,CUST01427,2025-04-09,23.25,Fashion,0
TXN0011136,CUST01428,2025-11-29,88.85,Books,1
TXN0011137,CUST01428,2025-10-22,73.57,Beauty,0
TXN0011138,CUST01428,2025-12-21,16.02,Beauty,1
TXN0011139,CUST01429,2025-07-08,46.74,Sports,0
TXN0011140,CUST01430,2025-10-21,32.19,Fashion,0
TXN0011141,CUST01430,2025-08-27,36.39,Fashion,0
TXN0011142,CUST01430,2025-11-30,90.44,Home & Kitchen,0
TXN0011143,CUST01431,2025-12-05,127.88,Electronics,0
TXN0011144,CUST01431,2025-10-13,39.21,Fashion,0
TXN0011145,CUST01431,2025-09-24,33.7,Home & Kitchen,1
TXN0011146,CUST01431,2025-12-07,28.41,Fashion,0
TXN0011147,CUST01431,2025-12-05,37.87,Beauty,1
TXN0011148,CUST01431,2025-10-18,67.72,Electronics,0
TXN0011149,CUST01432,2025-09-11,19.45,Books,0
TXN0011150,CUST01432,2025-09-07,120.07,Books,0
TXN0011151,CUST01432,2025-10-11,31.72,Sports,0
TXN0011152,CUST01433,2025-01-16,17.47,Books,1
TXN0011153,CUST01433,2024-09-14,60.09,Fashion,1
TXN0011154,CUST01433,2024-03-22,28.06,Fashion,1
TXN0011155,CUST01433,2024-11-15,13.57,Beauty,0
TXN0011156,CUST01433,2025-06-15,37.22,Fashion,0
TXN0011157,CUST01433,2024-05-26,16.89,Books,0
TXN0011158,CUST01433,2024-08-15,46.16,Home & Kitchen,1
TXN0011159,CUST01433,2024-06-16,64.91,Home & Kitchen,0
TXN0011160,CUST01433,2024-08-22,120.17,Electronics,0
TXN0011161,CUST01434,2025-12-02,61.48,Books,0
TXN0011162,CUST01434,2025-12-04,12.01,Electronics,0
TXN0011163,CUST01434,2025-12-29,49.66,Sports,0
TXN0011164,CUST01434,2025-11-12,44.43,Home & Kitchen,0
TXN0011165,CUST01435,2025-10-17,42.18,Sports,0
TXN0011166,CUST01435,2025-05-10,61.42,Electronics,0
TXN0011167,CUST01435,2025-09-26,75.62,Books,0
TXN0011168,CUST01435,2025-06-16,47.62,Sports,0
TXN0011169,CUST01435,2025-04-08,27.78,Beauty,0
TXN0011170,CUST01436,2025-12-14,77.9,Fashion,0
TXN0011171,CUST01437,2025-05-30,46.77,Books,0
TXN0011172,CUST01437,2025-11-24,65.5,Beauty,0
TXN0011173,CUST01438,2025-04-16,18.15,Home & Kitchen,1
TXN0011174,CUST01438,2024-12-20,52.51,Electronics,0
TXN0011175,CUST01438,2025-08-06,174.48,Sports,0
TXN0011176,CUST01438,2025-04-10,69.98,Books,0
TXN0011177,CUST01438,2024-11-25,57.1,Sports,1
TXN0011178,CUST01438,2025-06-28,41.35,Beauty,1
TXN0011179,CUST01438,2025-03-09,39.26,Fashion,0
TXN0011180,CUST01438,2025-10-01,23.99,Electronics,0
TXN0011181,CUST01438,2024-12-28,67.51,Books,0
TXN0011182,CUST01438,2025-10-01,122.74,Home & Kitchen,1
TXN0011183,CUST01438,2025-08-29,28.0,Home & Kitchen,0
TXN0011184,CUST01438,2025-10-15,163.83,Electronics,0
TXN0011185,CUST01438,2025-07-22,37.58,Beauty,0
TXN0011186,CUST01438,2025-03-29,117.23,Home & Kitchen,0
TXN0011187,CUST01438,2025-10-31,49.75,Electronics,0
TXN0011188,CUST01439,2025-01-19,59.53,Books,0
TXN0011189,CUST01439,2025-01-21,24.65,Beauty,0
TXN0011190,CUST01439,2025-05-01,109.36,Beauty,1
TXN0011191,CUST01439,2025-12-07,70.59,Sports,0
TXN0011192,CUST01439,2025-11-26,118.23,Fashion,0
TXN0011193,CUST01439,2025-02-22,62.24,Books,0
TXN0011194,CUST01439,2025-11-26,92.9,Books,0
TXN0011195,CUST01439,2025-02-25,41.0,Beauty,1
TXN0011196,CUST01440,2025-06-24,34.4,Home & Kitchen,0
TXN0011197,CUST01440,2025-07-27,38.1,Fashion,0
TXN0011198,CUST01440,2024-12-22,28.28,Sports,1
TXN0011199,CUST01441,2025-12-13,23.42,Electronics,0
TXN0011200,CUST01441,2025-12-02,32.31,Electronics,0
TXN0011201,CUST01442,2025-05-18,31.24,Books,0
TXN0011202,CUST01442,2025-09-05,60.6,Sports,0
TXN0011203,CUST01442,2025-07-17,57.54,Sports,0
TXN0011204,CUST01442,2025-09-08,35.11,Home & Kitchen,0
TXN0011205,CUST01442,2025-05-17,34.7,Fashion,0
TXN0011206,CUST01443,2025-03-23,9.03,Books,0
TXN0011207,CUST01443,2025-06-29,25.6,Beauty,0
TXN0011208,CUST01443,2025-12-16,33.69,Books,0
TXN0011209,CUST01443,2025-05-28,58.97,Beauty,0
TXN0011210,CUST01443,2024-10-23,56.56,Beauty,0
TXN0011211,CUST01443,2025-01-09,214.54,Electronics,0
TXN0011212,CUST01443,2024-12-01,109.13,Books,0
TXN0011213,CUST01444,2025-10-23,79.32,Electronics,1
TXN0011214,CUST01445,2025-07-25,98.95,Home & Kitchen,0
TXN0011215,CUST01445,2024-12-22,102.1,Books,0
TXN0011216,CUST01445,2025-01-18,62.31,Books,0
TXN0011217,CUST01445,2025-05-02,173.87,Home & Kitchen,0
TXN0011218,CUST01445,2025-11-24,28.01,Home & Kitchen,0
TXN0011219,CUST01445,2025-01-11,20.46,Books,0
TXN0011220,CUST01445,2024-12-05,80.95,Sports,0
TXN0011221,CUST01445,2025-09-30,60.65,Home & Kitchen,1
TXN0011222,CUST01445,2024-12-31,71.89,Beauty,0
TXN0011223,CUST01446,2025-01-26,42.9,Books,1
TXN0011224,CUST01446,2025-09-06,34.04,Home & Kitchen,0
TXN0011225,CUST01446,2024-10-30,85.34,Home & Kitchen,0
TXN0011226,CUST01446,2024-12-14,51.65,Electronics,1
TXN0011227,CUST01446,2025-05-09,21.85,Electronics,1
TXN0011228,CUST01446,2025-09-26,53.73,Electronics,0
TXN0011229,CUST01446,2025-11-25,57.61,Books,1
TXN0011230,CUST01448,2024-03-25,32.97,Beauty,0
TXN0011231,CUST01448,2025-04-10,38.58,Fashion,0
TXN0011232,CUST01448,2025-11-05,23.93,Sports,0
TXN0011233,CUST01448,2025-03-29,120.42,Beauty,0
TXN0011234,CUST01448,2024-11-01,37.82,Fashion,1
TXN0011235,CUST01448,2025-08-11,87.49,Sports,1
TXN0011236,CUST01448,2024-08-20,15.89,Beauty,1
TXN0011237,CUST01448,2024-11-26,89.15,Books,0
TXN0011238,CUST01448,2024-10-22,65.0,Home & Kitchen,0
TXN0011239,CUST01448,2025-10-11,67.19,Electronics,0
TXN0011240,CUST01448,2024-12-10,117.72,Books,1
TXN0011241,CUST01448,2025-04-29,19.74,Beauty,1
TXN0011242,CUST01448,2024-12-21,36.97,Sports,1
TXN0011243,CUST01448,2025-05-02,49.51,Sports,0
TXN0011244,CUST01448,2025-09-28,63.67,Sports,1
TXN0011245,CUST01448,2025-11-09,103.26,Beauty,0
TXN0011246,CUST01449,2025-08-10,74.31,Sports,0
TXN0011247,CUST01449,2025-09-08,34.79,Sports,1
TXN0011248,CUST01449,2025-06-18,102.25,Books,0
TXN0011249,CUST01449,2025-06-03,74.27,Beauty,0
TXN0011250,CUST01449,2025-05-11,27.46,Electronics,0
TXN0011251,CUST01449,2025-05-16,110.01,Sports,0
TXN0011252,CUST01449,2025-10-27,83.43,Electronics,0
TXN0011253,CUST01449,2025-01-07,29.08,Sports,0
TXN0011254,CUST01449,2025-12-05,27.97,Books,0
TXN0011255,CUST01449,2025-06-18,44.14,Electronics,0
TXN0011256,CUST01450,2024-11-03,9.6,Sports,1
TXN0011257,CUST01450,2025-09-18,158.97,Electronics,1
TXN0011258,CUST01450,2025-03-23,59.97,Electronics,0
TXN0011259,CUST01450,2024-11-12,24.17,Fashion,0
TXN0011260,CUST01450,2024-06-13,45.3,Home & Kitchen,1
TXN0011261,CUST01450,2024-11-29,67.08,Sports,0
TXN0011262,CUST01450,2025-04-05,56.58,Books,0
TXN0011263,CUST01450,2024-04-20,75.86,Books,0
TXN0011264,CUST01450,2024-05-05,28.18,Sports,0
TXN0011265,CUST01450,2024-10-09,21.04,Beauty,0
TXN0011266,CUST01450,2025-08-01,23.02,Beauty,0
TXN0011267,CUST01450,2024-07-26,35.49,Books,0
TXN0011268,CUST01450,2025-07-22,44.23,Books,1
TXN0011269,CUST01450,2025-01-06,182.18,Electronics,0
TXN0011270,CUST01450,2024-08-23,32.3,Home & Kitchen,0
TXN0011271,CUST01450,2024-12-23,53.98,Books,0
TXN0011272,CUST01450,2024-05-24,45.23,Beauty,1
TXN0011273,CUST01450,2024-06-28,14.35,Beauty,1
TXN0011274,CUST01450,2024-12-18,24.65,Sports,0
TXN0011275,CUST01450,2025-07-01,75.11,Sports,1
TXN0011276,CUST01450,2024-10-08,66.06,Electronics,0
TXN0011277,CUST01450,2025-07-05,92.66,Beauty,0
TXN0011278,CUST01450,2024-08-24,76.83,Books,0
TXN0011279,CUST01450,2025-04-21,21.34,Books,0
TXN0011280,CUST01450,2024-10-20,172.62,Beauty,0
TXN0011281,CUST01450,2024-03-05,46.8,Books,0
TXN0011282,CUST01450,2025-11-06,60.99,Electronics,0
TXN0011283,CUST01450,2024-08-12,85.28,Fashion,0
TXN0011284,CUST01450,2025-06-01,63.14,Sports,1
TXN0011285,CUST01450,2025-02-21,80.34,Fashion,1
TXN0011286,CUST01450,2025-03-15,95.12,Electronics,0
TXN0011287,CUST01450,2024-08-30,120.75,Books,1
TXN0011288,CUST01450,2025-03-31,55.05,Home & Kitchen,0
TXN0011289,CUST01450,2024-03-15,38.17,Electronics,0
TXN0011290,CUST01450,2025-10-26,62.43,Home & Kitchen,0
TXN0011291,CUST01450,2024-08-11,103.49,Beauty,0
TXN0011292,CUST01450,2024-04-10,82.45,Electronics,0
TXN0011293,CUST01450,2025-04-12,29.32,Books,0
TXN0011294,CUST01451,2025-12-29,41.39,Beauty,0
TXN0011295,CUST01451,2025-10-22,34.75,Home & Kitchen,0
TXN0011296,CUST01452,2025-12-05,45.5,Home & Kitchen,0
TXN0011297,CUST01452,2025-10-04,66.13,Books,1
TXN0011298,CUST01452,2025-07-08,30.09,Home & Kitchen,0
TXN0011299,CUST01452,2025-07-06,98.4,Home & Kitchen,1
TXN0011300,CUST01452,2025-07-25,11.87,Fashion,0
TXN0011301,CUST01452,2025-11-12,66.09,Home & Kitchen,0
TXN0011302,CUST01452,2025-11-13,21.32,Beauty,1
TXN0011303,CUST01453,2025-03-11,34.78,Electronics,0
TXN0011304,CUST01453,2025-12-07,42.62,Home & Kitchen,1
TXN0011305,CUST01453,2025-12-02,42.77,Beauty,0
TXN0011306,CUST01453,2025-12-29,56.07,Books,0
TXN0011307,CUST01453,2025-09-04,40.68,Books,0
TXN0011308,CUST01453,2025-11-16,37.89,Home & Kitchen,0
TXN0011309,CUST01453,2025-09-21,59.7,Fashion,0
TXN0011310,CUST01453,2025-12-23,66.52,Fashion,0
TXN0011311,CUST01454,2025-12-22,149.53,Sports,0
TXN0011312,CUST01454,2025-12-25,48.71,Sports,0
TXN0011313,CUST01454,2025-12-01,89.02,Books,0
TXN0011314,CUST01455,2024-05-30,31.38,Home & Kitchen,0
TXN0011315,CUST01455,2024-05-06,30.47,Books,0
TXN0011316,CUST01455,2024-12-20,60.05,Beauty,0
TXN0011317,CUST01455,2024-11-29,30.6,Home & Kitchen,1
TXN0011318,CUST01455,2025-02-23,17.94,Fashion,0
TXN0011319,CUST01455,2024-11-30,39.66,Beauty,1
TXN0011320,CUST01455,2024-04-09,43.55,Electronics,0
TXN0011321,CUST01455,2025-02-08,24.73,Home & Kitchen,1
TXN0011322,CUST01455,2024-08-04,23.47,Home & Kitchen,0
TXN0011323,CUST01455,2025-11-01,159.2,Sports,0
TXN0011324,CUST01455,2024-10-03,75.82,Sports,1
TXN0011325,CUST01455,2024-09-27,88.49,Books,1
TXN0011326,CUST01455,2025-06-03,24.55,Fashion,0
TXN0011327,CUST01455,2024-12-25,61.52,Home & Kitchen,1
TXN0011328,CUST01455,2024-04-21,32.36,Home & Kitchen,1
TXN0011329,CUST01455,2025-10-18,36.53,Electronics,0
TXN0011330,CUST01455,2024-10-04,59.98,Books,0
TXN0011331,CUST01455,2024-04-07,79.5,Electronics,1
TXN0011332,CUST01455,2024-03-04,67.11,Books,0
TXN0011333,CUST01455,2024-08-02,19.16,Beauty,0
TXN0011334,CUST01456,2025-12-02,39.96,Home & Kitchen,1
TXN0011335,CUST01456,2024-11-07,22.9,Sports,0
TXN0011336,CUST01456,2025-07-01,73.13,Beauty,0
TXN0011337,CUST01456,2025-09-16,133.27,Books,1
TXN0011338,CUST01456,2025-11-18,78.41,Fashion,0
TXN0011339,CUST01456,2025-08-20,16.73,Beauty,0
TXN0011340,CUST01456,2025-03-31,27.85,Fashion,1
TXN0011341,CUST01456,2025-09-20,38.92,Home & Kitchen,0
TXN0011342,CUST01456,2025-12-17,56.07,Books,0
TXN0011343,CUST01456,2025-05-24,56.89,Beauty,0
TXN0011344,CUST01456,2025-03-21,13.49,Home & Kitchen,1
TXN0011345,CUST01456,2025-05-24,67.11,Home & Kitchen,0
TXN0011346,CUST01457,2025-06-14,11.19,Beauty,0
TXN0011347,CUST01457,2025-04-06,32.18,Home & Kitchen,0
TXN0011348,CUST01458,2025-12-19,21.63,Fashion,0
TXN0011349,CUST01459,2025-11-23,55.81,Fashion,0
TXN0011350,CUST01459,2024-10-06,41.67,Home & Kitchen,0
TXN0011351,CUST01459,2025-07-14,84.54,Electronics,1
TXN0011352,CUST01459,2024-10-14,9.73,Electronics,0
TXN0011353,CUST01459,2024-11-26,58.81,Fashion,0
TXN0011354,CUST01460,2025-10-05,43.04,Sports,0
TXN0011355,CUST01460,2025-05-13,34.54,Home & Kitchen,0
TXN0011356,CUST01460,2025-08-23,34.8,Sports,0
TXN0011357,CUST01461,2024-12-26,14.4,Books,0
TXN0011358,CUST01461,2025-03-22,19.53,Books,0
TXN0011359,CUST01461,2025-04-18,12.36,Sports,0
TXN0011360,CUST01461,2025-06-25,7.46,Home & Kitchen,0
TXN0011361,CUST01461,2025-03-09,9.2,Sports,1
TXN0011362,CUST01461,2024-11-09,20.37,Sports,0
TXN0011363,CUST01461,2025-02-01,56.31,Fashion,0
TXN0011364,CUST01462,2025-10-23,30.77,Beauty,1
TXN0011365,CUST01463,2025-12-27,29.77,Sports,0
TXN0011366,CUST01463,2025-11-20,48.25,Books,0
TXN0011367,CUST01463,2024-10-14,25.27,Electronics,0
TXN0011368,CUST01463,2024-11-25,134.04,Fashion,0
TXN0011369,CUST01463,2024-08-05,22.0,Electronics,1
TXN0011370,CUST01463,2025-05-31,52.99,Electronics,0
TXN0011371,CUST01463,2024-11-20,151.22,Books,0
TXN0011372,CUST01463,2025-08-08,78.82,Sports,0
TXN0011373,CUST01463,2025-02-15,78.32,Books,0
TXN0011374,CUST01463,2025-12-17,87.96,Beauty,1
TXN0011375,CUST01463,2024-09-19,77.23,Home & Kitchen,0
TXN0011376,CUST01463,2024-09-14,117.2,Fashion,1
TXN0011377,CUST01463,2025-04-12,16.37,Books,0
TXN0011378,CUST01463,2024-10-08,9.18,Home & Kitchen,1
TXN0011379,CUST01463,2024-12-15,109.25,Sports,0
TXN0011380,CUST01463,2024-10-28,60.79,Home & Kitchen,0
TXN0011381,CUST01463,2025-02-06,58.64,Beauty,0
TXN0011382,CUST01463,2024-08-12,46.2,Fashion,0
TXN0011383,CUST01463,2025-09-16,75.82,Beauty,0
TXN0011384,CUST01463,2025-12-03,198.6,Electronics,0
TXN0011385,CUST01463,2025-05-28,41.14,Books,0
TXN0011386,CUST01463,2024-11-20,131.24,Home & Kitchen,0
TXN0011387,CUST01463,2025-05-16,30.95,Sports,0
TXN0011388,CUST01463,2024-12-08,70.4,Sports,0
TXN0011389,CUST01463,2025-12-01,49.18,Electronics,0
TXN0011390,CUST01463,2025-09-08,19.63,Home & Kitchen,1
TXN0011391,CUST01463,2025-04-11,116.18,Fashion,0
TXN0011392,CUST01464,2024-11-20,113.74,Beauty,0
TXN0011393,CUST01464,2025-07-22,24.87,Electronics,0
TXN0011394,CUST01464,2025-02-09,66.51,Fashion,0
TXN0011395,CUST01464,2025-12-08,109.46,Sports,0
TXN0011396,CUST01464,2025-11-19,36.93,Fashion,0
TXN0011397,CUST01464,2025-01-15,61.61,Books,0
TXN0011398,CUST01464,2024-10-07,128.74,Home & Kitchen,0
TXN0011399,CUST01464,2025-10-04,97.04,Electronics,0
TXN0011400,CUST01464,2025-08-12,229.81,Beauty,1
TXN0011401,CUST01464,2025-01-24,76.66,Fashion,0
TXN0011402,CUST01464,2025-02-26,59.68,Books,0
TXN0011403,CUST01464,2024-09-14,70.49,Fashion,0
TXN0011404,CUST01464,2025-10-20,80.15,Fashion,0
TXN0011405,CUST01464,2024-07-21,44.8,Fashion,0
TXN0011406,CUST01464,2025-12-01,20.39,Beauty,1
TXN0011407,CUST01464,2024-12-14,60.99,Books,1
TXN0011408,CUST01464,2025-09-21,23.37,Fashion,0
TXN0011409,CUST01464,2024-09-09,29.48,Fashion,0
TXN0011410,CUST01464,2025-11-05,27.07,Electronics,0
TXN0011411,CUST01464,2024-12-26,90.26,Home & Kitchen,1
TXN0011412,CUST01464,2025-10-26,37.7,Fashion,0
TXN0011413,CUST01464,2025-07-05,57.35,Electronics,0
TXN0011414,CUST01464,2024-12-17,89.71,Sports,1
TXN0011415,CUST01464,2024-07-05,98.62,Beauty,1
TXN0011416,CUST01465,2025-05-23,54.61,Beauty,0
TXN0011417,CUST01465,2025-08-20,49.93,Beauty,1
TXN0011418,CUST01465,2024-10-12,50.23,Sports,1
TXN0011419,CUST01465,2025-10-07,40.03,Sports,1
TXN0011420,CUST01465,2025-06-14,58.12,Sports,1
TXN0011421,CUST01465,2025-08-14,92.39,Fashion,0
TXN0011422,CUST01465,2025-05-21,44.99,Beauty,1
TXN0011423,CUST01467,2025-01-31,9.29,Fashion,1
TXN0011424,CUST01467,2025-07-25,122.85,Sports,0
TXN0011425,CUST01467,2025-08-30,68.23,Sports,1
TXN0011426,CUST01467,2025-12-08,43.66,Beauty,1
TXN0011427,CUST01467,2025-01-23,37.98,Books,1
TXN0011428,CUST01467,2025-06-18,59.92,Sports,0
TXN0011429,CUST01467,2025-08-29,36.39,Beauty,0
TXN0011430,CUST01467,2025-10-26,29.04,Books,0
TXN0011431,CUST01467,2025-05-24,18.23,Home & Kitchen,0
TXN0011432,CUST01467,2025-04-26,26.98,Books,0
TXN0011433,CUST01467,2025-05-22,28.33,Home & Kitchen,0
TXN0011434,CUST01467,2025-08-26,64.59,Home & Kitchen,0
TXN0011435,CUST01467,2025-06-21,42.81,Beauty,0
TXN0011436,CUST01467,2025-04-25,14.95,Home & Kitchen,1
TXN0011437,CUST01467,2025-03-15,80.42,Home & Kitchen,0
TXN0011438,CUST01467,2025-05-18,61.39,Fashion,1
TXN0011439,CUST01467,2024-11-23,21.34,Home & Kitchen,0
TXN0011440,CUST01467,2025-08-23,25.72,Sports,0
TXN0011441,CUST01467,2025-09-07,94.77,Home & Kitchen,1
TXN0011442,CUST01467,2025-11-29,36.6,Electronics,0
TXN0011443,CUST01467,2024-09-12,17.32,Books,0
TXN0011444,CUST01468,2025-07-03,91.38,Fashion,0
TXN0011445,CUST01468,2024-09-22,38.42,Home & Kitchen,1
TXN0011446,CUST01468,2025-01-23,71.37,Books,1
TXN0011447,CUST01468,2025-08-29,75.22,Fashion,0
TXN0011448,CUST01468,2025-04-29,63.68,Sports,0
TXN0011449,CUST01468,2025-05-12,51.0,Sports,0
TXN0011450,CUST01468,2024-10-18,43.76,Fashion,1
TXN0011451,CUST01468,2025-09-26,37.43,Electronics,0
TXN0011452,CUST01468,2025-03-03,23.86,Sports,0
TXN0011453,CUST01468,2025-02-15,16.53,Books,0
TXN0011454,CUST01468,2025-07-15,37.54,Beauty,0
TXN0011455,CUST01468,2024-12-09,38.44,Sports,0
TXN0011456,CUST01468,2025-08-06,124.6,Home & Kitchen,0
TXN0011457,CUST01468,2025-04-17,65.88,Electronics,0
TXN0011458,CUST01468,2025-08-18,23.88,Sports,1
TXN0011459,CUST01468,2025-01-09,93.3,Fashion,1
TXN0011460,CUST01468,2025-08-05,76.16,Books,0
TXN0011461,CUST01468,2024-08-29,48.59,Home & Kitchen,0
TXN0011462,CUST01469,2025-07-04,75.59,Books,0
TXN0011463,CUST01469,2025-07-29,28.9,Books,0
TXN0011464,CUST01469,2025-11-18,58.24,Books,1
TXN0011465,CUST01469,2025-10-23,25.54,Sports,0
TXN0011466,CUST01469,2025-12-26,39.9,Fashion,0
TXN0011467,CUST01470,2025-04-15,48.5,Beauty,1
TXN0011468,CUST01470,2025-05-10,83.67,Home & Kitchen,0
TXN0011469,CUST01470,2025-07-27,158.68,Sports,0
TXN0011470,CUST01470,2025-08-13,15.76,Electronics,0
TXN0011471,CUST01470,2024-08-23,74.06,Beauty,0
TXN0011472,CUST01470,2025-04-01,41.42,Sports,1
TXN0011473,CUST01470,2024-07-29,80.94,Beauty,0
TXN0011474,CUST01470,2025-09-20,122.7,Beauty,0
TXN0011475,CUST01470,2024-07-21,78.96,Sports,1
TXN0011476,CUST01470,2025-12-26,23.47,Beauty,1
TXN0011477,CUST01470,2025-01-12,72.14,Electronics,0
TXN0011478,CUST01470,2025-10-17,47.91,Fashion,0
TXN0011479,CUST01470,2024-04-07,18.07,Electronics,0
TXN0011480,CUST01470,2025-12-26,81.46,Sports,0
TXN0011481,CUST01470,2025-10-04,50.3,Beauty,0
TXN0011482,CUST01470,2024-07-24,40.46,Sports,0
TXN0011483,CUST01470,2025-01-17,64.14,Books,0
TXN0011484,CUST01470,2025-01-02,74.9,Electronics,0
TXN0011485,CUST01470,2025-04-10,34.13,Home & Kitchen,0
TXN0011486,CUST01470,2025-12-03,50.66,Beauty,1
TXN0011487,CUST01470,2024-09-06,38.68,Books,1
TXN0011488,CUST01470,2025-11-13,66.02,Fashion,0
TXN0011489,CUST01470,2025-04-07,93.09,Electronics,1
TXN0011490,CUST01470,2024-09-15,96.33,Books,0
TXN0011491,CUST01472,2025-11-27,228.29,Home & Kitchen,0
TXN0011492,CUST01472,2025-12-25,42.05,Electronics,1
TXN0011493,CUST01472,2025-12-09,70.89,Books,1
TXN0011494,CUST01473,2025-09-01,21.15,Home & Kitchen,1
TXN0011495,CUST01473,2025-12-24,90.56,Sports,0
TXN0011496,CUST01473,2025-11-06,42.04,Home & Kitchen,0
TXN0011497,CUST01473,2025-10-26,59.98,Books,0
TXN0011498,CUST01474,2025-08-26,137.16,Electronics,0
TXN0011499,CUST01474,2025-12-08,14.13,Books,1
TXN0011500,CUST01474,2025-09-25,41.42,Sports,0
TXN0011501,CUST01474,2025-09-27,72.06,Beauty,0
TXN0011502,CUST01474,2025-11-29,144.96,Beauty,0
TXN0011503,CUST01474,2025-06-05,115.65,Books,0
TXN0011504,CUST01474,2025-01-15,75.16,Fashion,0
TXN0011505,CUST01474,2025-06-09,44.13,Beauty,0
TXN0011506,CUST01474,2025-10-11,34.98,Fashion,0
TXN0011507,CUST01474,2025-01-14,55.23,Books,0
TXN0011508,CUST01475,2025-11-30,56.15,Beauty,0
TXN0011509,CUST01476,2024-10-30,28.0,Home & Kitchen,0
TXN0011510,CUST01476,2025-08-10,21.16,Sports,0
TXN0011511,CUST01476,2025-10-21,23.39,Books,0
TXN0011512,CUST01476,2024-12-29,62.85,Books,0
TXN0011513,CUST01476,2025-04-25,59.55,Home & Kitchen,0
TXN0011514,CUST01476,2025-02-09,83.63,Home & Kitchen,0
TXN0011515,CUST01476,2024-09-06,51.06,Fashion,1
TXN0011516,CUST01476,2025-09-28,47.36,Sports,0
TXN0011517,CUST01476,2025-06-13,111.51,Sports,0
TXN0011518,CUST01476,2024-12-24,39.4,Beauty,0
TXN0011519,CUST01476,2025-07-20,34.58,Fashion,1
TXN0011520,CUST01476,2025-10-25,15.13,Sports,0
TXN0011521,CUST01476,2024-09-13,71.52,Books,0
TXN0011522,CUST01476,2025-10-24,73.58,Sports,0
TXN0011523,CUST01476,2025-08-07,62.1,Home & Kitchen,1
TXN0011524,CUST01476,2025-09-04,30.92,Electronics,1
TXN0011525,CUST01476,2025-11-22,13.82,Sports,0
TXN0011526,CUST01477,2024-12-23,58.49,Electronics,0
TXN0011527,CUST01477,2025-04-01,136.3,Books,0
TXN0011528,CUST01477,2025-05-03,11.1,Home & Kitchen,0
TXN0011529,CUST01477,2025-01-02,34.34,Sports,0
TXN0011530,CUST01477,2024-10-11,31.42,Electronics,0
TXN0011531,CUST01477,2025-02-02,29.32,Electronics,1
TXN0011532,CUST01477,2025-02-24,19.2,Sports,0
TXN0011533,CUST01477,2025-07-06,27.53,Electronics,0
TXN0011534,CUST01478,2024-06-30,10.85,Sports,0
TXN0011535,CUST01478,2025-05-30,32.09,Beauty,1
TXN0011536,CUST01478,2025-10-17,25.76,Books,0
TXN0011537,CUST01478,2025-07-24,13.32,Fashion,0
TXN0011538,CUST01478,2025-07-09,48.16,Books,1
TXN0011539,CUST01478,2025-03-12,51.21,Fashion,0
TXN0011540,CUST01479,2025-01-01,65.61,Fashion,0
TXN0011541,CUST01479,2025-07-29,56.49,Sports,0
TXN0011542,CUST01479,2025-06-25,36.33,Fashion,1
TXN0011543,CUST01479,2025-09-07,20.23,Fashion,0
TXN0011544,CUST01479,2024-12-19,71.9,Electronics,0
TXN0011545,CUST01479,2025-04-03,28.59,Books,1
TXN0011546,CUST01479,2025-01-01,43.97,Beauty,1
TXN0011547,CUST01479,2025-01-21,39.63,Books,0
TXN0011548,CUST01479,2025-10-25,82.52,Electronics,0
TXN0011549,CUST01479,2025-08-08,67.79,Home & Kitchen,0
TXN0011550,CUST01479,2025-08-03,84.15,Electronics,1
TXN0011551,CUST01479,2025-07-22,13.37,Electronics,0
TXN0011552,CUST01480,2024-09-02,32.92,Beauty,0
TXN0011553,CUST01480,2025-10-23,46.52,Sports,1
TXN0011554,CUST01480,2025-10-07,91.1,Books,0
TXN0011555,CUST01480,2024-12-04,46.39,Books,1
TXN0011556,CUST01480,2025-03-22,80.55,Beauty,1
TXN0011557,CUST01480,2025-12-16,76.62,Beauty,0
TXN0011558,CUST01481,2025-07-01,95.35,Beauty,1
TXN0011559,CUST01481,2025-06-10,49.7,Books,1
TXN0011560,CUST01481,2024-06-12,27.65,Beauty,0
TXN0011561,CUST01481,2025-01-27,52.74,Fashion,0
TXN0011562,CUST01481,2025-01-26,50.58,Home & Kitchen,1
TXN0011563,CUST01481,2024-12-15,31.13,Fashion,0
TXN0011564,CUST01481,2025-01-27,70.22,Electronics,1
TXN0011565,CUST01481,2025-01-26,56.02,Home & Kitchen,0
TXN0011566,CUST01481,2024-10-15,67.86,Home & Kitchen,0
TXN0011567,CUST01481,2024-10-17,96.63,Fashion,0
TXN0011568,CUST01481,2024-10-04,78.35,Books,0
TXN0011569,CUST01481,2025-01-24,9.32,Beauty,1
TXN0011570,CUST01481,2025-01-08,48.48,Home & Kitchen,1
TXN0011571,CUST01482,2025-02-12,63.22,Beauty,0
TXN0011572,CUST01482,2025-10-23,48.55,Electronics,0
TXN0011573,CUST01482,2024-10-15,70.48,Fashion,0
TXN0011574,CUST01482,2025-10-06,79.85,Home & Kitchen,0
TXN0011575,CUST01482,2025-10-02,66.2,Beauty,1
TXN0011576,CUST01482,2024-07-16,99.27,Fashion,0
TXN0011577,CUST01482,2025-07-17,64.49,Fashion,0
TXN0011578,CUST01482,2024-08-19,52.08,Home & Kitchen,0
TXN0011579,CUST01482,2025-10-21,34.03,Books,1
TXN0011580,CUST01482,2024-11-26,13.6,Books,0
TXN0011581,CUST01482,2025-08-06,72.76,Electronics,0
TXN0011582,CUST01482,2025-06-19,84.09,Home & Kitchen,0
TXN0011583,CUST01482,2025-10-09,90.8,Beauty,0
TXN0011584,CUST01482,2025-11-07,35.05,Electronics,0
TXN0011585,CUST01482,2025-03-16,10.9,Sports,1
TXN0011586,CUST01482,2025-09-24,122.83,Home & Kitchen,1
TXN0011587,CUST01482,2024-10-01,65.24,Electronics,0
TXN0011588,CUST01482,2025-08-02,53.94,Sports,0
TXN0011589,CUST01482,2025-10-31,249.98,Electronics,1
TXN0011590,CUST01482,2025-10-04,84.45,Sports,0
TXN0011591,CUST01482,2025-06-08,34.34,Electronics,1
TXN0011592,CUST01482,2024-10-13,244.83,Books,1
TXN0011593,CUST01482,2025-09-06,86.59,Home & Kitchen,0
TXN0011594,CUST01482,2025-12-23,46.58,Electronics,0
TXN0011595,CUST01482,2024-12-08,74.44,Fashion,0
TXN0011596,CUST01483,2025-11-15,49.4,Electronics,1
TXN0011597,CUST01483,2025-11-25,80.38,Sports,0
TXN0011598,CUST01484,2025-03-14,83.41,Electronics,1
TXN0011599,CUST01484,2025-01-16,88.05,Electronics,0
TXN0011600,CUST01484,2025-11-06,72.46,Home & Kitchen,1
TXN0011601,CUST01484,2025-08-10,76.7,Beauty,0
TXN0011602,CUST01484,2025-08-26,74.41,Home & Kitchen,0
TXN0011603,CUST01484,2025-01-06,41.37,Electronics,0
TXN0011604,CUST01484,2025-01-06,117.41,Sports,1
TXN0011605,CUST01484,2025-01-23,52.73,Sports,0
TXN0011606,CUST01484,2025-11-09,35.84,Home & Kitchen,1
TXN0011607,CUST01484,2025-10-03,97.54,Electronics,1
TXN0011608,CUST01484,2025-07-15,130.33,Fashion,0
TXN0011609,CUST01484,2025-12-16,59.24,Fashion,0
TXN0011610,CUST01484,2024-12-12,80.35,Books,0
TXN0011611,CUST01484,2025-07-15,42.23,Sports,0
TXN0011612,CUST01484,2025-02-13,88.27,Beauty,0
TXN0011613,CUST01484,2025-05-01,62.04,Fashion,1
TXN0011614,CUST01484,2025-02-16,116.67,Sports,0
TXN0011615,CUST01484,2025-05-29,43.2,Fashion,1
TXN0011616,CUST01484,2025-04-20,20.74,Home & Kitchen,1
TXN0011617,CUST01484,2025-05-14,78.0,Electronics,1
TXN0011618,CUST01484,2025-03-31,59.64,Books,0
TXN0011619,CUST01484,2025-10-30,57.76,Fashion,0
TXN0011620,CUST01484,2025-07-16,71.72,Sports,0
TXN0011621,CUST01484,2025-03-09,58.85,Home & Kitchen,0
TXN0011622,CUST01484,2024-11-03,99.92,Sports,1
TXN0011623,CUST01485,2025-12-29,82.0,Fashion,0
TXN0011624,CUST01486,2025-12-08,36.72,Beauty,0
TXN0011625,CUST01486,2025-12-26,87.38,Books,1
TXN0011626,CUST01487,2024-12-05,36.42,Fashion,1
TXN0011627,CUST01487,2024-12-09,17.51,Sports,0
TXN0011628,CUST01487,2025-12-26,55.5,Fashion,0
TXN0011629,CUST01487,2025-11-03,76.67,Beauty,0
TXN0011630,CUST01487,2025-11-18,73.86,Electronics,0
TXN0011631,CUST01487,2025-02-03,19.36,Sports,0
TXN0011632,CUST01487,2025-07-02,48.81,Electronics,0
TXN0011633,CUST01488,2025-12-05,79.37,Sports,0
TXN0011634,CUST01488,2025-10-21,135.67,Electronics,0
TXN0011635,CUST01488,2025-12-25,99.52,Home & Kitchen,0
TXN0011636,CUST01490,2025-11-08,27.21,Home & Kitchen,0
TXN0011637,CUST01490,2025-11-25,54.29,Electronics,0
TXN0011638,CUST01490,2025-04-17,187.14,Home & Kitchen,0
TXN0011639,CUST01490,2025-05-30,98.75,Books,1
TXN0011640,CUST01490,2025-01-15,196.47,Fashion,0
TXN0011641,CUST01490,2025-03-23,55.84,Sports,0
TXN0011642,CUST01490,2025-03-05,81.21,Sports,0
TXN0011643,CUST01490,2025-08-13,50.14,Fashion,1
TXN0011644,CUST01490,2024-09-25,71.74,Electronics,0
TXN0011645,CUST01490,2025-12-06,22.82,Beauty,0
TXN0011646,CUST01490,2025-05-26,85.43,Fashion,1
TXN0011647,CUST01490,2024-10-26,217.58,Sports,0
TXN0011648,CUST01490,2025-08-08,62.26,Fashion,0
TXN0011649,CUST01490,2025-10-23,34.15,Sports,1
TXN0011650,CUST01490,2025-05-07,92.82,Home & Kitchen,0
TXN0011651,CUST01490,2025-11-14,117.94,Beauty,0
TXN0011652,CUST01491,2025-10-20,13.21,Books,0
TXN0011653,CUST01491,2025-10-22,29.01,Sports,1
TXN0011654,CUST01491,2025-06-02,74.64,Beauty,1
TXN0011655,CUST01491,2025-12-01,32.12,Beauty,0
TXN0011656,CUST01491,2025-06-15,39.32,Electronics,0
TXN0011657,CUST01491,2025-08-27,7.88,Books,1
TXN0011658,CUST01491,2025-07-20,100.7,Sports,0
TXN0011659,CUST01491,2025-05-02,80.53,Electronics,0
TXN0011660,CUST01491,2025-10-31,16.92,Home & Kitchen,0
TXN0011661,CUST01491,2025-05-31,82.16,Fashion,0
TXN0011662,CUST01492,2025-10-31,40.26,Home & Kitchen,0
TXN0011663,CUST01492,2025-10-14,32.07,Fashion,1
TXN0011664,CUST01492,2025-11-06,32.92,Fashion,1
TXN0011665,CUST01493,2025-03-27,40.2,Beauty,1
TXN0011666,CUST01493,2025-06-21,69.04,Fashion,0
TXN0011667,CUST01493,2025-09-23,70.2,Beauty,0
TXN0011668,CUST01493,2024-04-22,15.53,Electronics,0
TXN0011669,CUST01493,2025-01-11,26.83,Home & Kitchen,0
TXN0011670,CUST01493,2024-05-21,42.77,Electronics,0
TXN0011671,CUST01493,2025-03-26,27.33,Beauty,1
TXN0011672,CUST01493,2024-10-26,21.23,Books,1
TXN0011673,CUST01493,2025-12-14,86.18,Books,0
TXN0011674,CUST01493,2025-06-10,31.19,Sports,0
TXN0011675,CUST01493,2024-06-09,54.74,Electronics,0
TXN0011676,CUST01493,2025-11-02,33.1,Sports,0
TXN0011677,CUST01493,2025-08-22,32.48,Electronics,1
TXN0011678,CUST01493,2025-01-15,109.05,Books,0
TXN0011679,CUST01493,2025-07-17,41.08,Books,0
TXN0011680,CUST01493,2025-07-02,43.09,Home & Kitchen,1
TXN0011681,CUST01493,2024-08-29,48.45,Sports,1
TXN0011682,CUST01493,2024-12-19,55.26,Sports,1
TXN0011683,CUST01493,2025-02-26,32.07,Sports,0
TXN0011684,CUST01493,2025-10-23,81.74,Books,0
TXN0011685,CUST01493,2025-12-04,35.38,Sports,1
TXN0011686,CUST01494,2025-04-30,30.99,Sports,0
TXN0011687,CUST01494,2025-06-20,56.58,Beauty,0
TXN0011688,CUST01494,2025-12-25,68.31,Sports,1
TXN0011689,CUST01494,2025-12-29,51.39,Books,0
TXN0011690,CUST01494,2025-07-25,30.35,Fashion,0
TXN0011691,CUST01494,2025-04-14,48.69,Home & Kitchen,0
TXN0011692,CUST01494,2025-11-12,36.92,Home & Kitchen,0
TXN0011693,CUST01494,2025-04-08,90.99,Fashion,0
TXN0011694,CUST01494,2025-05-06,24.44,Beauty,1
TXN0011695,CUST01494,2025-06-28,31.79,Fashion,0
TXN0011696,CUST01495,2025-10-27,44.14,Home & Kitchen,0
TXN0011697,CUST01495,2025-12-20,14.64,Books,0
TXN0011698,CUST01496,2025-01-22,44.02,Beauty,0
TXN0011699,CUST01496,2025-02-22,74.35,Beauty,0
TXN0011700,CUST01496,2025-05-23,19.33,Beauty,1
TXN0011701,CUST01496,2025-01-12,79.55,Beauty,0
TXN0011702,CUST01496,2025-09-27,95.01,Electronics,1
TXN0011703,CUST01496,2025-09-30,78.21,Beauty,1
TXN0011704,CUST01496,2025-11-04,76.37,Electronics,1
TXN0011705,CUST01496,2025-09-17,34.07,Beauty,1
TXN0011706,CUST01496,2025-09-29,72.15,Electronics,0
TXN0011707,CUST01496,2025-12-18,105.05,Home & Kitchen,0
TXN0011708,CUST01496,2025-08-08,35.46,Sports,1
TXN0011709,CUST01498,2025-05-24,41.61,Beauty,0
TXN0011710,CUST01498,2025-10-20,113.52,Sports,0
TXN0011711,CUST01498,2025-05-10,8.01,Beauty,0
TXN0011712,CUST01498,2025-08-26,48.18,Home & Kitchen,1
TXN0011713,CUST01498,2025-09-02,84.81,Beauty,0
TXN0011714,CUST01498,2025-09-06,58.21,Home & Kitchen,1
TXN0011715,CUST01498,2025-10-14,8.0,Books,0
TXN0011716,CUST01498,2025-08-11,38.75,Books,1
TXN0011717,CUST01498,2025-07-29,16.73,Electronics,1
TXN0011718,CUST01498,2025-11-16,78.22,Sports,0
TXN0011719,CUST01498,2025-05-31,26.82,Electronics,0
TXN0011720,CUST01498,2025-09-01,115.0,Fashion,0
TXN0011721,CUST01498,2025-09-25,16.28,Electronics,0
TXN0011722,CUST01498,2025-11-28,51.5,Home & Kitchen,1
TXN0011723,CUST01498,2025-12-13,161.95,Sports,1
TXN0011724,CUST01498,2025-09-14,46.2,Books,0
TXN0011725,CUST01499,2024-08-04,27.69,Sports,0
TXN0011726,CUST01499,2024-04-20,20.3,Sports,0
TXN0011727,CUST01499,2024-12-02,28.01,Fashion,0
TXN0011728,CUST01499,2025-06-09,44.89,Books,1
TXN0011729,CUST01499,2025-03-23,148.64,Home & Kitchen,0
TXN0011730,CUST01499,2025-04-22,42.75,Books,0
TXN0011731,CUST01499,2024-11-05,21.1,Electronics,1
TXN0011732,CUST01499,2025-07-24,30.14,Sports,0
TXN0011733,CUST01499,2025-09-06,21.35,Electronics,0
TXN0011734,CUST01499,2025-03-14,57.43,Electronics,0
TXN0011735,CUST01499,2025-08-23,25.86,Home & Kitchen,0
TXN0011736,CUST01499,2024-09-23,55.53,Beauty,0
TXN0011737,CUST01499,2025-05-19,140.68,Fashion,0
TXN0011738,CUST01499,2025-07-17,47.26,Home & Kitchen,1
TXN0011739,CUST01499,2025-01-10,48.88,Sports,0
TXN0011740,CUST01499,2024-03-24,52.22,Electronics,0
TXN0011741,CUST01499,2024-07-24,44.33,Books,0
TXN0011742,CUST01500,2025-01-01,11.99,Beauty,0
TXN0011743,CUST01500,2025-04-24,41.16,Books,0
TXN0011744,CUST01500,2024-12-28,4.56,Sports,0
TXN0011745,CUST01500,2025-12-29,44.12,Sports,0
TXN0011746,CUST01500,2024-07-17,45.63,Fashion,0
TXN0011747,CUST01500,2025-10-21,48.21,Sports,0
TXN0011748,CUST01500,2024-07-04,33.09,Home & Kitchen,1
TXN0011749,CUST01500,2025-06-13,46.94,Books,0
TXN0011750,CUST01500,2025-01-14,18.51,Books,0
TXN0011751,CUST01500,2025-07-25,51.69,Electronics,0
TXN0011752,CUST01500,2025-04-03,54.7,Fashion,0
TXN0011753,CUST01501,2025-09-09,49.54,Electronics,0
TXN0011754,CUST01501,2024-09-27,52.72,Beauty,0
TXN0011755,CUST01501,2024-08-22,96.55,Fashion,0
TXN0011756,CUST01501,2025-01-10,159.66,Fashion,1
TXN0011757,CUST01501,2025-08-06,142.13,Books,0
TXN0011758,CUST01501,2024-08-04,179.32,Home & Kitchen,0
TXN0011759,CUST01501,2025-11-29,43.45,Electronics,0
TXN0011760,CUST01501,2025-03-13,20.47,Books,1
TXN0011761,CUST01501,2024-08-20,35.5,Fashion,1
TXN0011762,CUST01501,2025-09-07,37.62,Beauty,1
TXN0011763,CUST01501,2024-12-29,59.08,Fashion,0
TXN0011764,CUST01501,2025-02-09,136.67,Sports,0
TXN0011765,CUST01501,2024-11-09,58.0,Books,0
TXN0011766,CUST01501,2024-11-03,162.08,Sports,1
TXN0011767,CUST01501,2025-09-01,41.65,Electronics,0
TXN0011768,CUST01501,2025-11-05,18.69,Electronics,0
TXN0011769,CUST01501,2025-03-19,22.3,Beauty,1
TXN0011770,CUST01501,2025-11-01,119.9,Fashion,0
TXN0011771,CUST01501,2024-08-01,58.01,Books,1
TXN0011772,CUST01501,2024-07-29,6.99,Electronics,0
TXN0011773,CUST01501,2025-07-23,92.17,Home & Kitchen,1
TXN0011774,CUST01501,2025-01-07,71.19,Electronics,0
TXN0011775,CUST01501,2025-05-23,65.07,Fashion,0
TXN0011776,CUST01501,2025-10-06,83.71,Books,0
TXN0011777,CUST01501,2025-01-29,50.01,Home & Kitchen,0
TXN0011778,CUST01501,2025-04-13,81.71,Fashion,0
TXN0011779,CUST01501,2025-10-15,88.88,Beauty,0
TXN0011780,CUST01501,2025-07-25,31.27,Fashion,0
TXN0011781,CUST01502,2024-12-07,49.12,Home & Kitchen,1
TXN0011782,CUST01502,2025-09-03,47.78,Beauty,0
TXN0011783,CUST01502,2024-08-23,53.9,Electronics,1
TXN0011784,CUST01502,2025-02-15,51.68,Fashion,0
TXN0011785,CUST01502,2025-05-03,62.32,Fashion,1
TXN0011786,CUST01502,2024-12-19,13.59,Sports,0
TXN0011787,CUST01502,2025-07-23,118.08,Fashion,0
TXN0011788,CUST01502,2025-03-14,9.77,Sports,0
TXN0011789,CUST01502,2024-08-26,42.81,Books,1
TXN0011790,CUST01502,2025-10-11,101.68,Home & Kitchen,0
TXN0011791,CUST01502,2025-04-30,133.04,Beauty,1
TXN0011792,CUST01502,2025-04-28,85.21,Books,0
TXN0011793,CUST01502,2024-08-17,86.14,Sports,0
TXN0011794,CUST01502,2024-12-01,108.24,Books,0
TXN0011795,CUST01502,2025-06-20,31.3,Books,0
TXN0011796,CUST01502,2025-10-29,79.56,Home & Kitchen,0
TXN0011797,CUST01502,2025-08-13,102.02,Fashion,0
TXN0011798,CUST01502,2025-01-11,46.83,Books,0
TXN0011799,CUST01502,2025-08-03,131.51,Books,0
TXN0011800,CUST01502,2025-09-01,77.76,Home & Kitchen,0
TXN0011801,CUST01503,2025-10-04,29.84,Beauty,1
TXN0011802,CUST01503,2024-08-02,28.7,Books,1
TXN0011803,CUST01503,2025-06-01,30.53,Electronics,0
TXN0011804,CUST01503,2024-06-23,10.92,Beauty,1
TXN0011805,CUST01504,2025-04-23,17.57,Beauty,1
TXN0011806,CUST01505,2025-11-18,83.99,Beauty,0
TXN0011807,CUST01505,2025-08-02,16.03,Home & Kitchen,1
TXN0011808,CUST01505,2025-09-08,40.84,Fashion,0
TXN0011809,CUST01505,2025-04-10,26.3,Beauty,1
TXN0011810,CUST01506,2025-11-08,92.08,Home & Kitchen,1
TXN0011811,CUST01506,2025-06-22,4.76,Sports,0
TXN0011812,CUST01506,2025-12-30,41.83,Electronics,1
TXN0011813,CUST01506,2025-08-09,52.61,Books,0
TXN0011814,CUST01506,2025-12-19,119.8,Books,0
TXN0011815,CUST01506,2025-09-07,57.01,Beauty,0
TXN0011816,CUST01507,2025-11-22,50.81,Electronics,1
TXN0011817,CUST01507,2025-12-28,52.99,Books,0
TXN0011818,CUST01508,2024-10-31,72.21,Beauty,1
TXN0011819,CUST01508,2025-07-14,85.47,Fashion,0
TXN0011820,CUST01508,2025-05-18,79.15,Books,0
TXN0011821,CUST01508,2025-12-10,142.89,Books,0
TXN0011822,CUST01508,2025-06-26,15.14,Fashion,0
TXN0011823,CUST01508,2024-11-26,13.4,Electronics,0
TXN0011824,CUST01508,2024-11-16,34.23,Books,0
TXN0011825,CUST01508,2025-04-19,35.06,Electronics,0
TXN0011826,CUST01508,2025-02-17,57.08,Electronics,0
TXN0011827,CUST01508,2024-08-05,76.01,Fashion,0
TXN0011828,CUST01508,2025-09-15,53.92,Beauty,0
TXN0011829,CUST01508,2024-11-24,154.15,Electronics,0
TXN0011830,CUST01508,2024-08-19,85.11,Fashion,0
TXN0011831,CUST01508,2024-07-02,14.61,Sports,0
TXN0011832,CUST01508,2025-02-03,22.8,Home & Kitchen,0
TXN0011833,CUST01508,2024-08-14,42.28,Fashion,0
TXN0011834,CUST01509,2025-06-28,23.33,Books,0
TXN0011835,CUST01509,2024-09-06,38.43,Home & Kitchen,0
TXN0011836,CUST01509,2025-10-25,48.98,Books,0
TXN0011837,CUST01509,2025-06-22,50.37,Books,1
TXN0011838,CUST01509,2025-06-25,87.06,Books,0
TXN0011839,CUST01509,2025-11-01,29.77,Beauty,0
TXN0011840,CUST01509,2024-12-29,104.23,Home & Kitchen,0
TXN0011841,CUST01509,2024-11-12,31.71,Sports,0
TXN0011842,CUST01510,2025-09-08,34.87,Home & Kitchen,0
TXN0011843,CUST01510,2025-11-25,45.06,Home & Kitchen,0
TXN0011844,CUST01510,2025-08-17,44.15,Sports,1
TXN0011845,CUST01510,2025-10-31,44.2,Home & Kitchen,0
TXN0011846,CUST01510,2025-05-26,86.61,Electronics,0
TXN0011847,CUST01510,2024-12-10,20.66,Electronics,0
TXN0011848,CUST01510,2024-10-13,63.63,Beauty,0
TXN0011849,CUST01510,2024-12-18,62.79,Fashion,0
TXN0011850,CUST01510,2024-11-24,18.06,Electronics,0
TXN0011851,CUST01510,2024-11-15,101.5,Sports,0
TXN0011852,CUST01510,2025-05-08,88.52,Beauty,0
TXN0011853,CUST01511,2025-12-11,41.53,Fashion,1
TXN0011854,CUST01511,2025-12-15,41.96,Fashion,0
TXN0011855,CUST01513,2025-07-24,50.68,Sports,0
TXN0011856,CUST01514,2025-04-05,47.35,Electronics,0
TXN0011857,CUST01517,2025-07-27,69.4,Beauty,1
TXN0011858,CUST01517,2024-03-12,61.12,Beauty,0
TXN0011859,CUST01517,2025-01-25,79.96,Electronics,0
TXN0011860,CUST01517,2024-12-23,41.95,Electronics,0
TXN0011861,CUST01517,2024-10-14,44.15,Fashion,1
TXN0011862,CUST01517,2024-09-14,99.06,Electronics,0
TXN0011863,CUST01517,2024-12-02,32.38,Beauty,1
TXN0011864,CUST01517,2025-12-26,39.0,Fashion,0
TXN0011865,CUST01517,2025-06-18,58.03,Electronics,1
TXN0011866,CUST01517,2024-03-09,27.49,Books,0
TXN0011867,CUST01517,2024-02-15,29.91,Electronics,0
TXN0011868,CUST01517,2024-08-04,70.72,Fashion,0
TXN0011869,CUST01517,2025-03-06,20.07,Beauty,1
TXN0011870,CUST01517,2025-06-22,58.31,Sports,0
TXN0011871,CUST01517,2025-02-05,32.72,Home & Kitchen,0
TXN0011872,CUST01517,2025-10-04,43.58,Beauty,0
TXN0011873,CUST01518,2025-07-06,49.61,Books,0
TXN0011874,CUST01518,2025-07-28,40.52,Fashion,1
TXN0011875,CUST01519,2025-04-29,10.33,Beauty,1
TXN0011876,CUST01519,2025-12-16,38.15,Sports,0
TXN0011877,CUST01519,2025-05-11,16.43,Electronics,0
TXN0011878,CUST01519,2025-05-27,48.23,Books,1
TXN0011879,CUST01519,2025-09-13,55.6,Sports,0
TXN0011880,CUST01519,2025-07-24,74.19,Fashion,0
TXN0011881,CUST01519,2025-08-15,85.82,Fashion,0
TXN0011882,CUST01519,2025-12-03,38.33,Books,0
TXN0011883,CUST01519,2025-08-18,135.06,Home & Kitchen,0
TXN0011884,CUST01520,2024-11-18,12.77,Electronics,0
TXN0011885,CUST01520,2024-12-17,62.8,Sports,0
TXN0011886,CUST01520,2025-02-09,70.38,Electronics,0
TXN0011887,CUST01520,2025-11-21,27.82,Fashion,1
TXN0011888,CUST01520,2024-11-08,54.13,Home & Kitchen,0
TXN0011889,CUST01520,2025-08-23,29.24,Home & Kitchen,0
TXN0011890,CUST01520,2024-06-30,25.72,Fashion,0
TXN0011891,CUST01520,2025-07-30,55.59,Home & Kitchen,0
TXN0011892,CUST01520,2025-09-05,37.71,Beauty,0
TXN0011893,CUST01520,2025-01-27,45.75,Fashion,1
TXN0011894,CUST01520,2024-11-12,31.62,Books,0
TXN0011895,CUST01521,2025-07-31,38.44,Electronics,0
TXN0011896,CUST01523,2025-12-21,48.09,Beauty,0
TXN0011897,CUST01523,2025-12-30,82.22,Beauty,1
TXN0011898,CUST01524,2025-05-13,24.99,Fashion,0
TXN0011899,CUST01524,2025-09-13,49.82,Home & Kitchen,0
TXN0011900,CUST01524,2025-08-20,21.61,Sports,0
TXN0011901,CUST01524,2025-11-28,53.1,Electronics,0
TXN0011902,CUST01524,2025-12-18,46.48,Fashion,0
TXN0011903,CUST01525,2025-10-18,51.58,Fashion,0
TXN0011904,CUST01525,2025-10-11,59.92,Books,1
TXN0011905,CUST01525,2025-02-24,43.27,Fashion,1
TXN0011906,CUST01525,2025-11-30,82.97,Home & Kitchen,1
TXN0011907,CUST01525,2025-05-24,73.8,Books,0
TXN0011908,CUST01525,2025-03-01,22.61,Books,0
TXN0011909,CUST01526,2024-05-26,111.39,Beauty,0
TXN0011910,CUST01526,2024-07-09,39.64,Electronics,1
TXN0011911,CUST01526,2024-04-20,28.91,Beauty,0
TXN0011912,CUST01526,2025-02-19,52.7,Electronics,0
TXN0011913,CUST01526,2024-12-14,47.95,Fashion,0
TXN0011914,CUST01526,2025-08-16,35.94,Sports,0
TXN0011915,CUST01526,2025-04-13,115.63,Sports,0
TXN0011916,CUST01526,2025-07-12,29.17,Home & Kitchen,0
TXN0011917,CUST01526,2025-03-11,168.12,Sports,0
TXN0011918,CUST01526,2025-03-24,29.32,Fashion,0
TXN0011919,CUST01526,2025-02-28,34.37,Fashion,0
TXN0011920,CUST01526,2025-05-16,8.48,Sports,0
TXN0011921,CUST01526,2025-10-10,72.83,Home & Kitchen,0
TXN0011922,CUST01526,2024-06-20,75.82,Electronics,1
TXN0011923,CUST01526,2025-11-10,90.3,Electronics,0
TXN0011924,CUST01526,2025-09-01,121.78,Books,1
TXN0011925,CUST01526,2025-08-23,32.62,Electronics,0
TXN0011926,CUST01526,2024-06-15,83.12,Beauty,1
TXN0011927,CUST01526,2024-05-06,10.96,Sports,0
TXN0011928,CUST01526,2025-06-28,48.98,Sports,0
TXN0011929,CUST01526,2024-10-17,11.67,Electronics,0
TXN0011930,CUST01526,2025-08-29,67.41,Sports,1
TXN0011931,CUST01526,2024-06-28,87.81,Books,0
TXN0011932,CUST01526,2024-03-05,43.73,Fashion,0
TXN0011933,CUST01526,2024-08-16,18.04,Books,0
TXN0011934,CUST01526,2024-12-26,67.32,Home & Kitchen,0
TXN0011935,CUST01526,2024-08-02,71.34,Home & Kitchen,0
TXN0011936,CUST01526,2025-09-30,138.82,Electronics,1
TXN0011937,CUST01526,2024-06-06,58.3,Fashion,1
TXN0011938,CUST01526,2025-06-29,21.5,Electronics,0
TXN0011939,CUST01526,2024-11-06,84.52,Books,0
TXN0011940,CUST01526,2025-02-26,29.07,Fashion,0
TXN0011941,CUST01526,2024-05-21,112.25,Electronics,0
TXN0011942,CUST01526,2024-05-18,89.15,Beauty,0
TXN0011943,CUST01526,2025-09-26,65.77,Electronics,0
TXN0011944,CUST01526,2025-10-25,140.66,Sports,1
TXN0011945,CUST01528,2025-10-30,13.13,Electronics,1
TXN0011946,CUST01528,2025-09-03,37.91,Beauty,1
TXN0011947,CUST01528,2025-04-13,47.05,Sports,1
TXN0011948,CUST01528,2025-08-31,25.09,Electronics,0
TXN0011949,CUST01528,2024-04-23,32.56,Fashion,0
TXN0011950,CUST01528,2025-10-14,16.32,Books,0
TXN0011951,CUST01528,2025-04-14,46.2,Electronics,1
TXN0011952,CUST01529,2025-09-19,47.06,Sports,0
TXN0011953,CUST01529,2025-07-02,82.8,Sports,1
TXN0011954,CUST01529,2025-09-24,39.99,Electronics,0
TXN0011955,CUST01529,2025-09-18,26.93,Electronics,0
TXN0011956,CUST01530,2025-12-09,38.85,Books,1
TXN0011957,CUST01531,2025-11-14,77.9,Beauty,1
TXN0011958,CUST01531,2025-11-11,133.2,Sports,0
TXN0011959,CUST01531,2025-08-02,94.17,Books,1
TXN0011960,CUST01531,2025-11-10,111.98,Beauty,0
TXN0011961,CUST01531,2025-07-24,36.4,Home & Kitchen,0
TXN0011962,CUST01533,2025-12-03,37.42,Books,0
TXN0011963,CUST01533,2025-05-15,35.33,Sports,0
TXN0011964,CUST01533,2025-01-08,57.26,Beauty,1
TXN0011965,CUST01533,2025-04-23,18.28,Beauty,0
TXN0011966,CUST01533,2025-01-10,49.81,Books,0
TXN0011967,CUST01533,2025-09-25,70.37,Fashion,1
TXN0011968,CUST01533,2025-02-03,63.79,Books,1
TXN0011969,CUST01533,2025-10-16,24.43,Beauty,0
TXN0011970,CUST01533,2025-02-19,30.01,Sports,0
TXN0011971,CUST01533,2025-08-13,52.17,Home & Kitchen,0
TXN0011972,CUST01533,2025-04-11,59.75,Home & Kitchen,0
TXN0011973,CUST01533,2025-03-11,64.77,Books,1
TXN0011974,CUST01533,2025-03-12,73.83,Beauty,0
TXN0011975,CUST01533,2025-11-17,19.2,Beauty,1
TXN0011976,CUST01533,2025-01-09,42.11,Fashion,0
TXN0011977,CUST01534,2024-11-30,132.81,Beauty,0
TXN0011978,CUST01535,2025-10-18,80.01,Sports,0
TXN0011979,CUST01536,2025-07-18,90.92,Home & Kitchen,1
TXN0011980,CUST01536,2025-09-06,60.15,Fashion,0
TXN0011981,CUST01536,2025-08-24,79.14,Fashion,0
TXN0011982,CUST01536,2025-11-19,147.57,Home & Kitchen,1
TXN0011983,CUST01536,2025-05-20,19.78,Books,0
TXN0011984,CUST01536,2025-09-17,113.59,Books,0
TXN0011985,CUST01536,2025-05-28,66.58,Fashion,0
TXN0011986,CUST01536,2025-08-17,48.07,Beauty,0
TXN0011987,CUST01536,2025-08-30,33.48,Home & Kitchen,0
TXN0011988,CUST01536,2025-05-27,38.82,Fashion,0
TXN0011989,CUST01536,2025-06-28,85.68,Home & Kitchen,0
TXN0011990,CUST01536,2025-06-01,66.24,Books,0
TXN0011991,CUST01536,2025-08-14,59.75,Electronics,0
TXN0011992,CUST01536,2025-05-12,102.66,Beauty,0
TXN0011993,CUST01537,2025-08-16,35.19,Home & Kitchen,0
TXN0011994,CUST01537,2025-04-02,7.83,Fashion,0
TXN0011995,CUST01537,2025-12-14,17.33,Electronics,0
TXN0011996,CUST01538,2024-11-03,78.15,Beauty,1
TXN0011997,CUST01538,2025-01-19,53.55,Beauty,0
TXN0011998,CUST01538,2025-05-24,18.75,Books,0
TXN0011999,CUST01538,2024-09-08,67.8,Sports,0
TXN0012000,CUST01538,2024-11-18,80.22,Fashion,0
TXN0012001,CUST01538,2025-03-07,136.86,Beauty,0
TXN0012002,CUST01538,2025-09-29,25.74,Fashion,0
TXN0012003,CUST01538,2025-08-26,33.26,Books,0
TXN0012004,CUST01538,2025-10-06,34.04,Home & Kitchen,0
TXN0012005,CUST01538,2024-12-07,37.87,Fashion,0
TXN0012006,CUST01538,2025-04-08,84.55,Beauty,1
TXN0012007,CUST01538,2025-09-27,98.65,Beauty,0
TXN0012008,CUST01538,2024-12-09,58.59,Beauty,0
TXN0012009,CUST01538,2025-03-27,53.33,Beauty,1
TXN0012010,CUST01538,2025-09-23,82.2,Books,0
TXN0012011,CUST01538,2025-09-30,8.36,Beauty,0
TXN0012012,CUST01538,2025-11-08,91.73,Beauty,0
TXN0012013,CUST01538,2025-05-04,84.51,Beauty,0
TXN0012014,CUST01538,2025-02-14,25.15,Beauty,0
TXN0012015,CUST01538,2025-06-19,89.31,Home & Kitchen,0
TXN0012016,CUST01538,2024-11-12,25.2,Home & Kitchen,0
TXN0012017,CUST01538,2025-07-24,52.48,Home & Kitchen,0
TXN0012018,CUST01539,2025-11-25,17.85,Books,1
TXN0012019,CUST01540,2025-12-30,69.69,Beauty,1
TXN0012020,CUST01540,2025-12-06,68.71,Fashion,0
TXN0012021,CUST01540,2025-12-28,22.35,Books,0
TXN0012022,CUST01540,2025-11-27,59.74,Sports,0
TXN0012023,CUST01541,2025-12-30,101.0,Fashion,0
TXN0012024,CUST01542,2025-10-21,42.11,Fashion,0
TXN0012025,CUST01542,2025-04-19,58.36,Fashion,1
TXN0012026,CUST01542,2025-03-11,94.64,Books,0
TXN0012027,CUST01542,2025-02-15,52.32,Fashion,0
TXN0012028,CUST01542,2025-04-02,27.22,Sports,0
TXN0012029,CUST01542,2025-11-20,73.5,Fashion,0
TXN0012030,CUST01542,2025-04-19,37.4,Books,1
TXN0012031,CUST01542,2025-10-23,17.6,Books,1
TXN0012032,CUST01543,2025-12-09,71.14,Sports,1
TXN0012033,CUST01543,2025-03-11,40.69,Home & Kitchen,0
TXN0012034,CUST01543,2025-09-26,32.91,Beauty,0
TXN0012035,CUST01543,2025-05-23,42.49,Sports,0
TXN0012036,CUST01543,2025-12-21,24.17,Beauty,0
TXN0012037,CUST01543,2025-08-04,55.9,Home & Kitchen,1
TXN0012038,CUST01543,2025-03-22,18.82,Books,1
TXN0012039,CUST01543,2025-04-26,24.22,Home & Kitchen,0
TXN0012040,CUST01544,2025-11-17,43.16,Fashion,0
TXN0012041,CUST01546,2025-07-14,49.66,Beauty,0
TXN0012042,CUST01546,2025-05-17,44.27,Fashion,1
TXN0012043,CUST01546,2025-12-19,158.02,Beauty,1
TXN0012044,CUST01546,2025-12-19,135.74,Electronics,1
TXN0012045,CUST01547,2025-10-03,55.32,Sports,1
TXN0012046,CUST01547,2025-11-22,68.95,Books,1
TXN0012047,CUST01547,2025-03-25,46.54,Beauty,0
TXN0012048,CUST01547,2025-10-30,106.63,Home & Kitchen,1
TXN0012049,CUST01547,2025-03-25,83.17,Sports,0
TXN0012050,CUST01548,2025-02-02,60.81,Beauty,0
TXN0012051,CUST01548,2025-02-25,32.07,Electronics,0
TXN0012052,CUST01548,2025-07-15,27.66,Fashion,0
TXN0012053,CUST01548,2025-07-21,135.53,Fashion,0
TXN0012054,CUST01548,2025-01-20,26.14,Home & Kitchen,0
TXN0012055,CUST01548,2025-06-12,125.41,Sports,0
TXN0012056,CUST01548,2025-10-24,73.07,Fashion,0
TXN0012057,CUST01549,2025-12-04,39.71,Books,0
TXN0012058,CUST01549,2025-09-14,87.96,Beauty,0
TXN0012059,CUST01549,2025-08-29,57.58,Sports,0
TXN0012060,CUST01549,2025-11-19,82.65,Beauty,1
TXN0012061,CUST01549,2025-09-17,43.99,Fashion,0
TXN0012062,CUST01549,2025-12-29,57.35,Beauty,0
TXN0012063,CUST01549,2025-12-03,53.35,Electronics,0
TXN0012064,CUST01549,2025-12-05,25.15,Books,0
TXN0012065,CUST01550,2025-06-20,17.13,Fashion,0
TXN0012066,CUST01550,2025-10-25,22.76,Beauty,1
TXN0012067,CUST01550,2024-07-22,39.17,Sports,1
TXN0012068,CUST01550,2025-02-14,61.2,Books,0
TXN0012069,CUST01550,2025-01-26,66.89,Fashion,0
TXN0012070,CUST01550,2024-07-26,51.76,Home & Kitchen,0
TXN0012071,CUST01550,2024-08-14,23.47,Books,0
TXN0012072,CUST01550,2025-11-26,53.4,Books,0
TXN0012073,CUST01550,2025-10-04,93.13,Sports,0
TXN0012074,CUST01550,2025-03-08,37.91,Fashion,0
TXN0012075,CUST01550,2025-04-04,27.59,Books,1
TXN0012076,CUST01551,2025-09-01,101.33,Beauty,0
TXN0012077,CUST01551,2025-05-12,65.88,Sports,0
TXN0012078,CUST01552,2025-05-09,14.75,Fashion,1
TXN0012079,CUST01552,2024-11-16,28.29,Fashion,0
TXN0012080,CUST01552,2024-04-21,88.62,Beauty,1
TXN0012081,CUST01552,2024-12-20,27.78,Home & Kitchen,1
TXN0012082,CUST01552,2024-05-27,56.76,Beauty,0
TXN0012083,CUST01552,2025-01-21,49.64,Fashion,1
TXN0012084,CUST01552,2024-07-16,60.81,Books,1
TXN0012085,CUST01552,2024-06-21,33.02,Fashion,0
TXN0012086,CUST01552,2024-07-17,6.31,Beauty,0
TXN0012087,CUST01552,2025-06-11,31.69,Home & Kitchen,1
TXN0012088,CUST01552,2025-07-12,40.76,Sports,0
TXN0012089,CUST01552,2025-06-27,40.5,Sports,1
TXN0012090,CUST01553,2025-12-30,84.98,Sports,0
TXN0012091,CUST01553,2025-06-11,46.73,Books,0
TXN0012092,CUST01553,2024-11-28,32.93,Books,1
TXN0012093,CUST01553,2025-10-17,69.89,Electronics,0
TXN0012094,CUST01553,2025-10-02,20.19,Books,0
TXN0012095,CUST01553,2024-11-06,53.47,Electronics,1
TXN0012096,CUST01553,2025-01-04,69.77,Electronics,1
TXN0012097,CUST01553,2025-05-05,43.66,Electronics,0
TXN0012098,CUST01553,2025-09-09,22.91,Electronics,0
TXN0012099,CUST01553,2025-09-30,89.08,Electronics,0
TXN0012100,CUST01553,2025-12-05,136.76,Electronics,0
TXN0012101,CUST01553,2025-02-06,24.08,Home & Kitchen,0
TXN0012102,CUST01553,2024-12-28,73.92,Electronics,0
TXN0012103,CUST01553,2024-11-16,30.08,Home & Kitchen,0
TXN0012104,CUST01553,2025-04-15,10.13,Home & Kitchen,1
TXN0012105,CUST01553,2025-05-25,131.89,Fashion,0
TXN0012106,CUST01554,2025-11-25,24.01,Books,0
TXN0012107,CUST01554,2025-04-17,13.14,Fashion,0
TXN0012108,CUST01554,2025-07-08,66.62,Fashion,1
TXN0012109,CUST01554,2024-06-16,22.97,Home & Kitchen,0
TXN0012110,CUST01554,2025-08-03,19.96,Electronics,1
TXN0012111,CUST01554,2024-06-27,96.34,Home & Kitchen,1
TXN0012112,CUST01554,2025-04-07,62.54,Sports,0
TXN0012113,CUST01554,2024-08-22,90.4,Home & Kitchen,0
TXN0012114,CUST01554,2024-11-20,42.82,Sports,0
TXN0012115,CUST01554,2025-04-02,11.7,Beauty,0
TXN0012116,CUST01554,2025-09-15,105.97,Beauty,1
TXN0012117,CUST01554,2024-09-20,36.47,Home & Kitchen,1
TXN0012118,CUST01554,2024-11-24,20.49,Books,0
TXN0012119,CUST01554,2024-10-21,30.18,Fashion,1
TXN0012120,CUST01554,2025-01-13,40.8,Home & Kitchen,0
TXN0012121,CUST01554,2024-06-19,59.23,Home & Kitchen,0
TXN0012122,CUST01554,2024-11-22,16.71,Electronics,1
TXN0012123,CUST01556,2025-06-04,37.98,Sports,0
TXN0012124,CUST01556,2025-07-05,62.62,Fashion,0
TXN0012125,CUST01556,2025-07-19,113.38,Fashion,0
TXN0012126,CUST01556,2024-12-22,68.43,Fashion,0
TXN0012127,CUST01556,2025-02-23,114.95,Beauty,0
TXN0012128,CUST01556,2025-12-11,50.79,Electronics,1
TXN0012129,CUST01556,2025-09-14,77.17,Sports,0
TXN0012130,CUST01556,2025-07-14,45.97,Sports,0
TXN0012131,CUST01557,2025-06-08,62.2,Beauty,0
TXN0012132,CUST01557,2025-07-12,61.56,Fashion,0
TXN0012133,CUST01557,2025-06-21,39.32,Sports,1
TXN0012134,CUST01557,2025-06-05,63.94,Sports,1
TXN0012135,CUST01557,2025-04-30,66.76,Books,0
TXN0012136,CUST01557,2024-09-17,10.22,Beauty,0
TXN0012137,CUST01557,2025-02-25,83.43,Books,0
TXN0012138,CUST01557,2024-09-16,67.18,Home & Kitchen,1
TXN0012139,CUST01557,2025-04-23,42.86,Books,1
TXN0012140,CUST01557,2024-08-08,142.84,Fashion,1
TXN0012141,CUST01557,2025-06-17,195.21,Electronics,1
TXN0012142,CUST01557,2025-01-23,76.24,Books,0
TXN0012143,CUST01557,2024-03-24,127.92,Fashion,0
TXN0012144,CUST01557,2024-12-26,61.25,Beauty,0
TXN0012145,CUST01557,2024-05-12,33.35,Electronics,0
TXN0012146,CUST01557,2024-05-19,95.44,Electronics,1
TXN0012147,CUST01557,2025-01-10,49.03,Fashion,1
TXN0012148,CUST01557,2024-11-20,84.97,Beauty,0
TXN0012149,CUST01557,2025-01-26,36.39,Beauty,1
TXN0012150,CUST01557,2025-07-19,106.27,Beauty,1
TXN0012151,CUST01557,2024-11-29,17.77,Beauty,1
TXN0012152,CUST01557,2024-07-21,72.65,Fashion,0
TXN0012153,CUST01557,2025-05-22,83.18,Electronics,1
TXN0012154,CUST01557,2025-03-31,169.66,Sports,1
TXN0012155,CUST01557,2025-09-29,55.36,Books,0
TXN0012156,CUST01557,2025-12-15,23.96,Home & Kitchen,1
TXN0012157,CUST01557,2025-04-11,116.61,Beauty,0
TXN0012158,CUST01557,2024-11-30,62.0,Sports,1
TXN0012159,CUST01557,2024-11-26,90.15,Sports,1
TXN0012160,CUST01557,2025-11-02,16.75,Fashion,0
TXN0012161,CUST01558,2025-06-13,34.46,Beauty,1
TXN0012162,CUST01558,2025-07-10,20.69,Electronics,0
TXN0012163,CUST01558,2025-01-03,13.06,Beauty,0
TXN0012164,CUST01558,2025-11-13,45.88,Books,0
TXN0012165,CUST01558,2025-09-16,29.6,Sports,1
TXN0012166,CUST01558,2025-05-20,49.89,Home & Kitchen,0
TXN0012167,CUST01558,2025-07-03,58.39,Home & Kitchen,0
TXN0012168,CUST01559,2025-10-26,54.56,Electronics,0
TXN0012169,CUST01559,2024-09-09,32.28,Home & Kitchen,0
TXN0012170,CUST01559,2024-04-26,33.14,Electronics,1
TXN0012171,CUST01559,2025-03-12,20.88,Fashion,0
TXN0012172,CUST01559,2024-04-23,64.72,Fashion,1
TXN0012173,CUST01559,2024-08-10,53.71,Sports,0
TXN0012174,CUST01559,2025-08-30,34.47,Home & Kitchen,0
TXN0012175,CUST01559,2024-11-09,30.27,Books,0
TXN0012176,CUST01559,2025-06-20,44.8,Beauty,1
TXN0012177,CUST01560,2025-05-23,140.87,Fashion,0
TXN0012178,CUST01560,2025-05-31,6.8,Electronics,0
TXN0012179,CUST01560,2025-01-03,78.29,Books,1
TXN0012180,CUST01560,2024-04-21,103.13,Fashion,0
TXN0012181,CUST01560,2025-01-29,151.39,Books,0
TXN0012182,CUST01560,2024-12-06,108.49,Home & Kitchen,0
TXN0012183,CUST01560,2024-09-06,64.98,Home & Kitchen,0
TXN0012184,CUST01560,2025-07-23,39.01,Books,1
TXN0012185,CUST01560,2024-05-29,42.61,Electronics,0
TXN0012186,CUST01560,2025-02-26,50.88,Home & Kitchen,0
TXN0012187,CUST01560,2024-11-03,39.63,Sports,1
TXN0012188,CUST01560,2025-08-18,81.65,Beauty,0
TXN0012189,CUST01560,2025-06-17,39.47,Electronics,0
TXN0012190,CUST01560,2024-08-15,57.49,Sports,0
TXN0012191,CUST01560,2024-04-29,22.8,Sports,1
TXN0012192,CUST01560,2025-08-27,48.35,Beauty,0
TXN0012193,CUST01560,2025-11-27,46.85,Fashion,0
TXN0012194,CUST01560,2024-10-29,22.09,Home & Kitchen,0
TXN0012195,CUST01560,2025-09-07,43.37,Home & Kitchen,0
TXN0012196,CUST01560,2025-03-26,79.99,Fashion,0
TXN0012197,CUST01560,2024-03-15,122.56,Sports,0
TXN0012198,CUST01560,2025-08-13,44.9,Home & Kitchen,0
TXN0012199,CUST01560,2024-07-10,93.14,Sports,0
TXN0012200,CUST01560,2024-08-28,101.12,Electronics,1
TXN0012201,CUST01560,2025-03-09,62.58,Beauty,1
TXN0012202,CUST01560,2025-12-26,34.02,Home & Kitchen,0
TXN0012203,CUST01560,2025-10-17,74.67,Fashion,1
TXN0012204,CUST01560,2025-01-29,87.4,Electronics,0
TXN0012205,CUST01560,2025-02-15,137.27,Books,0
TXN0012206,CUST01560,2025-05-10,137.42,Fashion,0
TXN0012207,CUST01560,2024-06-09,84.37,Books,0
TXN0012208,CUST01561,2024-03-27,20.33,Home & Kitchen,1
TXN0012209,CUST01561,2025-03-25,24.94,Home & Kitchen,0
TXN0012210,CUST01562,2025-10-26,50.42,Beauty,0
TXN0012211,CUST01562,2025-11-08,25.38,Beauty,1
TXN0012212,CUST01562,2024-10-15,52.34,Home & Kitchen,0
TXN0012213,CUST01562,2025-03-24,40.14,Electronics,1
TXN0012214,CUST01563,2024-09-07,17.87,Home & Kitchen,1
TXN0012215,CUST01563,2025-09-04,37.41,Books,1
TXN0012216,CUST01563,2025-09-09,170.27,Books,0
TXN0012217,CUST01563,2024-05-02,23.22,Beauty,0
TXN0012218,CUST01563,2025-09-14,65.87,Books,1
TXN0012219,CUST01563,2025-04-03,63.36,Electronics,0
TXN0012220,CUST01563,2024-09-22,37.14,Home & Kitchen,0
TXN0012221,CUST01563,2025-03-01,42.62,Sports,0
TXN0012222,CUST01563,2024-05-16,84.17,Electronics,0
TXN0012223,CUST01563,2025-04-14,42.92,Fashion,0
TXN0012224,CUST01563,2024-07-12,7.21,Sports,0
TXN0012225,CUST01564,2025-10-18,38.45,Electronics,0
TXN0012226,CUST01564,2025-05-19,110.45,Books,0
TXN0012227,CUST01564,2025-05-11,65.56,Sports,1
TXN0012228,CUST01564,2025-09-04,69.72,Electronics,0
TXN0012229,CUST01564,2025-07-09,43.72,Home & Kitchen,0
TXN0012230,CUST01564,2024-10-14,18.24,Beauty,0
TXN0012231,CUST01564,2025-07-28,54.91,Fashion,1
TXN0012232,CUST01564,2025-09-01,89.73,Beauty,1
TXN0012233,CUST01564,2025-01-02,11.44,Beauty,1
TXN0012234,CUST01565,2025-09-19,30.69,Beauty,0
TXN0012235,CUST01565,2025-02-06,90.26,Electronics,0
TXN0012236,CUST01565,2025-04-10,84.61,Books,0
TXN0012237,CUST01565,2025-01-21,54.48,Books,0
TXN0012238,CUST01565,2024-06-13,34.02,Home & Kitchen,1
TXN0012239,CUST01565,2024-04-13,42.76,Books,0
TXN0012240,CUST01565,2024-12-27,126.1,Beauty,1
TXN0012241,CUST01565,2025-03-04,48.71,Home & Kitchen,1
TXN0012242,CUST01565,2024-06-19,52.26,Home & Kitchen,0
TXN0012243,CUST01565,2024-04-22,106.44,Sports,0
TXN0012244,CUST01565,2025-05-01,50.3,Beauty,0
TXN0012245,CUST01565,2025-08-14,58.78,Beauty,0
TXN0012246,CUST01565,2025-01-25,37.18,Books,0
TXN0012247,CUST01567,2025-11-26,72.9,Home & Kitchen,0
TXN0012248,CUST01568,2025-10-02,31.76,Fashion,0
TXN0012249,CUST01568,2025-12-02,34.78,Home & Kitchen,0
TXN0012250,CUST01568,2025-06-26,52.13,Books,0
TXN0012251,CUST01569,2024-12-15,64.88,Home & Kitchen,0
TXN0012252,CUST01569,2025-01-22,82.85,Sports,1
TXN0012253,CUST01569,2025-11-09,74.53,Fashion,0
TXN0012254,CUST01569,2025-01-20,26.84,Beauty,1
TXN0012255,CUST01569,2025-02-03,38.78,Home & Kitchen,0
TXN0012256,CUST01569,2025-05-22,43.62,Home & Kitchen,0
TXN0012257,CUST01569,2025-09-14,75.18,Electronics,0
TXN0012258,CUST01569,2025-05-16,144.41,Beauty,0
TXN0012259,CUST01569,2025-12-26,40.2,Books,0
TXN0012260,CUST01569,2025-06-12,29.74,Electronics,1
TXN0012261,CUST01570,2025-12-28,29.2,Books,0
TXN0012262,CUST01570,2025-12-09,56.16,Home & Kitchen,0
TXN0012263,CUST01571,2025-09-30,94.96,Sports,0
TXN0012264,CUST01571,2025-05-21,86.59,Electronics,0
TXN0012265,CUST01571,2025-04-12,82.15,Electronics,0
TXN0012266,CUST01571,2024-12-23,25.48,Fashion,0
TXN0012267,CUST01571,2025-12-26,110.67,Electronics,0
TXN0012268,CUST01571,2025-02-16,85.98,Fashion,1
TXN0012269,CUST01571,2025-08-13,67.82,Electronics,0
TXN0012270,CUST01571,2025-11-14,128.6,Fashion,0
TXN0012271,CUST01571,2025-03-14,46.55,Home & Kitchen,0
TXN0012272,CUST01571,2025-10-25,52.67,Electronics,0
TXN0012273,CUST01571,2025-06-03,109.02,Fashion,1
TXN0012274,CUST01571,2024-12-08,104.72,Sports,0
TXN0012275,CUST01571,2025-03-08,22.03,Fashion,0
TXN0012276,CUST01571,2025-05-24,212.03,Electronics,0
TXN0012277,CUST01571,2025-06-13,24.54,Electronics,0
TXN0012278,CUST01571,2025-07-19,86.41,Electronics,1
TXN0012279,CUST01571,2025-08-28,37.47,Books,0
TXN0012280,CUST01571,2025-05-09,142.5,Electronics,0
TXN0012281,CUST01571,2025-10-19,62.26,Books,0
TXN0012282,CUST01571,2025-03-28,147.45,Home & Kitchen,1
TXN0012283,CUST01571,2025-06-22,148.54,Sports,0
TXN0012284,CUST01571,2025-12-29,68.55,Electronics,0
TXN0012285,CUST01571,2025-05-07,61.68,Fashion,0
TXN0012286,CUST01572,2025-09-10,19.49,Sports,0
TXN0012287,CUST01572,2025-10-17,49.05,Books,0
TXN0012288,CUST01572,2025-08-08,25.41,Beauty,0
TXN0012289,CUST01572,2025-03-10,42.5,Books,0
TXN0012290,CUST01572,2025-10-31,35.22,Home & Kitchen,0
TXN0012291,CUST01573,2025-12-20,14.15,Books,0
TXN0012292,CUST01573,2025-09-08,110.58,Electronics,0
TXN0012293,CUST01573,2025-09-27,51.86,Sports,0
TXN0012294,CUST01573,2025-09-07,82.08,Electronics,1
TXN0012295,CUST01574,2024-07-08,103.86,Electronics,0
TXN0012296,CUST01574,2025-10-13,76.05,Books,1
TXN0012297,CUST01574,2024-07-29,39.49,Fashion,0
TXN0012298,CUST01574,2025-05-30,76.43,Fashion,0
TXN0012299,CUST01574,2025-06-04,80.34,Books,1
TXN0012300,CUST01574,2024-08-03,99.37,Electronics,1
TXN0012301,CUST01574,2024-10-20,53.39,Fashion,0
TXN0012302,CUST01574,2024-04-12,44.43,Electronics,1
TXN0012303,CUST01574,2024-02-29,43.11,Books,1
TXN0012304,CUST01574,2024-12-31,65.45,Electronics,0
TXN0012305,CUST01574,2024-09-12,98.53,Electronics,1
TXN0012306,CUST01574,2025-12-13,36.71,Beauty,0
TXN0012307,CUST01574,2025-02-01,78.89,Books,0
TXN0012308,CUST01574,2024-10-18,96.58,Fashion,0
TXN0012309,CUST01574,2024-02-01,28.32,Fashion,0
TXN0012310,CUST01574,2024-12-07,52.4,Electronics,0
TXN0012311,CUST01574,2024-11-26,79.24,Books,0
TXN0012312,CUST01574,2025-11-11,104.93,Electronics,0
TXN0012313,CUST01574,2025-11-18,79.41,Beauty,1
TXN0012314,CUST01574,2024-02-20,41.14,Home & Kitchen,1
TXN0012315,CUST01574,2024-08-03,67.64,Books,1
TXN0012316,CUST01574,2024-09-26,65.6,Sports,0
TXN0012317,CUST01574,2025-10-09,85.1,Fashion,0
TXN0012318,CUST01574,2024-09-13,59.85,Beauty,0
TXN0012319,CUST01574,2024-09-12,28.89,Fashion,0
TXN0012320,CUST01574,2024-01-25,170.03,Books,1
TXN0012321,CUST01574,2024-05-29,165.18,Beauty,0
TXN0012322,CUST01574,2024-09-29,72.93,Sports,0
TXN0012323,CUST01574,2025-02-07,23.36,Books,0
TXN0012324,CUST01574,2024-12-06,64.63,Fashion,0
TXN0012325,CUST01574,2024-11-17,92.33,Beauty,1
TXN0012326,CUST01574,2024-04-23,104.78,Home & Kitchen,0
TXN0012327,CUST01574,2025-09-30,90.48,Books,0
TXN0012328,CUST01574,2024-09-05,14.73,Books,0
TXN0012329,CUST01574,2024-02-25,11.64,Sports,0
TXN0012330,CUST01574,2025-12-12,24.76,Electronics,0
TXN0012331,CUST01574,2024-02-16,58.13,Beauty,1
TXN0012332,CUST01574,2024-10-02,46.03,Fashion,1
TXN0012333,CUST01574,2024-12-24,26.44,Sports,0
TXN0012334,CUST01575,2025-12-12,41.86,Electronics,0
TXN0012335,CUST01576,2025-11-17,36.83,Electronics,0
TXN0012336,CUST01576,2025-11-09,74.39,Fashion,0
TXN0012337,CUST01576,2025-12-04,25.43,Fashion,0
TXN0012338,CUST01577,2025-01-14,19.52,Home & Kitchen,1
TXN0012339,CUST01577,2024-06-22,39.33,Fashion,0
TXN0012340,CUST01577,2024-07-27,53.99,Sports,0
TXN0012341,CUST01577,2025-06-10,22.95,Sports,1
TXN0012342,CUST01577,2025-04-26,23.88,Fashion,1
TXN0012343,CUST01577,2025-04-05,13.66,Books,0
TXN0012344,CUST01577,2024-05-20,81.2,Electronics,0
TXN0012345,CUST01577,2025-06-02,56.73,Books,0
TXN0012346,CUST01578,2025-12-20,23.01,Electronics,1
TXN0012347,CUST01580,2025-03-16,57.26,Fashion,0
TXN0012348,CUST01580,2025-05-25,40.95,Fashion,1
TXN0012349,CUST01580,2025-01-31,21.26,Home & Kitchen,0
TXN0012350,CUST01580,2025-06-19,7.55,Fashion,1
TXN0012351,CUST01580,2025-09-26,42.06,Fashion,0
TXN0012352,CUST01580,2025-10-08,67.0,Beauty,0
TXN0012353,CUST01580,2024-06-27,89.98,Books,0
TXN0012354,CUST01580,2025-04-05,26.37,Sports,1
TXN0012355,CUST01580,2024-10-19,50.97,Home & Kitchen,1
TXN0012356,CUST01580,2025-08-30,81.94,Sports,0
TXN0012357,CUST01580,2025-07-14,53.47,Beauty,0
TXN0012358,CUST01580,2025-02-07,86.2,Sports,1
TXN0012359,CUST01580,2025-10-04,52.7,Books,0
TXN0012360,CUST01580,2025-03-01,122.76,Home & Kitchen,1
TXN0012361,CUST01580,2024-12-27,18.14,Fashion,1
TXN0012362,CUST01580,2024-09-21,60.12,Beauty,0
TXN0012363,CUST01582,2025-10-08,86.53,Home & Kitchen,1
TXN0012364,CUST01582,2025-06-17,15.42,Home & Kitchen,0
TXN0012365,CUST01582,2025-12-07,102.9,Books,0
TXN0012366,CUST01582,2025-12-06,47.91,Fashion,0
TXN0012367,CUST01582,2025-07-03,44.19,Sports,1
TXN0012368,CUST01583,2025-01-06,98.88,Electronics,1
TXN0012369,CUST01583,2025-07-24,55.72,Books,0
TXN0012370,CUST01583,2025-08-23,27.7,Books,0
TXN0012371,CUST01583,2024-12-30,49.51,Home & Kitchen,0
TXN0012372,CUST01583,2024-09-28,27.01,Home & Kitchen,0
TXN0012373,CUST01583,2024-07-27,24.97,Fashion,0
TXN0012374,CUST01583,2024-08-09,39.09,Electronics,1
TXN0012375,CUST01583,2025-11-04,40.97,Electronics,0
TXN0012376,CUST01583,2025-08-09,51.5,Electronics,1
TXN0012377,CUST01583,2024-09-18,12.56,Beauty,1
TXN0012378,CUST01583,2024-08-01,41.37,Home & Kitchen,0
TXN0012379,CUST01583,2025-06-01,32.92,Books,0
TXN0012380,CUST01583,2025-06-04,102.02,Electronics,0
TXN0012381,CUST01583,2025-11-11,95.0,Sports,0
TXN0012382,CUST01583,2025-02-16,24.67,Beauty,1
TXN0012383,CUST01583,2025-04-16,50.77,Electronics,1
TXN0012384,CUST01583,2025-10-26,14.16,Books,1
TXN0012385,CUST01583,2025-11-15,63.79,Books,0
TXN0012386,CUST01583,2025-05-19,23.51,Beauty,0
TXN0012387,CUST01584,2025-02-17,37.13,Electronics,0
TXN0012388,CUST01584,2025-04-15,46.31,Books,1
TXN0012389,CUST01584,2025-10-30,95.26,Books,0
TXN0012390,CUST01584,2025-09-21,32.68,Electronics,0
TXN0012391,CUST01584,2025-02-07,64.0,Home & Kitchen,1
TXN0012392,CUST01584,2025-08-21,38.7,Sports,0
TXN0012393,CUST01584,2025-11-18,72.41,Home & Kitchen,1
TXN0012394,CUST01584,2025-10-22,26.13,Books,0
TXN0012395,CUST01584,2025-11-03,41.43,Books,0
TXN0012396,CUST01584,2024-12-14,29.04,Sports,0
TXN0012397,CUST01584,2025-07-07,58.51,Books,0
TXN0012398,CUST01585,2025-12-15,67.97,Electronics,1
TXN0012399,CUST01585,2025-12-28,80.27,Sports,0
TXN0012400,CUST01585,2025-11-23,38.54,Home & Kitchen,0
TXN0012401,CUST01586,2025-07-02,27.6,Books,1
TXN0012402,CUST01586,2025-11-24,55.46,Home & Kitchen,1
TXN0012403,CUST01587,2025-08-05,60.7,Beauty,0
TXN0012404,CUST01587,2025-10-06,42.4,Home & Kitchen,0
TXN0012405,CUST01587,2025-11-03,43.78,Books,0
TXN0012406,CUST01587,2025-05-05,83.04,Beauty,0
TXN0012407,CUST01587,2025-09-28,29.09,Home & Kitchen,0
TXN0012408,CUST01587,2025-08-22,48.98,Beauty,1
TXN0012409,CUST01587,2025-07-28,96.2,Home & Kitchen,0
TXN0012410,CUST01587,2025-04-01,12.0,Beauty,0
TXN0012411,CUST01589,2025-12-04,33.89,Home & Kitchen,1
TXN0012412,CUST01590,2025-11-25,33.05,Sports,0
TXN0012413,CUST01590,2025-12-23,156.62,Books,0
TXN0012414,CUST01590,2025-12-04,80.15,Fashion,0
TXN0012415,CUST01590,2025-12-09,48.34,Fashion,1
TXN0012416,CUST01593,2025-12-02,75.36,Sports,0
TXN0012417,CUST01593,2025-07-09,60.79,Fashion,0
TXN0012418,CUST01593,2025-05-31,13.72,Electronics,0
TXN0012419,CUST01593,2025-10-26,45.0,Books,0
TXN0012420,CUST01593,2025-07-20,29.42,Home & Kitchen,1
TXN0012421,CUST01593,2025-11-07,67.58,Beauty,0
TXN0012422,CUST01593,2025-07-15,36.13,Beauty,0
TXN0012423,CUST01593,2025-08-25,27.19,Beauty,0
TXN0012424,CUST01594,2025-08-25,48.48,Home & Kitchen,1
TXN0012425,CUST01594,2025-04-24,95.99,Beauty,1
TXN0012426,CUST01594,2025-04-24,37.33,Beauty,0
TXN0012427,CUST01594,2025-03-01,48.63,Beauty,0
TXN0012428,CUST01594,2025-07-28,57.91,Beauty,0
TXN0012429,CUST01594,2024-10-18,66.71,Fashion,1
TXN0012430,CUST01594,2025-04-19,32.65,Fashion,0
TXN0012431,CUST01594,2024-12-03,86.52,Books,0
TXN0012432,CUST01595,2024-11-19,61.03,Beauty,0
TXN0012433,CUST01595,2025-04-25,29.29,Beauty,1
TXN0012434,CUST01595,2025-11-19,9.34,Electronics,0
TXN0012435,CUST01595,2025-05-09,14.03,Fashion,1
TXN0012436,CUST01595,2025-08-05,70.03,Home & Kitchen,0
TXN0012437,CUST01595,2024-12-22,58.06,Beauty,0
TXN0012438,CUST01595,2025-11-11,85.09,Books,0
TXN0012439,CUST01595,2024-07-23,54.28,Fashion,0
TXN0012440,CUST01595,2025-09-07,61.24,Beauty,0
TXN0012441,CUST01595,2025-01-24,201.16,Home & Kitchen,1
TXN0012442,CUST01595,2025-08-28,57.67,Electronics,1
TXN0012443,CUST01596,2025-12-19,29.72,Beauty,1
TXN0012444,CUST01596,2025-12-14,71.25,Books,0
TXN0012445,CUST01597,2024-12-30,29.11,Fashion,0
TXN0012446,CUST01597,2025-08-05,66.8,Fashion,1
TXN0012447,CUST01598,2025-12-23,73.46,Sports,0
TXN0012448,CUST01599,2025-07-02,42.09,Fashion,0
TXN0012449,CUST01599,2025-06-27,86.82,Fashion,0
TXN0012450,CUST01599,2025-07-27,31.43,Electronics,0
TXN0012451,CUST01599,2025-11-20,108.61,Electronics,0
TXN0012452,CUST01599,2025-07-07,25.81,Beauty,1
TXN0012453,CUST01599,2025-11-23,28.91,Beauty,0
TXN0012454,CUST01599,2025-10-22,92.02,Fashion,1
TXN0012455,CUST01600,2025-07-20,55.19,Home & Kitchen,1
TXN0012456,CUST01601,2024-03-30,39.02,Home & Kitchen,0
TXN0012457,CUST01601,2024-03-27,136.34,Fashion,0
TXN0012458,CUST01601,2025-08-08,61.01,Electronics,0
TXN0012459,CUST01601,2025-02-08,9.47,Beauty,0
TXN0012460,CUST01601,2025-08-13,39.95,Beauty,0
TXN0012461,CUST01601,2025-02-05,65.38,Fashion,0
TXN0012462,CUST01601,2024-02-28,92.65,Home & Kitchen,0
TXN0012463,CUST01601,2025-08-21,52.21,Sports,0
TXN0012464,CUST01601,2024-04-10,55.06,Home & Kitchen,0
TXN0012465,CUST01601,2024-12-18,27.97,Fashion,0
TXN0012466,CUST01601,2025-09-26,43.51,Fashion,0
TXN0012467,CUST01601,2025-10-08,26.2,Beauty,0
TXN0012468,CUST01601,2025-11-01,44.21,Sports,0
TXN0012469,CUST01602,2025-08-14,26.1,Books,0
TXN0012470,CUST01602,2025-04-19,127.96,Beauty,0
TXN0012471,CUST01602,2025-10-21,37.24,Beauty,0
TXN0012472,CUST01602,2025-07-20,37.94,Beauty,1
TXN0012473,CUST01602,2025-01-20,105.75,Fashion,0
TXN0012474,CUST01602,2025-03-22,48.14,Beauty,0
TXN0012475,CUST01602,2025-01-21,167.48,Books,0
TXN0012476,CUST01602,2024-09-26,36.32,Electronics,0
TXN0012477,CUST01602,2025-07-13,67.77,Home & Kitchen,0
TXN0012478,CUST01602,2024-10-18,46.7,Electronics,0
TXN0012479,CUST01602,2025-06-13,10.36,Electronics,0
TXN0012480,CUST01602,2025-04-05,128.72,Home & Kitchen,1
TXN0012481,CUST01602,2025-02-11,41.06,Books,1
TXN0012482,CUST01602,2025-11-06,18.31,Beauty,0
TXN0012483,CUST01602,2025-09-21,50.9,Sports,1
TXN0012484,CUST01602,2025-04-01,33.24,Home & Kitchen,0
TXN0012485,CUST01602,2025-05-08,67.67,Fashion,1
TXN0012486,CUST01602,2025-05-20,37.86,Fashion,0
TXN0012487,CUST01602,2025-07-13,12.49,Sports,1
TXN0012488,CUST01602,2025-04-12,39.04,Beauty,1
TXN0012489,CUST01602,2025-12-01,181.07,Fashion,1
TXN0012490,CUST01602,2025-11-29,60.24,Beauty,0
TXN0012491,CUST01602,2025-06-30,15.47,Beauty,0
TXN0012492,CUST01602,2025-09-28,62.78,Electronics,0
TXN0012493,CUST01602,2025-02-08,6.09,Home & Kitchen,0
TXN0012494,CUST01603,2025-09-14,28.52,Books,0
TXN0012495,CUST01603,2025-03-29,43.31,Fashion,0
TXN0012496,CUST01603,2024-05-10,28.1,Home & Kitchen,0
TXN0012497,CUST01603,2024-12-21,87.71,Books,0
TXN0012498,CUST01603,2025-08-03,42.47,Home & Kitchen,0
TXN0012499,CUST01603,2024-11-21,56.01,Books,0
TXN0012500,CUST01603,2024-12-19,77.89,Sports,0
TXN0012501,CUST01603,2024-05-13,126.54,Beauty,1
TXN0012502,CUST01603,2024-07-25,31.5,Sports,1
TXN0012503,CUST01603,2025-05-09,36.05,Electronics,1
TXN0012504,CUST01603,2025-03-18,67.75,Sports,1
TXN0012505,CUST01603,2025-10-22,61.19,Fashion,0
TXN0012506,CUST01603,2024-11-19,69.3,Sports,0
TXN0012507,CUST01603,2025-05-04,135.29,Home & Kitchen,0
TXN0012508,CUST01603,2024-11-06,40.55,Home & Kitchen,0
TXN0012509,CUST01604,2025-06-28,71.07,Books,1
TXN0012510,CUST01604,2025-09-22,52.09,Home & Kitchen,1
TXN0012511,CUST01604,2025-07-02,36.52,Books,0
TXN0012512,CUST01604,2025-03-07,38.35,Fashion,0
TXN0012513,CUST01604,2025-08-23,43.7,Home & Kitchen,0
TXN0012514,CUST01604,2025-05-20,59.46,Sports,0
TXN0012515,CUST01604,2025-03-03,22.85,Beauty,1
TXN0012516,CUST01604,2025-03-08,39.71,Electronics,0
TXN0012517,CUST01604,2025-03-27,30.02,Electronics,1
TXN0012518,CUST01604,2025-12-18,109.87,Beauty,1
TXN0012519,CUST01604,2025-03-06,56.49,Home & Kitchen,0
TXN0012520,CUST01604,2025-08-11,135.69,Beauty,1
TXN0012521,CUST01604,2025-11-20,63.22,Fashion,0
TXN0012522,CUST01604,2025-07-01,97.79,Fashion,0
TXN0012523,CUST01604,2025-11-10,52.31,Home & Kitchen,0
TXN0012524,CUST01604,2025-11-05,45.93,Books,0
TXN0012525,CUST01604,2025-04-11,58.46,Fashion,1
TXN0012526,CUST01604,2025-11-16,157.47,Home & Kitchen,1
TXN0012527,CUST01605,2025-07-15,30.43,Books,1
TXN0012528,CUST01605,2025-12-08,42.39,Beauty,1
TXN0012529,CUST01605,2024-12-13,37.77,Home & Kitchen,0
TXN0012530,CUST01605,2025-09-03,62.34,Sports,0
TXN0012531,CUST01605,2025-06-12,12.4,Home & Kitchen,1
TXN0012532,CUST01605,2025-01-18,42.1,Sports,0
TXN0012533,CUST01605,2025-01-25,72.8,Home & Kitchen,0
TXN0012534,CUST01606,2025-01-16,51.38,Books,0
TXN0012535,CUST01606,2025-12-15,76.92,Fashion,0
TXN0012536,CUST01606,2024-11-01,37.42,Fashion,0
TXN0012537,CUST01606,2024-08-19,25.17,Home & Kitchen,0
TXN0012538,CUST01606,2024-12-09,26.95,Books,1
TXN0012539,CUST01606,2025-07-13,41.39,Sports,0
TXN0012540,CUST01606,2024-09-01,57.16,Fashion,1
TXN0012541,CUST01606,2024-10-07,26.49,Books,0
TXN0012542,CUST01607,2025-11-11,29.54,Sports,0
TXN0012543,CUST01607,2025-08-02,67.38,Sports,0
TXN0012544,CUST01610,2025-09-04,77.23,Fashion,1
TXN0012545,CUST01611,2025-07-27,87.48,Fashion,0
TXN0012546,CUST01611,2025-07-11,106.58,Beauty,0
TXN0012547,CUST01611,2025-06-26,42.74,Sports,1
TXN0012548,CUST01611,2025-04-01,50.79,Beauty,1
TXN0012549,CUST01611,2025-01-13,40.61,Electronics,0
TXN0012550,CUST01611,2025-05-28,60.94,Home & Kitchen,0
TXN0012551,CUST01611,2025-08-07,58.69,Sports,0
TXN0012552,CUST01611,2025-11-15,39.78,Electronics,1
TXN0012553,CUST01611,2025-09-27,17.31,Beauty,0
TXN0012554,CUST01611,2025-11-25,80.67,Fashion,0
TXN0012555,CUST01612,2024-10-30,13.05,Sports,0
TXN0012556,CUST01612,2025-09-04,48.34,Home & Kitchen,0
TXN0012557,CUST01612,2025-06-29,1.12,Electronics,0
TXN0012558,CUST01612,2025-02-17,55.02,Sports,1
TXN0012559,CUST01612,2025-01-30,26.62,Beauty,1
TXN0012560,CUST01612,2025-11-18,96.1,Beauty,0
TXN0012561,CUST01614,2025-11-08,86.0,Sports,0
TXN0012562,CUST01614,2025-12-05,89.7,Books,0
TXN0012563,CUST01614,2025-10-22,99.27,Home & Kitchen,0
TXN0012564,CUST01614,2025-11-04,30.5,Electronics,0
TXN0012565,CUST01615,2025-10-29,70.77,Beauty,0
TXN0012566,CUST01615,2025-09-17,96.34,Beauty,1
TXN0012567,CUST01616,2025-12-04,44.08,Fashion,0
TXN0012568,CUST01617,2024-12-30,33.3,Home & Kitchen,0
TXN0012569,CUST01617,2025-04-03,32.1,Books,0
TXN0012570,CUST01617,2025-07-28,48.23,Fashion,0
TXN0012571,CUST01617,2025-03-12,86.32,Home & Kitchen,1
TXN0012572,CUST01617,2025-01-06,63.07,Electronics,1
TXN0012573,CUST01617,2025-11-06,25.16,Beauty,0
TXN0012574,CUST01617,2024-12-16,21.74,Fashion,0
TXN0012575,CUST01617,2025-08-19,15.91,Fashion,0
TXN0012576,CUST01617,2025-07-02,49.13,Books,0
TXN0012577,CUST01617,2025-08-13,49.54,Electronics,0
TXN0012578,CUST01617,2025-01-19,73.92,Home & Kitchen,1
TXN0012579,CUST01617,2025-04-17,18.54,Home & Kitchen,0
TXN0012580,CUST01618,2025-06-08,13.73,Sports,0
TXN0012581,CUST01618,2025-04-09,98.57,Beauty,0
TXN0012582,CUST01618,2024-07-12,86.97,Sports,0
TXN0012583,CUST01618,2024-11-01,65.71,Fashion,0
TXN0012584,CUST01618,2024-03-31,34.23,Home & Kitchen,0
TXN0012585,CUST01618,2025-04-04,60.62,Home & Kitchen,0
TXN0012586,CUST01618,2025-08-10,67.5,Beauty,0
TXN0012587,CUST01618,2025-05-10,32.49,Home & Kitchen,0
TXN0012588,CUST01618,2024-11-10,28.16,Sports,0
TXN0012589,CUST01618,2024-07-16,125.66,Sports,1
TXN0012590,CUST01618,2024-08-08,23.94,Fashion,0
TXN0012591,CUST01618,2025-07-29,52.26,Books,0
TXN0012592,CUST01618,2025-02-07,91.23,Fashion,0
TXN0012593,CUST01618,2025-08-26,47.96,Sports,0
TXN0012594,CUST01619,2025-12-03,79.45,Sports,0
TXN0012595,CUST01619,2025-07-16,8.75,Electronics,0
TXN0012596,CUST01619,2025-07-12,47.75,Home & Kitchen,0
TXN0012597,CUST01620,2025-11-24,102.93,Books,1
TXN0012598,CUST01620,2025-01-08,52.93,Electronics,0
TXN0012599,CUST01620,2025-07-07,57.58,Books,0
TXN0012600,CUST01620,2024-11-26,112.82,Fashion,0
TXN0012601,CUST01620,2025-09-27,69.8,Sports,0
TXN0012602,CUST01620,2024-10-27,131.37,Sports,0
TXN0012603,CUST01620,2025-10-27,55.38,Home & Kitchen,0
TXN0012604,CUST01620,2025-03-05,70.13,Fashion,0
TXN0012605,CUST01620,2025-08-23,83.45,Beauty,0
TXN0012606,CUST01620,2025-12-18,23.76,Beauty,0
TXN0012607,CUST01620,2025-10-18,89.31,Books,0
TXN0012608,CUST01620,2024-11-25,61.24,Electronics,1
TXN0012609,CUST01620,2024-12-29,132.7,Home & Kitchen,1
TXN0012610,CUST01620,2024-11-02,117.96,Home & Kitchen,0
TXN0012611,CUST01620,2024-10-10,77.32,Fashion,0
TXN0012612,CUST01620,2025-09-29,58.88,Fashion,1
TXN0012613,CUST01620,2025-10-05,19.63,Home & Kitchen,0
TXN0012614,CUST01620,2024-09-16,62.96,Electronics,0
TXN0012615,CUST01620,2025-04-30,32.13,Electronics,1
TXN0012616,CUST01620,2025-09-30,188.74,Books,0
TXN0012617,CUST01620,2025-07-14,138.52,Books,1
TXN0012618,CUST01620,2025-11-01,78.9,Beauty,0
TXN0012619,CUST01620,2025-10-28,90.6,Electronics,0
TXN0012620,CUST01620,2025-09-08,53.0,Home & Kitchen,1
TXN0012621,CUST01620,2025-04-05,55.96,Beauty,0
TXN0012622,CUST01620,2024-11-03,49.44,Fashion,0
TXN0012623,CUST01620,2025-10-10,46.15,Beauty,0
TXN0012624,CUST01620,2025-10-10,15.27,Books,0
TXN0012625,CUST01620,2025-07-03,35.09,Beauty,0
TXN0012626,CUST01620,2025-03-26,47.46,Sports,1
TXN0012627,CUST01620,2025-03-01,131.76,Fashion,0
TXN0012628,CUST01620,2025-09-29,27.73,Sports,1
TXN0012629,CUST01620,2024-09-29,72.52,Beauty,0
TXN0012630,CUST01620,2025-02-02,59.33,Home & Kitchen,0
TXN0012631,CUST01620,2024-11-22,59.53,Electronics,1
TXN0012632,CUST01620,2025-12-07,65.83,Home & Kitchen,0
TXN0012633,CUST01622,2025-10-16,16.52,Beauty,0
TXN0012634,CUST01622,2025-10-08,87.1,Home & Kitchen,0
TXN0012635,CUST01622,2025-12-03,91.51,Fashion,1
TXN0012636,CUST01622,2025-10-17,63.68,Books,0
TXN0012637,CUST01623,2025-11-25,62.4,Sports,0
TXN0012638,CUST01623,2025-09-06,93.51,Beauty,0
TXN0012639,CUST01624,2024-12-01,137.92,Home & Kitchen,0
TXN0012640,CUST01624,2024-05-21,101.44,Fashion,0
TXN0012641,CUST01624,2025-04-15,8.26,Sports,0
TXN0012642,CUST01624,2025-06-01,23.54,Fashion,1
TXN0012643,CUST01624,2024-08-08,33.82,Home & Kitchen,0
TXN0012644,CUST01624,2025-01-29,44.65,Electronics,0
TXN0012645,CUST01624,2024-05-24,25.31,Electronics,0
TXN0012646,CUST01624,2024-11-12,70.38,Electronics,1
TXN0012647,CUST01624,2025-08-05,119.74,Home & Kitchen,1
TXN0012648,CUST01624,2025-08-16,37.12,Sports,0
TXN0012649,CUST01624,2024-11-29,64.12,Beauty,0
TXN0012650,CUST01624,2025-01-17,21.2,Home & Kitchen,0
TXN0012651,CUST01624,2024-07-09,33.52,Fashion,0
TXN0012652,CUST01624,2024-10-09,40.23,Home & Kitchen,0
TXN0012653,CUST01624,2025-04-04,59.62,Books,0
TXN0012654,CUST01624,2025-05-25,33.08,Beauty,1
TXN0012655,CUST01624,2024-12-25,16.28,Sports,0
TXN0012656,CUST01625,2025-06-13,74.89,Electronics,0
TXN0012657,CUST01625,2025-03-12,52.2,Books,0
TXN0012658,CUST01625,2025-06-12,93.03,Beauty,0
TXN0012659,CUST01625,2024-09-07,65.12,Books,1
TXN0012660,CUST01625,2024-07-26,133.2,Home & Kitchen,1
TXN0012661,CUST01625,2024-09-05,87.48,Beauty,0
TXN0012662,CUST01625,2025-09-26,81.91,Fashion,0
TXN0012663,CUST01625,2025-07-28,19.51,Home & Kitchen,0
TXN0012664,CUST01625,2024-02-08,128.38,Sports,1
TXN0012665,CUST01625,2025-08-28,148.99,Electronics,0
TXN0012666,CUST01625,2025-04-19,70.08,Books,0
TXN0012667,CUST01625,2024-10-13,59.96,Home & Kitchen,0
TXN0012668,CUST01625,2024-06-30,53.47,Home & Kitchen,1
TXN0012669,CUST01625,2024-04-30,127.97,Sports,0
TXN0012670,CUST01625,2024-09-13,98.63,Sports,1
TXN0012671,CUST01625,2024-01-29,72.63,Electronics,0
TXN0012672,CUST01625,2025-02-16,43.28,Sports,1
TXN0012673,CUST01625,2024-11-09,12.45,Electronics,1
TXN0012674,CUST01625,2024-10-11,30.72,Books,0
TXN0012675,CUST01625,2025-03-13,52.71,Books,1
TXN0012676,CUST01625,2024-08-01,85.21,Books,0
TXN0012677,CUST01625,2025-11-18,34.8,Fashion,0
TXN0012678,CUST01625,2024-11-16,144.32,Beauty,0
TXN0012679,CUST01625,2024-02-20,57.65,Electronics,1
TXN0012680,CUST01625,2024-12-07,147.91,Electronics,0
TXN0012681,CUST01625,2025-12-05,72.46,Fashion,0
TXN0012682,CUST01625,2024-08-10,36.84,Fashion,0
TXN0012683,CUST01625,2025-10-03,63.76,Electronics,0
TXN0012684,CUST01625,2024-05-25,58.2,Sports,0
TXN0012685,CUST01625,2024-04-25,39.8,Fashion,1
TXN0012686,CUST01625,2025-03-03,27.94,Books,0
TXN0012687,CUST01625,2025-02-19,82.45,Fashion,0
TXN0012688,CUST01625,2025-02-11,136.75,Electronics,0
TXN0012689,CUST01625,2024-09-14,7.81,Home & Kitchen,1
TXN0012690,CUST01626,2025-09-09,19.07,Home & Kitchen,0
TXN0012691,CUST01626,2025-03-01,32.23,Home & Kitchen,0
TXN0012692,CUST01626,2025-09-18,33.81,Electronics,0
TXN0012693,CUST01626,2025-07-11,86.92,Beauty,0
TXN0012694,CUST01626,2025-11-06,40.37,Home & Kitchen,1
TXN0012695,CUST01626,2025-02-28,56.26,Electronics,0
TXN0012696,CUST01626,2025-10-20,79.71,Beauty,0
TXN0012697,CUST01626,2025-04-11,57.48,Beauty,0
TXN0012698,CUST01626,2025-11-19,99.33,Sports,0
TXN0012699,CUST01626,2025-08-20,31.02,Electronics,0
TXN0012700,CUST01627,2025-11-07,30.45,Sports,0
TXN0012701,CUST01627,2025-10-06,59.01,Beauty,0
TXN0012702,CUST01627,2025-11-06,50.24,Books,1
TXN0012703,CUST01627,2024-05-19,40.42,Beauty,0
TXN0012704,CUST01627,2025-05-18,61.71,Books,1
TXN0012705,CUST01627,2025-01-03,56.02,Fashion,0
TXN0012706,CUST01627,2024-03-27,64.01,Sports,0
TXN0012707,CUST01627,2025-09-27,36.38,Electronics,1
TXN0012708,CUST01627,2024-02-26,27.98,Fashion,1
TXN0012709,CUST01627,2024-01-29,57.11,Beauty,0
TXN0012710,CUST01627,2025-01-14,28.31,Fashion,1
TXN0012711,CUST01627,2025-01-17,121.37,Electronics,1
TXN0012712,CUST01627,2024-01-19,50.42,Home & Kitchen,0
TXN0012713,CUST01627,2024-09-18,18.14,Fashion,1
TXN0012714,CUST01627,2025-05-30,34.84,Fashion,0
TXN0012715,CUST01627,2025-01-13,78.69,Electronics,0
TXN0012716,CUST01627,2025-03-25,93.9,Books,1
TXN0012717,CUST01628,2025-09-15,10.65,Books,0
TXN0012718,CUST01628,2025-04-02,20.95,Sports,1
TXN0012719,CUST01628,2025-12-11,113.89,Electronics,1
TXN0012720,CUST01628,2025-01-21,29.75,Electronics,0
TXN0012721,CUST01628,2025-07-27,55.7,Books,0
TXN0012722,CUST01628,2025-01-25,57.0,Books,0
TXN0012723,CUST01628,2025-02-25,38.7,Fashion,0
TXN0012724,CUST01629,2025-10-14,26.72,Beauty,0
TXN0012725,CUST01629,2025-12-04,100.54,Electronics,1
TXN0012726,CUST01629,2025-05-27,25.11,Electronics,0
TXN0012727,CUST01629,2025-08-22,25.29,Fashion,0
TXN0012728,CUST01629,2025-08-18,23.77,Fashion,0
TXN0012729,CUST01629,2025-05-10,138.94,Fashion,0
TXN0012730,CUST01629,2025-02-11,67.31,Fashion,0
TXN0012731,CUST01629,2025-04-15,136.72,Sports,0
TXN0012732,CUST01629,2025-04-22,33.63,Home & Kitchen,1
TXN0012733,CUST01629,2025-12-28,80.19,Home & Kitchen,1
TXN0012734,CUST01629,2025-10-30,100.3,Beauty,0
TXN0012735,CUST01629,2025-09-22,66.64,Books,0
TXN0012736,CUST01629,2025-10-23,29.86,Books,1
TXN0012737,CUST01629,2025-05-29,55.66,Beauty,1
TXN0012738,CUST01629,2024-11-10,145.52,Electronics,0
TXN0012739,CUST01629,2025-06-13,98.69,Sports,0
TXN0012740,CUST01629,2024-11-20,38.59,Home & Kitchen,0
TXN0012741,CUST01629,2025-10-13,84.58,Beauty,1
TXN0012742,CUST01629,2025-12-23,62.22,Electronics,0
TXN0012743,CUST01629,2024-12-24,46.87,Books,0
TXN0012744,CUST01631,2025-01-23,16.31,Books,0
TXN0012745,CUST01632,2025-12-25,38.58,Books,0
TXN0012746,CUST01632,2025-12-27,4.49,Beauty,0
TXN0012747,CUST01632,2025-02-23,121.55,Sports,1
TXN0012748,CUST01632,2025-11-15,20.04,Electronics,0
TXN0012749,CUST01632,2024-11-01,22.61,Electronics,0
TXN0012750,CUST01632,2025-03-14,79.3,Fashion,1
TXN0012751,CUST01632,2025-09-24,57.44,Sports,1
TXN0012752,CUST01632,2025-09-17,98.67,Electronics,0
TXN0012753,CUST01632,2025-05-31,53.41,Fashion,1
TXN0012754,CUST01632,2025-10-01,52.31,Fashion,0
TXN0012755,CUST01632,2025-01-23,50.9,Sports,1
TXN0012756,CUST01634,2025-09-04,60.64,Beauty,0
TXN0012757,CUST01634,2024-12-08,45.59,Electronics,0
TXN0012758,CUST01634,2025-12-20,57.69,Home & Kitchen,0
TXN0012759,CUST01634,2025-02-10,52.81,Books,1
TXN0012760,CUST01634,2024-08-07,67.66,Electronics,1
TXN0012761,CUST01634,2025-08-11,119.36,Sports,1
TXN0012762,CUST01634,2024-06-14,33.62,Home & Kitchen,0
TXN0012763,CUST01634,2025-10-25,96.85,Sports,0
TXN0012764,CUST01634,2024-11-07,30.64,Fashion,0
TXN0012765,CUST01634,2025-05-26,106.8,Beauty,0
TXN0012766,CUST01634,2024-09-13,52.98,Fashion,1
TXN0012767,CUST01634,2024-12-11,128.03,Fashion,0
TXN0012768,CUST01634,2025-01-15,110.31,Sports,1
TXN0012769,CUST01634,2025-04-06,65.17,Electronics,0
TXN0012770,CUST01634,2025-08-23,80.63,Books,0
TXN0012771,CUST01634,2024-06-16,77.84,Books,0
TXN0012772,CUST01634,2025-07-26,20.46,Sports,0
TXN0012773,CUST01634,2024-08-29,50.02,Home & Kitchen,0
TXN0012774,CUST01634,2024-06-16,88.01,Home & Kitchen,0
TXN0012775,CUST01634,2025-03-08,118.97,Sports,1
TXN0012776,CUST01634,2025-03-16,5.01,Home & Kitchen,1
TXN0012777,CUST01634,2024-06-25,102.73,Sports,1
TXN0012778,CUST01634,2024-10-31,117.96,Beauty,0
TXN0012779,CUST01634,2025-03-10,65.48,Fashion,0
TXN0012780,CUST01634,2025-06-12,76.23,Fashion,1
TXN0012781,CUST01634,2025-10-09,78.57,Sports,0
TXN0012782,CUST01634,2024-09-13,45.65,Home & Kitchen,0
TXN0012783,CUST01634,2025-12-06,19.95,Home & Kitchen,0
TXN0012784,CUST01634,2025-02-28,20.89,Fashion,0
TXN0012785,CUST01635,2025-04-25,32.21,Home & Kitchen,1
TXN0012786,CUST01635,2025-09-12,9.95,Home & Kitchen,0
TXN0012787,CUST01635,2025-11-04,103.97,Beauty,0
TXN0012788,CUST01635,2025-08-12,45.72,Electronics,0
TXN0012789,CUST01635,2025-03-08,86.36,Books,0
TXN0012790,CUST01635,2025-05-30,26.77,Home & Kitchen,0
TXN0012791,CUST01635,2025-04-02,21.51,Beauty,0
TXN0012792,CUST01635,2025-12-27,38.45,Electronics,0
TXN0012793,CUST01636,2025-10-22,139.95,Beauty,0
TXN0012794,CUST01636,2025-12-11,101.86,Sports,0
TXN0012795,CUST01636,2024-12-05,56.6,Books,0
TXN0012796,CUST01636,2025-08-16,105.94,Books,1
TXN0012797,CUST01636,2025-01-15,196.02,Sports,0
TXN0012798,CUST01636,2025-06-28,207.93,Beauty,1
TXN0012799,CUST01636,2024-10-13,83.0,Fashion,0
TXN0012800,CUST01636,2025-12-13,101.43,Fashion,1
TXN0012801,CUST01636,2024-11-03,72.26,Electronics,1
TXN0012802,CUST01636,2025-05-11,79.48,Electronics,0
TXN0012803,CUST01636,2024-11-12,57.64,Beauty,0
TXN0012804,CUST01636,2024-12-01,20.55,Electronics,1
TXN0012805,CUST01636,2025-01-01,20.63,Books,0
TXN0012806,CUST01636,2025-07-05,22.68,Fashion,1
TXN0012807,CUST01636,2025-11-09,23.93,Fashion,0
TXN0012808,CUST01636,2025-11-18,69.17,Sports,1
TXN0012809,CUST01636,2024-12-13,57.2,Books,0
TXN0012810,CUST01636,2024-09-01,110.25,Books,0
TXN0012811,CUST01636,2025-03-27,35.81,Home & Kitchen,0
TXN0012812,CUST01636,2025-01-21,41.47,Books,0
TXN0012813,CUST01636,2024-12-28,55.38,Books,1
TXN0012814,CUST01636,2025-11-21,86.43,Fashion,1
TXN0012815,CUST01636,2025-03-31,96.28,Sports,0
TXN0012816,CUST01636,2024-08-01,28.68,Home & Kitchen,1
TXN0012817,CUST01637,2025-12-08,14.43,Home & Kitchen,0
TXN0012818,CUST01637,2025-12-04,17.3,Beauty,0
TXN0012819,CUST01637,2025-11-14,71.5,Electronics,0
TXN0012820,CUST01637,2025-12-01,47.28,Books,1
TXN0012821,CUST01638,2025-07-29,47.68,Books,1
TXN0012822,CUST01639,2025-11-17,81.47,Fashion,1
TXN0012823,CUST01640,2025-12-28,34.47,Sports,0
TXN0012824,CUST01640,2025-11-09,51.7,Home & Kitchen,0
TXN0012825,CUST01640,2025-12-01,91.49,Fashion,0
TXN0012826,CUST01640,2025-10-17,158.58,Sports,0
TXN0012827,CUST01640,2024-10-10,38.06,Electronics,1
TXN0012828,CUST01640,2024-10-06,67.32,Home & Kitchen,0
TXN0012829,CUST01640,2025-03-13,40.2,Electronics,0
TXN0012830,CUST01640,2024-07-24,64.3,Fashion,0
TXN0012831,CUST01640,2025-06-22,92.44,Fashion,1
TXN0012832,CUST01640,2024-11-18,87.71,Home & Kitchen,0
TXN0012833,CUST01640,2025-01-15,55.78,Fashion,0
TXN0012834,CUST01640,2024-09-28,66.21,Beauty,0
TXN0012835,CUST01640,2025-08-08,36.76,Books,0
TXN0012836,CUST01640,2024-07-19,59.48,Beauty,0
TXN0012837,CUST01640,2025-04-05,108.5,Books,0
TXN0012838,CUST01640,2024-11-15,59.28,Home & Kitchen,0
TXN0012839,CUST01640,2025-06-16,66.99,Beauty,0
TXN0012840,CUST01640,2025-02-03,64.67,Beauty,1
TXN0012841,CUST01640,2025-09-04,64.85,Sports,0
TXN0012842,CUST01641,2025-07-01,37.04,Fashion,0
TXN0012843,CUST01641,2025-10-01,104.9,Beauty,0
TXN0012844,CUST01641,2025-11-01,52.68,Beauty,1
TXN0012845,CUST01641,2025-06-19,39.69,Sports,0
TXN0012846,CUST01641,2025-05-18,30.78,Sports,0
TXN0012847,CUST01641,2025-05-24,104.58,Home & Kitchen,0
TXN0012848,CUST01641,2025-06-02,77.62,Books,0
TXN0012849,CUST01641,2025-05-14,25.34,Fashion,0
TXN0012850,CUST01641,2025-06-16,46.05,Electronics,0
TXN0012851,CUST01641,2025-05-05,23.15,Sports,0
TXN0012852,CUST01642,2025-08-26,26.55,Electronics,0
TXN0012853,CUST01642,2025-08-04,16.18,Electronics,0
TXN0012854,CUST01642,2025-11-12,46.17,Electronics,0
TXN0012855,CUST01642,2025-05-12,29.21,Sports,0
TXN0012856,CUST01642,2025-06-16,63.58,Electronics,0
TXN0012857,CUST01642,2024-11-01,24.11,Electronics,0
TXN0012858,CUST01642,2025-06-22,55.73,Home & Kitchen,1
TXN0012859,CUST01642,2024-11-23,35.91,Electronics,0
TXN0012860,CUST01643,2025-11-24,63.54,Home & Kitchen,0
TXN0012861,CUST01644,2024-08-24,49.64,Beauty,0
TXN0012862,CUST01644,2025-11-26,18.56,Beauty,0
TXN0012863,CUST01644,2025-02-14,63.94,Books,0
TXN0012864,CUST01644,2025-07-12,38.67,Sports,0
TXN0012865,CUST01644,2025-08-30,12.94,Fashion,0
TXN0012866,CUST01644,2024-10-17,95.41,Electronics,0
TXN0012867,CUST01644,2025-04-27,56.1,Electronics,0
TXN0012868,CUST01644,2025-02-20,20.24,Home & Kitchen,0
TXN0012869,CUST01644,2025-06-29,19.36,Fashion,1
TXN0012870,CUST01644,2024-09-02,78.63,Books,1
TXN0012871,CUST01644,2025-08-16,105.91,Fashion,0
TXN0012872,CUST01645,2025-06-14,41.87,Beauty,1
TXN0012873,CUST01645,2025-05-02,61.62,Books,0
TXN0012874,CUST01646,2025-09-12,11.31,Home & Kitchen,0
TXN0012875,CUST01646,2024-10-03,6.28,Electronics,0
TXN0012876,CUST01646,2024-12-13,32.92,Home & Kitchen,0
TXN0012877,CUST01646,2025-06-05,23.28,Beauty,0
TXN0012878,CUST01646,2025-07-27,74.56,Books,1
TXN0012879,CUST01646,2025-12-06,30.1,Electronics,0
TXN0012880,CUST01646,2024-11-04,57.75,Home & Kitchen,1
TXN0012881,CUST01646,2025-10-21,74.07,Electronics,0
TXN0012882,CUST01646,2025-04-12,38.99,Electronics,1
TXN0012883,CUST01647,2025-11-28,64.37,Home & Kitchen,0
TXN0012884,CUST01647,2025-03-20,97.5,Fashion,0
TXN0012885,CUST01647,2025-04-24,20.17,Home & Kitchen,0
TXN0012886,CUST01647,2025-07-29,70.61,Beauty,0
TXN0012887,CUST01647,2024-06-21,46.59,Fashion,0
TXN0012888,CUST01648,2025-10-22,70.48,Electronics,0
TXN0012889,CUST01648,2025-12-23,13.06,Books,0
TXN0012890,CUST01648,2025-08-02,39.42,Books,0
TXN0012891,CUST01648,2025-09-14,61.41,Books,0
TXN0012892,CUST01648,2025-07-17,56.87,Electronics,0
TXN0012893,CUST01649,2025-11-30,30.65,Beauty,1
TXN0012894,CUST01649,2025-09-24,44.1,Fashion,0
TXN0012895,CUST01649,2025-12-09,83.29,Electronics,0
TXN0012896,CUST01650,2025-08-25,65.48,Electronics,0
TXN0012897,CUST01651,2025-05-11,82.16,Electronics,0
TXN0012898,CUST01651,2025-03-31,69.02,Books,1
TXN0012899,CUST01651,2025-12-30,83.12,Fashion,0
TXN0012900,CUST01651,2025-09-22,96.55,Beauty,0
TXN0012901,CUST01651,2025-09-03,80.01,Sports,0
TXN0012902,CUST01651,2025-09-21,25.63,Books,0
TXN0012903,CUST01652,2025-11-12,51.25,Sports,0
TXN0012904,CUST01653,2025-10-06,22.95,Home & Kitchen,0
TXN0012905,CUST01654,2025-05-10,189.53,Home & Kitchen,0
TXN0012906,CUST01654,2025-06-06,26.89,Electronics,1
TXN0012907,CUST01655,2024-09-26,66.4,Books,0
TXN0012908,CUST01655,2025-02-04,42.68,Sports,0
TXN0012909,CUST01655,2025-04-18,39.6,Beauty,1
TXN0012910,CUST01656,2025-11-27,62.95,Electronics,0
TXN0012911,CUST01656,2025-12-01,27.29,Books,0
TXN0012912,CUST01656,2025-09-05,51.19,Books,0
TXN0012913,CUST01656,2025-10-31,38.01,Fashion,0
TXN0012914,CUST01656,2025-09-07,90.18,Fashion,1
TXN0012915,CUST01656,2025-11-08,96.29,Electronics,1
TXN0012916,CUST01657,2025-11-14,39.12,Beauty,1
TXN0012917,CUST01658,2025-12-30,62.84,Books,0
TXN0012918,CUST01659,2025-09-27,31.64,Beauty,0
TXN0012919,CUST01659,2025-01-12,20.46,Electronics,0
TXN0012920,CUST01659,2025-12-19,55.21,Electronics,1
TXN0012921,CUST01659,2025-04-21,79.03,Beauty,0
TXN0012922,CUST01659,2025-01-22,34.41,Beauty,0
TXN0012923,CUST01659,2025-09-16,41.16,Beauty,0
TXN0012924,CUST01659,2025-05-25,57.59,Beauty,0
TXN0012925,CUST01659,2025-01-27,28.22,Fashion,0
TXN0012926,CUST01659,2025-04-07,31.08,Electronics,1
TXN0012927,CUST01659,2025-08-08,23.43,Sports,0
TXN0012928,CUST01659,2025-02-12,81.35,Electronics,0
TXN0012929,CUST01660,2025-10-24,15.4,Books,0
TXN0012930,CUST01660,2024-09-01,41.3,Electronics,1
TXN0012931,CUST01660,2024-07-21,16.18,Home & Kitchen,0
TXN0012932,CUST01660,2024-03-06,61.69,Books,0
TXN0012933,CUST01660,2024-02-11,29.44,Home & Kitchen,1
TXN0012934,CUST01660,2024-10-29,15.14,Books,1
TXN0012935,CUST01660,2024-03-07,125.3,Beauty,0
TXN0012936,CUST01660,2025-04-19,71.1,Fashion,0
TXN0012937,CUST01661,2024-10-02,26.95,Home & Kitchen,1
TXN0012938,CUST01661,2025-08-13,21.95,Electronics,0
TXN0012939,CUST01661,2025-06-29,117.91,Books,0
TXN0012940,CUST01661,2025-04-19,85.15,Home & Kitchen,0
TXN0012941,CUST01661,2025-09-13,65.41,Fashion,0
TXN0012942,CUST01661,2025-06-25,87.96,Fashion,0
TXN0012943,CUST01661,2025-05-20,121.78,Books,0
TXN0012944,CUST01661,2025-05-25,49.23,Beauty,1
TXN0012945,CUST01661,2025-09-10,175.03,Electronics,1
TXN0012946,CUST01661,2024-10-27,55.35,Books,1
TXN0012947,CUST01661,2025-08-07,59.69,Electronics,1
TXN0012948,CUST01661,2025-03-09,52.2,Sports,1
TXN0012949,CUST01661,2025-05-22,76.63,Beauty,0
TXN0012950,CUST01661,2025-10-14,24.41,Sports,0
TXN0012951,CUST01661,2025-11-25,23.77,Books,1
TXN0012952,CUST01661,2025-05-02,73.97,Beauty,1
TXN0012953,CUST01661,2025-10-16,138.81,Fashion,1
TXN0012954,CUST01661,2025-10-10,94.54,Books,1
TXN0012955,CUST01662,2024-11-27,62.73,Books,1
TXN0012956,CUST01662,2025-12-16,38.05,Electronics,1
TXN0012957,CUST01662,2025-08-27,30.99,Home & Kitchen,1
TXN0012958,CUST01662,2024-09-17,30.06,Home & Kitchen,0
TXN0012959,CUST01662,2025-02-03,46.95,Electronics,0
TXN0012960,CUST01662,2024-11-18,27.43,Sports,0
TXN0012961,CUST01662,2025-10-10,40.42,Home & Kitchen,1
TXN0012962,CUST01662,2025-04-06,30.9,Beauty,0
TXN0012963,CUST01662,2025-06-23,13.95,Beauty,1
TXN0012964,CUST01662,2025-12-02,152.51,Sports,0
TXN0012965,CUST01662,2025-05-08,37.8,Fashion,0
TXN0012966,CUST01662,2025-05-01,42.93,Home & Kitchen,1
TXN0012967,CUST01662,2024-08-29,25.52,Books,0
TXN0012968,CUST01663,2025-12-28,49.31,Home & Kitchen,1
TXN0012969,CUST01663,2025-06-21,34.75,Books,0
TXN0012970,CUST01663,2025-12-18,43.53,Sports,0
TXN0012971,CUST01663,2025-05-23,91.56,Sports,0
TXN0012972,CUST01663,2025-04-04,53.64,Fashion,0
TXN0012973,CUST01663,2025-07-03,100.31,Home & Kitchen,1
TXN0012974,CUST01663,2025-06-22,47.45,Books,0
TXN0012975,CUST01663,2024-08-08,57.19,Books,0
TXN0012976,CUST01663,2025-04-03,25.39,Home & Kitchen,1
TXN0012977,CUST01663,2025-09-23,14.52,Beauty,0
TXN0012978,CUST01664,2025-11-25,22.59,Fashion,1
TXN0012979,CUST01664,2025-07-30,61.7,Sports,1
TXN0012980,CUST01664,2025-08-31,18.55,Beauty,0
TXN0012981,CUST01664,2025-02-23,10.8,Home & Kitchen,0
TXN0012982,CUST01664,2025-04-08,57.45,Beauty,0
TXN0012983,CUST01664,2025-06-28,14.8,Home & Kitchen,0
TXN0012984,CUST01666,2025-11-20,112.87,Home & Kitchen,0
TXN0012985,CUST01666,2025-02-26,35.16,Fashion,0
TXN0012986,CUST01666,2024-11-20,15.42,Books,0
TXN0012987,CUST01667,2025-08-26,13.2,Beauty,1
TXN0012988,CUST01667,2025-07-14,90.24,Books,0
TXN0012989,CUST01667,2024-03-17,34.46,Sports,0
TXN0012990,CUST01667,2025-05-29,48.52,Beauty,0
TXN0012991,CUST01667,2025-05-20,33.6,Home & Kitchen,0
TXN0012992,CUST01667,2025-10-15,38.49,Beauty,0
TXN0012993,CUST01667,2025-07-26,49.66,Electronics,0
TXN0012994,CUST01667,2024-04-14,15.87,Sports,0
TXN0012995,CUST01668,2025-11-05,77.96,Home & Kitchen,0
TXN0012996,CUST01668,2025-12-29,20.08,Fashion,0
TXN0012997,CUST01668,2025-11-14,32.67,Home & Kitchen,0
TXN0012998,CUST01668,2025-08-16,98.3,Home & Kitchen,1
TXN0012999,CUST01669,2025-11-27,25.59,Books,0
TXN0013000,CUST01669,2025-10-05,116.66,Beauty,0
TXN0013001,CUST01669,2025-10-01,52.61,Beauty,0
TXN0013002,CUST01669,2025-12-27,18.16,Sports,1
TXN0013003,CUST01669,2025-11-18,51.98,Books,0
TXN0013004,CUST01669,2025-12-28,63.88,Fashion,1
TXN0013005,CUST01669,2025-11-19,43.48,Electronics,1
TXN0013006,CUST01670,2025-12-22,122.68,Home & Kitchen,0
TXN0013007,CUST01671,2025-04-14,66.19,Sports,0
TXN0013008,CUST01671,2025-07-06,21.4,Books,1
TXN0013009,CUST01671,2025-09-30,136.69,Fashion,1
TXN0013010,CUST01671,2024-08-16,33.69,Sports,0
TXN0013011,CUST01671,2025-09-19,16.5,Home & Kitchen,1
TXN0013012,CUST01671,2024-07-12,67.46,Sports,1
TXN0013013,CUST01671,2025-06-13,98.07,Books,0
TXN0013014,CUST01671,2025-06-27,23.02,Books,0
TXN0013015,CUST01671,2024-11-05,77.61,Fashion,1
TXN0013016,CUST01671,2024-11-24,82.35,Sports,0
TXN0013017,CUST01671,2025-08-16,93.18,Fashion,0
TXN0013018,CUST01671,2024-07-18,101.55,Fashion,1
TXN0013019,CUST01671,2024-07-30,26.17,Books,1
TXN0013020,CUST01671,2024-11-29,104.49,Beauty,1
TXN0013021,CUST01671,2024-07-04,85.13,Electronics,0
TXN0013022,CUST01671,2025-07-23,45.22,Beauty,1
TXN0013023,CUST01671,2024-08-05,30.91,Electronics,1
TXN0013024,CUST01671,2024-08-11,57.41,Sports,1
TXN0013025,CUST01671,2024-07-05,246.14,Sports,1
TXN0013026,CUST01671,2024-08-01,126.26,Electronics,0
TXN0013027,CUST01671,2024-11-22,109.05,Sports,0
TXN0013028,CUST01671,2025-02-14,21.5,Electronics,0
TXN0013029,CUST01671,2024-05-28,259.92,Sports,0
TXN0013030,CUST01671,2025-03-20,41.15,Electronics,0
TXN0013031,CUST01671,2024-11-15,41.46,Home & Kitchen,0
TXN0013032,CUST01671,2025-02-19,34.62,Sports,0
TXN0013033,CUST01671,2024-11-28,79.46,Books,0
TXN0013034,CUST01671,2024-07-22,7.25,Fashion,0
TXN0013035,CUST01671,2025-07-22,113.01,Books,0
TXN0013036,CUST01671,2024-09-04,98.36,Fashion,0
TXN0013037,CUST01671,2025-10-17,52.42,Books,1
TXN0013038,CUST01672,2024-12-13,84.49,Books,1
TXN0013039,CUST01672,2024-11-13,68.91,Home & Kitchen,1
TXN0013040,CUST01672,2025-08-01,70.06,Beauty,1
TXN0013041,CUST01672,2024-11-09,65.83,Electronics,1
TXN0013042,CUST01672,2024-08-24,50.67,Home & Kitchen,1
TXN0013043,CUST01672,2024-12-20,28.48,Books,0
TXN0013044,CUST01672,2024-06-30,31.11,Home & Kitchen,0
TXN0013045,CUST01672,2024-12-12,33.02,Sports,0
TXN0013046,CUST01672,2025-05-28,27.82,Beauty,0
TXN0013047,CUST01672,2024-06-03,56.74,Sports,1
TXN0013048,CUST01673,2025-08-16,53.35,Books,0
TXN0013049,CUST01673,2025-10-19,50.93,Beauty,1
TXN0013050,CUST01673,2024-11-22,59.03,Fashion,1
TXN0013051,CUST01673,2025-12-28,87.03,Sports,1
TXN0013052,CUST01673,2024-10-08,50.98,Home & Kitchen,0
TXN0013053,CUST01673,2024-08-22,52.92,Books,0
TXN0013054,CUST01673,2024-07-15,56.36,Beauty,0
TXN0013055,CUST01673,2025-02-15,93.79,Books,0
TXN0013056,CUST01673,2024-12-24,72.09,Electronics,0
TXN0013057,CUST01673,2025-11-28,73.64,Fashion,0
TXN0013058,CUST01673,2024-10-05,71.98,Books,0
TXN0013059,CUST01673,2024-08-25,85.02,Books,0
TXN0013060,CUST01673,2024-09-13,57.9,Beauty,1
TXN0013061,CUST01673,2025-01-30,85.32,Fashion,0
TXN0013062,CUST01674,2024-11-07,79.07,Books,0
TXN0013063,CUST01674,2025-02-23,38.4,Fashion,0
TXN0013064,CUST01674,2025-04-09,18.23,Books,0
TXN0013065,CUST01674,2025-09-30,40.75,Electronics,0
TXN0013066,CUST01674,2025-12-05,19.63,Sports,0
TXN0013067,CUST01674,2024-09-29,32.83,Electronics,0
TXN0013068,CUST01674,2025-06-06,50.13,Beauty,0
TXN0013069,CUST01674,2025-07-06,39.18,Fashion,0
TXN0013070,CUST01675,2025-09-16,74.54,Electronics,0
TXN0013071,CUST01675,2025-09-09,31.33,Books,1
TXN0013072,CUST01675,2025-09-23,41.47,Home & Kitchen,1
TXN0013073,CUST01675,2025-10-22,44.21,Fashion,0
TXN0013074,CUST01675,2024-11-03,65.03,Beauty,0
TXN0013075,CUST01675,2025-08-16,96.83,Home & Kitchen,0
TXN0013076,CUST01675,2025-01-15,39.86,Fashion,0
TXN0013077,CUST01675,2025-07-18,57.34,Sports,0
TXN0013078,CUST01675,2025-11-04,100.57,Books,0
TXN0013079,CUST01675,2025-11-16,16.8,Electronics,0
TXN0013080,CUST01675,2025-10-21,211.72,Fashion,0
TXN0013081,CUST01676,2025-10-25,29.46,Electronics,0
TXN0013082,CUST01676,2024-12-02,122.32,Electronics,0
TXN0013083,CUST01676,2024-12-16,46.65,Electronics,0
TXN0013084,CUST01676,2025-07-30,23.04,Home & Kitchen,0
TXN0013085,CUST01676,2025-12-12,27.85,Electronics,0
TXN0013086,CUST01676,2024-12-22,162.74,Fashion,0
TXN0013087,CUST01676,2025-10-31,188.91,Fashion,1
TXN0013088,CUST01676,2025-04-01,31.34,Books,0
TXN0013089,CUST01676,2025-08-14,44.62,Electronics,0
TXN0013090,CUST01676,2025-11-17,99.91,Electronics,0
TXN0013091,CUST01676,2025-12-12,112.74,Home & Kitchen,0
TXN0013092,CUST01676,2024-11-13,63.1,Beauty,1
TXN0013093,CUST01676,2024-08-29,80.26,Electronics,1
TXN0013094,CUST01676,2024-09-04,74.74,Beauty,0
TXN0013095,CUST01676,2024-08-24,107.97,Home & Kitchen,1
TXN0013096,CUST01676,2025-08-25,41.34,Books,1
TXN0013097,CUST01676,2025-06-23,50.21,Beauty,0
TXN0013098,CUST01676,2025-12-30,52.75,Electronics,1
TXN0013099,CUST01676,2024-09-23,135.04,Books,1
TXN0013100,CUST01676,2025-06-05,19.79,Sports,0
TXN0013101,CUST01676,2025-05-30,64.2,Home & Kitchen,0
TXN0013102,CUST01676,2025-12-23,129.85,Home & Kitchen,1
TXN0013103,CUST01676,2025-12-22,61.42,Beauty,1
TXN0013104,CUST01676,2025-02-11,119.3,Home & Kitchen,0
TXN0013105,CUST01676,2025-03-09,78.75,Fashion,0
TXN0013106,CUST01676,2025-07-16,81.1,Home & Kitchen,0
TXN0013107,CUST01676,2024-08-21,78.91,Beauty,0
TXN0013108,CUST01677,2025-05-21,62.28,Sports,0
TXN0013109,CUST01677,2025-07-18,29.76,Sports,0
TXN0013110,CUST01677,2025-12-04,64.24,Beauty,1
TXN0013111,CUST01677,2025-10-19,36.49,Books,0
TXN0013112,CUST01677,2025-07-14,150.7,Sports,1
TXN0013113,CUST01677,2025-04-30,61.25,Sports,0
TXN0013114,CUST01677,2025-04-21,126.14,Electronics,0
TXN0013115,CUST01677,2025-06-23,26.98,Books,1
TXN0013116,CUST01678,2025-01-20,60.43,Beauty,0
TXN0013117,CUST01678,2025-06-08,20.01,Electronics,0
TXN0013118,CUST01679,2024-10-10,17.27,Beauty,0
TXN0013119,CUST01679,2025-09-18,20.98,Home & Kitchen,1
TXN0013120,CUST01679,2024-08-31,28.46,Home & Kitchen,0
TXN0013121,CUST01679,2025-05-24,13.27,Electronics,0
TXN0013122,CUST01679,2025-05-30,40.09,Home & Kitchen,0
TXN0013123,CUST01679,2024-12-04,26.59,Books,1
TXN0013124,CUST01680,2025-02-05,74.13,Beauty,0
TXN0013125,CUST01680,2025-03-26,40.02,Beauty,0
TXN0013126,CUST01680,2025-12-13,52.71,Sports,0
TXN0013127,CUST01680,2025-08-27,58.1,Electronics,0
TXN0013128,CUST01680,2025-07-01,66.8,Beauty,0
TXN0013129,CUST01680,2025-05-05,79.16,Books,1
TXN0013130,CUST01680,2025-03-30,63.58,Sports,0
TXN0013131,CUST01680,2024-12-28,76.48,Sports,0
TXN0013132,CUST01680,2025-05-30,100.44,Home & Kitchen,0
TXN0013133,CUST01680,2025-01-03,93.65,Books,0
TXN0013134,CUST01680,2024-11-23,121.93,Beauty,1
TXN0013135,CUST01680,2025-04-27,103.88,Electronics,0
TXN0013136,CUST01680,2025-11-03,85.67,Beauty,1
TXN0013137,CUST01680,2025-04-19,53.98,Electronics,0
TXN0013138,CUST01680,2025-08-22,56.92,Beauty,0
TXN0013139,CUST01680,2025-01-23,24.82,Electronics,1
TXN0013140,CUST01680,2025-11-25,35.52,Beauty,1
TXN0013141,CUST01680,2025-12-21,32.11,Home & Kitchen,1
TXN0013142,CUST01680,2025-07-15,158.13,Sports,0
TXN0013143,CUST01680,2025-08-14,71.66,Electronics,0
TXN0013144,CUST01680,2025-09-25,127.57,Electronics,0
TXN0013145,CUST01680,2025-01-25,76.02,Fashion,0
TXN0013146,CUST01680,2024-11-05,33.1,Books,0
TXN0013147,CUST01680,2025-09-15,32.32,Books,1
TXN0013148,CUST01680,2024-12-13,48.28,Books,1
TXN0013149,CUST01680,2025-03-21,80.65,Electronics,0
TXN0013150,CUST01680,2025-02-01,48.29,Beauty,0
TXN0013151,CUST01681,2025-07-22,12.29,Beauty,0
TXN0013152,CUST01681,2025-07-23,84.64,Books,0
TXN0013153,CUST01681,2025-12-06,23.93,Home & Kitchen,1
TXN0013154,CUST01681,2025-05-22,34.64,Fashion,0
TXN0013155,CUST01682,2025-04-05,5.55,Sports,1
TXN0013156,CUST01682,2025-03-05,19.31,Beauty,0
TXN0013157,CUST01683,2025-12-27,82.81,Electronics,0
TXN0013158,CUST01683,2025-09-04,53.42,Home & Kitchen,0
TXN0013159,CUST01683,2025-12-22,86.02,Home & Kitchen,0
TXN0013160,CUST01684,2025-11-12,63.42,Sports,0
TXN0013161,CUST01685,2025-06-19,78.86,Books,0
TXN0013162,CUST01685,2025-08-19,47.02,Beauty,0
TXN0013163,CUST01685,2025-10-11,68.62,Fashion,0
TXN0013164,CUST01685,2025-06-10,55.34,Sports,0
TXN0013165,CUST01686,2024-10-17,20.1,Beauty,0
TXN0013166,CUST01686,2025-12-25,13.91,Electronics,1
TXN0013167,CUST01686,2024-11-19,11.91,Electronics,1
TXN0013168,CUST01686,2025-09-06,92.77,Books,0
TXN0013169,CUST01686,2025-09-12,114.65,Fashion,0
TXN0013170,CUST01686,2025-02-22,66.51,Sports,1
TXN0013171,CUST01686,2025-12-13,33.6,Books,0
TXN0013172,CUST01686,2025-10-19,14.44,Electronics,0
TXN0013173,CUST01686,2024-10-28,51.64,Sports,1
TXN0013174,CUST01686,2025-10-08,28.31,Beauty,0
TXN0013175,CUST01686,2025-08-24,68.46,Electronics,1
TXN0013176,CUST01686,2025-11-08,32.28,Sports,0
TXN0013177,CUST01686,2025-09-21,35.71,Fashion,0
TXN0013178,CUST01686,2025-10-30,52.65,Beauty,0
TXN0013179,CUST01687,2025-10-28,31.92,Home & Kitchen,0
TXN0013180,CUST01688,2024-02-06,74.37,Books,1
TXN0013181,CUST01688,2024-09-23,84.07,Sports,0
TXN0013182,CUST01688,2025-08-28,32.09,Beauty,0
TXN0013183,CUST01688,2024-09-27,37.47,Sports,0
TXN0013184,CUST01688,2024-04-27,78.81,Books,0
TXN0013185,CUST01688,2024-05-06,32.57,Books,0
TXN0013186,CUST01688,2025-05-07,31.36,Electronics,1
TXN0013187,CUST01688,2025-08-27,11.29,Home & Kitchen,0
TXN0013188,CUST01688,2025-05-05,73.03,Sports,0
TXN0013189,CUST01689,2025-06-21,60.52,Electronics,0
TXN0013190,CUST01689,2025-09-16,72.94,Books,0
TXN0013191,CUST01689,2025-03-30,103.75,Sports,0
TXN0013192,CUST01689,2025-11-16,9.51,Beauty,0
TXN0013193,CUST01689,2025-03-30,44.86,Fashion,0
TXN0013194,CUST01689,2025-05-26,105.34,Beauty,1
TXN0013195,CUST01689,2025-03-08,55.67,Home & Kitchen,0
TXN0013196,CUST01690,2025-06-15,74.44,Fashion,0
TXN0013197,CUST01690,2025-02-20,73.6,Electronics,0
TXN0013198,CUST01690,2025-04-18,7.08,Home & Kitchen,0
TXN0013199,CUST01690,2025-05-01,53.02,Sports,0
TXN0013200,CUST01690,2025-01-22,94.03,Home & Kitchen,0
TXN0013201,CUST01691,2025-06-22,51.8,Beauty,0
TXN0013202,CUST01691,2025-04-20,47.56,Electronics,0
TXN0013203,CUST01691,2025-03-21,8.21,Books,0
TXN0013204,CUST01691,2025-03-10,15.68,Fashion,0
TXN0013205,CUST01691,2024-12-26,55.76,Electronics,0
TXN0013206,CUST01691,2025-10-20,58.93,Fashion,0
TXN0013207,CUST01691,2025-11-08,46.11,Beauty,0
TXN0013208,CUST01691,2025-06-13,126.52,Beauty,0
TXN0013209,CUST01691,2025-04-22,24.05,Fashion,0
TXN0013210,CUST01691,2025-10-31,43.37,Electronics,1
TXN0013211,CUST01691,2025-04-14,19.69,Beauty,0
TXN0013212,CUST01691,2025-01-04,14.95,Books,0
TXN0013213,CUST01692,2025-08-03,77.25,Books,0
TXN0013214,CUST01692,2025-12-18,138.78,Fashion,0
TXN0013215,CUST01692,2025-10-19,70.05,Beauty,1
TXN0013216,CUST01692,2025-10-15,76.16,Electronics,1
TXN0013217,CUST01692,2025-12-20,15.62,Home & Kitchen,0
TXN0013218,CUST01692,2025-08-03,35.57,Fashion,1
TXN0013219,CUST01692,2025-07-02,47.47,Fashion,0
TXN0013220,CUST01692,2025-09-26,64.18,Home & Kitchen,1
TXN0013221,CUST01694,2025-12-26,104.27,Books,0
TXN0013222,CUST01694,2025-11-27,68.74,Sports,0
TXN0013223,CUST01694,2025-09-22,72.78,Beauty,0
TXN0013224,CUST01695,2025-03-28,40.22,Fashion,1
TXN0013225,CUST01695,2025-01-02,57.67,Books,0
TXN0013226,CUST01695,2025-04-24,25.44,Beauty,0
TXN0013227,CUST01695,2025-10-28,30.05,Books,0
TXN0013228,CUST01695,2025-03-17,60.32,Electronics,0
TXN0013229,CUST01695,2025-07-24,21.8,Electronics,0
TXN0013230,CUST01696,2024-12-28,21.28,Fashion,1
TXN0013231,CUST01696,2024-12-09,82.5,Fashion,0
TXN0013232,CUST01696,2025-08-19,27.15,Fashion,0
TXN0013233,CUST01696,2024-07-31,23.45,Books,1
TXN0013234,CUST01696,2025-07-29,30.87,Sports,0
TXN0013235,CUST01696,2024-06-06,53.23,Sports,0
TXN0013236,CUST01696,2024-05-20,24.93,Electronics,1
TXN0013237,CUST01696,2025-10-25,85.83,Beauty,0
TXN0013238,CUST01697,2024-10-09,58.27,Beauty,0
TXN0013239,CUST01697,2024-09-28,21.01,Home & Kitchen,0
TXN0013240,CUST01697,2025-06-14,18.47,Books,0
TXN0013241,CUST01697,2024-12-27,11.75,Beauty,0
TXN0013242,CUST01697,2025-01-09,61.39,Electronics,0
TXN0013243,CUST01697,2025-06-26,26.11,Books,0
TXN0013244,CUST01697,2025-05-24,92.96,Sports,1
TXN0013245,CUST01697,2025-04-16,112.76,Books,1
TXN0013246,CUST01697,2025-12-11,61.14,Home & Kitchen,0
TXN0013247,CUST01697,2024-10-12,55.35,Books,0
TXN0013248,CUST01697,2025-03-31,79.21,Sports,0
TXN0013249,CUST01697,2024-11-01,26.15,Electronics,0
TXN0013250,CUST01697,2025-04-28,74.25,Beauty,0
TXN0013251,CUST01698,2025-07-25,59.63,Beauty,0
TXN0013252,CUST01699,2024-08-07,178.46,Electronics,0
TXN0013253,CUST01699,2025-10-04,34.86,Home & Kitchen,0
TXN0013254,CUST01699,2024-03-26,39.56,Beauty,0
TXN0013255,CUST01699,2024-09-15,47.71,Sports,0
TXN0013256,CUST01699,2024-08-08,68.09,Books,0
TXN0013257,CUST01699,2025-09-02,64.83,Beauty,0
TXN0013258,CUST01699,2025-11-28,57.43,Electronics,0
TXN0013259,CUST01699,2025-05-14,70.11,Electronics,0
TXN0013260,CUST01699,2025-02-17,45.97,Electronics,1
TXN0013261,CUST01699,2025-10-06,93.06,Home & Kitchen,0
TXN0013262,CUST01699,2025-01-26,150.48,Books,0
TXN0013263,CUST01699,2025-01-27,112.3,Home & Kitchen,0
TXN0013264,CUST01699,2025-04-18,144.56,Beauty,0
TXN0013265,CUST01699,2024-04-24,66.45,Beauty,0
TXN0013266,CUST01699,2025-03-09,128.76,Sports,1
TXN0013267,CUST01699,2025-07-21,66.35,Fashion,1
TXN0013268,CUST01699,2024-07-30,58.63,Fashion,1
TXN0013269,CUST01699,2024-08-01,74.18,Electronics,1
TXN0013270,CUST01699,2025-09-25,43.01,Electronics,1
TXN0013271,CUST01699,2024-05-30,96.94,Fashion,0
TXN0013272,CUST01699,2025-03-20,159.89,Electronics,0
TXN0013273,CUST01699,2025-03-10,117.24,Sports,0
TXN0013274,CUST01699,2025-06-11,87.14,Fashion,0
TXN0013275,CUST01699,2024-06-03,56.89,Books,1
TXN0013276,CUST01699,2025-09-05,54.68,Fashion,1
TXN0013277,CUST01699,2025-04-27,66.45,Beauty,0
TXN0013278,CUST01699,2024-07-09,74.7,Books,0
TXN0013279,CUST01699,2025-09-05,96.23,Sports,0
TXN0013280,CUST01699,2024-07-13,63.01,Home & Kitchen,1
TXN0013281,CUST01699,2025-07-20,35.46,Sports,1
TXN0013282,CUST01699,2025-10-21,54.01,Home & Kitchen,0
TXN0013283,CUST01699,2025-12-29,66.71,Beauty,1
TXN0013284,CUST01700,2025-04-22,73.86,Electronics,1
TXN0013285,CUST01700,2025-12-19,27.21,Books,1
TXN0013286,CUST01700,2025-11-09,48.66,Fashion,0
TXN0013287,CUST01700,2025-12-13,143.64,Sports,0
TXN0013288,CUST01700,2025-06-07,16.63,Beauty,1
TXN0013289,CUST01700,2025-03-30,148.66,Electronics,1
TXN0013290,CUST01700,2025-10-25,93.01,Sports,0
TXN0013291,CUST01700,2025-05-04,56.46,Electronics,1
TXN0013292,CUST01700,2025-11-18,63.06,Fashion,0
TXN0013293,CUST01700,2025-10-15,41.22,Fashion,0
TXN0013294,CUST01700,2025-07-16,84.69,Fashion,0
TXN0013295,CUST01700,2025-07-17,46.84,Home & Kitchen,1
TXN0013296,CUST01700,2025-09-13,48.5,Fashion,1
TXN0013297,CUST01702,2025-06-08,121.09,Books,0
TXN0013298,CUST01702,2024-04-11,38.01,Books,0
TXN0013299,CUST01702,2024-05-15,36.79,Beauty,0
TXN0013300,CUST01702,2025-02-28,60.92,Electronics,0
TXN0013301,CUST01702,2025-12-18,22.25,Home & Kitchen,0
TXN0013302,CUST01702,2024-06-21,196.79,Electronics,0
TXN0013303,CUST01702,2024-07-18,59.45,Sports,1
TXN0013304,CUST01702,2024-03-16,7.5,Electronics,1
TXN0013305,CUST01702,2024-08-02,80.76,Electronics,0
TXN0013306,CUST01702,2024-08-10,169.92,Sports,0
TXN0013307,CUST01702,2025-02-04,73.69,Books,0
TXN0013308,CUST01702,2025-12-13,13.27,Home & Kitchen,0
TXN0013309,CUST01702,2024-08-19,74.11,Sports,0
TXN0013310,CUST01702,2025-10-20,37.97,Sports,0
TXN0013311,CUST01702,2025-08-31,24.28,Electronics,0
TXN0013312,CUST01702,2024-06-28,56.01,Home & Kitchen,1
TXN0013313,CUST01702,2025-07-01,52.87,Fashion,1
TXN0013314,CUST01702,2025-09-02,51.64,Home & Kitchen,0
TXN0013315,CUST01702,2024-10-02,66.34,Fashion,1
TXN0013316,CUST01702,2025-07-04,40.02,Beauty,0
TXN0013317,CUST01702,2024-12-15,156.79,Fashion,0
TXN0013318,CUST01702,2024-05-22,49.86,Fashion,1
TXN0013319,CUST01702,2025-04-25,57.91,Books,0
TXN0013320,CUST01702,2025-06-23,69.24,Beauty,1
TXN0013321,CUST01702,2025-12-24,66.05,Beauty,0
TXN0013322,CUST01702,2024-12-03,103.05,Beauty,0
TXN0013323,CUST01702,2025-12-30,71.36,Fashion,0
TXN0013324,CUST01702,2024-11-07,40.39,Electronics,0
TXN0013325,CUST01702,2024-05-23,139.61,Fashion,0
TXN0013326,CUST01702,2024-03-09,24.93,Beauty,0
TXN0013327,CUST01703,2025-02-05,48.93,Sports,0
TXN0013328,CUST01703,2025-10-07,73.86,Books,0
TXN0013329,CUST01703,2024-04-23,15.85,Books,0
TXN0013330,CUST01703,2024-12-23,34.89,Sports,1
TXN0013331,CUST01703,2025-03-17,103.91,Electronics,1
TXN0013332,CUST01703,2025-08-17,6.67,Fashion,0
TXN0013333,CUST01703,2025-10-16,16.36,Books,1
TXN0013334,CUST01703,2025-09-18,34.86,Fashion,0
TXN0013335,CUST01703,2024-05-05,17.69,Sports,0
TXN0013336,CUST01703,2025-08-29,98.22,Fashion,0
TXN0013337,CUST01703,2025-07-18,48.8,Electronics,0
TXN0013338,CUST01703,2025-11-25,24.63,Beauty,0
TXN0013339,CUST01703,2024-12-11,29.44,Sports,1
TXN0013340,CUST01703,2024-07-16,52.8,Electronics,0
TXN0013341,CUST01703,2025-04-12,65.22,Sports,0
TXN0013342,CUST01704,2025-11-26,75.88,Fashion,0
TXN0013343,CUST01706,2025-04-24,38.12,Fashion,0
TXN0013344,CUST01706,2025-09-11,45.72,Books,0
TXN0013345,CUST01706,2025-06-21,17.38,Beauty,1
TXN0013346,CUST01706,2025-06-09,36.71,Books,0
TXN0013347,CUST01706,2025-09-16,93.13,Home & Kitchen,0
TXN0013348,CUST01706,2025-12-28,61.55,Fashion,0
TXN0013349,CUST01706,2025-06-12,56.43,Home & Kitchen,0
TXN0013350,CUST01706,2025-09-22,113.95,Beauty,0
TXN0013351,CUST01709,2025-12-15,8.85,Electronics,1
TXN0013352,CUST01709,2025-05-22,79.3,Beauty,0
TXN0013353,CUST01709,2025-05-27,56.52,Electronics,0
TXN0013354,CUST01709,2025-11-25,35.92,Home & Kitchen,0
TXN0013355,CUST01710,2025-01-29,51.15,Beauty,0
TXN0013356,CUST01710,2024-08-12,50.59,Electronics,0
TXN0013357,CUST01710,2025-04-01,33.16,Fashion,0
TXN0013358,CUST01710,2024-08-01,93.9,Books,1
TXN0013359,CUST01712,2025-10-24,67.94,Books,1
TXN0013360,CUST01712,2025-02-03,76.85,Home & Kitchen,0
TXN0013361,CUST01712,2025-01-20,104.82,Beauty,0
TXN0013362,CUST01712,2025-08-15,27.22,Beauty,0
TXN0013363,CUST01712,2024-12-10,51.91,Sports,1
TXN0013364,CUST01712,2025-02-15,52.66,Fashion,0
TXN0013365,CUST01712,2024-11-09,107.39,Books,0
TXN0013366,CUST01712,2025-06-29,110.31,Fashion,0
TXN0013367,CUST01712,2024-10-18,24.44,Beauty,0
TXN0013368,CUST01712,2025-10-22,66.99,Sports,0
TXN0013369,CUST01712,2025-05-14,130.2,Sports,1
TXN0013370,CUST01712,2025-06-24,134.98,Beauty,0
TXN0013371,CUST01712,2025-12-24,67.43,Books,0
TXN0013372,CUST01712,2025-10-16,86.89,Books,0
TXN0013373,CUST01712,2024-10-25,101.21,Fashion,0
TXN0013374,CUST01712,2025-11-22,73.07,Fashion,0
TXN0013375,CUST01712,2024-11-20,93.26,Sports,1
TXN0013376,CUST01712,2025-05-27,74.16,Sports,0
TXN0013377,CUST01712,2025-05-27,38.4,Home & Kitchen,1
TXN0013378,CUST01712,2025-02-13,26.51,Beauty,0
TXN0013379,CUST01712,2025-12-14,146.24,Electronics,0
TXN0013380,CUST01712,2025-01-26,49.34,Beauty,0
TXN0013381,CUST01712,2025-12-25,138.74,Sports,0
TXN0013382,CUST01712,2025-07-31,59.01,Electronics,0
TXN0013383,CUST01712,2025-11-23,35.95,Beauty,0
TXN0013384,CUST01714,2025-03-23,75.74,Electronics,0
TXN0013385,CUST01714,2025-05-12,34.47,Sports,0
TXN0013386,CUST01714,2025-04-16,31.33,Electronics,0
TXN0013387,CUST01714,2024-12-07,43.8,Books,0
TXN0013388,CUST01714,2025-06-16,72.46,Fashion,1
TXN0013389,CUST01714,2025-06-12,89.66,Books,1
TXN0013390,CUST01714,2025-05-05,51.44,Electronics,0
TXN0013391,CUST01714,2025-05-25,12.01,Home & Kitchen,0
TXN0013392,CUST01714,2025-07-26,25.84,Home & Kitchen,0
TXN0013393,CUST01714,2025-04-09,32.54,Beauty,1
TXN0013394,CUST01714,2025-08-16,46.68,Home & Kitchen,0
TXN0013395,CUST01715,2025-09-11,38.5,Beauty,1
TXN0013396,CUST01716,2025-11-23,100.18,Books,0
TXN0013397,CUST01716,2025-12-03,108.74,Home & Kitchen,0
TXN0013398,CUST01716,2025-12-05,120.08,Home & Kitchen,0
TXN0013399,CUST01716,2025-11-27,61.46,Sports,1
TXN0013400,CUST01716,2025-12-16,165.47,Sports,0
TXN0013401,CUST01716,2025-12-21,83.58,Home & Kitchen,0
TXN0013402,CUST01717,2025-11-14,24.22,Home & Kitchen,0
TXN0013403,CUST01717,2025-02-01,97.33,Beauty,1
TXN0013404,CUST01717,2025-03-07,34.77,Sports,0
TXN0013405,CUST01717,2025-05-29,89.88,Beauty,0
TXN0013406,CUST01717,2025-03-19,135.69,Beauty,1
TXN0013407,CUST01717,2025-06-09,108.66,Books,0
TXN0013408,CUST01717,2025-03-31,18.86,Sports,0
TXN0013409,CUST01717,2025-05-14,19.85,Books,1
TXN0013410,CUST01718,2025-10-30,60.28,Sports,0
TXN0013411,CUST01718,2025-11-19,47.33,Books,0
TXN0013412,CUST01718,2025-07-14,21.51,Sports,0
TXN0013413,CUST01719,2025-04-15,72.84,Sports,0
TXN0013414,CUST01719,2024-09-29,14.07,Books,0
TXN0013415,CUST01719,2024-08-24,64.14,Sports,0
TXN0013416,CUST01719,2025-11-02,36.5,Fashion,1
TXN0013417,CUST01719,2024-09-06,17.96,Beauty,1
TXN0013418,CUST01719,2024-10-16,95.6,Home & Kitchen,0
TXN0013419,CUST01719,2025-08-20,64.99,Electronics,0
TXN0013420,CUST01719,2025-01-11,15.56,Books,0
TXN0013421,CUST01719,2025-10-09,53.84,Beauty,0
TXN0013422,CUST01719,2025-06-20,161.64,Home & Kitchen,0
TXN0013423,CUST01720,2025-08-30,48.51,Sports,0
TXN0013424,CUST01720,2025-07-22,49.37,Sports,1
TXN0013425,CUST01720,2025-05-09,46.68,Sports,0
TXN0013426,CUST01720,2025-09-19,47.23,Books,0
TXN0013427,CUST01720,2025-07-11,74.19,Electronics,1
TXN0013428,CUST01720,2025-03-07,50.5,Home & Kitchen,0
TXN0013429,CUST01720,2025-06-02,151.98,Books,1
TXN0013430,CUST01720,2025-07-22,33.41,Home & Kitchen,0
TXN0013431,CUST01720,2025-07-13,10.42,Home & Kitchen,1
TXN0013432,CUST01720,2025-11-15,45.53,Home & Kitchen,1
TXN0013433,CUST01720,2025-04-25,103.57,Sports,0
TXN0013434,CUST01722,2025-09-02,42.09,Sports,1
TXN0013435,CUST01722,2025-08-01,89.73,Fashion,0
TXN0013436,CUST01722,2025-07-28,71.82,Home & Kitchen,1
TXN0013437,CUST01722,2025-10-26,74.33,Home & Kitchen,1
TXN0013438,CUST01722,2025-09-10,69.13,Fashion,1
TXN0013439,CUST01722,2025-11-27,93.51,Sports,0
TXN0013440,CUST01722,2025-04-28,112.14,Fashion,0
TXN0013441,CUST01722,2025-10-21,87.82,Home & Kitchen,0
TXN0013442,CUST01722,2025-09-07,47.65,Home & Kitchen,0
TXN0013443,CUST01723,2024-10-22,15.32,Fashion,0
TXN0013444,CUST01723,2024-10-01,69.46,Home & Kitchen,1
TXN0013445,CUST01724,2024-08-27,44.52,Sports,1
TXN0013446,CUST01725,2025-06-12,62.45,Books,1
TXN0013447,CUST01725,2025-01-15,89.48,Beauty,1
TXN0013448,CUST01725,2025-10-05,27.49,Home & Kitchen,0
TXN0013449,CUST01725,2025-11-28,31.13,Home & Kitchen,0
TXN0013450,CUST01725,2024-09-20,64.28,Sports,1
TXN0013451,CUST01725,2025-03-09,46.99,Beauty,0
TXN0013452,CUST01725,2024-09-04,32.48,Books,1
TXN0013453,CUST01725,2024-10-12,23.43,Books,0
TXN0013454,CUST01725,2025-05-25,28.04,Fashion,0
TXN0013455,CUST01725,2025-11-20,61.49,Sports,0
TXN0013456,CUST01725,2024-09-12,24.53,Fashion,0
TXN0013457,CUST01725,2024-12-27,85.7,Books,1
TXN0013458,CUST01725,2025-06-14,40.31,Home & Kitchen,0
TXN0013459,CUST01726,2025-12-13,56.05,Fashion,1
TXN0013460,CUST01726,2025-09-30,37.47,Books,0
TXN0013461,CUST01726,2025-08-17,64.28,Books,0
TXN0013462,CUST01726,2025-12-27,57.01,Home & Kitchen,0
TXN0013463,CUST01726,2025-11-06,48.83,Books,0
TXN0013464,CUST01726,2025-12-08,32.5,Sports,1
TXN0013465,CUST01727,2024-10-23,126.75,Sports,1
TXN0013466,CUST01727,2025-05-14,105.84,Home & Kitchen,1
TXN0013467,CUST01727,2025-02-15,45.85,Fashion,0
TXN0013468,CUST01727,2024-09-28,63.85,Beauty,1
TXN0013469,CUST01727,2025-06-26,73.15,Sports,0
TXN0013470,CUST01727,2025-12-11,63.53,Sports,0
TXN0013471,CUST01727,2025-11-17,8.4,Fashion,0
TXN0013472,CUST01727,2025-09-08,46.06,Electronics,0
TXN0013473,CUST01727,2025-08-15,96.85,Books,0
TXN0013474,CUST01727,2025-10-31,27.72,Books,0
TXN0013475,CUST01727,2024-10-09,31.18,Home & Kitchen,1
TXN0013476,CUST01727,2025-09-17,43.39,Books,0
TXN0013477,CUST01727,2024-11-27,40.4,Fashion,0
TXN0013478,CUST01728,2025-07-04,57.31,Fashion,0
TXN0013479,CUST01728,2025-10-21,59.46,Sports,1
TXN0013480,CUST01728,2025-07-25,21.81,Books,1
TXN0013481,CUST01728,2025-05-25,46.96,Home & Kitchen,0
TXN0013482,CUST01728,2025-12-04,34.93,Fashion,0
TXN0013483,CUST01729,2024-12-01,63.73,Books,0
TXN0013484,CUST01729,2025-01-27,5.74,Beauty,1
TXN0013485,CUST01729,2025-01-24,29.1,Home & Kitchen,1
TXN0013486,CUST01729,2025-12-28,37.3,Fashion,0
TXN0013487,CUST01729,2025-09-06,34.44,Beauty,1
TXN0013488,CUST01729,2024-10-25,77.85,Beauty,0
TXN0013489,CUST01729,2025-02-06,2.65,Books,0
TXN0013490,CUST01729,2025-08-30,30.82,Home & Kitchen,1
TXN0013491,CUST01729,2024-10-05,36.92,Sports,0
TXN0013492,CUST01729,2025-02-10,25.66,Beauty,0
TXN0013493,CUST01729,2025-08-08,45.92,Sports,0
TXN0013494,CUST01729,2025-06-12,52.12,Home & Kitchen,0
TXN0013495,CUST01729,2025-08-25,21.55,Fashion,1
TXN0013496,CUST01729,2025-04-26,30.72,Home & Kitchen,0
TXN0013497,CUST01729,2024-12-01,34.48,Sports,0
TXN0013498,CUST01730,2024-08-29,97.53,Electronics,0
TXN0013499,CUST01730,2024-07-03,33.24,Home & Kitchen,0
TXN0013500,CUST01730,2025-10-28,76.57,Electronics,1
TXN0013501,CUST01730,2024-08-29,33.79,Beauty,0
TXN0013502,CUST01730,2024-04-13,5.32,Sports,0
TXN0013503,CUST01730,2025-07-26,59.2,Beauty,0
TXN0013504,CUST01730,2025-08-02,70.42,Electronics,0
TXN0013505,CUST01730,2024-03-28,26.06,Electronics,0
TXN0013506,CUST01730,2025-02-06,71.55,Fashion,0
TXN0013507,CUST01730,2025-05-20,63.91,Home & Kitchen,1
TXN0013508,CUST01730,2025-10-06,59.2,Beauty,1
TXN0013509,CUST01730,2025-01-04,14.4,Beauty,1
TXN0013510,CUST01730,2025-11-24,140.55,Sports,0
TXN0013511,CUST01730,2024-04-24,68.52,Sports,0
TXN0013512,CUST01730,2025-05-25,12.35,Home & Kitchen,0
TXN0013513,CUST01730,2025-07-23,50.41,Sports,0
TXN0013514,CUST01730,2024-12-06,13.25,Sports,0
TXN0013515,CUST01730,2024-08-16,64.22,Beauty,1
TXN0013516,CUST01730,2024-06-09,102.51,Fashion,0
TXN0013517,CUST01730,2025-09-21,44.36,Home & Kitchen,0
TXN0013518,CUST01730,2024-05-11,37.36,Electronics,0
TXN0013519,CUST01730,2024-07-30,107.03,Beauty,1
TXN0013520,CUST01730,2024-04-14,35.03,Books,0
TXN0013521,CUST01730,2025-04-09,103.97,Beauty,0
TXN0013522,CUST01730,2024-08-12,49.12,Sports,0
TXN0013523,CUST01730,2025-12-16,80.8,Electronics,1
TXN0013524,CUST01730,2025-06-17,61.93,Beauty,0
TXN0013525,CUST01730,2025-05-23,32.64,Beauty,0
TXN0013526,CUST01732,2025-11-14,55.13,Beauty,1
TXN0013527,CUST01732,2025-07-12,41.11,Home & Kitchen,0
TXN0013528,CUST01732,2025-05-23,47.21,Electronics,0
TXN0013529,CUST01732,2024-11-15,110.84,Fashion,0
TXN0013530,CUST01733,2025-06-22,5.58,Fashion,0
TXN0013531,CUST01733,2025-09-05,24.95,Electronics,0
TXN0013532,CUST01733,2025-09-19,106.13,Home & Kitchen,0
TXN0013533,CUST01733,2025-06-24,58.84,Electronics,1
TXN0013534,CUST01733,2025-09-08,18.23,Electronics,0
TXN0013535,CUST01733,2025-08-26,18.82,Electronics,1
TXN0013536,CUST01733,2025-11-25,102.31,Home & Kitchen,1
TXN0013537,CUST01733,2025-11-04,65.79,Electronics,0
TXN0013538,CUST01733,2025-11-24,40.64,Sports,0
TXN0013539,CUST01734,2025-10-07,57.09,Sports,1
TXN0013540,CUST01734,2025-05-01,101.94,Home & Kitchen,0
TXN0013541,CUST01734,2025-08-18,92.35,Fashion,0
TXN0013542,CUST01735,2025-01-25,45.89,Electronics,0
TXN0013543,CUST01735,2025-09-20,16.78,Books,0
TXN0013544,CUST01735,2025-06-28,51.67,Books,0
TXN0013545,CUST01735,2025-02-14,55.59,Beauty,0
TXN0013546,CUST01735,2025-08-14,89.46,Fashion,0
TXN0013547,CUST01735,2025-11-26,16.11,Electronics,0
TXN0013548,CUST01735,2025-09-19,23.07,Books,1
TXN0013549,CUST01735,2025-02-28,111.21,Sports,1
TXN0013550,CUST01735,2025-05-22,30.98,Electronics,1
TXN0013551,CUST01735,2025-03-03,20.55,Electronics,1
TXN0013552,CUST01735,2025-01-08,16.25,Electronics,0
TXN0013553,CUST01735,2025-04-03,14.09,Home & Kitchen,0
TXN0013554,CUST01735,2025-01-08,63.92,Sports,0
TXN0013555,CUST01736,2025-12-11,65.87,Books,1
TXN0013556,CUST01736,2025-12-23,108.73,Home & Kitchen,0
TXN0013557,CUST01737,2024-09-24,34.76,Home & Kitchen,1
TXN0013558,CUST01737,2024-05-23,39.74,Beauty,0
TXN0013559,CUST01737,2025-07-26,64.17,Fashion,0
TXN0013560,CUST01737,2025-12-21,66.03,Fashion,1
TXN0013561,CUST01737,2024-12-26,32.07,Fashion,0
TXN0013562,CUST01737,2024-06-21,67.33,Sports,0
TXN0013563,CUST01737,2024-05-03,50.14,Sports,0
TXN0013564,CUST01737,2025-05-28,66.92,Sports,0
TXN0013565,CUST01737,2025-07-12,36.61,Home & Kitchen,0
TXN0013566,CUST01737,2024-09-07,21.22,Sports,0
TXN0013567,CUST01739,2025-08-12,33.16,Home & Kitchen,0
TXN0013568,CUST01740,2024-08-16,18.62,Fashion,0
TXN0013569,CUST01740,2024-12-31,10.06,Fashion,0
TXN0013570,CUST01740,2025-02-21,32.91,Electronics,1
TXN0013571,CUST01740,2025-07-21,64.6,Sports,0
TXN0013572,CUST01740,2025-03-14,89.87,Sports,0
TXN0013573,CUST01740,2025-10-28,48.06,Home & Kitchen,0
TXN0013574,CUST01740,2025-01-03,29.66,Fashion,0
TXN0013575,CUST01742,2025-03-20,58.44,Fashion,1
TXN0013576,CUST01742,2025-07-20,12.62,Beauty,1
TXN0013577,CUST01742,2025-10-12,22.86,Fashion,0
TXN0013578,CUST01742,2025-08-01,33.78,Sports,1
TXN0013579,CUST01742,2025-02-24,25.22,Sports,0
TXN0013580,CUST01743,2025-08-19,88.51,Electronics,0
TXN0013581,CUST01743,2025-10-28,38.68,Fashion,1
TXN0013582,CUST01743,2025-12-02,27.51,Electronics,1
TXN0013583,CUST01743,2025-04-14,40.17,Sports,0
TXN0013584,CUST01743,2025-12-14,64.67,Books,0
TXN0013585,CUST01743,2025-08-28,33.95,Sports,0
TXN0013586,CUST01743,2025-09-19,26.01,Home & Kitchen,0
TXN0013587,CUST01743,2025-07-01,106.11,Beauty,0
TXN0013588,CUST01743,2025-07-18,89.51,Electronics,1
TXN0013589,CUST01743,2025-10-10,36.21,Electronics,1
TXN0013590,CUST01744,2025-10-26,65.8,Fashion,0
TXN0013591,CUST01745,2025-06-17,33.84,Beauty,0
TXN0013592,CUST01745,2025-12-12,38.93,Fashion,0
TXN0013593,CUST01745,2025-07-19,59.31,Fashion,1
TXN0013594,CUST01745,2025-05-14,83.52,Beauty,0
TXN0013595,CUST01745,2025-08-28,51.03,Sports,1
TXN0013596,CUST01745,2025-09-11,15.74,Fashion,0
TXN0013597,CUST01745,2025-06-22,49.65,Fashion,1
TXN0013598,CUST01745,2025-11-17,10.36,Fashion,0
TXN0013599,CUST01745,2025-05-08,78.69,Home & Kitchen,0
TXN0013600,CUST01745,2025-05-09,104.8,Electronics,0
TXN0013601,CUST01745,2025-08-13,52.32,Electronics,0
TXN0013602,CUST01745,2025-06-14,13.19,Fashion,0
TXN0013603,CUST01745,2025-10-19,122.66,Books,0
TXN0013604,CUST01745,2025-09-23,15.08,Home & Kitchen,0
TXN0013605,CUST01745,2025-05-01,13.38,Beauty,0
TXN0013606,CUST01745,2025-05-09,37.7,Sports,1
TXN0013607,CUST01745,2025-03-28,22.85,Sports,0
TXN0013608,CUST01746,2025-10-06,23.63,Beauty,0
TXN0013609,CUST01747,2025-05-11,21.47,Beauty,0
TXN0013610,CUST01747,2025-04-30,12.23,Fashion,0
TXN0013611,CUST01747,2025-07-22,27.92,Fashion,0
TXN0013612,CUST01747,2025-10-02,47.96,Electronics,0
TXN0013613,CUST01747,2025-05-15,45.76,Electronics,1
TXN0013614,CUST01747,2025-03-13,32.23,Beauty,1
TXN0013615,CUST01747,2025-10-30,88.87,Books,0
TXN0013616,CUST01749,2025-01-05,54.72,Beauty,1
TXN0013617,CUST01749,2025-04-01,19.15,Beauty,1
TXN0013618,CUST01749,2025-02-07,30.82,Fashion,1
TXN0013619,CUST01749,2025-05-03,139.14,Books,0
TXN0013620,CUST01749,2025-08-07,18.75,Beauty,0
TXN0013621,CUST01749,2024-11-17,57.13,Sports,0
TXN0013622,CUST01749,2025-01-09,18.63,Beauty,0
TXN0013623,CUST01749,2025-05-28,26.79,Electronics,0
TXN0013624,CUST01749,2024-10-28,68.75,Sports,0
TXN0013625,CUST01752,2025-12-08,35.33,Home & Kitchen,0
TXN0013626,CUST01752,2025-11-11,49.03,Fashion,0
TXN0013627,CUST01753,2025-12-12,165.6,Books,0
TXN0013628,CUST01754,2025-06-10,4.92,Beauty,0
TXN0013629,CUST01754,2024-11-04,145.38,Beauty,0
TXN0013630,CUST01754,2025-03-13,29.85,Sports,0
TXN0013631,CUST01754,2025-04-24,64.76,Home & Kitchen,0
TXN0013632,CUST01754,2024-11-19,82.01,Home & Kitchen,0
TXN0013633,CUST01754,2025-08-08,97.45,Electronics,0
TXN0013634,CUST01754,2025-07-26,81.87,Beauty,0
TXN0013635,CUST01754,2024-12-12,33.91,Sports,0
TXN0013636,CUST01754,2025-08-22,35.31,Sports,0
TXN0013637,CUST01754,2025-02-17,32.68,Beauty,0
TXN0013638,CUST01754,2025-11-05,92.3,Beauty,1
TXN0013639,CUST01754,2025-07-17,25.5,Sports,0
TXN0013640,CUST01754,2025-10-29,98.64,Fashion,1
TXN0013641,CUST01754,2024-10-08,13.87,Home & Kitchen,0
TXN0013642,CUST01754,2025-11-18,24.5,Fashion,1
TXN0013643,CUST01754,2024-08-04,22.53,Books,0
TXN0013644,CUST01754,2025-09-17,77.85,Electronics,1
TXN0013645,CUST01754,2025-03-03,81.85,Sports,0
TXN0013646,CUST01755,2024-10-06,102.35,Books,0
TXN0013647,CUST01755,2025-09-17,59.03,Books,0
TXN0013648,CUST01755,2025-04-17,104.71,Beauty,0
TXN0013649,CUST01755,2025-06-09,24.64,Fashion,0
TXN0013650,CUST01755,2025-07-03,121.08,Beauty,1
TXN0013651,CUST01755,2024-05-31,66.81,Fashion,1
TXN0013652,CUST01755,2025-10-07,65.81,Fashion,1
TXN0013653,CUST01755,2025-01-25,65.62,Home & Kitchen,0
TXN0013654,CUST01755,2025-07-12,101.4,Home & Kitchen,0
TXN0013655,CUST01755,2025-07-19,86.54,Beauty,0
TXN0013656,CUST01755,2025-09-20,75.85,Home & Kitchen,0
TXN0013657,CUST01755,2025-02-24,75.36,Fashion,0
TXN0013658,CUST01755,2025-01-02,64.42,Books,0
TXN0013659,CUST01755,2025-05-04,113.62,Home & Kitchen,1
TXN0013660,CUST01755,2025-01-09,98.23,Fashion,0
TXN0013661,CUST01755,2025-11-20,119.73,Beauty,1
TXN0013662,CUST01755,2025-01-29,76.53,Sports,1
TXN0013663,CUST01755,2025-05-10,130.11,Beauty,0
TXN0013664,CUST01755,2025-05-06,45.34,Electronics,0
TXN0013665,CUST01755,2025-01-11,92.29,Books,0
TXN0013666,CUST01755,2024-07-15,24.1,Sports,0
TXN0013667,CUST01755,2024-10-31,157.4,Fashion,0
TXN0013668,CUST01755,2024-05-15,26.6,Books,0
TXN0013669,CUST01755,2024-09-12,92.06,Books,0
TXN0013670,CUST01755,2024-11-03,311.26,Electronics,0
TXN0013671,CUST01755,2025-03-11,35.81,Beauty,0
TXN0013672,CUST01755,2024-07-15,51.71,Books,0
TXN0013673,CUST01755,2024-04-23,116.68,Electronics,0
TXN0013674,CUST01755,2025-01-16,62.97,Beauty,0
TXN0013675,CUST01756,2025-03-23,40.77,Sports,1
TXN0013676,CUST01757,2025-06-19,37.17,Home & Kitchen,0
TXN0013677,CUST01757,2025-08-22,72.5,Home & Kitchen,1
TXN0013678,CUST01757,2025-05-10,81.09,Beauty,1
TXN0013679,CUST01757,2025-05-23,50.62,Electronics,0
TXN0013680,CUST01757,2025-11-24,75.51,Beauty,0
TXN0013681,CUST01757,2025-06-17,54.75,Beauty,1
TXN0013682,CUST01757,2025-07-19,49.0,Books,0
TXN0013683,CUST01757,2025-04-28,50.53,Beauty,0
TXN0013684,CUST01757,2025-12-30,152.38,Beauty,1
TXN0013685,CUST01757,2025-04-24,49.0,Electronics,0
TXN0013686,CUST01757,2025-08-26,30.96,Beauty,0
TXN0013687,CUST01758,2025-11-26,28.71,Home & Kitchen,1
TXN0013688,CUST01758,2025-02-04,24.17,Home & Kitchen,0
TXN0013689,CUST01758,2025-06-03,54.65,Fashion,1
TXN0013690,CUST01758,2025-10-28,35.53,Home & Kitchen,0
TXN0013691,CUST01759,2025-12-28,47.34,Home & Kitchen,0
TXN0013692,CUST01759,2025-08-21,136.8,Home & Kitchen,1
TXN0013693,CUST01759,2025-05-03,25.56,Beauty,0
TXN0013694,CUST01759,2025-09-01,26.46,Fashion,1
TXN0013695,CUST01760,2024-11-22,26.22,Fashion,1
TXN0013696,CUST01760,2024-12-29,94.34,Fashion,0
TXN0013697,CUST01760,2025-01-04,26.1,Sports,1
TXN0013698,CUST01760,2025-12-15,96.39,Books,0
TXN0013699,CUST01760,2025-05-19,67.06,Sports,0
TXN0013700,CUST01760,2024-12-31,6.0,Sports,1
TXN0013701,CUST01760,2024-12-27,34.2,Sports,1
TXN0013702,CUST01760,2025-08-19,104.24,Fashion,0
TXN0013703,CUST01760,2025-03-26,45.83,Electronics,0
TXN0013704,CUST01760,2025-09-27,171.45,Beauty,1
TXN0013705,CUST01760,2025-04-28,105.16,Home & Kitchen,0
TXN0013706,CUST01760,2025-01-02,50.58,Electronics,0
TXN0013707,CUST01760,2025-11-20,74.05,Fashion,0
TXN0013708,CUST01760,2025-09-24,49.61,Electronics,0
TXN0013709,CUST01760,2024-12-31,51.04,Books,0
TXN0013710,CUST01760,2025-07-07,21.78,Fashion,1
TXN0013711,CUST01760,2025-02-17,83.55,Electronics,0
TXN0013712,CUST01760,2025-07-21,75.52,Sports,1
TXN0013713,CUST01760,2025-12-07,65.8,Books,1
TXN0013714,CUST01763,2025-11-22,128.78,Sports,0
TXN0013715,CUST01764,2025-08-30,39.65,Electronics,0
TXN0013716,CUST01764,2025-10-17,81.73,Home & Kitchen,1
TXN0013717,CUST01764,2025-07-27,56.36,Electronics,0
TXN0013718,CUST01764,2025-10-14,49.43,Sports,0
TXN0013719,CUST01764,2025-08-24,18.02,Home & Kitchen,0
TXN0013720,CUST01764,2025-10-08,55.8,Beauty,1
TXN0013721,CUST01764,2025-07-04,23.42,Fashion,1
TXN0013722,CUST01764,2025-09-23,51.1,Home & Kitchen,1
TXN0013723,CUST01764,2025-12-22,46.62,Fashion,1
TXN0013724,CUST01766,2025-03-24,54.75,Beauty,0
TXN0013725,CUST01766,2025-09-07,44.85,Home & Kitchen,1
TXN0013726,CUST01766,2024-12-08,40.3,Fashion,0
TXN0013727,CUST01766,2024-12-04,12.7,Fashion,0
TXN0013728,CUST01766,2024-08-20,53.52,Beauty,0
TXN0013729,CUST01766,2025-02-25,51.9,Home & Kitchen,0
TXN0013730,CUST01766,2024-12-03,45.6,Fashion,0
TXN0013731,CUST01766,2025-10-24,92.21,Sports,0
TXN0013732,CUST01766,2024-10-11,31.79,Electronics,1
TXN0013733,CUST01766,2025-02-12,77.79,Fashion,0
TXN0013734,CUST01766,2024-09-19,54.82,Electronics,1
TXN0013735,CUST01766,2025-10-12,58.86,Sports,0
TXN0013736,CUST01766,2024-11-28,33.08,Electronics,1
TXN0013737,CUST01766,2024-09-24,57.48,Sports,0
TXN0013738,CUST01766,2024-10-16,22.48,Books,0
TXN0013739,CUST01767,2025-12-17,41.49,Books,0
TXN0013740,CUST01768,2025-09-19,69.59,Fashion,0
TXN0013741,CUST01768,2024-09-12,37.56,Home & Kitchen,0
TXN0013742,CUST01768,2024-06-01,65.69,Sports,1
TXN0013743,CUST01768,2025-09-18,120.67,Beauty,0
TXN0013744,CUST01768,2025-06-06,75.47,Beauty,0
TXN0013745,CUST01768,2025-12-18,54.68,Fashion,0
TXN0013746,CUST01768,2025-04-22,65.25,Fashion,0
TXN0013747,CUST01768,2025-02-16,44.24,Electronics,1
TXN0013748,CUST01768,2025-04-10,49.24,Fashion,1
TXN0013749,CUST01768,2025-08-19,50.09,Sports,0
TXN0013750,CUST01768,2024-06-27,36.73,Books,1
TXN0013751,CUST01768,2024-03-09,88.52,Electronics,1
TXN0013752,CUST01768,2025-05-12,64.11,Electronics,0
TXN0013753,CUST01768,2025-01-02,79.2,Electronics,0
TXN0013754,CUST01769,2025-11-03,41.95,Home & Kitchen,1
TXN0013755,CUST01769,2025-11-17,68.17,Fashion,1
TXN0013756,CUST01769,2025-12-14,49.26,Sports,0
TXN0013757,CUST01769,2025-10-09,52.33,Electronics,0
TXN0013758,CUST01770,2025-10-26,59.51,Beauty,0
TXN0013759,CUST01770,2025-11-19,58.96,Sports,1
TXN0013760,CUST01770,2025-06-22,53.19,Home & Kitchen,1
TXN0013761,CUST01770,2025-07-15,50.04,Books,0
TXN0013762,CUST01771,2025-12-26,40.95,Fashion,0
TXN0013763,CUST01771,2025-11-02,123.11,Fashion,0
TXN0013764,CUST01771,2024-10-15,76.65,Sports,0
TXN0013765,CUST01771,2024-12-04,39.27,Fashion,1
TXN0013766,CUST01771,2025-07-08,37.54,Fashion,1
TXN0013767,CUST01771,2024-11-23,131.3,Electronics,0
TXN0013768,CUST01771,2025-02-04,28.2,Home & Kitchen,0
TXN0013769,CUST01771,2025-10-30,76.57,Fashion,0
TXN0013770,CUST01771,2025-03-10,13.15,Home & Kitchen,0
TXN0013771,CUST01771,2025-09-18,62.72,Sports,1
TXN0013772,CUST01771,2025-01-30,77.76,Electronics,0
TXN0013773,CUST01771,2024-10-20,65.57,Sports,0
TXN0013774,CUST01771,2025-11-25,70.98,Sports,1
TXN0013775,CUST01771,2025-04-25,66.9,Electronics,0
TXN0013776,CUST01771,2025-03-01,104.91,Beauty,1
TXN0013777,CUST01771,2025-01-31,53.72,Fashion,0
TXN0013778,CUST01771,2024-12-02,86.32,Fashion,0
TXN0013779,CUST01771,2025-03-31,81.64,Electronics,1
TXN0013780,CUST01771,2025-09-08,4.1,Beauty,0
TXN0013781,CUST01771,2025-11-25,32.32,Fashion,0
TXN0013782,CUST01771,2024-10-07,55.11,Fashion,0
TXN0013783,CUST01771,2025-04-07,81.01,Fashion,0
TXN0013784,CUST01771,2025-08-07,51.18,Sports,1
TXN0013785,CUST01771,2025-04-26,43.6,Home & Kitchen,1
TXN0013786,CUST01771,2025-11-30,24.87,Sports,0
TXN0013787,CUST01771,2025-03-21,29.45,Home & Kitchen,0
TXN0013788,CUST01771,2025-04-08,76.61,Beauty,0
TXN0013789,CUST01771,2025-10-13,33.53,Fashion,0
TXN0013790,CUST01771,2025-12-10,46.17,Beauty,0
TXN0013791,CUST01772,2024-12-25,32.53,Fashion,1
TXN0013792,CUST01773,2025-10-03,36.31,Books,1
TXN0013793,CUST01773,2024-10-11,61.18,Electronics,0
TXN0013794,CUST01773,2025-09-05,59.43,Books,0
TXN0013795,CUST01773,2025-06-17,68.06,Fashion,1
TXN0013796,CUST01773,2025-11-26,49.89,Fashion,1
TXN0013797,CUST01773,2024-12-11,56.98,Books,1
TXN0013798,CUST01773,2025-06-22,139.12,Sports,1
TXN0013799,CUST01774,2025-10-17,113.73,Electronics,1
TXN0013800,CUST01774,2025-10-30,64.35,Electronics,0
TXN0013801,CUST01775,2025-12-23,46.57,Beauty,1
TXN0013802,CUST01775,2025-09-01,25.95,Fashion,0
TXN0013803,CUST01775,2025-11-29,74.33,Electronics,1
TXN0013804,CUST01776,2025-11-21,43.47,Home & Kitchen,0
TXN0013805,CUST01776,2025-12-27,118.66,Beauty,0
TXN0013806,CUST01776,2025-11-12,104.73,Sports,0
TXN0013807,CUST01777,2025-12-10,47.21,Beauty,0
TXN0013808,CUST01777,2025-11-23,97.1,Books,0
TXN0013809,CUST01777,2025-09-16,46.67,Beauty,1
TXN0013810,CUST01777,2025-08-13,41.04,Sports,0
TXN0013811,CUST01777,2025-09-25,85.04,Sports,0
TXN0013812,CUST01777,2025-09-12,92.03,Books,0
TXN0013813,CUST01777,2025-09-02,9.08,Beauty,1
TXN0013814,CUST01778,2025-08-13,54.92,Sports,1
TXN0013815,CUST01778,2025-08-18,76.06,Beauty,1
TXN0013816,CUST01779,2024-10-19,30.5,Books,0
TXN0013817,CUST01779,2024-07-21,48.5,Sports,0
TXN0013818,CUST01779,2024-04-22,67.13,Home & Kitchen,1
TXN0013819,CUST01779,2025-07-06,51.74,Sports,1
TXN0013820,CUST01779,2025-08-04,24.46,Sports,0
TXN0013821,CUST01779,2025-07-07,87.85,Books,1
TXN0013822,CUST01779,2024-11-02,37.62,Books,0
TXN0013823,CUST01779,2024-06-26,19.46,Beauty,1
TXN0013824,CUST01779,2025-03-28,113.59,Home & Kitchen,0
TXN0013825,CUST01779,2024-09-06,52.62,Sports,1
TXN0013826,CUST01779,2025-02-06,22.66,Beauty,0
TXN0013827,CUST01779,2025-05-20,69.75,Fashion,0
TXN0013828,CUST01780,2025-12-27,57.89,Sports,1
TXN0013829,CUST01780,2025-12-27,101.3,Beauty,0
TXN0013830,CUST01780,2025-12-17,117.15,Fashion,0
TXN0013831,CUST01780,2025-11-21,111.8,Electronics,0
TXN0013832,CUST01780,2025-11-27,23.39,Fashion,0
TXN0013833,CUST01783,2024-12-03,132.05,Electronics,1
TXN0013834,CUST01783,2025-10-01,38.78,Sports,0
TXN0013835,CUST01784,2024-12-25,67.01,Home & Kitchen,0
TXN0013836,CUST01784,2025-05-20,28.75,Home & Kitchen,1
TXN0013837,CUST01784,2025-09-06,88.33,Electronics,1
TXN0013838,CUST01784,2025-09-20,44.12,Sports,1
TXN0013839,CUST01784,2024-12-02,42.12,Beauty,0
TXN0013840,CUST01784,2025-04-07,135.22,Beauty,1
TXN0013841,CUST01784,2025-03-26,117.98,Beauty,1
TXN0013842,CUST01784,2024-12-19,88.72,Home & Kitchen,1
TXN0013843,CUST01784,2024-10-26,74.03,Home & Kitchen,0
TXN0013844,CUST01784,2025-10-12,98.27,Electronics,0
TXN0013845,CUST01784,2025-06-03,34.97,Home & Kitchen,0
TXN0013846,CUST01784,2025-11-02,111.1,Beauty,1
TXN0013847,CUST01784,2025-10-21,77.49,Fashion,0
TXN0013848,CUST01784,2024-10-11,42.71,Electronics,1
TXN0013849,CUST01784,2025-03-27,62.96,Fashion,0
TXN0013850,CUST01784,2024-11-15,46.42,Beauty,1
TXN0013851,CUST01784,2025-10-24,30.08,Books,1
TXN0013852,CUST01784,2025-10-20,84.73,Fashion,0
TXN0013853,CUST01784,2024-11-22,95.56,Beauty,0
TXN0013854,CUST01784,2025-12-07,101.35,Sports,0
TXN0013855,CUST01785,2024-12-30,6.78,Books,0
TXN0013856,CUST01785,2024-06-06,43.13,Fashion,1
TXN0013857,CUST01785,2025-09-24,98.24,Books,0
TXN0013858,CUST01785,2025-04-10,39.25,Home & Kitchen,0
TXN0013859,CUST01785,2025-02-21,64.82,Beauty,0
TXN0013860,CUST01785,2024-07-14,185.0,Fashion,0
TXN0013861,CUST01785,2024-11-30,29.82,Fashion,0
TXN0013862,CUST01785,2024-11-19,32.88,Electronics,1
TXN0013863,CUST01785,2025-10-22,54.28,Fashion,0
TXN0013864,CUST01785,2025-01-05,54.28,Beauty,0
TXN0013865,CUST01785,2024-03-05,57.77,Home & Kitchen,0
TXN0013866,CUST01785,2025-09-07,22.51,Beauty,0
TXN0013867,CUST01787,2025-11-02,16.77,Beauty,0
TXN0013868,CUST01788,2025-04-18,23.37,Beauty,0
TXN0013869,CUST01788,2025-07-31,83.91,Books,0
TXN0013870,CUST01789,2025-05-30,17.82,Beauty,0
TXN0013871,CUST01789,2025-12-13,31.78,Home & Kitchen,0
TXN0013872,CUST01789,2025-10-24,27.4,Fashion,1
TXN0013873,CUST01789,2025-07-11,77.08,Beauty,1
TXN0013874,CUST01789,2025-06-30,32.68,Fashion,0
TXN0013875,CUST01789,2025-10-29,41.85,Beauty,1
TXN0013876,CUST01790,2025-09-19,31.35,Electronics,1
TXN0013877,CUST01790,2024-11-08,76.73,Fashion,0
TXN0013878,CUST01790,2025-11-08,44.84,Fashion,0
TXN0013879,CUST01790,2024-09-05,83.53,Books,0
TXN0013880,CUST01790,2025-06-25,28.96,Electronics,0
TXN0013881,CUST01790,2025-04-22,96.15,Home & Kitchen,0
TXN0013882,CUST01790,2025-11-02,117.84,Home & Kitchen,0
TXN0013883,CUST01790,2025-10-16,72.5,Electronics,0
TXN0013884,CUST01790,2024-06-11,102.05,Home & Kitchen,1
TXN0013885,CUST01790,2024-02-23,51.13,Beauty,0
TXN0013886,CUST01790,2024-10-24,125.68,Beauty,0
TXN0013887,CUST01790,2025-04-28,45.63,Books,0
TXN0013888,CUST01790,2025-10-11,64.35,Beauty,1
TXN0013889,CUST01790,2024-05-16,48.94,Electronics,1
TXN0013890,CUST01790,2024-02-18,79.64,Sports,0
TXN0013891,CUST01790,2025-01-03,141.66,Home & Kitchen,0
TXN0013892,CUST01790,2025-10-27,32.48,Home & Kitchen,1
TXN0013893,CUST01790,2025-03-04,72.23,Sports,0
TXN0013894,CUST01790,2025-06-16,104.87,Sports,1
TXN0013895,CUST01790,2025-08-26,28.33,Beauty,0
TXN0013896,CUST01790,2024-06-26,84.03,Electronics,0
TXN0013897,CUST01790,2025-04-09,19.85,Beauty,0
TXN0013898,CUST01790,2024-01-30,102.26,Electronics,0
TXN0013899,CUST01790,2025-09-26,30.78,Home & Kitchen,0
TXN0013900,CUST01790,2024-02-01,64.75,Home & Kitchen,0
TXN0013901,CUST01790,2025-01-29,36.59,Fashion,0
TXN0013902,CUST01790,2025-04-03,71.31,Home & Kitchen,0
TXN0013903,CUST01790,2025-04-07,51.03,Sports,0
TXN0013904,CUST01790,2025-05-22,136.57,Fashion,1
TXN0013905,CUST01790,2024-01-24,59.73,Electronics,0
TXN0013906,CUST01790,2024-09-07,25.05,Electronics,0
TXN0013907,CUST01790,2025-01-09,130.49,Fashion,0
TXN0013908,CUST01791,2024-08-16,40.52,Books,0
TXN0013909,CUST01792,2025-05-22,67.77,Books,0
TXN0013910,CUST01792,2025-07-19,52.39,Sports,0
TXN0013911,CUST01792,2025-03-30,20.91,Home & Kitchen,1
TXN0013912,CUST01792,2025-06-16,65.46,Electronics,1
TXN0013913,CUST01792,2025-09-12,23.83,Electronics,0
TXN0013914,CUST01792,2025-08-22,67.54,Sports,0
TXN0013915,CUST01793,2025-12-26,51.62,Fashion,0
TXN0013916,CUST01793,2025-11-15,68.23,Books,0
TXN0013917,CUST01793,2025-11-30,44.28,Sports,1
TXN0013918,CUST01793,2025-11-05,53.04,Home & Kitchen,0
TXN0013919,CUST01794,2024-10-17,37.13,Electronics,0
TXN0013920,CUST01794,2025-05-03,50.52,Beauty,1
TXN0013921,CUST01794,2024-10-08,31.05,Beauty,0
TXN0013922,CUST01794,2025-01-13,171.23,Home & Kitchen,0
TXN0013923,CUST01794,2024-11-26,37.07,Sports,0
TXN0013924,CUST01794,2024-01-25,145.42,Beauty,0
TXN0013925,CUST01794,2025-05-05,69.1,Home & Kitchen,0
TXN0013926,CUST01794,2025-02-04,65.73,Sports,1
TXN0013927,CUST01794,2025-06-23,54.08,Home & Kitchen,0
TXN0013928,CUST01794,2025-02-01,68.31,Home & Kitchen,0
TXN0013929,CUST01794,2025-02-20,118.62,Home & Kitchen,0
TXN0013930,CUST01794,2024-04-24,60.66,Electronics,1
TXN0013931,CUST01794,2025-05-06,48.55,Sports,1
TXN0013932,CUST01794,2025-09-04,71.86,Sports,0
TXN0013933,CUST01794,2024-01-08,47.03,Electronics,0
TXN0013934,CUST01794,2025-11-27,49.9,Beauty,0
TXN0013935,CUST01794,2024-04-25,110.15,Beauty,0
TXN0013936,CUST01794,2025-04-20,30.25,Beauty,0
TXN0013937,CUST01794,2025-01-28,83.8,Sports,0
TXN0013938,CUST01794,2025-11-09,72.4,Electronics,0
TXN0013939,CUST01794,2025-09-16,17.69,Books,0
TXN0013940,CUST01794,2025-10-12,94.46,Sports,0
TXN0013941,CUST01794,2025-11-03,127.34,Books,0
TXN0013942,CUST01794,2024-07-03,28.36,Books,0
TXN0013943,CUST01794,2024-07-14,38.05,Sports,0
TXN0013944,CUST01794,2024-11-26,84.41,Sports,0
TXN0013945,CUST01794,2025-10-08,29.14,Electronics,0
TXN0013946,CUST01794,2025-09-16,117.59,Fashion,0
TXN0013947,CUST01794,2024-03-20,83.25,Beauty,0
TXN0013948,CUST01794,2024-11-26,17.34,Home & Kitchen,0
TXN0013949,CUST01794,2024-11-30,95.29,Books,0
TXN0013950,CUST01794,2025-06-14,36.79,Books,1
TXN0013951,CUST01794,2025-05-17,45.19,Beauty,0
TXN0013952,CUST01794,2025-04-26,38.94,Books,1
TXN0013953,CUST01795,2025-11-06,82.41,Books,0
TXN0013954,CUST01795,2025-02-20,86.77,Books,0
TXN0013955,CUST01795,2025-12-25,27.33,Home & Kitchen,1
TXN0013956,CUST01795,2025-04-12,79.99,Fashion,0
TXN0013957,CUST01795,2025-10-24,46.61,Fashion,0
TXN0013958,CUST01795,2025-12-07,26.24,Fashion,0
TXN0013959,CUST01795,2025-10-07,13.81,Electronics,0
TXN0013960,CUST01795,2025-10-12,32.72,Sports,0
TXN0013961,CUST01795,2025-12-16,95.17,Beauty,0
TXN0013962,CUST01795,2025-02-14,220.45,Home & Kitchen,0
TXN0013963,CUST01795,2025-03-23,116.73,Beauty,0
TXN0013964,CUST01795,2025-08-06,45.22,Fashion,0
TXN0013965,CUST01795,2025-12-25,162.35,Electronics,0
TXN0013966,CUST01795,2025-11-11,78.97,Electronics,1
TXN0013967,CUST01795,2025-04-24,50.31,Home & Kitchen,0
TXN0013968,CUST01795,2025-09-12,50.66,Electronics,0
TXN0013969,CUST01795,2025-02-23,71.79,Fashion,0
TXN0013970,CUST01796,2025-04-19,44.79,Fashion,0
TXN0013971,CUST01796,2025-11-16,26.53,Beauty,0
TXN0013972,CUST01796,2025-09-27,49.08,Sports,0
TXN0013973,CUST01796,2024-10-23,50.01,Fashion,0
TXN0013974,CUST01796,2025-04-15,82.3,Beauty,0
TXN0013975,CUST01796,2025-10-12,9.3,Fashion,0
TXN0013976,CUST01796,2025-09-28,17.88,Beauty,1
TXN0013977,CUST01796,2025-02-13,65.61,Sports,1
TXN0013978,CUST01796,2025-02-26,87.24,Sports,1
TXN0013979,CUST01796,2025-03-31,82.71,Home & Kitchen,0
TXN0013980,CUST01796,2025-04-20,88.0,Fashion,0
TXN0013981,CUST01796,2025-12-26,133.83,Electronics,0
TXN0013982,CUST01796,2024-11-27,27.5,Electronics,0
TXN0013983,CUST01796,2025-03-22,113.44,Fashion,1
TXN0013984,CUST01796,2025-05-14,65.2,Electronics,1
TXN0013985,CUST01797,2025-12-05,19.5,Home & Kitchen,0
TXN0013986,CUST01797,2024-11-29,52.59,Books,1
TXN0013987,CUST01797,2025-09-14,16.48,Beauty,0
TXN0013988,CUST01798,2025-03-01,57.76,Electronics,1
TXN0013989,CUST01799,2024-09-03,107.9,Fashion,1
TXN0013990,CUST01799,2024-10-01,25.89,Beauty,0
TXN0013991,CUST01799,2024-10-30,79.02,Fashion,0
TXN0013992,CUST01799,2024-09-02,154.9,Books,0
TXN0013993,CUST01799,2025-08-22,41.36,Beauty,1
TXN0013994,CUST01799,2024-07-11,64.14,Electronics,1
TXN0013995,CUST01799,2025-12-05,27.45,Electronics,0
TXN0013996,CUST01799,2024-09-07,23.73,Books,0
TXN0013997,CUST01799,2025-11-01,20.2,Beauty,0
TXN0013998,CUST01799,2025-08-17,19.94,Home & Kitchen,0
TXN0013999,CUST01799,2025-08-22,28.85,Sports,0
TXN0014000,CUST01799,2024-12-09,45.42,Books,1
TXN0014001,CUST01799,2024-07-05,12.96,Home & Kitchen,0
TXN0014002,CUST01799,2025-05-09,88.83,Beauty,1
TXN0014003,CUST01799,2025-02-25,70.65,Home & Kitchen,0
TXN0014004,CUST01800,2025-02-19,66.91,Sports,0
TXN0014005,CUST01800,2024-10-25,56.83,Sports,0
TXN0014006,CUST01800,2025-10-11,72.8,Sports,0
TXN0014007,CUST01800,2025-09-04,46.94,Books,1
TXN0014008,CUST01800,2025-06-25,64.88,Home & Kitchen,0
TXN0014009,CUST01800,2025-11-15,56.44,Books,1
TXN0014010,CUST01800,2025-07-19,171.1,Books,0
TXN0014011,CUST01800,2025-09-23,72.76,Home & Kitchen,0
TXN0014012,CUST01800,2025-02-06,50.26,Sports,0
TXN0014013,CUST01800,2024-11-22,86.8,Fashion,0
TXN0014014,CUST01800,2025-10-17,68.0,Books,0
TXN0014015,CUST01800,2025-06-12,26.54,Books,0
TXN0014016,CUST01800,2025-09-13,61.94,Books,0
TXN0014017,CUST01801,2025-04-20,18.13,Sports,0
TXN0014018,CUST01801,2025-06-03,87.26,Sports,1
TXN0014019,CUST01802,2025-04-23,79.16,Books,0
TXN0014020,CUST01802,2025-12-13,72.91,Home & Kitchen,1
TXN0014021,CUST01802,2025-09-27,38.09,Sports,0
TXN0014022,CUST01802,2025-05-20,28.33,Fashion,0
TXN0014023,CUST01802,2025-10-29,75.6,Fashion,0
TXN0014024,CUST01802,2025-03-16,23.75,Electronics,0
TXN0014025,CUST01802,2025-05-08,59.93,Beauty,0
TXN0014026,CUST01802,2025-11-18,12.17,Beauty,1
TXN0014027,CUST01802,2025-03-14,78.17,Home & Kitchen,0
TXN0014028,CUST01802,2025-07-31,46.56,Home & Kitchen,1
TXN0014029,CUST01802,2025-06-02,89.49,Sports,1
TXN0014030,CUST01802,2025-05-31,101.0,Home & Kitchen,1
TXN0014031,CUST01802,2025-04-15,13.75,Beauty,1
TXN0014032,CUST01802,2025-04-20,130.49,Books,0
TXN0014033,CUST01803,2025-12-19,37.33,Beauty,0
TXN0014034,CUST01804,2025-10-13,66.75,Electronics,0
TXN0014035,CUST01806,2025-03-10,21.2,Sports,1
TXN0014036,CUST01806,2025-01-04,54.17,Home & Kitchen,0
TXN0014037,CUST01806,2024-09-05,38.92,Home & Kitchen,0
TXN0014038,CUST01806,2025-01-04,55.23,Electronics,1
TXN0014039,CUST01806,2024-10-14,28.11,Fashion,0
TXN0014040,CUST01806,2024-06-29,26.23,Sports,0
TXN0014041,CUST01806,2024-06-12,35.37,Fashion,0
TXN0014042,CUST01806,2025-08-28,36.33,Fashion,1
TXN0014043,CUST01806,2025-02-06,40.12,Fashion,0
TXN0014044,CUST01806,2025-10-22,64.61,Beauty,0
TXN0014045,CUST01806,2025-01-20,24.58,Fashion,1
TXN0014046,CUST01806,2024-08-06,137.16,Electronics,1
TXN0014047,CUST01806,2024-09-26,50.71,Books,0
TXN0014048,CUST01806,2025-08-11,79.57,Sports,0
TXN0014049,CUST01806,2024-10-04,51.95,Sports,0
TXN0014050,CUST01806,2025-11-07,60.06,Home & Kitchen,0
TXN0014051,CUST01806,2024-08-12,25.21,Beauty,0
TXN0014052,CUST01806,2025-04-10,81.96,Books,1
TXN0014053,CUST01806,2025-04-16,32.93,Beauty,0
TXN0014054,CUST01806,2025-08-28,44.44,Beauty,1
TXN0014055,CUST01807,2024-09-23,33.49,Sports,1
TXN0014056,CUST01807,2025-08-18,35.84,Home & Kitchen,0
TXN0014057,CUST01807,2025-03-16,12.26,Home & Kitchen,0
TXN0014058,CUST01807,2025-05-21,33.57,Electronics,1
TXN0014059,CUST01807,2024-12-27,50.91,Fashion,0
TXN0014060,CUST01807,2025-10-19,51.84,Fashion,0
TXN0014061,CUST01807,2025-09-15,44.99,Sports,1
TXN0014062,CUST01807,2024-12-03,52.59,Beauty,0
TXN0014063,CUST01807,2024-09-22,122.96,Books,1
TXN0014064,CUST01807,2025-09-06,84.12,Electronics,0
TXN0014065,CUST01807,2025-04-30,39.89,Home & Kitchen,1
TXN0014066,CUST01807,2024-10-20,36.85,Electronics,1
TXN0014067,CUST01807,2025-12-17,9.74,Beauty,0
TXN0014068,CUST01807,2024-09-28,30.01,Beauty,0
TXN0014069,CUST01807,2025-12-18,63.16,Beauty,0
TXN0014070,CUST01807,2025-01-16,98.49,Fashion,0
TXN0014071,CUST01808,2025-12-23,59.41,Beauty,0
TXN0014072,CUST01808,2025-12-22,43.5,Beauty,0
TXN0014073,CUST01809,2025-02-26,66.15,Electronics,0
TXN0014074,CUST01809,2025-12-08,31.04,Home & Kitchen,0
TXN0014075,CUST01809,2025-02-17,21.64,Home & Kitchen,1
TXN0014076,CUST01809,2025-10-14,37.39,Electronics,1
TXN0014077,CUST01809,2025-02-19,22.02,Home & Kitchen,0
TXN0014078,CUST01809,2025-04-17,47.63,Fashion,0
TXN0014079,CUST01810,2025-07-16,42.89,Beauty,0
TXN0014080,CUST01810,2025-06-11,49.83,Beauty,0
TXN0014081,CUST01810,2025-10-04,57.12,Beauty,0
TXN0014082,CUST01810,2025-11-20,108.49,Sports,0
TXN0014083,CUST01810,2025-09-16,116.09,Fashion,1
TXN0014084,CUST01810,2025-12-23,55.21,Beauty,0
TXN0014085,CUST01810,2025-08-28,19.67,Beauty,0
TXN0014086,CUST01810,2025-10-30,44.83,Fashion,1
TXN0014087,CUST01810,2025-05-21,42.14,Home & Kitchen,0
TXN0014088,CUST01810,2025-06-17,67.83,Fashion,1
TXN0014089,CUST01810,2025-10-23,115.15,Sports,0
TXN0014090,CUST01810,2025-06-22,14.82,Fashion,0
TXN0014091,CUST01810,2025-04-13,32.29,Home & Kitchen,0
TXN0014092,CUST01810,2025-08-25,87.11,Fashion,0
TXN0014093,CUST01811,2025-09-06,17.97,Sports,0
TXN0014094,CUST01811,2025-08-08,41.59,Home & Kitchen,0
TXN0014095,CUST01812,2025-11-30,79.02,Sports,0
TXN0014096,CUST01813,2024-11-28,18.49,Beauty,0
TXN0014097,CUST01813,2025-04-19,58.21,Electronics,0
TXN0014098,CUST01813,2025-07-19,99.92,Electronics,0
TXN0014099,CUST01813,2025-08-25,67.86,Electronics,0
TXN0014100,CUST01813,2025-02-01,59.76,Electronics,1
TXN0014101,CUST01813,2025-05-02,51.32,Books,1
TXN0014102,CUST01814,2025-11-24,69.13,Electronics,0
TXN0014103,CUST01814,2025-12-19,28.77,Fashion,1
TXN0014104,CUST01815,2025-07-01,5.83,Sports,0
TXN0014105,CUST01815,2025-07-19,59.67,Beauty,0
TXN0014106,CUST01815,2025-07-29,35.97,Beauty,0
TXN0014107,CUST01815,2025-05-19,18.4,Electronics,0
TXN0014108,CUST01815,2025-07-17,20.14,Books,0
TXN0014109,CUST01815,2025-04-24,13.52,Books,0
TXN0014110,CUST01815,2025-09-22,52.36,Fashion,0
TXN0014111,CUST01815,2025-10-16,35.96,Electronics,1
TXN0014112,CUST01815,2025-04-12,54.07,Electronics,0
TXN0014113,CUST01816,2025-11-04,98.43,Beauty,0
TXN0014114,CUST01816,2025-11-20,53.57,Fashion,0
TXN0014115,CUST01816,2025-11-20,27.24,Electronics,0
TXN0014116,CUST01816,2025-08-12,117.19,Fashion,1
TXN0014117,CUST01816,2025-06-08,103.34,Home & Kitchen,0
TXN0014118,CUST01816,2025-05-27,77.3,Home & Kitchen,1
TXN0014119,CUST01817,2025-06-10,42.15,Books,0
TXN0014120,CUST01817,2025-08-16,81.32,Books,0
TXN0014121,CUST01817,2025-05-26,105.24,Books,0
TXN0014122,CUST01817,2025-12-08,152.06,Home & Kitchen,0
TXN0014123,CUST01817,2025-05-06,15.24,Books,1
TXN0014124,CUST01817,2025-07-14,80.12,Sports,0
TXN0014125,CUST01818,2025-12-02,115.0,Electronics,0
TXN0014126,CUST01818,2025-07-15,40.5,Electronics,0
TXN0014127,CUST01818,2025-05-30,45.6,Fashion,0
TXN0014128,CUST01818,2024-10-26,33.78,Home & Kitchen,1
TXN0014129,CUST01818,2024-12-08,49.24,Home & Kitchen,1
TXN0014130,CUST01818,2025-02-06,88.22,Electronics,0
TXN0014131,CUST01818,2025-09-02,230.11,Electronics,0
TXN0014132,CUST01818,2025-05-09,35.21,Sports,0
TXN0014133,CUST01818,2024-09-16,95.32,Electronics,1
TXN0014134,CUST01818,2025-10-06,57.41,Electronics,0
TXN0014135,CUST01818,2025-10-27,42.28,Sports,0
TXN0014136,CUST01818,2025-11-22,71.55,Electronics,0
TXN0014137,CUST01818,2025-04-13,57.67,Fashion,0
TXN0014138,CUST01818,2025-01-14,48.05,Fashion,1
TXN0014139,CUST01818,2025-07-13,81.05,Beauty,0
TXN0014140,CUST01818,2025-04-06,24.83,Beauty,1
TXN0014141,CUST01818,2025-01-25,60.92,Electronics,0
TXN0014142,CUST01818,2025-05-09,112.96,Home & Kitchen,0
TXN0014143,CUST01818,2025-05-03,39.78,Sports,0
TXN0014144,CUST01818,2024-11-27,41.76,Home & Kitchen,0
TXN0014145,CUST01819,2025-11-30,87.54,Sports,1
TXN0014146,CUST01820,2025-02-10,25.64,Sports,1
TXN0014147,CUST01820,2024-12-10,33.08,Electronics,0
TXN0014148,CUST01820,2025-04-16,62.12,Sports,0
TXN0014149,CUST01820,2024-11-30,75.18,Home & Kitchen,0
TXN0014150,CUST01820,2025-08-14,63.9,Fashion,0
TXN0014151,CUST01820,2025-07-07,82.24,Electronics,0
TXN0014152,CUST01821,2025-05-07,128.04,Beauty,1
TXN0014153,CUST01821,2024-12-09,37.02,Sports,1
TXN0014154,CUST01821,2024-09-26,35.57,Home & Kitchen,0
TXN0014155,CUST01821,2025-01-17,40.45,Fashion,0
TXN0014156,CUST01821,2025-11-25,30.23,Books,1
TXN0014157,CUST01821,2024-10-02,51.06,Books,1
TXN0014158,CUST01821,2024-10-01,44.98,Sports,1
TXN0014159,CUST01821,2025-07-23,32.2,Electronics,0
TXN0014160,CUST01821,2025-12-25,80.42,Beauty,0
TXN0014161,CUST01821,2024-10-23,79.92,Sports,0
TXN0014162,CUST01821,2025-04-25,34.32,Fashion,0
TXN0014163,CUST01821,2025-04-27,56.73,Books,0
TXN0014164,CUST01821,2025-12-13,11.64,Home & Kitchen,0
TXN0014165,CUST01821,2025-03-23,49.76,Electronics,1
TXN0014166,CUST01822,2025-09-17,43.28,Beauty,0
TXN0014167,CUST01822,2025-10-11,37.68,Home & Kitchen,0
TXN0014168,CUST01822,2025-12-28,14.98,Books,1
TXN0014169,CUST01822,2025-12-11,100.66,Fashion,0
TXN0014170,CUST01822,2025-09-29,119.85,Books,0
TXN0014171,CUST01822,2025-12-08,73.57,Beauty,1
TXN0014172,CUST01824,2025-11-15,66.99,Beauty,0
TXN0014173,CUST01824,2025-12-18,84.9,Home & Kitchen,0
TXN0014174,CUST01824,2025-02-15,28.15,Sports,0
TXN0014175,CUST01824,2025-01-04,165.71,Home & Kitchen,0
TXN0014176,CUST01824,2025-10-31,62.9,Home & Kitchen,0
TXN0014177,CUST01824,2025-03-09,72.11,Books,0
TXN0014178,CUST01824,2025-11-17,56.67,Books,1
TXN0014179,CUST01824,2025-08-12,22.67,Beauty,0
TXN0014180,CUST01824,2024-09-25,40.04,Beauty,1
TXN0014181,CUST01824,2025-11-04,30.31,Fashion,0
TXN0014182,CUST01824,2025-05-01,55.9,Home & Kitchen,0
TXN0014183,CUST01824,2024-09-25,138.79,Books,0
TXN0014184,CUST01824,2024-09-25,96.86,Home & Kitchen,1
TXN0014185,CUST01824,2024-08-30,45.85,Fashion,1
TXN0014186,CUST01824,2025-06-09,28.3,Fashion,0
TXN0014187,CUST01824,2025-05-20,64.07,Beauty,1
TXN0014188,CUST01824,2025-01-14,86.61,Fashion,0
TXN0014189,CUST01824,2025-11-02,29.68,Books,0
TXN0014190,CUST01824,2024-07-21,83.36,Fashion,0
TXN0014191,CUST01824,2025-04-05,40.04,Electronics,0
TXN0014192,CUST01824,2024-08-25,96.94,Electronics,1
TXN0014193,CUST01824,2025-02-10,57.26,Electronics,1
TXN0014194,CUST01824,2025-06-03,99.54,Sports,0
TXN0014195,CUST01824,2025-04-29,13.28,Electronics,1
TXN0014196,CUST01824,2024-04-24,87.73,Fashion,0
TXN0014197,CUST01825,2025-08-22,46.86,Electronics,1
TXN0014198,CUST01825,2025-12-30,8.43,Beauty,1
TXN0014199,CUST01825,2025-06-25,34.32,Fashion,0
TXN0014200,CUST01825,2025-05-28,19.84,Fashion,1
TXN0014201,CUST01825,2025-06-16,70.68,Books,0
TXN0014202,CUST01826,2025-02-02,18.31,Electronics,0
TXN0014203,CUST01826,2025-11-13,14.7,Home & Kitchen,0
TXN0014204,CUST01826,2025-03-14,27.61,Home & Kitchen,0
TXN0014205,CUST01826,2025-09-02,21.82,Books,0
TXN0014206,CUST01826,2025-07-15,32.33,Home & Kitchen,0
TXN0014207,CUST01826,2025-12-08,107.4,Sports,0
TXN0014208,CUST01826,2025-12-23,163.58,Fashion,1
TXN0014209,CUST01828,2025-11-09,39.26,Books,0
TXN0014210,CUST01828,2025-12-16,48.67,Beauty,1
TXN0014211,CUST01828,2025-12-09,85.02,Beauty,0
TXN0014212,CUST01829,2025-10-30,46.08,Beauty,0
TXN0014213,CUST01829,2025-12-03,51.65,Electronics,0
TXN0014214,CUST01829,2025-10-02,120.1,Books,0
TXN0014215,CUST01832,2024-04-26,48.52,Books,0
TXN0014216,CUST01832,2025-12-06,60.14,Books,0
TXN0014217,CUST01832,2025-03-19,41.72,Sports,0
TXN0014218,CUST01832,2025-08-09,17.99,Books,1
TXN0014219,CUST01834,2025-09-19,20.92,Sports,0
TXN0014220,CUST01835,2025-02-11,18.91,Home & Kitchen,0
TXN0014221,CUST01835,2025-01-26,142.61,Books,0
TXN0014222,CUST01835,2025-08-30,92.03,Fashion,1
TXN0014223,CUST01835,2025-10-03,37.31,Beauty,0
TXN0014224,CUST01835,2025-04-17,244.41,Books,0
TXN0014225,CUST01835,2025-11-26,67.66,Electronics,1
TXN0014226,CUST01835,2025-10-03,93.93,Home & Kitchen,1
TXN0014227,CUST01835,2025-06-28,51.47,Fashion,1
TXN0014228,CUST01835,2025-01-19,82.04,Beauty,1
TXN0014229,CUST01835,2025-03-09,14.35,Fashion,0
TXN0014230,CUST01835,2025-08-20,74.96,Home & Kitchen,0
TXN0014231,CUST01835,2025-07-26,62.19,Electronics,1
TXN0014232,CUST01835,2025-03-05,23.89,Electronics,0
TXN0014233,CUST01835,2025-09-09,64.33,Electronics,0
TXN0014234,CUST01835,2025-10-31,27.54,Home & Kitchen,1
TXN0014235,CUST01835,2025-12-16,82.25,Beauty,0
TXN0014236,CUST01835,2025-08-22,33.41,Fashion,0
TXN0014237,CUST01836,2025-10-15,75.54,Beauty,0
TXN0014238,CUST01836,2025-08-29,72.91,Beauty,0
TXN0014239,CUST01836,2025-09-03,64.91,Books,1
TXN0014240,CUST01836,2025-12-11,51.86,Beauty,0
TXN0014241,CUST01836,2025-05-28,42.49,Books,0
TXN0014242,CUST01836,2025-07-31,65.34,Home & Kitchen,1
TXN0014243,CUST01836,2025-08-18,195.51,Beauty,0
TXN0014244,CUST01836,2025-10-26,55.32,Fashion,0
TXN0014245,CUST01836,2025-05-19,63.14,Home & Kitchen,0
TXN0014246,CUST01836,2025-12-04,37.39,Books,0
TXN0014247,CUST01836,2025-11-09,106.54,Books,0
TXN0014248,CUST01836,2025-06-29,84.17,Beauty,0
TXN0014249,CUST01836,2025-07-20,110.68,Books,1
TXN0014250,CUST01837,2025-08-23,25.65,Home & Kitchen,0
TXN0014251,CUST01837,2025-08-19,23.81,Sports,0
TXN0014252,CUST01837,2025-12-01,55.59,Books,0
TXN0014253,CUST01838,2024-11-06,36.32,Fashion,0
TXN0014254,CUST01838,2025-06-20,77.71,Electronics,1
TXN0014255,CUST01838,2025-01-22,44.97,Fashion,0
TXN0014256,CUST01838,2024-09-05,66.64,Home & Kitchen,0
TXN0014257,CUST01838,2025-06-16,28.76,Beauty,0
TXN0014258,CUST01838,2024-09-01,27.54,Electronics,0
TXN0014259,CUST01839,2025-08-02,31.93,Beauty,0
TXN0014260,CUST01839,2025-12-27,70.81,Home & Kitchen,0
TXN0014261,CUST01840,2024-11-30,61.21,Fashion,0
TXN0014262,CUST01840,2025-08-12,47.56,Electronics,1
TXN0014263,CUST01840,2025-03-24,35.75,Fashion,0
TXN0014264,CUST01840,2025-03-05,32.24,Fashion,0
TXN0014265,CUST01840,2025-12-21,27.98,Sports,0
TXN0014266,CUST01840,2024-11-10,34.68,Sports,0
TXN0014267,CUST01840,2025-06-28,42.19,Beauty,0
TXN0014268,CUST01841,2025-08-06,18.31,Home & Kitchen,0
TXN0014269,CUST01842,2025-11-30,42.02,Fashion,0
TXN0014270,CUST01842,2025-11-19,75.77,Books,0
TXN0014271,CUST01842,2025-12-19,24.95,Fashion,0
TXN0014272,CUST01842,2025-09-28,26.66,Beauty,0
TXN0014273,CUST01842,2025-09-04,99.92,Electronics,1
TXN0014274,CUST01842,2025-08-07,13.61,Electronics,0
TXN0014275,CUST01842,2025-08-24,49.06,Books,0
TXN0014276,CUST01842,2025-06-13,39.21,Home & Kitchen,0
TXN0014277,CUST01843,2025-03-12,102.81,Books,1
TXN0014278,CUST01843,2025-07-21,68.16,Home & Kitchen,0
TXN0014279,CUST01843,2025-09-16,57.43,Sports,0
TXN0014280,CUST01843,2025-07-23,35.46,Home & Kitchen,0
TXN0014281,CUST01843,2025-10-01,59.23,Home & Kitchen,0
TXN0014282,CUST01843,2025-09-19,44.03,Electronics,0
TXN0014283,CUST01843,2025-04-23,27.98,Electronics,0
TXN0014284,CUST01843,2025-05-28,86.79,Beauty,0
TXN0014285,CUST01843,2025-06-13,98.14,Sports,0
TXN0014286,CUST01843,2025-11-01,47.97,Fashion,0
TXN0014287,CUST01843,2025-06-16,73.41,Fashion,0
TXN0014288,CUST01843,2025-07-16,64.37,Fashion,1
TXN0014289,CUST01843,2025-04-06,94.07,Home & Kitchen,0
TXN0014290,CUST01843,2025-03-21,161.84,Books,0
TXN0014291,CUST01843,2025-03-13,90.05,Books,1
TXN0014292,CUST01843,2025-03-14,209.05,Books,0
TXN0014293,CUST01843,2025-08-16,101.57,Books,0
TXN0014294,CUST01844,2025-11-16,40.12,Sports,0
TXN0014295,CUST01844,2025-11-01,107.89,Home & Kitchen,1
TXN0014296,CUST01845,2025-07-13,3.31,Sports,1
TXN0014297,CUST01847,2025-01-31,49.73,Beauty,1
TXN0014298,CUST01847,2024-05-01,56.51,Sports,0
TXN0014299,CUST01847,2024-12-06,13.1,Sports,0
TXN0014300,CUST01847,2024-06-16,42.15,Sports,0
TXN0014301,CUST01847,2025-09-29,34.32,Sports,0
TXN0014302,CUST01847,2024-11-15,85.06,Fashion,1
TXN0014303,CUST01847,2025-09-15,23.49,Beauty,1
TXN0014304,CUST01847,2024-11-17,22.39,Books,0
TXN0014305,CUST01848,2024-12-15,93.3,Electronics,1
TXN0014306,CUST01848,2024-07-21,31.85,Beauty,1
TXN0014307,CUST01848,2024-12-21,95.03,Books,0
TXN0014308,CUST01848,2025-12-29,65.94,Sports,0
TXN0014309,CUST01848,2025-06-18,59.61,Sports,0
TXN0014310,CUST01848,2025-05-02,45.13,Home & Kitchen,0
TXN0014311,CUST01848,2024-08-05,28.37,Sports,0
TXN0014312,CUST01848,2025-06-22,42.91,Beauty,0
TXN0014313,CUST01848,2025-02-08,25.19,Electronics,1
TXN0014314,CUST01849,2025-12-30,32.18,Home & Kitchen,0
TXN0014315,CUST01849,2025-09-08,39.47,Home & Kitchen,1
TXN0014316,CUST01849,2025-06-27,49.74,Electronics,0
TXN0014317,CUST01849,2025-11-26,42.47,Beauty,1
TXN0014318,CUST01849,2025-07-24,35.96,Sports,0
TXN0014319,CUST01849,2025-02-21,59.33,Books,0
TXN0014320,CUST01849,2025-06-20,60.87,Electronics,0
TXN0014321,CUST01849,2025-06-02,50.55,Beauty,0
TXN0014322,CUST01849,2024-09-10,22.41,Beauty,0
TXN0014323,CUST01849,2025-04-19,23.35,Beauty,1
TXN0014324,CUST01849,2025-09-25,25.16,Sports,0
TXN0014325,CUST01849,2025-07-01,38.48,Sports,0
TXN0014326,CUST01850,2025-10-30,46.99,Fashion,0
TXN0014327,CUST01850,2025-12-29,73.55,Home & Kitchen,0
TXN0014328,CUST01850,2025-12-24,36.17,Sports,1
TXN0014329,CUST01850,2025-09-06,121.05,Fashion,0
TXN0014330,CUST01850,2025-12-13,100.82,Beauty,1
TXN0014331,CUST01851,2024-05-29,43.66,Home & Kitchen,0
TXN0014332,CUST01851,2024-09-17,86.87,Home & Kitchen,0
TXN0014333,CUST01851,2025-03-23,66.41,Books,1
TXN0014334,CUST01851,2024-05-06,21.78,Electronics,0
TXN0014335,CUST01851,2024-05-13,35.7,Fashion,0
TXN0014336,CUST01851,2025-05-31,26.34,Books,0
TXN0014337,CUST01851,2025-12-03,51.36,Sports,1
TXN0014338,CUST01851,2025-04-02,47.37,Home & Kitchen,1
TXN0014339,CUST01852,2025-11-18,16.99,Beauty,0
TXN0014340,CUST01852,2025-12-24,33.8,Home & Kitchen,0
TXN0014341,CUST01852,2025-06-30,13.73,Electronics,1
TXN0014342,CUST01853,2025-10-13,117.53,Sports,0
TXN0014343,CUST01853,2025-12-17,85.05,Fashion,0
TXN0014344,CUST01853,2025-11-26,44.25,Electronics,0
TXN0014345,CUST01853,2025-09-16,46.84,Fashion,0
TXN0014346,CUST01853,2025-07-25,17.31,Beauty,0
TXN0014347,CUST01853,2025-07-14,193.45,Fashion,1
TXN0014348,CUST01853,2025-07-25,119.98,Beauty,1
TXN0014349,CUST01853,2025-09-06,82.41,Electronics,0
TXN0014350,CUST01853,2025-09-14,83.39,Beauty,0
TXN0014351,CUST01853,2025-10-25,37.95,Electronics,1
TXN0014352,CUST01853,2025-02-10,40.41,Electronics,1
TXN0014353,CUST01853,2025-01-17,11.29,Home & Kitchen,0
TXN0014354,CUST01853,2025-04-26,86.81,Sports,0
TXN0014355,CUST01854,2025-10-08,35.98,Sports,0
TXN0014356,CUST01854,2025-05-27,51.39,Beauty,0
TXN0014357,CUST01854,2025-10-24,33.53,Electronics,0
TXN0014358,CUST01854,2025-09-27,39.49,Sports,0
TXN0014359,CUST01854,2025-05-14,26.78,Books,0
TXN0014360,CUST01854,2025-01-05,29.32,Books,0
TXN0014361,CUST01854,2025-02-27,16.25,Home & Kitchen,1
TXN0014362,CUST01857,2024-11-27,102.02,Sports,1
TXN0014363,CUST01857,2024-10-17,84.49,Books,1
TXN0014364,CUST01857,2025-03-25,61.75,Electronics,0
TXN0014365,CUST01857,2025-10-13,28.03,Beauty,0
TXN0014366,CUST01857,2024-12-18,43.0,Sports,0
TXN0014367,CUST01857,2025-08-13,28.23,Fashion,0
TXN0014368,CUST01857,2024-09-18,82.21,Sports,0
TXN0014369,CUST01857,2025-12-13,33.54,Books,0
TXN0014370,CUST01857,2025-02-15,24.64,Sports,0
TXN0014371,CUST01857,2024-11-24,77.61,Home & Kitchen,0
TXN0014372,CUST01857,2025-05-03,54.3,Electronics,1
TXN0014373,CUST01858,2025-07-22,56.45,Fashion,0
TXN0014374,CUST01858,2025-11-25,51.01,Beauty,0
TXN0014375,CUST01858,2025-08-13,14.5,Sports,1
TXN0014376,CUST01859,2025-02-28,53.81,Books,1
TXN0014377,CUST01859,2025-07-12,14.59,Home & Kitchen,0
TXN0014378,CUST01859,2025-06-04,99.23,Fashion,0
TXN0014379,CUST01859,2025-05-22,63.32,Sports,0
TXN0014380,CUST01859,2025-01-03,46.85,Books,0
TXN0014381,CUST01859,2025-11-26,77.71,Fashion,0
TXN0014382,CUST01859,2025-10-27,36.34,Electronics,0
TXN0014383,CUST01859,2025-09-22,96.21,Books,0
TXN0014384,CUST01859,2025-09-18,40.47,Beauty,1
TXN0014385,CUST01859,2024-10-24,38.66,Electronics,1
TXN0014386,CUST01859,2025-08-25,66.45,Home & Kitchen,1
TXN0014387,CUST01859,2025-06-24,52.95,Books,0
TXN0014388,CUST01859,2024-11-12,58.2,Fashion,0
TXN0014389,CUST01860,2025-12-17,33.33,Beauty,0
TXN0014390,CUST01860,2025-12-29,72.52,Electronics,0
TXN0014391,CUST01861,2025-10-02,94.08,Electronics,1
TXN0014392,CUST01861,2025-07-01,165.36,Fashion,0
TXN0014393,CUST01861,2025-05-20,72.45,Books,1
TXN0014394,CUST01861,2025-06-18,23.93,Books,0
TXN0014395,CUST01861,2025-03-04,101.88,Home & Kitchen,0
TXN0014396,CUST01861,2025-11-04,49.2,Fashion,1
TXN0014397,CUST01861,2025-04-05,53.09,Books,0
TXN0014398,CUST01861,2024-11-26,73.84,Home & Kitchen,0
TXN0014399,CUST01861,2025-08-12,62.2,Books,1
TXN0014400,CUST01861,2024-12-28,93.88,Home & Kitchen,0
TXN0014401,CUST01861,2024-11-26,40.54,Beauty,0
TXN0014402,CUST01861,2024-12-04,50.89,Fashion,1
TXN0014403,CUST01861,2025-05-23,123.53,Beauty,1
TXN0014404,CUST01861,2025-06-19,62.13,Fashion,1
TXN0014405,CUST01861,2025-10-02,54.53,Books,0
TXN0014406,CUST01861,2025-04-12,75.55,Fashion,0
TXN0014407,CUST01861,2025-06-23,38.17,Home & Kitchen,0
TXN0014408,CUST01861,2025-09-03,90.77,Electronics,1
TXN0014409,CUST01861,2025-11-19,107.26,Home & Kitchen,0
TXN0014410,CUST01861,2025-08-17,189.34,Home & Kitchen,1
TXN0014411,CUST01861,2025-11-07,35.5,Sports,0
TXN0014412,CUST01861,2025-11-17,38.91,Books,0
TXN0014413,CUST01861,2025-07-15,89.96,Sports,0
TXN0014414,CUST01861,2025-10-27,70.85,Books,1
TXN0014415,CUST01862,2025-04-06,36.02,Electronics,0
TXN0014416,CUST01862,2025-04-28,68.92,Electronics,0
TXN0014417,CUST01862,2025-11-10,57.06,Fashion,0
TXN0014418,CUST01862,2025-06-09,96.78,Electronics,1
TXN0014419,CUST01862,2025-09-06,38.17,Electronics,0
TXN0014420,CUST01863,2025-11-07,16.27,Fashion,0
TXN0014421,CUST01864,2025-12-13,32.68,Electronics,0
TXN0014422,CUST01864,2025-07-13,42.73,Home & Kitchen,0
TXN0014423,CUST01864,2025-08-12,69.86,Fashion,1
TXN0014424,CUST01864,2025-08-13,24.64,Electronics,1
TXN0014425,CUST01864,2025-01-25,10.36,Beauty,0
TXN0014426,CUST01864,2025-12-25,52.45,Home & Kitchen,0
TXN0014427,CUST01864,2025-07-17,85.56,Electronics,0
TXN0014428,CUST01864,2024-11-18,73.18,Sports,1
TXN0014429,CUST01865,2025-11-22,51.86,Sports,0
TXN0014430,CUST01865,2025-03-04,29.5,Beauty,0
TXN0014431,CUST01865,2024-05-30,24.75,Sports,0
TXN0014432,CUST01865,2025-11-03,59.75,Electronics,0
TXN0014433,CUST01865,2025-05-15,42.4,Beauty,0
TXN0014434,CUST01865,2024-12-28,25.05,Books,1
TXN0014435,CUST01865,2024-06-18,121.61,Sports,1
TXN0014436,CUST01865,2024-10-09,28.03,Home & Kitchen,0
TXN0014437,CUST01866,2025-10-19,20.48,Electronics,0
TXN0014438,CUST01866,2025-03-01,27.75,Home & Kitchen,0
TXN0014439,CUST01866,2025-03-15,35.01,Electronics,0
TXN0014440,CUST01866,2025-04-04,70.8,Home & Kitchen,0
TXN0014441,CUST01866,2025-04-13,23.4,Fashion,0
TXN0014442,CUST01866,2025-12-13,38.82,Beauty,0
TXN0014443,CUST01866,2025-08-29,42.06,Fashion,0
TXN0014444,CUST01867,2025-11-17,107.94,Sports,1
TXN0014445,CUST01867,2025-06-10,74.27,Home & Kitchen,1
TXN0014446,CUST01867,2025-12-02,36.33,Books,1
TXN0014447,CUST01867,2025-06-29,10.5,Electronics,1
TXN0014448,CUST01867,2025-12-13,22.02,Sports,0
TXN0014449,CUST01867,2025-11-03,30.44,Electronics,0
TXN0014450,CUST01868,2025-10-10,61.55,Electronics,0
TXN0014451,CUST01868,2025-12-10,71.1,Fashion,1
TXN0014452,CUST01868,2025-06-21,57.29,Fashion,0
TXN0014453,CUST01869,2025-09-27,38.68,Home & Kitchen,1
TXN0014454,CUST01869,2025-12-22,36.18,Fashion,1
TXN0014455,CUST01870,2024-04-11,33.55,Sports,0
TXN0014456,CUST01870,2024-03-12,46.36,Books,0
TXN0014457,CUST01870,2024-05-11,95.17,Sports,1
TXN0014458,CUST01870,2024-09-20,58.44,Fashion,0
TXN0014459,CUST01870,2024-08-18,80.41,Beauty,0
TXN0014460,CUST01870,2024-05-03,26.91,Books,0
TXN0014461,CUST01870,2025-07-12,143.87,Home & Kitchen,0
TXN0014462,CUST01870,2025-08-26,38.87,Electronics,0
TXN0014463,CUST01870,2025-11-16,48.2,Home & Kitchen,1
TXN0014464,CUST01870,2025-11-27,83.17,Beauty,0
TXN0014465,CUST01870,2025-02-02,11.42,Beauty,1
TXN0014466,CUST01870,2024-04-27,56.98,Electronics,0
TXN0014467,CUST01870,2025-05-17,59.78,Sports,0
TXN0014468,CUST01870,2025-04-16,5.01,Beauty,1
TXN0014469,CUST01870,2025-11-10,10.08,Fashion,0
TXN0014470,CUST01870,2025-12-20,19.35,Fashion,1
TXN0014471,CUST01870,2025-07-23,31.22,Fashion,0
TXN0014472,CUST01870,2024-03-10,29.51,Sports,0
TXN0014473,CUST01871,2025-12-19,80.23,Books,1
TXN0014474,CUST01871,2025-11-02,39.32,Beauty,0
TXN0014475,CUST01871,2025-11-06,53.78,Sports,1
TXN0014476,CUST01873,2025-05-17,37.16,Books,1
TXN0014477,CUST01873,2025-05-16,29.77,Books,0
TXN0014478,CUST01873,2025-05-18,15.46,Electronics,1
TXN0014479,CUST01873,2025-11-10,8.47,Books,1
TXN0014480,CUST01873,2025-11-28,42.65,Fashion,0
TXN0014481,CUST01874,2025-03-03,263.15,Books,0
TXN0014482,CUST01874,2024-03-24,48.3,Beauty,0
TXN0014483,CUST01874,2025-01-25,81.73,Sports,0
TXN0014484,CUST01874,2024-12-17,28.0,Beauty,0
TXN0014485,CUST01874,2024-09-22,60.38,Beauty,1
TXN0014486,CUST01874,2024-09-29,40.5,Home & Kitchen,1
TXN0014487,CUST01874,2025-04-04,14.64,Books,1
TXN0014488,CUST01874,2025-03-29,62.56,Home & Kitchen,0
TXN0014489,CUST01874,2024-12-20,108.79,Fashion,1
TXN0014490,CUST01874,2024-07-16,34.75,Electronics,0
TXN0014491,CUST01874,2025-09-01,64.55,Electronics,1
TXN0014492,CUST01874,2025-03-02,16.57,Beauty,0
TXN0014493,CUST01874,2025-11-29,10.62,Fashion,1
TXN0014494,CUST01874,2024-07-28,44.14,Electronics,1
TXN0014495,CUST01874,2025-07-19,62.01,Sports,0
TXN0014496,CUST01874,2025-05-20,36.42,Home & Kitchen,0
TXN0014497,CUST01874,2024-03-22,104.75,Electronics,0
TXN0014498,CUST01874,2024-09-15,29.45,Books,0
TXN0014499,CUST01874,2025-10-08,97.81,Home & Kitchen,0
TXN0014500,CUST01874,2025-09-06,61.92,Books,0
TXN0014501,CUST01874,2025-09-21,62.72,Home & Kitchen,0
TXN0014502,CUST01874,2025-04-16,93.98,Beauty,0
TXN0014503,CUST01874,2024-07-25,84.87,Books,0
TXN0014504,CUST01874,2024-09-25,148.75,Electronics,0
TXN0014505,CUST01874,2024-09-13,49.32,Home & Kitchen,0
TXN0014506,CUST01874,2025-01-12,40.34,Beauty,1
TXN0014507,CUST01874,2025-07-23,44.16,Electronics,1
TXN0014508,CUST01874,2025-01-12,25.25,Fashion,0
TXN0014509,CUST01874,2024-07-02,67.0,Electronics,0
TXN0014510,CUST01874,2025-01-27,47.63,Sports,1
TXN0014511,CUST01874,2024-04-27,66.66,Sports,0
TXN0014512,CUST01874,2025-08-11,79.48,Sports,0
TXN0014513,CUST01875,2025-12-29,85.68,Electronics,1
TXN0014514,CUST01876,2025-06-23,39.14,Sports,0
TXN0014515,CUST01876,2024-07-30,69.6,Fashion,1
TXN0014516,CUST01876,2024-08-19,14.75,Beauty,0
TXN0014517,CUST01876,2024-09-13,20.21,Beauty,0
TXN0014518,CUST01876,2025-09-18,57.9,Sports,0
TXN0014519,CUST01876,2025-03-14,21.78,Sports,0
TXN0014520,CUST01876,2024-12-16,27.63,Books,0
TXN0014521,CUST01876,2025-05-12,89.99,Home & Kitchen,1
TXN0014522,CUST01876,2025-06-01,24.05,Electronics,0
TXN0014523,CUST01877,2025-10-23,78.56,Sports,1
TXN0014524,CUST01877,2024-08-22,75.98,Electronics,0
TXN0014525,CUST01877,2025-07-11,167.87,Books,0
TXN0014526,CUST01877,2025-11-05,81.18,Home & Kitchen,0
TXN0014527,CUST01877,2024-08-23,76.63,Fashion,0
TXN0014528,CUST01877,2024-08-06,195.74,Home & Kitchen,0
TXN0014529,CUST01877,2025-06-30,75.75,Sports,1
TXN0014530,CUST01877,2025-09-22,38.77,Beauty,0
TXN0014531,CUST01877,2025-10-17,59.94,Home & Kitchen,1
TXN0014532,CUST01877,2024-12-17,82.2,Electronics,1
TXN0014533,CUST01877,2025-05-06,192.53,Electronics,0
TXN0014534,CUST01877,2024-11-15,32.29,Electronics,0
TXN0014535,CUST01877,2025-12-09,42.72,Home & Kitchen,0
TXN0014536,CUST01877,2024-07-19,47.54,Books,0
TXN0014537,CUST01877,2024-10-05,22.14,Fashion,0
TXN0014538,CUST01877,2025-03-01,68.12,Books,0
TXN0014539,CUST01878,2025-03-12,68.9,Home & Kitchen,0
TXN0014540,CUST01878,2025-07-27,66.32,Beauty,0
TXN0014541,CUST01878,2024-06-05,30.17,Fashion,1
TXN0014542,CUST01878,2024-04-02,55.42,Home & Kitchen,0
TXN0014543,CUST01878,2024-04-15,64.53,Home & Kitchen,0
TXN0014544,CUST01878,2024-10-23,35.95,Beauty,0
TXN0014545,CUST01878,2025-09-25,24.28,Electronics,0
TXN0014546,CUST01878,2024-06-30,34.8,Sports,0
TXN0014547,CUST01879,2024-12-18,38.93,Home & Kitchen,0
TXN0014548,CUST01879,2025-12-25,121.14,Electronics,0
TXN0014549,CUST01879,2024-05-06,67.74,Beauty,1
TXN0014550,CUST01879,2024-04-27,88.65,Home & Kitchen,0
TXN0014551,CUST01879,2024-04-27,160.88,Books,0
TXN0014552,CUST01879,2024-07-30,49.12,Home & Kitchen,1
TXN0014553,CUST01879,2025-11-09,42.27,Beauty,0
TXN0014554,CUST01879,2025-12-28,79.64,Electronics,1
TXN0014555,CUST01879,2024-12-31,61.62,Electronics,0
TXN0014556,CUST01879,2024-08-03,104.13,Home & Kitchen,0
TXN0014557,CUST01879,2024-07-26,50.32,Home & Kitchen,0
TXN0014558,CUST01879,2024-06-28,106.59,Fashion,0
TXN0014559,CUST01879,2024-09-22,124.76,Books,0
TXN0014560,CUST01879,2025-10-25,55.26,Electronics,0
TXN0014561,CUST01879,2025-01-18,102.84,Fashion,0
TXN0014562,CUST01879,2025-04-01,25.34,Sports,1
TXN0014563,CUST01879,2025-11-30,40.47,Sports,0
TXN0014564,CUST01879,2024-10-10,84.34,Sports,1
TXN0014565,CUST01879,2024-11-04,82.64,Electronics,0
TXN0014566,CUST01879,2025-10-18,73.32,Home & Kitchen,0
TXN0014567,CUST01879,2024-09-22,84.97,Electronics,0
TXN0014568,CUST01879,2025-03-31,43.12,Electronics,0
TXN0014569,CUST01879,2025-04-08,26.46,Home & Kitchen,1
TXN0014570,CUST01879,2025-11-05,126.73,Home & Kitchen,0
TXN0014571,CUST01879,2025-07-18,55.41,Home & Kitchen,1
TXN0014572,CUST01879,2025-03-23,47.1,Electronics,1
TXN0014573,CUST01879,2025-02-17,99.57,Fashion,0
TXN0014574,CUST01879,2025-04-26,121.75,Sports,0
TXN0014575,CUST01879,2025-02-07,93.91,Fashion,0
TXN0014576,CUST01879,2025-09-24,30.86,Sports,0
TXN0014577,CUST01880,2025-08-16,46.05,Electronics,1
TXN0014578,CUST01880,2025-11-10,10.22,Fashion,0
TXN0014579,CUST01881,2025-11-07,69.18,Electronics,0
TXN0014580,CUST01881,2025-03-19,111.94,Home & Kitchen,0
TXN0014581,CUST01881,2025-11-25,34.67,Home & Kitchen,1
TXN0014582,CUST01881,2025-06-03,90.4,Sports,0
TXN0014583,CUST01881,2025-07-29,60.99,Sports,0
TXN0014584,CUST01881,2025-10-22,67.46,Electronics,1
TXN0014585,CUST01881,2025-01-09,65.39,Books,1
TXN0014586,CUST01881,2025-03-16,53.76,Sports,1
TXN0014587,CUST01881,2025-01-12,23.48,Sports,1
TXN0014588,CUST01881,2024-09-22,86.42,Books,1
TXN0014589,CUST01882,2025-07-06,48.38,Sports,0
TXN0014590,CUST01882,2025-01-05,7.88,Home & Kitchen,0
TXN0014591,CUST01882,2025-04-14,30.03,Sports,0
TXN0014592,CUST01882,2025-11-22,73.62,Books,0
TXN0014593,CUST01882,2025-02-02,17.68,Home & Kitchen,1
TXN0014594,CUST01882,2025-11-12,76.52,Electronics,0
TXN0014595,CUST01882,2025-12-04,13.11,Beauty,0
TXN0014596,CUST01883,2025-11-07,10.79,Electronics,0
TXN0014597,CUST01883,2025-11-02,42.94,Home & Kitchen,0
TXN0014598,CUST01884,2025-06-23,37.2,Beauty,0
TXN0014599,CUST01884,2025-01-07,29.69,Electronics,0
TXN0014600,CUST01884,2024-05-01,58.67,Books,0
TXN0014601,CUST01884,2025-12-26,50.96,Home & Kitchen,0
TXN0014602,CUST01884,2024-03-04,122.23,Home & Kitchen,0
TXN0014603,CUST01884,2024-10-29,120.8,Books,1
TXN0014604,CUST01884,2024-07-23,75.75,Electronics,0
TXN0014605,CUST01884,2025-01-20,93.43,Fashion,0
TXN0014606,CUST01884,2024-06-08,67.92,Electronics,1
TXN0014607,CUST01884,2025-05-07,43.01,Electronics,0
TXN0014608,CUST01884,2024-11-25,66.67,Sports,0
TXN0014609,CUST01884,2025-06-29,28.65,Electronics,0
TXN0014610,CUST01884,2025-09-13,34.5,Electronics,0
TXN0014611,CUST01884,2024-07-04,76.56,Beauty,0
TXN0014612,CUST01884,2025-07-24,34.03,Electronics,0
TXN0014613,CUST01884,2024-05-26,70.19,Beauty,0
TXN0014614,CUST01884,2025-04-09,66.89,Home & Kitchen,1
TXN0014615,CUST01884,2024-12-08,110.0,Beauty,1
TXN0014616,CUST01884,2025-01-14,122.04,Sports,1
TXN0014617,CUST01884,2025-11-03,34.13,Electronics,0
TXN0014618,CUST01884,2024-12-20,17.15,Home & Kitchen,0
TXN0014619,CUST01884,2025-03-01,40.66,Fashion,1
TXN0014620,CUST01884,2024-07-11,52.12,Sports,0
TXN0014621,CUST01884,2025-11-08,54.35,Sports,0
TXN0014622,CUST01884,2024-08-23,29.61,Fashion,0
TXN0014623,CUST01884,2025-07-18,32.54,Electronics,0
TXN0014624,CUST01884,2025-03-30,58.27,Home & Kitchen,0
TXN0014625,CUST01884,2025-08-12,24.27,Fashion,0
TXN0014626,CUST01884,2024-11-24,15.7,Fashion,0
TXN0014627,CUST01884,2025-05-25,116.21,Books,1
TXN0014628,CUST01884,2024-06-25,88.37,Sports,0
TXN0014629,CUST01884,2025-02-24,47.09,Books,1
TXN0014630,CUST01884,2024-04-07,60.74,Electronics,1
TXN0014631,CUST01885,2025-01-25,77.28,Books,0
TXN0014632,CUST01885,2025-12-05,93.31,Electronics,0
TXN0014633,CUST01885,2025-10-07,41.4,Beauty,0
TXN0014634,CUST01885,2025-09-02,63.26,Fashion,0
TXN0014635,CUST01885,2025-04-12,84.21,Books,0
TXN0014636,CUST01885,2024-12-17,28.12,Books,0
TXN0014637,CUST01885,2025-07-21,11.62,Fashion,0
TXN0014638,CUST01885,2025-10-19,29.03,Fashion,0
TXN0014639,CUST01885,2025-02-24,21.48,Books,0
TXN0014640,CUST01885,2024-12-30,38.32,Books,0
TXN0014641,CUST01885,2024-03-29,94.78,Sports,0
TXN0014642,CUST01885,2024-12-10,24.21,Fashion,0
TXN0014643,CUST01885,2025-10-17,71.13,Beauty,0
TXN0014644,CUST01886,2025-08-13,84.47,Electronics,0
TXN0014645,CUST01886,2025-10-26,37.9,Books,1
TXN0014646,CUST01886,2025-11-10,108.78,Sports,0
TXN0014647,CUST01886,2025-12-05,26.5,Home & Kitchen,1
TXN0014648,CUST01886,2025-08-24,73.09,Sports,0
TXN0014649,CUST01887,2024-09-09,87.84,Books,0
TXN0014650,CUST01887,2025-06-17,56.45,Fashion,0
TXN0014651,CUST01887,2024-10-27,82.33,Beauty,0
TXN0014652,CUST01887,2025-06-01,40.95,Sports,0
TXN0014653,CUST01887,2025-06-14,88.98,Fashion,1
TXN0014654,CUST01887,2025-12-15,134.63,Electronics,1
TXN0014655,CUST01887,2025-03-15,72.98,Beauty,0
TXN0014656,CUST01887,2024-08-06,52.15,Fashion,0
TXN0014657,CUST01887,2025-10-20,168.36,Sports,0
TXN0014658,CUST01887,2024-12-20,86.27,Books,0
TXN0014659,CUST01887,2025-10-08,25.51,Beauty,0
TXN0014660,CUST01887,2025-05-20,144.63,Fashion,1
TXN0014661,CUST01887,2025-10-21,83.48,Sports,1
TXN0014662,CUST01887,2025-02-28,48.93,Home & Kitchen,0
TXN0014663,CUST01887,2025-06-10,74.87,Home & Kitchen,0
TXN0014664,CUST01887,2025-01-26,42.34,Fashion,0
TXN0014665,CUST01887,2025-11-14,49.06,Beauty,0
TXN0014666,CUST01887,2025-05-17,67.72,Sports,1
TXN0014667,CUST01887,2025-01-26,119.86,Beauty,0
TXN0014668,CUST01887,2025-04-04,92.67,Sports,1
TXN0014669,CUST01887,2025-12-05,90.86,Home & Kitchen,0
TXN0014670,CUST01887,2025-10-14,86.49,Home & Kitchen,1
TXN0014671,CUST01887,2024-11-05,77.06,Fashion,1
TXN0014672,CUST01887,2024-07-30,59.8,Sports,1
TXN0014673,CUST01887,2025-04-01,141.16,Electronics,1
TXN0014674,CUST01887,2024-10-09,35.4,Books,0
TXN0014675,CUST01887,2025-11-06,34.12,Beauty,1
TXN0014676,CUST01887,2025-01-09,89.93,Home & Kitchen,0
TXN0014677,CUST01887,2025-01-18,309.49,Books,0
TXN0014678,CUST01887,2025-12-21,116.56,Sports,0
TXN0014679,CUST01887,2025-07-20,44.34,Beauty,1
TXN0014680,CUST01887,2025-10-20,93.61,Electronics,1
TXN0014681,CUST01887,2025-04-28,87.05,Electronics,1
TXN0014682,CUST01888,2024-12-30,46.83,Beauty,1
TXN0014683,CUST01888,2025-01-28,55.25,Sports,0
TXN0014684,CUST01888,2025-05-21,52.97,Fashion,1
TXN0014685,CUST01888,2025-10-31,52.96,Books,0
TXN0014686,CUST01888,2025-07-09,30.54,Home & Kitchen,0
TXN0014687,CUST01888,2025-01-12,24.4,Books,0
TXN0014688,CUST01888,2025-08-01,72.92,Fashion,0
TXN0014689,CUST01888,2025-05-05,42.19,Sports,0
TXN0014690,CUST01888,2025-02-06,53.43,Fashion,0
TXN0014691,CUST01889,2025-12-06,36.46,Books,1
TXN0014692,CUST01890,2025-10-18,309.07,Sports,0
TXN0014693,CUST01890,2025-10-04,63.69,Electronics,0
TXN0014694,CUST01890,2025-11-30,74.91,Books,1
TXN0014695,CUST01890,2025-08-26,60.09,Fashion,0
TXN0014696,CUST01890,2025-11-21,32.87,Fashion,0
TXN0014697,CUST01890,2025-10-02,89.71,Books,0
TXN0014698,CUST01890,2025-10-30,61.85,Electronics,0
TXN0014699,CUST01890,2025-10-19,76.77,Fashion,0
TXN0014700,CUST01891,2025-08-29,54.58,Fashion,1
TXN0014701,CUST01891,2025-02-11,12.08,Books,1
TXN0014702,CUST01891,2025-07-27,33.21,Electronics,0
TXN0014703,CUST01891,2025-02-25,52.31,Books,0
TXN0014704,CUST01891,2025-07-28,18.99,Electronics,0
TXN0014705,CUST01891,2025-09-24,100.95,Books,0
TXN0014706,CUST01892,2025-09-04,26.48,Beauty,0
TXN0014707,CUST01892,2024-11-17,102.52,Fashion,1
TXN0014708,CUST01892,2024-08-12,10.03,Fashion,1
TXN0014709,CUST01892,2025-11-05,101.48,Home & Kitchen,0
TXN0014710,CUST01892,2025-07-22,21.81,Electronics,1
TXN0014711,CUST01892,2025-10-24,30.82,Sports,0
TXN0014712,CUST01892,2024-09-27,47.05,Electronics,0
TXN0014713,CUST01892,2025-08-14,124.07,Books,1
TXN0014714,CUST01893,2024-12-31,12.56,Fashion,0
TXN0014715,CUST01893,2025-05-24,53.06,Books,0
TXN0014716,CUST01893,2025-05-25,30.85,Electronics,1
TXN0014717,CUST01893,2025-03-01,42.6,Books,0
TXN0014718,CUST01893,2024-07-03,83.5,Electronics,1
TXN0014719,CUST01893,2024-08-13,56.09,Beauty,0
TXN0014720,CUST01893,2024-11-03,46.92,Electronics,0
TXN0014721,CUST01893,2025-01-31,87.15,Home & Kitchen,1
TXN0014722,CUST01894,2024-11-06,62.0,Fashion,0
TXN0014723,CUST01894,2025-02-10,55.65,Beauty,1
TXN0014724,CUST01894,2025-02-25,32.21,Fashion,0
TXN0014725,CUST01894,2024-11-11,25.98,Fashion,0
TXN0014726,CUST01894,2024-10-09,34.87,Books,1
TXN0014727,CUST01894,2025-10-20,69.79,Books,0
TXN0014728,CUST01894,2025-03-11,14.88,Electronics,0
TXN0014729,CUST01894,2024-06-05,43.08,Home & Kitchen,1
TXN0014730,CUST01894,2025-04-05,66.79,Home & Kitchen,0
TXN0014731,CUST01894,2024-04-18,119.27,Beauty,0
TXN0014732,CUST01894,2025-06-17,39.69,Beauty,0
TXN0014733,CUST01894,2025-07-30,44.95,Books,0
TXN0014734,CUST01894,2024-05-17,89.54,Sports,1
TXN0014735,CUST01894,2024-10-27,120.37,Books,0
TXN0014736,CUST01894,2025-09-24,50.63,Home & Kitchen,1
TXN0014737,CUST01894,2025-08-11,69.28,Beauty,0
TXN0014738,CUST01894,2025-10-10,38.99,Books,0
TXN0014739,CUST01894,2025-11-02,47.17,Fashion,0
TXN0014740,CUST01894,2025-08-11,87.92,Books,1
TXN0014741,CUST01894,2024-09-15,211.19,Fashion,0
TXN0014742,CUST01894,2025-12-14,85.65,Fashion,0
TXN0014743,CUST01894,2025-01-01,43.67,Beauty,0
TXN0014744,CUST01894,2025-10-11,70.37,Home & Kitchen,1
TXN0014745,CUST01895,2025-09-01,31.95,Fashion,0
TXN0014746,CUST01895,2025-08-29,46.67,Books,0
TXN0014747,CUST01895,2025-03-29,43.86,Books,0
TXN0014748,CUST01895,2025-10-12,61.63,Fashion,0
TXN0014749,CUST01895,2025-09-22,67.89,Beauty,1
TXN0014750,CUST01895,2025-12-01,20.79,Beauty,0
TXN0014751,CUST01895,2025-08-11,43.13,Home & Kitchen,0
TXN0014752,CUST01895,2025-05-02,64.33,Beauty,0
TXN0014753,CUST01896,2025-09-09,26.31,Electronics,1
TXN0014754,CUST01896,2025-11-11,24.02,Home & Kitchen,0
TXN0014755,CUST01897,2024-09-04,26.61,Electronics,0
TXN0014756,CUST01897,2025-02-16,24.86,Beauty,0
TXN0014757,CUST01897,2025-10-14,122.73,Beauty,1
TXN0014758,CUST01897,2024-08-21,12.11,Fashion,1
TXN0014759,CUST01897,2025-05-22,36.56,Electronics,0
TXN0014760,CUST01897,2024-10-01,36.05,Electronics,1
TXN0014761,CUST01897,2024-06-23,14.26,Books,0
TXN0014762,CUST01897,2025-10-18,84.25,Beauty,0
TXN0014763,CUST01897,2025-06-15,71.28,Sports,1
TXN0014764,CUST01897,2025-04-23,41.29,Home & Kitchen,0
TXN0014765,CUST01897,2025-04-02,44.86,Fashion,0
TXN0014766,CUST01897,2024-12-18,61.13,Beauty,0
TXN0014767,CUST01897,2024-07-13,26.09,Electronics,0
TXN0014768,CUST01898,2025-10-14,18.43,Home & Kitchen,0
TXN0014769,CUST01899,2025-11-29,98.74,Fashion,1
TXN0014770,CUST01900,2025-06-05,56.52,Home & Kitchen,0
TXN0014771,CUST01900,2024-05-04,78.81,Home & Kitchen,0
TXN0014772,CUST01900,2025-03-18,77.23,Fashion,0
TXN0014773,CUST01900,2024-05-15,13.03,Beauty,0
TXN0014774,CUST01900,2024-10-13,27.47,Electronics,0
TXN0014775,CUST01900,2025-03-21,55.27,Beauty,0
TXN0014776,CUST01900,2025-08-10,23.74,Sports,0
TXN0014777,CUST01900,2025-08-23,40.59,Electronics,0
TXN0014778,CUST01900,2025-06-16,67.56,Sports,0
TXN0014779,CUST01900,2025-04-29,44.02,Beauty,0
TXN0014780,CUST01900,2025-11-12,22.69,Home & Kitchen,0
TXN0014781,CUST01900,2025-10-19,29.76,Home & Kitchen,0
TXN0014782,CUST01900,2024-07-07,69.92,Books,1
TXN0014783,CUST01900,2024-05-30,28.84,Fashion,0
TXN0014784,CUST01900,2024-07-01,24.62,Beauty,1
TXN0014785,CUST01900,2024-11-11,34.04,Fashion,0
TXN0014786,CUST01900,2024-06-02,25.86,Books,0
TXN0014787,CUST01900,2024-11-18,69.72,Home & Kitchen,0
TXN0014788,CUST01900,2025-08-04,46.35,Beauty,0
TXN0014789,CUST01900,2025-04-11,93.17,Beauty,1
TXN0014790,CUST01901,2025-01-04,97.45,Home & Kitchen,0
TXN0014791,CUST01901,2025-01-04,30.02,Fashion,0
TXN0014792,CUST01901,2024-06-08,65.22,Beauty,1
TXN0014793,CUST01901,2025-08-09,45.99,Fashion,0
TXN0014794,CUST01901,2025-04-20,30.62,Beauty,0
TXN0014795,CUST01901,2025-05-08,64.68,Fashion,1
TXN0014796,CUST01901,2025-07-11,58.2,Electronics,1
TXN0014797,CUST01901,2024-09-04,38.75,Fashion,0
TXN0014798,CUST01901,2024-04-18,48.78,Books,0
TXN0014799,CUST01901,2025-06-12,80.6,Beauty,0
TXN0014800,CUST01901,2025-03-09,35.05,Beauty,0
TXN0014801,CUST01901,2024-06-25,38.4,Fashion,0
TXN0014802,CUST01901,2024-06-20,21.23,Sports,0
TXN0014803,CUST01902,2025-11-29,23.17,Sports,0
TXN0014804,CUST01902,2025-08-21,34.25,Books,1
TXN0014805,CUST01903,2025-02-24,24.22,Fashion,1
TXN0014806,CUST01903,2024-09-30,40.97,Electronics,0
TXN0014807,CUST01903,2025-07-27,66.22,Home & Kitchen,1
TXN0014808,CUST01903,2024-09-30,66.94,Books,0
TXN0014809,CUST01903,2025-04-30,88.22,Home & Kitchen,0
TXN0014810,CUST01903,2024-10-31,26.75,Sports,0
TXN0014811,CUST01903,2025-02-24,65.93,Home & Kitchen,0
TXN0014812,CUST01903,2024-09-30,29.66,Books,0
TXN0014813,CUST01903,2025-07-01,102.31,Electronics,1
TXN0014814,CUST01903,2025-11-25,56.07,Home & Kitchen,0
TXN0014815,CUST01903,2025-01-18,87.64,Books,0
TXN0014816,CUST01903,2024-11-03,30.35,Sports,1
TXN0014817,CUST01903,2024-11-16,109.38,Home & Kitchen,0
TXN0014818,CUST01903,2025-11-10,12.07,Books,1
TXN0014819,CUST01903,2024-09-17,23.64,Beauty,0
TXN0014820,CUST01903,2025-11-05,20.79,Electronics,1
TXN0014821,CUST01903,2025-07-10,27.79,Electronics,0
TXN0014822,CUST01903,2024-10-08,60.08,Sports,1
TXN0014823,CUST01903,2025-02-13,87.86,Electronics,0
TXN0014824,CUST01903,2025-07-17,76.21,Fashion,1
TXN0014825,CUST01903,2024-11-17,29.8,Home & Kitchen,0
TXN0014826,CUST01903,2025-09-29,128.72,Home & Kitchen,0
TXN0014827,CUST01903,2025-03-12,93.95,Fashion,1
TXN0014828,CUST01903,2025-03-07,65.66,Books,0
TXN0014829,CUST01903,2025-01-12,73.2,Sports,0
TXN0014830,CUST01903,2024-09-28,67.33,Sports,0
TXN0014831,CUST01903,2025-06-01,45.25,Sports,0
TXN0014832,CUST01903,2024-12-13,84.34,Sports,0
TXN0014833,CUST01903,2025-12-07,79.35,Fashion,0
TXN0014834,CUST01903,2025-08-12,59.82,Books,1
TXN0014835,CUST01903,2024-10-08,57.19,Beauty,0
TXN0014836,CUST01904,2025-09-16,59.39,Sports,0
TXN0014837,CUST01904,2025-10-24,34.1,Electronics,0
TXN0014838,CUST01904,2025-11-30,33.65,Fashion,1
TXN0014839,CUST01904,2025-08-12,37.18,Electronics,0
TXN0014840,CUST01904,2025-09-01,68.62,Home & Kitchen,0
TXN0014841,CUST01904,2025-08-04,19.43,Books,0
TXN0014842,CUST01904,2025-11-03,34.96,Sports,0
TXN0014843,CUST01904,2025-10-03,18.36,Beauty,0
TXN0014844,CUST01905,2025-07-27,64.96,Sports,1
TXN0014845,CUST01905,2025-12-20,73.78,Home & Kitchen,0
TXN0014846,CUST01905,2025-09-23,18.17,Electronics,1
TXN0014847,CUST01905,2025-08-02,76.74,Beauty,0
TXN0014848,CUST01905,2025-02-16,72.64,Fashion,0
TXN0014849,CUST01905,2024-10-16,107.55,Fashion,0
TXN0014850,CUST01905,2024-09-22,83.27,Electronics,0
TXN0014851,CUST01905,2025-04-09,35.17,Books,0
TXN0014852,CUST01905,2025-04-16,51.03,Home & Kitchen,0
TXN0014853,CUST01905,2025-11-11,31.1,Books,0
TXN0014854,CUST01905,2025-05-26,52.2,Beauty,1
TXN0014855,CUST01905,2025-02-18,58.67,Home & Kitchen,0
TXN0014856,CUST01906,2025-12-16,84.77,Books,0
TXN0014857,CUST01906,2025-12-03,45.28,Home & Kitchen,0
TXN0014858,CUST01907,2025-10-16,32.15,Sports,0
TXN0014859,CUST01907,2025-12-28,59.34,Fashion,0
TXN0014860,CUST01907,2025-12-14,12.3,Books,0
TXN0014861,CUST01907,2025-06-11,61.21,Beauty,0
TXN0014862,CUST01907,2025-11-08,7.16,Books,0
TXN0014863,CUST01907,2025-02-21,35.43,Sports,0
TXN0014864,CUST01907,2025-05-27,25.73,Sports,0
TXN0014865,CUST01908,2025-03-31,30.74,Sports,0
TXN0014866,CUST01908,2025-10-03,71.99,Home & Kitchen,1
TXN0014867,CUST01908,2024-11-28,62.37,Electronics,1
TXN0014868,CUST01908,2025-03-17,21.6,Beauty,1
TXN0014869,CUST01908,2025-10-24,55.28,Beauty,1
TXN0014870,CUST01908,2024-08-08,52.6,Sports,0
TXN0014871,CUST01910,2025-09-28,82.74,Fashion,1
TXN0014872,CUST01911,2025-01-13,95.96,Fashion,0
TXN0014873,CUST01912,2025-05-23,83.66,Home & Kitchen,1
TXN0014874,CUST01912,2025-03-01,61.57,Electronics,0
TXN0014875,CUST01913,2025-10-07,17.49,Home & Kitchen,0
TXN0014876,CUST01913,2025-10-13,45.21,Home & Kitchen,0
TXN0014877,CUST01913,2025-11-16,85.58,Beauty,1
TXN0014878,CUST01913,2025-11-26,179.69,Fashion,0
TXN0014879,CUST01913,2025-11-14,109.27,Sports,0
TXN0014880,CUST01913,2025-08-17,80.41,Home & Kitchen,0
TXN0014881,CUST01913,2025-07-16,88.69,Beauty,1
TXN0014882,CUST01913,2025-12-29,57.34,Fashion,1
TXN0014883,CUST01913,2025-09-30,60.4,Beauty,0
TXN0014884,CUST01914,2025-11-29,102.83,Sports,0
TXN0014885,CUST01914,2025-04-23,42.22,Electronics,0
TXN0014886,CUST01914,2025-07-25,41.3,Books,1
TXN0014887,CUST01914,2025-08-08,42.26,Electronics,0
TXN0014888,CUST01914,2024-06-30,50.4,Electronics,0
TXN0014889,CUST01914,2025-03-19,36.27,Sports,0
TXN0014890,CUST01914,2025-07-19,48.78,Fashion,0
TXN0014891,CUST01914,2025-11-13,79.73,Fashion,0
TXN0014892,CUST01914,2024-11-10,28.27,Beauty,0
TXN0014893,CUST01914,2024-12-26,121.88,Electronics,1
TXN0014894,CUST01914,2024-09-08,47.87,Fashion,0
TXN0014895,CUST01914,2025-04-30,48.76,Beauty,0
TXN0014896,CUST01914,2024-06-10,21.28,Beauty,0
TXN0014897,CUST01915,2025-06-17,17.62,Sports,1
TXN0014898,CUST01915,2025-04-17,62.84,Books,1
TXN0014899,CUST01915,2024-07-25,29.3,Electronics,0
TXN0014900,CUST01915,2024-10-11,41.14,Electronics,0
TXN0014901,CUST01915,2024-02-26,27.22,Books,0
TXN0014902,CUST01915,2024-05-20,95.8,Sports,0
TXN0014903,CUST01915,2025-11-02,17.83,Beauty,0
TXN0014904,CUST01915,2024-07-21,14.36,Books,1
TXN0014905,CUST01915,2025-02-11,69.63,Fashion,0
TXN0014906,CUST01915,2025-09-28,48.41,Fashion,0
TXN0014907,CUST01915,2025-06-02,74.52,Books,1
TXN0014908,CUST01915,2025-10-16,39.31,Fashion,0
TXN0014909,CUST01915,2025-10-05,66.68,Fashion,0
TXN0014910,CUST01915,2025-02-04,142.94,Home & Kitchen,0
TXN0014911,CUST01915,2024-02-01,38.32,Electronics,1
TXN0014912,CUST01915,2025-05-18,27.3,Electronics,0
TXN0014913,CUST01915,2025-07-16,73.72,Home & Kitchen,0
TXN0014914,CUST01915,2025-02-02,14.09,Electronics,1
TXN0014915,CUST01916,2025-08-07,60.23,Sports,0
TXN0014916,CUST01916,2025-07-01,37.72,Beauty,0
TXN0014917,CUST01916,2025-06-22,34.88,Electronics,0
TXN0014918,CUST01916,2025-11-12,30.63,Home & Kitchen,1
TXN0014919,CUST01916,2025-08-30,39.31,Books,0
TXN0014920,CUST01916,2025-12-11,22.66,Sports,0
TXN0014921,CUST01917,2025-09-16,56.89,Beauty,0
TXN0014922,CUST01917,2025-06-08,34.76,Fashion,1
TXN0014923,CUST01917,2024-10-06,20.88,Electronics,0
TXN0014924,CUST01919,2025-08-23,36.31,Home & Kitchen,0
TXN0014925,CUST01919,2025-04-21,50.31,Fashion,0
TXN0014926,CUST01919,2025-05-07,85.9,Sports,0
TXN0014927,CUST01919,2025-05-14,104.95,Electronics,1
TXN0014928,CUST01919,2025-07-24,29.73,Electronics,0
TXN0014929,CUST01919,2025-11-01,27.93,Home & Kitchen,1
TXN0014930,CUST01919,2025-08-17,17.75,Sports,0
TXN0014931,CUST01920,2025-05-26,66.15,Sports,0
TXN0014932,CUST01920,2025-07-20,140.06,Books,0
TXN0014933,CUST01920,2025-09-28,145.26,Books,0
TXN0014934,CUST01920,2025-08-31,307.92,Fashion,1
TXN0014935,CUST01920,2025-06-14,69.08,Electronics,0
TXN0014936,CUST01920,2025-07-28,57.06,Beauty,1
TXN0014937,CUST01920,2025-11-08,43.57,Books,1
TXN0014938,CUST01920,2025-08-25,31.36,Home & Kitchen,0
TXN0014939,CUST01920,2025-06-16,54.91,Sports,0
TXN0014940,CUST01920,2025-06-25,57.68,Fashion,1
TXN0014941,CUST01920,2025-03-23,59.97,Books,0
TXN0014942,CUST01920,2025-03-27,111.3,Books,0
TXN0014943,CUST01921,2025-10-15,59.98,Books,1
TXN0014944,CUST01921,2025-05-30,13.99,Electronics,1
TXN0014945,CUST01921,2025-10-06,42.71,Beauty,0
TXN0014946,CUST01921,2025-10-17,2.07,Fashion,1
TXN0014947,CUST01921,2025-05-19,26.65,Beauty,1
TXN0014948,CUST01923,2025-06-21,63.19,Home & Kitchen,0
TXN0014949,CUST01923,2025-04-17,80.62,Electronics,1
TXN0014950,CUST01923,2025-09-28,56.44,Electronics,1
TXN0014951,CUST01924,2025-12-30,29.72,Sports,0
TXN0014952,CUST01924,2025-08-18,67.36,Sports,0
TXN0014953,CUST01924,2025-09-30,50.37,Fashion,1
TXN0014954,CUST01924,2025-05-13,24.77,Sports,1
TXN0014955,CUST01924,2025-03-16,92.37,Home & Kitchen,0
TXN0014956,CUST01924,2025-02-04,22.93,Electronics,0
TXN0014957,CUST01924,2025-07-03,52.03,Beauty,1
TXN0014958,CUST01924,2025-05-01,39.67,Books,0
TXN0014959,CUST01924,2025-03-25,49.42,Home & Kitchen,0
TXN0014960,CUST01925,2025-07-10,81.26,Home & Kitchen,1
TXN0014961,CUST01926,2025-02-16,113.38,Beauty,0
TXN0014962,CUST01926,2025-09-17,21.92,Sports,0
TXN0014963,CUST01926,2025-07-04,28.13,Books,1
TXN0014964,CUST01926,2024-11-02,40.61,Fashion,0
TXN0014965,CUST01926,2025-08-20,47.54,Electronics,0
TXN0014966,CUST01926,2025-03-04,77.61,Books,0
TXN0014967,CUST01926,2025-11-24,33.4,Electronics,0
TXN0014968,CUST01926,2025-07-04,67.99,Books,1
TXN0014969,CUST01926,2024-11-28,124.34,Sports,0
TXN0014970,CUST01926,2024-12-16,69.28,Electronics,0
TXN0014971,CUST01926,2025-09-22,42.82,Books,1
TXN0014972,CUST01926,2025-09-20,116.94,Home & Kitchen,0
TXN0014973,CUST01926,2025-08-21,51.0,Fashion,0
TXN0014974,CUST01926,2024-11-08,119.84,Fashion,0
TXN0014975,CUST01926,2025-04-18,103.66,Fashion,0
TXN0014976,CUST01926,2025-09-18,35.64,Fashion,0
TXN0014977,CUST01926,2025-10-12,25.13,Books,0
TXN0014978,CUST01926,2025-04-01,10.99,Electronics,0
TXN0014979,CUST01926,2025-06-24,67.92,Books,0
TXN0014980,CUST01926,2025-12-04,85.36,Fashion,0
TXN0014981,CUST01926,2025-06-27,75.21,Fashion,0
TXN0014982,CUST01927,2025-12-18,53.58,Fashion,0
TXN0014983,CUST01928,2024-08-10,87.57,Fashion,0
TXN0014984,CUST01928,2024-11-20,37.72,Fashion,0
TXN0014985,CUST01928,2024-12-18,95.03,Home & Kitchen,0
TXN0014986,CUST01928,2025-07-09,84.66,Beauty,1
TXN0014987,CUST01928,2025-08-09,42.29,Electronics,0
TXN0014988,CUST01928,2025-07-12,9.21,Books,0
TXN0014989,CUST01928,2025-07-03,83.68,Beauty,0
TXN0014990,CUST01928,2025-12-09,52.63,Fashion,0
TXN0014991,CUST01928,2025-06-25,33.2,Sports,1
TXN0014992,CUST01928,2024-12-12,90.29,Fashion,1
TXN0014993,CUST01928,2025-02-28,49.79,Electronics,0
TXN0014994,CUST01929,2025-10-09,31.43,Electronics,0
TXN0014995,CUST01929,2025-08-05,5.44,Books,0
TXN0014996,CUST01929,2025-03-09,40.91,Books,0
TXN0014997,CUST01929,2025-06-04,36.89,Fashion,1
TXN0014998,CUST01929,2025-02-28,48.55,Home & Kitchen,0
TXN0014999,CUST01929,2025-03-30,79.44,Books,0
TXN0015000,CUST01929,2024-12-01,14.09,Home & Kitchen,0
TXN0015001,CUST01930,2024-12-01,58.09,Books,1
TXN0015002,CUST01930,2025-03-22,29.0,Beauty,0
TXN0015003,CUST01930,2024-12-19,31.31,Fashion,0
TXN0015004,CUST01930,2025-07-02,26.16,Books,0
TXN0015005,CUST01930,2025-07-10,77.39,Electronics,1
TXN0015006,CUST01930,2025-06-27,87.76,Fashion,0
TXN0015007,CUST01930,2025-12-03,49.52,Beauty,1
TXN0015008,CUST01930,2025-02-13,42.68,Beauty,1
TXN0015009,CUST01931,2025-03-15,22.29,Electronics,0
TXN0015010,CUST01931,2025-10-26,82.59,Fashion,1
TXN0015011,CUST01931,2025-02-04,46.03,Home & Kitchen,0
TXN0015012,CUST01931,2025-11-02,73.86,Electronics,1
TXN0015013,CUST01931,2025-06-08,24.03,Sports,0
TXN0015014,CUST01931,2024-12-25,74.03,Fashion,0
TXN0015015,CUST01931,2025-11-23,33.81,Books,1
TXN0015016,CUST01931,2025-04-17,66.82,Beauty,0
TXN0015017,CUST01931,2025-04-15,120.45,Electronics,0
TXN0015018,CUST01931,2025-11-11,77.85,Electronics,0
TXN0015019,CUST01931,2025-01-08,102.19,Fashion,0
TXN0015020,CUST01931,2025-11-02,58.22,Fashion,0
TXN0015021,CUST01931,2025-12-01,71.55,Electronics,0
TXN0015022,CUST01931,2024-11-02,35.14,Fashion,0
TXN0015023,CUST01932,2025-09-17,85.68,Beauty,0
TXN0015024,CUST01932,2025-07-27,39.14,Electronics,0
TXN0015025,CUST01932,2025-03-08,23.96,Beauty,0
TXN0015026,CUST01933,2025-06-11,87.94,Fashion,0
TXN0015027,CUST01933,2025-04-29,48.36,Books,0
TXN0015028,CUST01934,2025-03-07,70.18,Fashion,0
TXN0015029,CUST01934,2025-03-14,28.18,Home & Kitchen,1
TXN0015030,CUST01934,2025-05-10,26.07,Books,0
TXN0015031,CUST01934,2025-02-08,52.64,Sports,0
TXN0015032,CUST01934,2025-06-23,44.89,Books,0
TXN0015033,CUST01934,2025-06-22,24.65,Sports,1
TXN0015034,CUST01934,2025-05-04,39.67,Books,0
TXN0015035,CUST01934,2025-09-17,21.5,Sports,1
TXN0015036,CUST01934,2025-05-07,83.08,Sports,0
TXN0015037,CUST01935,2024-07-28,80.72,Sports,0
TXN0015038,CUST01935,2025-04-16,26.39,Home & Kitchen,1
TXN0015039,CUST01935,2025-06-08,29.29,Beauty,1
TXN0015040,CUST01935,2025-09-03,52.3,Fashion,0
TXN0015041,CUST01935,2024-11-21,25.39,Sports,0
TXN0015042,CUST01935,2024-03-13,47.09,Sports,0
TXN0015043,CUST01935,2024-05-16,43.09,Books,0
TXN0015044,CUST01936,2025-02-18,42.39,Sports,0
TXN0015045,CUST01936,2024-11-16,39.2,Fashion,0
TXN0015046,CUST01936,2025-02-27,17.34,Beauty,1
TXN0015047,CUST01936,2025-12-30,101.91,Beauty,0
TXN0015048,CUST01936,2025-03-21,30.53,Fashion,0
TXN0015049,CUST01936,2025-12-04,6.42,Sports,0
TXN0015050,CUST01936,2025-04-29,35.86,Beauty,1
TXN0015051,CUST01936,2025-07-28,101.1,Home & Kitchen,1
TXN0015052,CUST01937,2025-02-09,53.7,Home & Kitchen,1
TXN0015053,CUST01937,2025-10-10,39.85,Home & Kitchen,0
TXN0015054,CUST01937,2024-09-19,152.16,Sports,0
TXN0015055,CUST01937,2025-02-26,123.32,Fashion,1
TXN0015056,CUST01937,2024-10-29,43.85,Books,0
TXN0015057,CUST01937,2025-02-19,17.18,Electronics,1
TXN0015058,CUST01937,2025-11-06,43.52,Fashion,0
TXN0015059,CUST01937,2025-01-09,108.45,Beauty,0
TXN0015060,CUST01937,2025-12-07,101.3,Home & Kitchen,0
TXN0015061,CUST01937,2024-06-12,137.69,Beauty,0
TXN0015062,CUST01937,2024-10-13,44.21,Sports,0
TXN0015063,CUST01937,2025-11-21,118.41,Beauty,0
TXN0015064,CUST01937,2025-03-30,45.05,Electronics,0
TXN0015065,CUST01937,2024-09-19,44.48,Sports,0
TXN0015066,CUST01937,2024-07-19,42.6,Electronics,0
TXN0015067,CUST01937,2024-05-22,57.93,Books,1
TXN0015068,CUST01937,2025-03-06,22.91,Fashion,0
TXN0015069,CUST01937,2025-08-03,29.99,Electronics,1
TXN0015070,CUST01937,2024-10-13,35.69,Fashion,0
TXN0015071,CUST01937,2025-07-02,63.32,Books,1
TXN0015072,CUST01937,2024-11-26,92.09,Books,0
TXN0015073,CUST01937,2024-09-17,41.84,Sports,0
TXN0015074,CUST01937,2024-10-24,118.38,Electronics,0
TXN0015075,CUST01937,2025-02-03,61.21,Sports,0
TXN0015076,CUST01937,2025-08-22,97.99,Beauty,1
TXN0015077,CUST01938,2025-07-30,115.17,Beauty,0
TXN0015078,CUST01938,2025-02-15,19.93,Books,1
TXN0015079,CUST01938,2025-09-05,27.91,Sports,0
TXN0015080,CUST01938,2024-09-19,95.06,Books,1
TXN0015081,CUST01938,2024-09-05,51.12,Books,1
TXN0015082,CUST01938,2025-05-21,65.75,Fashion,1
TXN0015083,CUST01938,2024-12-28,35.15,Electronics,1
TXN0015084,CUST01938,2025-03-20,45.54,Sports,0
TXN0015085,CUST01938,2024-10-29,52.52,Fashion,1
TXN0015086,CUST01938,2024-03-04,7.75,Sports,1
TXN0015087,CUST01938,2025-10-21,36.15,Fashion,0
TXN0015088,CUST01938,2025-03-13,72.4,Fashion,1
TXN0015089,CUST01938,2024-08-28,42.71,Fashion,0
TXN0015090,CUST01938,2025-08-30,20.71,Electronics,0
TXN0015091,CUST01938,2025-07-24,36.58,Sports,0
TXN0015092,CUST01938,2025-10-14,65.85,Sports,0
TXN0015093,CUST01938,2024-07-24,34.72,Sports,0
TXN0015094,CUST01939,2025-05-25,27.27,Electronics,0
TXN0015095,CUST01939,2025-12-17,59.28,Fashion,0
TXN0015096,CUST01939,2025-12-18,64.61,Sports,1
TXN0015097,CUST01939,2025-07-31,55.44,Sports,1
TXN0015098,CUST01939,2025-12-07,42.95,Electronics,1
TXN0015099,CUST01939,2025-12-18,34.1,Home & Kitchen,0
TXN0015100,CUST01939,2025-08-22,16.96,Sports,0
TXN0015101,CUST01939,2025-05-30,21.71,Sports,1
TXN0015102,CUST01939,2025-11-17,75.88,Electronics,0
TXN0015103,CUST01939,2025-07-26,65.87,Home & Kitchen,1
TXN0015104,CUST01939,2025-08-05,201.68,Home & Kitchen,0
TXN0015105,CUST01939,2025-08-11,86.21,Home & Kitchen,0
TXN0015106,CUST01940,2025-08-18,32.25,Sports,1
TXN0015107,CUST01940,2025-08-02,39.71,Fashion,0
TXN0015108,CUST01941,2025-08-16,71.39,Fashion,0
TXN0015109,CUST01941,2025-08-27,24.38,Electronics,0
TXN0015110,CUST01941,2025-11-28,97.21,Beauty,0
TXN0015111,CUST01941,2025-12-01,16.99,Beauty,0
TXN0015112,CUST01941,2024-12-23,27.59,Fashion,0
TXN0015113,CUST01941,2024-11-09,62.22,Fashion,0
TXN0015114,CUST01941,2025-09-26,56.88,Fashion,0
TXN0015115,CUST01941,2025-11-14,39.85,Books,0
TXN0015116,CUST01941,2024-08-30,117.98,Books,0
TXN0015117,CUST01941,2025-08-18,110.59,Electronics,1
TXN0015118,CUST01941,2024-07-02,27.26,Sports,0
TXN0015119,CUST01941,2024-05-16,57.8,Fashion,0
TXN0015120,CUST01941,2025-12-22,192.91,Sports,0
TXN0015121,CUST01941,2024-07-30,27.78,Beauty,0
TXN0015122,CUST01941,2025-09-18,64.67,Electronics,0
TXN0015123,CUST01941,2025-08-09,42.29,Beauty,0
TXN0015124,CUST01941,2025-01-18,86.64,Books,1
TXN0015125,CUST01941,2025-11-08,135.53,Books,1
TXN0015126,CUST01941,2024-05-23,89.57,Sports,0
TXN0015127,CUST01941,2025-05-15,39.32,Electronics,0
TXN0015128,CUST01941,2024-06-28,173.02,Books,0
TXN0015129,CUST01941,2024-05-24,78.26,Home & Kitchen,0
TXN0015130,CUST01941,2024-08-19,91.09,Beauty,1
TXN0015131,CUST01941,2024-06-24,42.38,Fashion,1
TXN0015132,CUST01941,2024-07-17,42.18,Books,0
TXN0015133,CUST01941,2024-07-29,17.02,Home & Kitchen,1
TXN0015134,CUST01941,2025-02-11,88.69,Home & Kitchen,0
TXN0015135,CUST01941,2024-12-11,42.64,Electronics,0
TXN0015136,CUST01941,2024-09-01,58.42,Electronics,1
TXN0015137,CUST01942,2025-07-30,110.37,Electronics,0
TXN0015138,CUST01942,2025-03-28,29.86,Electronics,1
TXN0015139,CUST01942,2025-10-15,34.06,Books,0
TXN0015140,CUST01942,2025-08-03,39.73,Books,0
TXN0015141,CUST01942,2025-12-25,70.15,Electronics,0
TXN0015142,CUST01945,2025-10-17,44.4,Books,0
TXN0015143,CUST01945,2025-05-18,57.47,Electronics,0
TXN0015144,CUST01945,2025-11-28,88.91,Electronics,0
TXN0015145,CUST01945,2025-10-17,31.03,Home & Kitchen,1
TXN0015146,CUST01945,2025-08-12,94.23,Fashion,1
TXN0015147,CUST01945,2025-11-25,24.34,Books,0
TXN0015148,CUST01946,2025-07-10,106.94,Books,0
TXN0015149,CUST01946,2025-08-02,77.61,Sports,0
TXN0015150,CUST01946,2025-03-03,119.57,Electronics,0
TXN0015151,CUST01946,2025-06-19,118.34,Electronics,0
TXN0015152,CUST01946,2025-04-14,33.76,Books,1
TXN0015153,CUST01946,2025-05-28,142.65,Fashion,1
TXN0015154,CUST01946,2025-09-17,60.94,Beauty,0
TXN0015155,CUST01946,2025-03-20,11.4,Electronics,0
TXN0015156,CUST01946,2025-02-28,108.85,Beauty,0
TXN0015157,CUST01946,2025-09-09,64.24,Sports,0
TXN0015158,CUST01949,2024-12-25,48.78,Books,0
TXN0015159,CUST01949,2025-02-21,48.52,Home & Kitchen,0
TXN0015160,CUST01949,2024-11-28,93.82,Electronics,1
TXN0015161,CUST01949,2025-12-18,90.34,Books,0
TXN0015162,CUST01949,2025-09-13,80.95,Books,0
TXN0015163,CUST01949,2025-11-28,29.7,Sports,0
TXN0015164,CUST01949,2025-03-26,23.06,Electronics,0
TXN0015165,CUST01949,2025-07-24,28.96,Books,0
TXN0015166,CUST01949,2025-07-04,74.09,Fashion,0
TXN0015167,CUST01949,2025-12-06,49.55,Home & Kitchen,0
TXN0015168,CUST01949,2025-02-07,213.82,Home & Kitchen,0
TXN0015169,CUST01949,2025-03-20,153.59,Beauty,0
TXN0015170,CUST01949,2025-04-09,16.69,Books,1
TXN0015171,CUST01949,2025-02-23,62.13,Electronics,0
TXN0015172,CUST01950,2025-03-10,67.91,Sports,0
TXN0015173,CUST01950,2025-03-12,49.87,Books,0
TXN0015174,CUST01950,2025-09-02,51.27,Home & Kitchen,1
TXN0015175,CUST01950,2025-09-08,82.63,Home & Kitchen,0
TXN0015176,CUST01950,2025-12-06,42.1,Home & Kitchen,0
TXN0015177,CUST01950,2025-03-10,51.26,Fashion,1
TXN0015178,CUST01950,2025-11-28,85.7,Electronics,1
TXN0015179,CUST01950,2025-04-19,53.53,Sports,1
TXN0015180,CUST01950,2025-12-14,31.35,Fashion,0
TXN0015181,CUST01950,2025-08-31,50.92,Sports,0
TXN0015182,CUST01951,2024-10-18,121.72,Books,0
TXN0015183,CUST01951,2025-01-26,41.88,Sports,0
TXN0015184,CUST01951,2025-06-24,91.81,Sports,0
TXN0015185,CUST01951,2024-12-06,69.04,Beauty,0
TXN0015186,CUST01951,2024-11-17,16.49,Home & Kitchen,1
TXN0015187,CUST01951,2024-08-15,53.5,Beauty,0
TXN0015188,CUST01951,2025-07-17,68.26,Sports,0
TXN0015189,CUST01951,2025-03-10,58.56,Electronics,0
TXN0015190,CUST01951,2024-06-30,12.53,Fashion,0
TXN0015191,CUST01951,2024-11-24,54.19,Fashion,0
TXN0015192,CUST01951,2025-10-15,48.71,Home & Kitchen,0
TXN0015193,CUST01951,2025-05-27,110.4,Sports,0
TXN0015194,CUST01951,2025-01-07,32.19,Sports,1
TXN0015195,CUST01951,2024-06-08,11.27,Electronics,0
TXN0015196,CUST01951,2024-10-08,38.66,Home & Kitchen,1
TXN0015197,CUST01951,2025-04-10,31.71,Beauty,0
TXN0015198,CUST01952,2024-11-05,41.67,Beauty,1
TXN0015199,CUST01952,2025-06-15,26.82,Electronics,1
TXN0015200,CUST01952,2025-12-04,10.78,Sports,0
TXN0015201,CUST01953,2025-11-22,67.34,Beauty,0
TXN0015202,CUST01953,2025-12-14,103.18,Beauty,0
TXN0015203,CUST01953,2025-11-20,47.7,Electronics,0
TXN0015204,CUST01954,2025-11-27,38.19,Electronics,0
TXN0015205,CUST01955,2025-08-18,73.73,Sports,0
TXN0015206,CUST01955,2025-06-12,29.96,Electronics,0
TXN0015207,CUST01955,2025-08-01,39.81,Electronics,0
TXN0015208,CUST01955,2025-02-08,81.22,Books,0
TXN0015209,CUST01955,2025-05-26,44.33,Home & Kitchen,1
TXN0015210,CUST01955,2025-11-21,31.3,Fashion,0
TXN0015211,CUST01955,2025-05-20,21.28,Beauty,1
TXN0015212,CUST01956,2025-08-12,33.64,Home & Kitchen,0
TXN0015213,CUST01956,2025-09-09,40.88,Books,1
TXN0015214,CUST01956,2025-11-13,16.82,Home & Kitchen,0
TXN0015215,CUST01956,2025-09-05,33.75,Electronics,0
TXN0015216,CUST01957,2025-02-06,89.44,Home & Kitchen,0
TXN0015217,CUST01957,2025-12-10,88.01,Books,0
TXN0015218,CUST01957,2025-03-31,122.81,Sports,0
TXN0015219,CUST01957,2025-10-18,62.02,Home & Kitchen,1
TXN0015220,CUST01957,2025-12-18,71.52,Sports,0
TXN0015221,CUST01957,2025-03-06,45.25,Fashion,1
TXN0015222,CUST01957,2025-07-08,36.99,Beauty,1
TXN0015223,CUST01958,2025-12-03,34.05,Beauty,0
TXN0015224,CUST01959,2025-12-19,55.98,Sports,0
TXN0015225,CUST01960,2025-12-12,45.16,Electronics,1
TXN0015226,CUST01960,2025-12-06,19.61,Fashion,0
TXN0015227,CUST01961,2025-12-27,24.78,Beauty,0
TXN0015228,CUST01961,2025-12-09,23.67,Fashion,0
TXN0015229,CUST01961,2025-09-19,32.05,Home & Kitchen,1
TXN0015230,CUST01962,2025-10-10,118.81,Sports,0
TXN0015231,CUST01962,2025-11-28,96.18,Fashion,0
TXN0015232,CUST01962,2025-10-08,28.57,Home & Kitchen,0
TXN0015233,CUST01962,2025-11-29,35.23,Home & Kitchen,1
TXN0015234,CUST01962,2025-09-23,13.78,Books,0
TXN0015235,CUST01962,2025-12-25,134.6,Electronics,0
TXN0015236,CUST01962,2025-12-10,100.46,Home & Kitchen,0
TXN0015237,CUST01962,2025-11-14,26.75,Home & Kitchen,0
TXN0015238,CUST01963,2025-10-26,45.53,Fashion,0
TXN0015239,CUST01963,2025-08-30,148.24,Sports,0
TXN0015240,CUST01963,2025-09-22,103.84,Beauty,1
TXN0015241,CUST01963,2025-09-24,68.95,Books,1
TXN0015242,CUST01963,2024-12-09,57.48,Electronics,0
TXN0015243,CUST01963,2025-01-08,31.1,Sports,0
TXN0015244,CUST01963,2024-08-12,54.45,Books,1
TXN0015245,CUST01963,2025-10-23,23.07,Electronics,1
TXN0015246,CUST01963,2024-09-09,44.84,Books,0
TXN0015247,CUST01963,2025-05-07,13.27,Beauty,0
TXN0015248,CUST01963,2024-10-24,76.67,Electronics,0
TXN0015249,CUST01963,2024-11-22,121.81,Beauty,0
TXN0015250,CUST01963,2025-04-24,59.13,Fashion,1
TXN0015251,CUST01963,2025-01-13,32.95,Fashion,0
TXN0015252,CUST01963,2024-11-02,27.23,Beauty,0
TXN0015253,CUST01964,2024-10-31,46.46,Sports,1
TXN0015254,CUST01964,2024-12-09,128.68,Sports,0
TXN0015255,CUST01964,2025-01-17,25.59,Sports,0
TXN0015256,CUST01964,2025-02-21,113.32,Beauty,0
TXN0015257,CUST01964,2025-09-11,29.55,Sports,1
TXN0015258,CUST01964,2025-03-07,21.62,Home & Kitchen,0
TXN0015259,CUST01964,2025-10-25,101.01,Electronics,1
TXN0015260,CUST01964,2025-09-06,143.73,Sports,0
TXN0015261,CUST01964,2025-08-14,97.31,Books,0
TXN0015262,CUST01964,2025-01-04,39.27,Sports,0
TXN0015263,CUST01964,2025-01-05,44.17,Fashion,0
TXN0015264,CUST01964,2025-01-24,23.7,Fashion,1
TXN0015265,CUST01964,2025-01-18,116.43,Electronics,1
TXN0015266,CUST01964,2025-04-11,42.91,Electronics,0
TXN0015267,CUST01964,2024-10-30,25.55,Home & Kitchen,1
TXN0015268,CUST01964,2024-12-14,39.07,Electronics,0
TXN0015269,CUST01964,2025-03-11,41.12,Electronics,0
TXN0015270,CUST01964,2024-12-09,49.31,Beauty,1
TXN0015271,CUST01964,2025-05-16,67.91,Home & Kitchen,0
TXN0015272,CUST01965,2024-12-01,8.82,Sports,0
TXN0015273,CUST01966,2025-12-27,44.78,Electronics,0
TXN0015274,CUST01966,2025-12-11,60.33,Sports,0
TXN0015275,CUST01966,2025-11-17,66.71,Sports,0
TXN0015276,CUST01967,2025-07-18,65.82,Books,0
TXN0015277,CUST01967,2025-01-18,44.16,Electronics,0
TXN0015278,CUST01967,2025-06-14,73.69,Home & Kitchen,0
TXN0015279,CUST01968,2025-11-18,118.14,Books,1
TXN0015280,CUST01968,2024-07-07,61.52,Books,0
TXN0015281,CUST01968,2024-12-10,57.41,Home & Kitchen,0
TXN0015282,CUST01968,2025-10-02,86.79,Books,0
TXN0015283,CUST01968,2024-07-29,68.15,Fashion,1
TXN0015284,CUST01968,2025-01-17,64.27,Sports,1
TXN0015285,CUST01968,2024-11-05,97.01,Beauty,0
TXN0015286,CUST01968,2025-09-17,102.47,Beauty,0
TXN0015287,CUST01968,2024-09-03,102.37,Fashion,1
TXN0015288,CUST01968,2025-02-25,67.33,Sports,0
TXN0015289,CUST01968,2025-04-17,82.84,Fashion,0
TXN0015290,CUST01968,2025-10-11,21.51,Beauty,1
TXN0015291,CUST01968,2024-10-23,129.97,Books,0
TXN0015292,CUST01968,2025-07-23,134.44,Fashion,0
TXN0015293,CUST01968,2024-12-22,101.84,Sports,1
TXN0015294,CUST01968,2024-09-09,40.26,Books,0
TXN0015295,CUST01968,2024-09-04,26.59,Electronics,0
TXN0015296,CUST01968,2025-12-11,81.51,Beauty,1
TXN0015297,CUST01968,2025-10-10,60.47,Home & Kitchen,1
TXN0015298,CUST01968,2025-04-30,15.51,Fashion,0
TXN0015299,CUST01968,2025-01-15,76.92,Fashion,0
TXN0015300,CUST01968,2025-04-20,23.65,Books,0
TXN0015301,CUST01968,2024-11-27,181.92,Electronics,0
TXN0015302,CUST01968,2025-07-04,205.25,Fashion,0
TXN0015303,CUST01968,2024-10-28,78.61,Books,1
TXN0015304,CUST01969,2025-08-17,36.14,Beauty,0
TXN0015305,CUST01969,2024-06-23,122.94,Sports,1
TXN0015306,CUST01969,2025-04-04,60.88,Books,0
TXN0015307,CUST01969,2025-10-02,56.48,Home & Kitchen,0
TXN0015308,CUST01969,2024-05-20,80.45,Books,0
TXN0015309,CUST01969,2025-04-12,53.9,Fashion,1
TXN0015310,CUST01969,2024-11-20,40.18,Sports,1
TXN0015311,CUST01969,2025-03-02,46.06,Sports,0
TXN0015312,CUST01969,2025-05-24,82.85,Books,0
TXN0015313,CUST01969,2024-05-31,13.75,Books,0
TXN0015314,CUST01969,2025-12-23,40.94,Books,0
TXN0015315,CUST01971,2025-12-19,82.44,Books,1
TXN0015316,CUST01972,2025-01-03,54.44,Home & Kitchen,0
TXN0015317,CUST01972,2025-09-14,63.79,Beauty,1
TXN0015318,CUST01972,2025-08-27,28.08,Home & Kitchen,1
TXN0015319,CUST01972,2025-05-12,53.92,Fashion,0
TXN0015320,CUST01972,2024-09-07,74.89,Electronics,1
TXN0015321,CUST01972,2025-10-15,35.13,Fashion,1
TXN0015322,CUST01973,2025-04-09,57.39,Beauty,1
TXN0015323,CUST01973,2025-08-19,48.53,Books,0
TXN0015324,CUST01973,2025-03-21,47.37,Fashion,0
TXN0015325,CUST01973,2025-08-07,40.05,Home & Kitchen,1
TXN0015326,CUST01973,2025-06-05,18.27,Books,0
TXN0015327,CUST01973,2025-03-17,25.48,Books,1
TXN0015328,CUST01973,2025-07-20,27.2,Sports,0
TXN0015329,CUST01973,2025-06-16,49.12,Beauty,0
TXN0015330,CUST01973,2025-07-17,11.44,Fashion,0
TXN0015331,CUST01974,2025-12-19,58.5,Electronics,0
TXN0015332,CUST01974,2025-12-22,126.39,Home & Kitchen,0
TXN0015333,CUST01975,2025-02-03,36.97,Home & Kitchen,0
TXN0015334,CUST01975,2025-06-22,50.24,Electronics,0
TXN0015335,CUST01975,2025-12-04,56.1,Beauty,0
TXN0015336,CUST01975,2025-08-13,79.02,Electronics,0
TXN0015337,CUST01975,2025-11-24,54.08,Beauty,0
TXN0015338,CUST01975,2025-12-17,29.43,Home & Kitchen,0
TXN0015339,CUST01975,2025-03-10,100.65,Books,0
TXN0015340,CUST01975,2025-10-12,59.57,Beauty,0
TXN0015341,CUST01975,2025-09-29,92.3,Fashion,1
TXN0015342,CUST01975,2025-01-28,51.97,Home & Kitchen,1
TXN0015343,CUST01975,2025-08-02,53.03,Home & Kitchen,1
TXN0015344,CUST01975,2025-09-06,64.01,Home & Kitchen,0
TXN0015345,CUST01975,2025-11-09,56.92,Electronics,0
TXN0015346,CUST01975,2025-07-19,118.88,Fashion,0
TXN0015347,CUST01975,2025-06-25,36.41,Beauty,1
TXN0015348,CUST01975,2025-02-13,104.7,Fashion,0
TXN0015349,CUST01975,2025-02-09,66.06,Books,1
TXN0015350,CUST01975,2025-10-21,29.9,Books,1
TXN0015351,CUST01975,2025-04-20,76.4,Home & Kitchen,0
TXN0015352,CUST01976,2024-09-10,54.55,Home & Kitchen,0
TXN0015353,CUST01976,2024-08-19,22.29,Sports,0
TXN0015354,CUST01977,2025-12-25,18.88,Books,1
TXN0015355,CUST01977,2025-08-02,32.45,Fashion,1
TXN0015356,CUST01977,2025-08-06,30.82,Home & Kitchen,0
TXN0015357,CUST01977,2025-11-26,27.55,Fashion,1
TXN0015358,CUST01978,2025-12-02,23.86,Books,0
TXN0015359,CUST01978,2025-07-20,67.16,Electronics,0
TXN0015360,CUST01978,2025-07-30,52.24,Books,1
TXN0015361,CUST01978,2025-05-03,35.34,Electronics,1
TXN0015362,CUST01978,2025-07-30,27.98,Beauty,0
TXN0015363,CUST01978,2025-12-10,82.63,Beauty,0
TXN0015364,CUST01978,2025-06-01,3.41,Home & Kitchen,0
TXN0015365,CUST01978,2025-07-11,63.79,Beauty,0
TXN0015366,CUST01983,2025-04-23,67.82,Home & Kitchen,1
TXN0015367,CUST01983,2024-08-09,27.31,Home & Kitchen,0
TXN0015368,CUST01983,2025-07-31,26.81,Sports,1
TXN0015369,CUST01983,2024-12-13,53.72,Sports,0
TXN0015370,CUST01983,2025-07-31,69.02,Sports,0
TXN0015371,CUST01983,2025-07-08,32.96,Sports,0
TXN0015372,CUST01983,2024-09-04,36.48,Electronics,0
TXN0015373,CUST01983,2024-08-21,39.86,Fashion,0
TXN0015374,CUST01983,2025-04-25,7.62,Books,1
TXN0015375,CUST01984,2025-06-12,19.52,Electronics,1
TXN0015376,CUST01984,2025-02-24,64.95,Home & Kitchen,0
TXN0015377,CUST01984,2025-11-28,15.78,Fashion,0
TXN0015378,CUST01984,2025-03-22,30.58,Sports,0
TXN0015379,CUST01984,2025-08-28,33.12,Books,1
TXN0015380,CUST01984,2025-02-23,128.76,Sports,0
TXN0015381,CUST01984,2025-09-22,80.65,Sports,0
TXN0015382,CUST01984,2024-12-06,56.8,Fashion,0
TXN0015383,CUST01985,2025-09-10,29.9,Home & Kitchen,0
TXN0015384,CUST01985,2025-08-09,31.78,Home & Kitchen,0
TXN0015385,CUST01985,2025-05-19,79.89,Books,1
TXN0015386,CUST01985,2025-09-07,30.23,Fashion,0
TXN0015387,CUST01985,2025-08-27,60.95,Beauty,0
TXN0015388,CUST01985,2025-11-07,34.41,Sports,0
TXN0015389,CUST01985,2024-10-04,57.15,Books,1
TXN0015390,CUST01985,2025-07-11,62.31,Electronics,0
TXN0015391,CUST01985,2024-07-09,22.28,Books,0
TXN0015392,CUST01986,2025-12-23,119.54,Books,0
TXN0015393,CUST01986,2025-12-08,56.91,Home & Kitchen,0
TXN0015394,CUST01987,2025-12-01,72.07,Electronics,1
TXN0015395,CUST01987,2025-10-20,13.35,Home & Kitchen,0
TXN0015396,CUST01987,2025-11-12,89.54,Books,0
TXN0015397,CUST01988,2024-12-03,26.9,Books,0
TXN0015398,CUST01988,2025-10-31,75.22,Electronics,0
TXN0015399,CUST01988,2025-11-15,43.82,Home & Kitchen,0
TXN0015400,CUST01988,2025-04-03,23.69,Fashion,0
TXN0015401,CUST01988,2025-03-25,25.57,Fashion,0
TXN0015402,CUST01988,2024-10-07,56.04,Fashion,0
TXN0015403,CUST01988,2025-04-06,79.87,Fashion,1
TXN0015404,CUST01988,2024-10-12,57.58,Home & Kitchen,1
TXN0015405,CUST01988,2025-10-12,62.09,Fashion,0
TXN0015406,CUST01988,2024-09-01,16.39,Sports,0
TXN0015407,CUST01988,2025-05-06,65.35,Home & Kitchen,0
TXN0015408,CUST01988,2024-09-30,25.88,Sports,0
TXN0015409,CUST01988,2024-09-27,241.46,Home & Kitchen,0
TXN0015410,CUST01988,2024-08-17,18.05,Books,1
TXN0015411,CUST01988,2024-11-26,126.54,Electronics,0
TXN0015412,CUST01988,2025-12-01,19.3,Beauty,0
TXN0015413,CUST01988,2025-02-22,46.43,Books,0
TXN0015414,CUST01990,2025-11-16,101.63,Fashion,0
TXN0015415,CUST01990,2025-11-08,111.67,Fashion,0
TXN0015416,CUST01990,2025-07-20,95.67,Electronics,1
TXN0015417,CUST01990,2025-08-06,21.27,Electronics,0
TXN0015418,CUST01990,2025-08-01,67.33,Electronics,0
TXN0015419,CUST01990,2025-12-09,41.55,Books,0
TXN0015420,CUST01991,2025-08-15,42.12,Sports,0
TXN0015421,CUST01991,2024-04-23,25.13,Beauty,1
TXN0015422,CUST01991,2024-05-22,37.98,Sports,0
TXN0015423,CUST01991,2024-11-01,84.32,Beauty,1
TXN0015424,CUST01991,2024-02-28,100.58,Books,0
TXN0015425,CUST01991,2024-04-07,28.54,Electronics,0
TXN0015426,CUST01991,2024-03-05,44.15,Sports,0
TXN0015427,CUST01991,2024-05-19,51.99,Electronics,1
TXN0015428,CUST01991,2025-10-14,34.03,Sports,0
TXN0015429,CUST01991,2025-10-18,19.78,Fashion,0
TXN0015430,CUST01991,2025-02-01,39.2,Fashion,0
TXN0015431,CUST01991,2024-06-19,60.9,Sports,1
TXN0015432,CUST01991,2024-12-24,16.4,Electronics,1
TXN0015433,CUST01991,2025-12-18,27.69,Books,0
TXN0015434,CUST01991,2025-05-05,18.36,Books,1
TXN0015435,CUST01991,2024-12-10,119.63,Fashion,0
TXN0015436,CUST01991,2025-11-06,21.34,Beauty,1
TXN0015437,CUST01991,2024-07-15,92.03,Fashion,1
TXN0015438,CUST01991,2024-12-25,47.54,Fashion,1
TXN0015439,CUST01991,2024-08-19,72.04,Beauty,0
TXN0015440,CUST01991,2024-08-10,52.52,Books,0
TXN0015441,CUST01992,2025-09-10,60.85,Home & Kitchen,0
TXN0015442,CUST01992,2025-12-03,15.98,Fashion,0
TXN0015443,CUST01992,2025-09-13,21.53,Electronics,1
TXN0015444,CUST01992,2025-11-13,107.72,Beauty,0
TXN0015445,CUST01992,2025-10-23,31.62,Electronics,0
TXN0015446,CUST01992,2025-12-10,48.51,Books,1
TXN0015447,CUST01992,2025-09-09,12.93,Electronics,0
TXN0015448,CUST01992,2025-11-08,73.9,Electronics,1
TXN0015449,CUST01992,2025-11-13,178.98,Sports,0
TXN0015450,CUST01992,2025-11-05,33.31,Sports,0
TXN0015451,CUST01992,2025-10-05,158.28,Beauty,0
TXN0015452,CUST01994,2025-07-31,56.39,Home & Kitchen,0
TXN0015453,CUST01994,2025-08-07,48.95,Beauty,1
TXN0015454,CUST01994,2025-07-23,126.37,Electronics,0
TXN0015455,CUST01994,2025-11-28,50.43,Beauty,0
TXN0015456,CUST01994,2025-10-08,78.04,Sports,0
TXN0015457,CUST01994,2025-12-05,42.35,Beauty,0
TXN0015458,CUST01994,2025-10-07,25.34,Sports,1
TXN0015459,CUST01994,2025-07-30,50.79,Books,0
TXN0015460,CUST01997,2025-12-23,34.68,Sports,1
TXN0015461,CUST01998,2025-09-25,38.19,Electronics,0
TXN0015462,CUST01998,2024-07-22,66.55,Electronics,0
TXN0015463,CUST01998,2025-06-21,31.69,Fashion,0
TXN0015464,CUST01998,2025-11-16,50.54,Fashion,0
TXN0015465,CUST01998,2025-01-23,60.98,Electronics,1
TXN0015466,CUST01998,2024-10-28,37.31,Electronics,0
TXN0015467,CUST01998,2025-08-29,47.92,Sports,0
TXN0015468,CUST01998,2025-11-18,39.31,Electronics,0
TXN0015469,CUST01998,2025-10-07,34.5,Home & Kitchen,1
TXN0015470,CUST01998,2025-03-21,53.73,Beauty,1
TXN0015471,CUST01998,2024-11-03,131.8,Electronics,0
TXN0015472,CUST01998,2025-08-14,88.94,Sports,0
TXN0015473,CUST01999,2025-12-19,182.47,Fashion,1
TXN0015474,CUST01999,2025-12-01,112.99,Sports,0
TXN0015475,CUST01999,2025-12-22,46.42,Sports,0
TXN0015476,CUST02000,2025-11-14,45.45,Electronics,0
TXN0015477,CUST02000,2025-11-24,51.55,Fashion,1
