customer_id,segment,recency_days,frequency,monetary,avg_order_value,RFM_total,tenure_days,churned,churn_probability,risk_tier,recommended_action
CUST00001,Hibernating,61.0,1.0,75.49,75.49,4.0,65,0,0.0014,Low,Standard engagement / newsletter
CUST00002,Loyal Customers,28.0,31.0,2216.94,71.51,13.0,621,0,0.0008,Low,Standard engagement / newsletter
CUST00003,New Customers,18.0,4.0,165.28,41.32,8.0,124,0,0.0055,Low,Standard engagement / newsletter
CUST00004,New Customers,4.0,4.0,366.89,91.72,10.0,52,0,0.0009,Low,Standard engagement / newsletter
CUST00005,Hibernating,101.0,2.0,48.21,24.1,3.0,582,1,0.9651,High,Send targeted discount / re-engagement email
CUST00006,At Risk,117.0,7.0,322.32,46.05,7.0,363,1,0.6398,Medium,Monitor + include in nurture campaign
CUST00007,Champions,17.0,24.0,1143.1,47.63,14.0,527,0,0.0233,Low,Upsell / referral program invite
CUST00008,At Risk,233.0,8.0,318.37,39.8,7.0,474,1,0.8568,High,Send targeted discount / re-engagement email
CUST00009,Hibernating,113.0,2.0,128.85,64.42,4.0,181,1,0.1085,Low,Standard engagement / newsletter
CUST00010,Lost,173.0,7.0,176.14,25.16,6.0,698,1,0.8885,High,Send targeted discount / re-engagement email
CUST00011,Loyal Customers,33.0,7.0,328.93,46.99,9.0,611,0,0.2389,Low,Standard engagement / newsletter
CUST00012,Hibernating,72.0,3.0,132.79000000000002,44.26,6.0,422,0,0.4572,Medium,Monitor + include in nurture campaign
CUST00013,Champions,7.0,23.0,1753.85,76.25,15.0,384,0,0.0003,Low,Upsell / referral program invite
CUST00014,Champions,14.0,9.0,678.55,75.39,12.0,366,0,0.0234,Low,Upsell / referral program invite
CUST00015,Hibernating,69.0,5.0,192.03,38.41,6.0,601,0,0.2076,Low,Standard engagement / newsletter
CUST00016,At Risk,52.0,29.0,1907.68,65.78,12.0,593,0,0.0008,Low,Standard engagement / newsletter
CUST00017,Champions,7.0,26.0,1978.23,76.09,15.0,503,0,0.0004,Low,Upsell / referral program invite
CUST00018,Hibernating,380.0,1.0,17.73,17.73,3.0,481,1,0.9967,High,Send targeted discount / re-engagement email
CUST00019,New Customers,1.0,5.0,205.91,41.18,9.0,351,0,0.4527,Medium,Monitor + include in nurture campaign
CUST00020,Promising,25.0,1.0,17.55,17.55,5.0,40,0,0.0039,Low,Standard engagement / newsletter
CUST00021,At Risk,83.0,7.0,255.56,36.51,8.0,591,0,0.3489,Medium,Monitor + include in nurture campaign
CUST00022,At Risk,144.0,7.0,369.03,52.72,7.0,679,1,0.6325,Medium,Monitor + include in nurture campaign
CUST00023,At Risk,55.0,11.0,641.55,58.32,10.0,649,0,0.1448,Low,Standard engagement / newsletter
CUST00024,Champions,2.0,22.0,1556.62,70.76,15.0,686,0,0.0018,Low,Upsell / referral program invite
CUST00025,Loyal Customers,24.0,10.0,546.6,54.66,11.0,503,0,0.0504,Low,Standard engagement / newsletter
CUST00026,Hibernating,400.0,0.0,0.0,0.0,1.0,400,1,0.9983,High,Send targeted discount / re-engagement email
CUST00027,At Risk,59.0,8.0,635.5699999999999,79.45,9.0,231,0,0.0029,Low,Standard engagement / newsletter
CUST00028,New Customers,22.0,4.0,152.51,38.13,8.0,385,0,0.8702,High,Send targeted discount / re-engagement email
CUST00029,Hibernating,431.0,0.0,0.0,0.0,1.0,431,1,0.994,High,Send targeted discount / re-engagement email
CUST00030,New Customers,6.0,5.0,217.93,43.59,9.0,375,0,0.8978,High,Send targeted discount / re-engagement email
CUST00031,Hibernating,152.0,1.0,80.76,80.76,3.0,556,1,0.9925,High,Send targeted discount / re-engagement email
CUST00032,Champions,19.0,16.0,888.71,55.54,14.0,677,0,0.3266,Low,Upsell / referral program invite
CUST00033,At Risk,43.0,14.0,659.44,47.1,10.0,618,0,0.0553,Low,Standard engagement / newsletter
CUST00034,Hibernating,523.0,2.0,189.4,94.7,4.0,600,1,0.9255,High,Send targeted discount / re-engagement email
CUST00035,Hibernating,353.0,0.0,0.0,0.0,1.0,353,1,0.994,High,Send targeted discount / re-engagement email
CUST00036,Champions,8.0,9.0,457.13,50.79,13.0,432,0,0.0812,Low,Upsell / referral program invite
CUST00037,Hibernating,128.0,0.0,0.0,0.0,1.0,128,1,0.9945,High,Send targeted discount / re-engagement email
CUST00038,Champions,16.0,16.0,981.81,61.36,14.0,575,0,0.0105,Low,Upsell / referral program invite
CUST00039,Champions,6.0,20.0,1170.88,58.54,15.0,494,0,0.0016,Low,Upsell / referral program invite
CUST00040,Hibernating,44.0,2.0,47.559999999999995,23.78,4.0,238,0,0.6051,Medium,Monitor + include in nurture campaign
CUST00041,Hibernating,50.0,0.0,0.0,0.0,1.0,50,0,0.0106,Low,Standard engagement / newsletter
CUST00042,At Risk,309.0,10.0,416.07,41.61,8.0,705,1,0.8876,High,Send targeted discount / re-engagement email
CUST00043,Hibernating,156.0,3.0,78.38,26.13,4.0,379,1,0.8986,High,Send targeted discount / re-engagement email
CUST00044,Champions,8.0,20.0,1280.33,64.02,15.0,388,0,0.0009,Low,Upsell / referral program invite
CUST00045,Hibernating,15.0,0.0,0.0,0.0,1.0,15,0,0.0046,Low,Standard engagement / newsletter
CUST00046,Loyal Customers,33.0,9.0,633.73,70.41,11.0,221,0,0.0069,Low,Standard engagement / newsletter
CUST00047,New Customers,12.0,5.0,279.65999999999997,55.93,9.0,288,0,0.0257,Low,Standard engagement / newsletter
CUST00048,Hibernating,95.0,3.0,156.34,52.11,5.0,146,1,0.783,High,Send targeted discount / re-engagement email
CUST00049,At Risk,44.0,15.0,779.47,51.96,11.0,600,0,0.4324,Medium,Monitor + include in nurture campaign
CUST00050,At Risk,251.0,6.0,275.01,45.84,7.0,719,1,0.8288,High,Send targeted discount / re-engagement email
CUST00051,At Risk,65.0,7.0,370.54,52.93,8.0,572,0,0.1829,Low,Standard engagement / newsletter
CUST00052,At Risk,159.0,8.0,340.5,42.56,7.0,460,1,0.5575,Medium,Monitor + include in nurture campaign
CUST00053,Hibernating,9.0,0.0,0.0,0.0,1.0,9,0,0.006,Low,Standard engagement / newsletter
CUST00054,Hibernating,116.0,0.0,0.0,0.0,1.0,116,1,0.9639,High,Send targeted discount / re-engagement email
CUST00055,Loyal Customers,14.0,8.0,464.35,58.04,11.0,269,0,0.0297,Low,Standard engagement / newsletter
CUST00056,Hibernating,165.0,5.0,172.38,34.48,5.0,561,1,0.7561,High,Send targeted discount / re-engagement email
CUST00057,Promising,30.0,2.0,94.58,47.29,5.0,102,0,0.0101,Low,Standard engagement / newsletter
CUST00058,Loyal Customers,36.0,12.0,554.21,46.18,11.0,486,0,0.0978,Low,Standard engagement / newsletter
CUST00059,Hibernating,94.0,2.0,192.22,96.11,4.0,103,1,0.1582,Low,Standard engagement / newsletter
CUST00060,Hibernating,98.0,3.0,83.3,27.77,4.0,672,1,0.6417,Medium,Monitor + include in nurture campaign
CUST00061,Others,46.0,5.0,353.97,70.79,7.0,102,0,0.0018,Low,Standard engagement / newsletter
CUST00062,Champions,5.0,20.0,1575.07,78.75,15.0,618,0,0.0024,Low,Upsell / referral program invite
CUST00063,Hibernating,165.0,2.0,45.24,22.62,3.0,246,1,0.5558,Medium,Monitor + include in nurture campaign
CUST00064,Loyal Customers,32.0,8.0,516.57,64.57,10.0,564,0,0.0663,Low,Standard engagement / newsletter
CUST00065,Promising,29.0,4.0,180.15,45.04,7.0,208,0,0.1137,Low,Standard engagement / newsletter
CUST00066,Hibernating,333.0,0.0,0.0,0.0,1.0,333,1,0.997,High,Send targeted discount / re-engagement email
CUST00067,Loyal Customers,28.0,23.0,1473.1,64.05,13.0,473,0,0.0017,Low,Standard engagement / newsletter
CUST00068,Hibernating,24.0,0.0,0.0,0.0,1.0,24,0,0.0073,Low,Standard engagement / newsletter
CUST00069,Hibernating,289.0,0.0,0.0,0.0,1.0,289,1,0.9938,High,Send targeted discount / re-engagement email
CUST00070,Others,30.0,5.0,257.32,51.46,8.0,386,0,0.3458,Medium,Monitor + include in nurture campaign
CUST00071,Lost,88.0,5.0,320.23,64.05,6.0,225,0,0.1525,Low,Standard engagement / newsletter
CUST00072,New Customers,4.0,1.0,182.45,182.45,8.0,57,0,0.0019,Low,Standard engagement / newsletter
CUST00073,Promising,30.0,2.0,173.64,86.82,6.0,471,0,0.6696,High,Send targeted discount / re-engagement email
CUST00074,New Customers,3.0,2.0,149.55,74.78,8.0,51,0,0.0036,Low,Standard engagement / newsletter
CUST00075,Champions,18.0,9.0,450.11,50.01,12.0,461,0,0.1858,Low,Upsell / referral program invite
CUST00076,Champions,14.0,13.0,1322.42,101.72,13.0,341,0,0.0076,Low,Upsell / referral program invite
CUST00077,New Customers,14.0,2.0,234.26999999999998,117.14,7.0,42,0,0.0032,Low,Standard engagement / newsletter
CUST00078,Hibernating,37.0,0.0,0.0,0.0,1.0,37,0,0.0121,Low,Standard engagement / newsletter
CUST00079,At Risk,43.0,24.0,1429.37,59.56,12.0,368,0,0.001,Low,Standard engagement / newsletter
CUST00080,Hibernating,201.0,2.0,120.5,60.25,4.0,239,1,0.4389,Medium,Monitor + include in nurture campaign
CUST00081,Champions,1.0,11.0,726.0699999999999,66.01,13.0,525,0,0.0211,Low,Upsell / referral program invite
CUST00082,Hibernating,91.0,0.0,0.0,0.0,1.0,91,1,0.0119,Low,Standard engagement / newsletter
CUST00083,Promising,29.0,3.0,184.13,61.38,7.0,379,0,0.5928,Medium,Monitor + include in nurture campaign
CUST00084,Promising,30.0,3.0,122.80000000000001,40.93,7.0,173,0,0.0195,Low,Standard engagement / newsletter
CUST00085,Hibernating,494.0,0.0,0.0,0.0,1.0,494,1,0.9968,High,Send targeted discount / re-engagement email
CUST00086,New Customers,21.0,4.0,139.84,34.96,8.0,705,0,0.6801,High,Send targeted discount / re-engagement email
CUST00087,Champions,4.0,17.0,877.12,51.6,15.0,351,0,0.0248,Low,Upsell / referral program invite
CUST00088,Loyal Customers,24.0,45.0,3257.12,72.38,13.0,704,0,0.0011,Low,Standard engagement / newsletter
CUST00089,Hibernating,474.0,1.0,19.65,19.65,3.0,478,1,0.7392,High,Send targeted discount / re-engagement email
CUST00090,New Customers,17.0,4.0,215.28,53.82,8.0,579,0,0.6193,Medium,Monitor + include in nurture campaign
CUST00091,Loyal Customers,10.0,10.0,331.9,33.19,11.0,671,0,0.1526,Low,Standard engagement / newsletter
CUST00092,New Customers,3.0,5.0,222.92000000000002,44.58,9.0,284,0,0.3495,Medium,Monitor + include in nurture campaign
CUST00093,Hibernating,47.0,0.0,0.0,0.0,1.0,47,0,0.0048,Low,Standard engagement / newsletter
CUST00094,At Risk,49.0,6.0,267.3,44.55,8.0,541,0,0.511,Medium,Monitor + include in nurture campaign
CUST00095,At Risk,85.0,12.0,718.44,59.87,10.0,676,0,0.2065,Low,Standard engagement / newsletter
CUST00096,At Risk,63.0,14.0,864.77,61.77,11.0,609,0,0.0307,Low,Standard engagement / newsletter
CUST00097,Champions,9.0,26.0,1663.94,64.0,15.0,555,0,0.0007,Low,Upsell / referral program invite
CUST00098,At Risk,46.0,8.0,479.31,59.91,9.0,535,0,0.0717,Low,Standard engagement / newsletter
CUST00099,Promising,24.0,1.0,23.82,23.82,5.0,44,0,0.0012,Low,Standard engagement / newsletter
CUST00100,Loyal Customers,40.0,9.0,535.66,59.52,11.0,557,0,0.0674,Low,Standard engagement / newsletter
CUST00101,Loyal Customers,41.0,6.0,353.12,58.85,9.0,200,0,0.0394,Low,Standard engagement / newsletter
CUST00102,At Risk,59.0,15.0,848.18,56.55,12.0,662,0,0.0416,Low,Standard engagement / newsletter
CUST00103,Loyal Customers,38.0,7.0,247.77,35.4,9.0,399,0,0.0998,Low,Standard engagement / newsletter
CUST00104,New Customers,1.0,5.0,264.23,52.85,10.0,299,0,0.3139,Low,Standard engagement / newsletter
CUST00105,At Risk,116.0,14.0,755.19,53.94,9.0,699,1,0.8491,High,Send targeted discount / re-engagement email
CUST00106,Hibernating,83.0,1.0,41.3,41.3,4.0,131,0,0.4072,Medium,Monitor + include in nurture campaign
CUST00107,At Risk,94.0,11.0,518.86,47.17,9.0,616,1,0.2742,Low,Standard engagement / newsletter
CUST00108,Loyal Customers,31.0,17.0,1449.3600000000001,85.26,13.0,320,0,0.0092,Low,Standard engagement / newsletter
CUST00109,Hibernating,34.0,0.0,0.0,0.0,1.0,34,0,0.0076,Low,Standard engagement / newsletter
CUST00110,Loyal Customers,25.0,11.0,559.3199999999999,50.85,11.0,349,0,0.1633,Low,Standard engagement / newsletter
CUST00111,New Customers,23.0,1.0,83.87,83.87,6.0,23,0,0.0034,Low,Standard engagement / newsletter
CUST00112,Champions,23.0,19.0,987.5799999999999,51.98,14.0,507,0,0.0048,Low,Upsell / referral program invite
CUST00113,Hibernating,249.0,2.0,77.24000000000001,38.62,3.0,714,1,0.948,High,Send targeted discount / re-engagement email
CUST00114,At Risk,44.0,10.0,636.62,63.66,10.0,243,0,0.0009,Low,Standard engagement / newsletter
CUST00115,Promising,29.0,2.0,109.58,54.79,6.0,116,0,0.0222,Low,Standard engagement / newsletter
CUST00116,Loyal Customers,38.0,16.0,763.08,47.69,12.0,606,0,0.0215,Low,Standard engagement / newsletter
CUST00117,Promising,24.0,2.0,74.5,37.25,5.0,166,0,0.2172,Low,Standard engagement / newsletter
CUST00118,Promising,40.0,3.0,95.23,31.74,6.0,187,0,0.0844,Low,Standard engagement / newsletter
CUST00119,New Customers,9.0,1.0,47.65,47.65,7.0,79,0,0.0093,Low,Standard engagement / newsletter
CUST00120,Hibernating,51.0,3.0,139.26,46.42,6.0,202,0,0.2201,Low,Standard engagement / newsletter
CUST00121,New Customers,8.0,3.0,341.28,113.76,10.0,99,0,0.0028,Low,Standard engagement / newsletter
CUST00122,Loyal Customers,12.0,6.0,366.02,61.0,10.0,104,0,0.0181,Low,Standard engagement / newsletter
CUST00123,Loyal Customers,34.0,13.0,887.27,68.25,12.0,723,0,0.1408,Low,Standard engagement / newsletter
CUST00124,New Customers,1.0,3.0,130.16,43.39,9.0,34,0,0.0102,Low,Standard engagement / newsletter
CUST00125,Hibernating,205.0,5.0,128.01,25.6,5.0,417,1,0.6532,Medium,Monitor + include in nurture campaign
CUST00126,New Customers,3.0,4.0,163.14999999999998,40.79,9.0,204,0,0.0702,Low,Standard engagement / newsletter
CUST00127,Hibernating,64.0,2.0,117.62,58.81,5.0,178,0,0.4397,Medium,Monitor + include in nurture campaign
CUST00128,Loyal Customers,35.0,19.0,1689.97,88.95,13.0,346,0,0.0035,Low,Standard engagement / newsletter
CUST00129,New Customers,18.0,1.0,36.66,36.66,6.0,109,0,0.5871,Medium,Monitor + include in nurture campaign
CUST00130,Champions,20.0,11.0,797.63,72.51,12.0,197,0,0.0015,Low,Upsell / referral program invite
CUST00131,Hibernating,80.0,4.0,172.10999999999999,43.03,6.0,660,0,0.2709,Low,Standard engagement / newsletter
CUST00132,Hibernating,46.0,4.0,239.26999999999998,59.82,6.0,155,0,0.0214,Low,Standard engagement / newsletter
CUST00133,Promising,37.0,5.0,102.92,20.58,6.0,674,0,0.401,Medium,Monitor + include in nurture campaign
CUST00134,Hibernating,67.0,0.0,0.0,0.0,1.0,67,0,0.0124,Low,Standard engagement / newsletter
CUST00135,Hibernating,45.0,0.0,0.0,0.0,1.0,45,0,0.0098,Low,Standard engagement / newsletter
CUST00136,New Customers,7.0,5.0,163.95,32.79,9.0,340,0,0.4091,Medium,Monitor + include in nurture campaign
CUST00137,Hibernating,57.0,2.0,109.47999999999999,54.74,5.0,96,0,0.0282,Low,Standard engagement / newsletter
CUST00138,Champions,1.0,22.0,1626.8,73.95,15.0,402,0,0.0006,Low,Upsell / referral program invite
CUST00139,Loyal Customers,31.0,35.0,2461.46,70.33,13.0,647,0,0.0018,Low,Standard engagement / newsletter
CUST00140,Loyal Customers,17.0,6.0,267.34,44.56,10.0,322,0,0.2816,Low,Standard engagement / newsletter
CUST00141,Hibernating,23.0,0.0,0.0,0.0,1.0,23,0,0.0016,Low,Standard engagement / newsletter
CUST00142,Hibernating,56.0,0.0,0.0,0.0,1.0,56,0,0.0056,Low,Standard engagement / newsletter
CUST00143,Promising,41.0,1.0,103.56,103.56,5.0,52,0,0.0031,Low,Standard engagement / newsletter
CUST00144,Loyal Customers,25.0,16.0,834.79,52.17,13.0,343,0,0.0175,Low,Standard engagement / newsletter
CUST00145,Hibernating,31.0,0.0,0.0,0.0,1.0,31,0,0.0028,Low,Standard engagement / newsletter
CUST00146,Loyal Customers,3.0,9.0,375.55,41.73,12.0,291,0,0.0185,Low,Standard engagement / newsletter
CUST00147,Promising,28.0,2.0,56.76,28.38,5.0,100,0,0.0087,Low,Standard engagement / newsletter
CUST00148,Champions,7.0,20.0,1182.22,59.11,15.0,599,0,0.0172,Low,Upsell / referral program invite
CUST00149,Champions,16.0,15.0,789.06,52.6,13.0,483,0,0.1387,Low,Upsell / referral program invite
CUST00150,Hibernating,50.0,1.0,75.94,75.94,4.0,59,0,0.0039,Low,Standard engagement / newsletter
CUST00151,Hibernating,45.0,1.0,51.02,51.02,4.0,355,0,0.7652,High,Send targeted discount / re-engagement email
CUST00152,At Risk,71.0,10.0,420.06,42.01,10.0,617,0,0.0764,Low,Standard engagement / newsletter
CUST00153,Hibernating,136.0,1.0,65.43,65.43,3.0,155,1,0.9297,High,Send targeted discount / re-engagement email
CUST00154,New Customers,3.0,4.0,146.55,36.64,9.0,52,0,0.001,Low,Standard engagement / newsletter
CUST00155,Champions,9.0,23.0,1928.84,83.86,15.0,712,0,0.0045,Low,Upsell / referral program invite
CUST00156,New Customers,6.0,1.0,179.02,179.02,8.0,9,0,0.008,Low,Standard engagement / newsletter
CUST00157,Loyal Customers,8.0,8.0,387.95,48.49,11.0,464,0,0.4849,Medium,Monitor + include in nurture campaign
CUST00158,Champions,5.0,10.0,511.99,51.2,13.0,539,0,0.1247,Low,Upsell / referral program invite
CUST00159,Loyal Customers,7.0,7.0,480.15999999999997,68.59,12.0,125,0,0.0006,Low,Standard engagement / newsletter
CUST00160,New Customers,3.0,1.0,47.62,47.62,7.0,69,0,0.0127,Low,Standard engagement / newsletter
CUST00161,Hibernating,49.0,1.0,20.69,20.69,4.0,557,0,0.5789,Medium,Monitor + include in nurture campaign
CUST00162,New Customers,13.0,3.0,182.5,60.83,8.0,36,0,0.0035,Low,Standard engagement / newsletter
CUST00163,Hibernating,50.0,4.0,195.76,48.94,6.0,260,0,0.0349,Low,Standard engagement / newsletter
CUST00164,Champions,8.0,16.0,1083.78,67.74,15.0,260,0,0.0015,Low,Upsell / referral program invite
CUST00165,New Customers,1.0,4.0,189.07,47.27,9.0,190,0,0.0347,Low,Standard engagement / newsletter
CUST00166,Hibernating,108.0,5.0,228.93,45.79,5.0,338,1,0.7091,High,Send targeted discount / re-engagement email
CUST00167,Hibernating,448.0,0.0,0.0,0.0,1.0,448,1,0.9965,High,Send targeted discount / re-engagement email
CUST00168,Lost,282.0,5.0,276.98,55.4,6.0,581,1,0.5314,Medium,Monitor + include in nurture campaign
CUST00169,Loyal Customers,38.0,40.0,3134.84,78.37,13.0,720,0,0.0004,Low,Standard engagement / newsletter
CUST00170,Loyal Customers,32.0,12.0,515.3,42.94,11.0,424,0,0.0462,Low,Standard engagement / newsletter
CUST00171,Hibernating,487.0,0.0,0.0,0.0,1.0,487,1,0.9989,High,Send targeted discount / re-engagement email
CUST00172,Loyal Customers,5.0,9.0,402.95,44.77,12.0,295,0,0.049,Low,Standard engagement / newsletter
CUST00173,Hibernating,66.0,0.0,0.0,0.0,1.0,66,0,0.0057,Low,Standard engagement / newsletter
CUST00174,Hibernating,44.0,0.0,0.0,0.0,1.0,44,0,0.0159,Low,Standard engagement / newsletter
CUST00175,At Risk,58.0,11.0,517.26,47.02,10.0,500,0,0.0814,Low,Standard engagement / newsletter
CUST00176,Champions,3.0,25.0,1977.77,79.11,15.0,640,0,0.0005,Low,Upsell / referral program invite
CUST00177,Champions,12.0,18.0,1356.57,75.36,14.0,624,0,0.0006,Low,Upsell / referral program invite
CUST00178,Champions,2.0,12.0,613.84,51.15,13.0,489,0,0.1309,Low,Upsell / referral program invite
CUST00179,Promising,37.0,3.0,106.82,35.61,7.0,399,0,0.4787,Medium,Monitor + include in nurture campaign
CUST00180,Champions,4.0,26.0,1350.02,51.92,15.0,702,0,0.0059,Low,Upsell / referral program invite
CUST00181,At Risk,138.0,30.0,2119.88,70.66,11.0,535,1,0.0012,Low,Standard engagement / newsletter
CUST00182,At Risk,48.0,11.0,587.73,53.43,10.0,476,0,0.1534,Low,Standard engagement / newsletter
CUST00183,Promising,36.0,2.0,91.6,45.8,5.0,247,0,0.6954,High,Send targeted discount / re-engagement email
CUST00184,Hibernating,86.0,0.0,0.0,0.0,1.0,86,0,0.0185,Low,Standard engagement / newsletter
CUST00185,Loyal Customers,38.0,33.0,2359.28,71.49,13.0,537,0,0.0003,Low,Standard engagement / newsletter
CUST00186,Loyal Customers,1.0,10.0,374.21999999999997,37.42,12.0,584,0,0.1507,Low,Standard engagement / newsletter
CUST00187,At Risk,81.0,16.0,802.22,50.14,11.0,391,0,0.0533,Low,Standard engagement / newsletter
CUST00188,Loyal Customers,9.0,7.0,336.94,48.13,11.0,207,0,0.0594,Low,Standard engagement / newsletter
CUST00189,Champions,3.0,26.0,1827.72,70.3,15.0,554,0,0.0005,Low,Upsell / referral program invite
CUST00190,At Risk,114.0,6.0,340.97,56.83,7.0,358,1,0.6392,Medium,Monitor + include in nurture campaign
CUST00191,Champions,9.0,25.0,1633.35,65.33,15.0,417,0,0.0007,Low,Upsell / referral program invite
CUST00192,Loyal Customers,32.0,12.0,484.9,40.41,11.0,466,0,0.2417,Low,Standard engagement / newsletter
CUST00193,Champions,16.0,25.0,1492.83,59.71,14.0,505,0,0.0065,Low,Upsell / referral program invite
CUST00194,New Customers,21.0,4.0,221.11,55.28,8.0,107,0,0.0271,Low,Standard engagement / newsletter
CUST00195,Hibernating,242.0,1.0,75.36,75.36,3.0,255,1,0.937,High,Send targeted discount / re-engagement email
CUST00196,Loyal Customers,38.0,22.0,1664.58,75.66,13.0,355,0,0.0009,Low,Standard engagement / newsletter
CUST00197,New Customers,3.0,4.0,121.97,30.49,9.0,209,0,0.1037,Low,Standard engagement / newsletter
CUST00198,Loyal Customers,31.0,9.0,405.49,45.05,10.0,476,0,0.2729,Low,Standard engagement / newsletter
CUST00199,Others,56.0,5.0,301.36,60.27,7.0,331,0,0.1599,Low,Standard engagement / newsletter
CUST00200,Loyal Customers,31.0,30.0,1973.82,65.79,13.0,623,0,0.0028,Low,Standard engagement / newsletter
CUST00201,Champions,4.0,15.0,694.0600000000001,46.27,14.0,618,0,0.1018,Low,Upsell / referral program invite
CUST00202,Loyal Customers,22.0,6.0,446.54999999999995,74.42,11.0,103,0,0.0186,Low,Standard engagement / newsletter
CUST00203,Champions,17.0,15.0,1343.53,89.57,14.0,363,0,0.0055,Low,Upsell / referral program invite
CUST00204,Champions,9.0,28.0,1821.49,65.05,15.0,452,0,0.0022,Low,Upsell / referral program invite
CUST00205,New Customers,17.0,3.0,251.08999999999997,83.7,9.0,52,0,0.0043,Low,Standard engagement / newsletter
CUST00206,Champions,17.0,15.0,953.27,63.55,14.0,262,0,0.001,Low,Upsell / referral program invite
CUST00207,Hibernating,170.0,1.0,9.66,9.66,3.0,341,1,0.9978,High,Send targeted discount / re-engagement email
CUST00208,Others,1.0,7.0,240.96,34.42,10.0,600,0,0.0692,Low,Standard engagement / newsletter
CUST00209,At Risk,144.0,6.0,273.22,45.54,7.0,433,1,0.7393,High,Send targeted discount / re-engagement email
CUST00210,At Risk,59.0,11.0,588.01,53.46,10.0,303,0,0.0176,Low,Standard engagement / newsletter
CUST00211,Loyal Customers,22.0,8.0,471.38,58.92,11.0,324,0,0.0304,Low,Standard engagement / newsletter
CUST00212,At Risk,163.0,8.0,387.58,48.45,7.0,694,1,0.8032,High,Send targeted discount / re-engagement email
CUST00213,At Risk,137.0,12.0,737.21,61.43,9.0,636,1,0.0717,Low,Standard engagement / newsletter
CUST00214,Loyal Customers,2.0,7.0,270.52,38.65,11.0,253,0,0.0397,Low,Standard engagement / newsletter
CUST00215,Hibernating,144.0,2.0,126.53,63.26,4.0,314,1,0.8614,High,Send targeted discount / re-engagement email
CUST00216,New Customers,16.0,1.0,75.82,75.82,6.0,80,0,0.0196,Low,Standard engagement / newsletter
CUST00217,Hibernating,55.0,0.0,0.0,0.0,1.0,55,0,0.007,Low,Standard engagement / newsletter
CUST00218,Hibernating,11.0,0.0,0.0,0.0,1.0,11,0,0.0041,Low,Standard engagement / newsletter
CUST00219,Champions,14.0,15.0,1066.41,71.09,14.0,212,0,0.001,Low,Upsell / referral program invite
CUST00220,Others,71.0,4.0,345.01,86.25,7.0,174,0,0.0137,Low,Standard engagement / newsletter
CUST00221,Loyal Customers,42.0,12.0,578.09,48.17,11.0,616,0,0.2567,Low,Standard engagement / newsletter
CUST00222,Hibernating,50.0,4.0,158.23000000000002,39.56,6.0,364,0,0.3213,Low,Standard engagement / newsletter
CUST00223,Promising,35.0,1.0,49.52,49.52,5.0,116,0,0.0869,Low,Standard engagement / newsletter
CUST00224,Champions,22.0,9.0,456.82,50.76,12.0,467,0,0.1544,Low,Upsell / referral program invite
CUST00225,Champions,6.0,16.0,814.5500000000001,50.91,14.0,520,0,0.0374,Low,Upsell / referral program invite
CUST00226,New Customers,13.0,5.0,214.07,42.81,8.0,101,0,0.0092,Low,Standard engagement / newsletter
CUST00227,New Customers,12.0,4.0,203.12,50.78,8.0,350,0,0.4591,Medium,Monitor + include in nurture campaign
CUST00228,Loyal Customers,20.0,6.0,252.79,42.13,10.0,73,0,0.0012,Low,Standard engagement / newsletter
CUST00229,At Risk,227.0,6.0,318.2,53.03,7.0,496,1,0.8351,High,Send targeted discount / re-engagement email
CUST00230,At Risk,76.0,7.0,319.3,45.61,8.0,357,0,0.0745,Low,Standard engagement / newsletter
CUST00231,Promising,26.0,1.0,89.04,89.04,5.0,178,0,0.3324,Medium,Monitor + include in nurture campaign
CUST00232,Hibernating,104.0,3.0,173.76999999999998,57.92,5.0,210,1,0.8104,High,Send targeted discount / re-engagement email
CUST00233,Loyal Customers,31.0,19.0,1336.6,70.35,13.0,332,0,0.0002,Low,Standard engagement / newsletter
CUST00234,New Customers,16.0,4.0,217.2,54.3,8.0,156,0,0.0544,Low,Standard engagement / newsletter
CUST00235,Loyal Customers,18.0,7.0,379.64,54.23,10.0,138,0,0.0095,Low,Standard engagement / newsletter
CUST00236,Hibernating,157.0,2.0,69.92,34.96,3.0,626,1,0.9735,High,Send targeted discount / re-engagement email
CUST00237,Promising,25.0,4.0,139.0,34.75,7.0,225,0,0.0681,Low,Standard engagement / newsletter
CUST00238,Hibernating,49.0,5.0,177.38,35.48,6.0,351,0,0.1764,Low,Standard engagement / newsletter
CUST00239,Loyal Customers,26.0,8.0,262.16,32.77,9.0,489,0,0.3953,Medium,Monitor + include in nurture campaign
CUST00240,Hibernating,67.0,0.0,0.0,0.0,1.0,67,0,0.0089,Low,Standard engagement / newsletter
CUST00241,Champions,3.0,22.0,1528.1799999999998,69.46,15.0,320,0,0.0006,Low,Upsell / referral program invite
CUST00242,Promising,27.0,3.0,192.45,64.15,7.0,120,0,0.0442,Low,Standard engagement / newsletter
CUST00243,New Customers,5.0,2.0,119.66,59.83,8.0,34,0,0.0005,Low,Standard engagement / newsletter
CUST00244,Lost,109.0,6.0,190.06,31.68,6.0,624,1,0.8112,High,Send targeted discount / re-engagement email
CUST00245,Hibernating,161.0,1.0,110.91,110.91,4.0,306,1,0.9637,High,Send targeted discount / re-engagement email
CUST00246,New Customers,6.0,1.0,27.83,27.83,7.0,55,0,0.0035,Low,Standard engagement / newsletter
CUST00247,Champions,4.0,18.0,1004.0600000000001,55.78,15.0,651,0,0.057,Low,Upsell / referral program invite
CUST00248,Hibernating,44.0,3.0,232.02,77.34,6.0,451,0,0.266,Low,Standard engagement / newsletter
CUST00249,At Risk,45.0,24.0,1609.09,67.05,12.0,496,0,0.001,Low,Standard engagement / newsletter
CUST00250,Hibernating,87.0,0.0,0.0,0.0,1.0,87,0,0.0068,Low,Standard engagement / newsletter
CUST00251,At Risk,160.0,10.0,487.05,48.7,9.0,488,1,0.6823,High,Send targeted discount / re-engagement email
CUST00252,Champions,5.0,16.0,905.3,56.58,15.0,414,0,0.0124,Low,Upsell / referral program invite
CUST00253,Champions,8.0,43.0,3061.89,71.21,15.0,607,0,0.0008,Low,Upsell / referral program invite
CUST00254,Hibernating,120.0,3.0,204.07,68.02,5.0,477,1,0.8993,High,Send targeted discount / re-engagement email
CUST00255,Hibernating,82.0,3.0,129.99,43.33,6.0,288,0,0.1281,Low,Standard engagement / newsletter
CUST00256,New Customers,5.0,1.0,116.24,116.24,8.0,33,0,0.0024,Low,Standard engagement / newsletter
CUST00257,New Customers,14.0,5.0,185.93,37.19,8.0,314,0,0.2219,Low,Standard engagement / newsletter
CUST00258,New Customers,21.0,4.0,269.95,67.49,9.0,102,0,0.0544,Low,Standard engagement / newsletter
CUST00259,At Risk,63.0,14.0,705.9200000000001,50.42,10.0,597,0,0.221,Low,Standard engagement / newsletter
CUST00260,At Risk,100.0,6.0,308.23,51.37,7.0,685,1,0.9066,High,Send targeted discount / re-engagement email
CUST00261,Hibernating,125.0,2.0,84.00999999999999,42.0,3.0,413,1,0.97,High,Send targeted discount / re-engagement email
CUST00262,Loyal Customers,22.0,8.0,476.08,59.51,11.0,339,0,0.015,Low,Standard engagement / newsletter
CUST00263,Loyal Customers,26.0,22.0,1503.63,68.35,13.0,603,0,0.0025,Low,Standard engagement / newsletter
CUST00264,Champions,14.0,9.0,538.41,59.82,12.0,444,0,0.048,Low,Upsell / referral program invite
CUST00265,Loyal Customers,42.0,20.0,1442.44,72.12,13.0,621,0,0.0005,Low,Standard engagement / newsletter
CUST00266,Champions,7.0,29.0,1998.8,68.92,15.0,575,0,0.001,Low,Upsell / referral program invite
CUST00267,Loyal Customers,27.0,7.0,294.77,42.11,9.0,260,0,0.1041,Low,Standard engagement / newsletter
CUST00268,At Risk,58.0,11.0,579.36,52.67,10.0,564,0,0.2352,Low,Standard engagement / newsletter
CUST00269,Champions,3.0,24.0,1621.47,67.56,15.0,560,0,0.0008,Low,Upsell / referral program invite
CUST00270,Hibernating,422.0,2.0,56.21000000000001,28.11,3.0,452,1,0.93,High,Send targeted discount / re-engagement email
CUST00271,Hibernating,65.0,5.0,142.75,28.55,6.0,587,0,0.2597,Low,Standard engagement / newsletter
CUST00272,Champions,5.0,42.0,3262.68,77.68,15.0,671,0,0.0021,Low,Upsell / referral program invite
CUST00273,At Risk,105.0,10.0,534.97,53.5,9.0,712,1,0.8211,High,Send targeted discount / re-engagement email
CUST00274,Promising,34.0,4.0,157.7,39.42,7.0,106,0,0.0629,Low,Standard engagement / newsletter
CUST00275,New Customers,7.0,1.0,41.54,41.54,7.0,491,0,0.8095,High,Send targeted discount / re-engagement email
CUST00276,Loyal Customers,16.0,6.0,305.18,50.86,10.0,543,0,0.3975,Medium,Monitor + include in nurture campaign
CUST00277,Hibernating,46.0,2.0,71.5,35.75,4.0,444,0,0.8763,High,Send targeted discount / re-engagement email
CUST00278,New Customers,4.0,2.0,97.21,48.6,7.0,67,0,0.0028,Low,Standard engagement / newsletter
CUST00279,Loyal Customers,22.0,8.0,383.88,47.98,10.0,632,0,0.5724,Medium,Monitor + include in nurture campaign
CUST00280,Hibernating,171.0,0.0,0.0,0.0,1.0,171,1,0.9866,High,Send targeted discount / re-engagement email
CUST00281,Loyal Customers,31.0,16.0,993.6,62.1,13.0,715,0,0.0228,Low,Standard engagement / newsletter
CUST00282,Loyal Customers,20.0,7.0,458.43,65.49,11.0,550,0,0.077,Low,Standard engagement / newsletter
CUST00283,At Risk,80.0,7.0,482.55,68.94,9.0,146,0,0.005,Low,Standard engagement / newsletter
CUST00284,Champions,15.0,32.0,2280.92,71.28,14.0,540,0,0.0011,Low,Upsell / referral program invite
CUST00285,New Customers,10.0,5.0,315.51,63.1,9.0,90,0,0.0045,Low,Standard engagement / newsletter
CUST00286,Lost,113.0,5.0,358.65999999999997,71.73,6.0,343,1,0.2984,Low,Standard engagement / newsletter
CUST00287,Hibernating,150.0,0.0,0.0,0.0,1.0,150,1,0.9906,High,Send targeted discount / re-engagement email
CUST00288,Hibernating,265.0,0.0,0.0,0.0,1.0,265,1,0.9877,High,Send targeted discount / re-engagement email
CUST00289,New Customers,8.0,2.0,163.62,81.81,8.0,90,0,0.0022,Low,Standard engagement / newsletter
CUST00290,At Risk,151.0,12.0,585.81,48.82,9.0,698,1,0.8877,High,Send targeted discount / re-engagement email
CUST00291,Champions,11.0,11.0,848.1800000000001,77.11,13.0,214,0,0.0027,Low,Upsell / referral program invite
CUST00292,At Risk,105.0,13.0,732.91,56.38,9.0,458,1,0.6716,High,Send targeted discount / re-engagement email
CUST00293,Champions,8.0,12.0,803.28,66.94,13.0,482,0,0.0718,Low,Upsell / referral program invite
CUST00294,Hibernating,94.0,3.0,97.57,32.52,4.0,397,1,0.8708,High,Send targeted discount / re-engagement email
CUST00295,Promising,42.0,1.0,21.24,21.24,5.0,75,0,0.0052,Low,Standard engagement / newsletter
CUST00296,Champions,4.0,28.0,1931.19,68.97,15.0,547,0,0.0006,Low,Upsell / referral program invite
CUST00297,At Risk,116.0,8.0,368.81,46.1,7.0,695,1,0.8522,High,Send targeted discount / re-engagement email
CUST00298,Loyal Customers,33.0,6.0,388.04,64.67,9.0,191,0,0.0546,Low,Standard engagement / newsletter
CUST00299,Champions,2.0,35.0,2511.33,71.75,15.0,678,0,0.001,Low,Upsell / referral program invite
CUST00300,New Customers,20.0,5.0,171.28,34.26,8.0,426,0,0.2376,Low,Standard engagement / newsletter
CUST00301,New Customers,10.0,3.0,266.38,88.79,9.0,157,0,0.0483,Low,Standard engagement / newsletter
CUST00302,Others,8.0,6.0,222.28,37.05,10.0,317,0,0.2327,Low,Standard engagement / newsletter
CUST00303,Loyal Customers,39.0,18.0,839.79,46.66,13.0,666,0,0.1718,Low,Standard engagement / newsletter
CUST00304,Hibernating,48.0,4.0,229.37,57.34,6.0,351,0,0.1611,Low,Standard engagement / newsletter
CUST00305,Hibernating,125.0,2.0,91.31,45.66,3.0,218,1,0.7283,High,Send targeted discount / re-engagement email
CUST00306,Hibernating,84.0,1.0,69.32,69.32,4.0,136,0,0.1709,Low,Standard engagement / newsletter
CUST00307,Loyal Customers,27.0,7.0,333.43,47.63,9.0,388,0,0.0458,Low,Standard engagement / newsletter
CUST00308,Others,19.0,6.0,241.60999999999999,40.27,9.0,333,0,0.3837,Medium,Monitor + include in nurture campaign
CUST00309,Hibernating,377.0,1.0,17.61,17.61,3.0,707,1,0.9942,High,Send targeted discount / re-engagement email
CUST00310,Hibernating,46.0,1.0,43.77,43.77,4.0,51,0,0.0084,Low,Standard engagement / newsletter
CUST00311,New Customers,3.0,3.0,205.98,68.66,9.0,28,0,0.0024,Low,Standard engagement / newsletter
CUST00312,Hibernating,61.0,3.0,238.48000000000002,79.49,6.0,150,0,0.0706,Low,Standard engagement / newsletter
CUST00313,Champions,7.0,12.0,715.29,59.61,13.0,313,0,0.0201,Low,Upsell / referral program invite
CUST00314,Loyal Customers,24.0,8.0,547.29,68.41,10.0,243,0,0.0063,Low,Standard engagement / newsletter
CUST00315,New Customers,2.0,5.0,297.72,59.54,10.0,223,0,0.2715,Low,Standard engagement / newsletter
CUST00316,Hibernating,57.0,2.0,97.73,48.86,4.0,177,0,0.4217,Medium,Monitor + include in nurture campaign
CUST00317,New Customers,1.0,5.0,249.54,49.91,10.0,292,0,0.1031,Low,Standard engagement / newsletter
CUST00318,Champions,3.0,17.0,1149.91,67.64,15.0,713,0,0.0616,Low,Upsell / referral program invite
CUST00319,Hibernating,128.0,2.0,77.32,38.66,3.0,716,1,0.9733,High,Send targeted discount / re-engagement email
CUST00320,Hibernating,48.0,0.0,0.0,0.0,1.0,48,0,0.0054,Low,Standard engagement / newsletter
CUST00321,Hibernating,21.0,0.0,0.0,0.0,1.0,21,0,0.0063,Low,Standard engagement / newsletter
CUST00322,Loyal Customers,2.0,8.0,513.76,64.22,12.0,291,0,0.0128,Low,Standard engagement / newsletter
CUST00323,Hibernating,42.0,0.0,0.0,0.0,1.0,42,0,0.0154,Low,Standard engagement / newsletter
CUST00324,Hibernating,69.0,4.0,127.02,31.76,6.0,214,0,0.0988,Low,Standard engagement / newsletter
CUST00325,At Risk,76.0,15.0,748.59,49.91,11.0,653,0,0.2155,Low,Standard engagement / newsletter
CUST00326,At Risk,142.0,11.0,596.2,54.2,9.0,567,1,0.5941,Medium,Monitor + include in nurture campaign
CUST00327,Champions,1.0,25.0,1876.76,75.07,15.0,718,0,0.0013,Low,Upsell / referral program invite
CUST00328,Others,84.0,5.0,394.83,78.97,7.0,255,0,0.0092,Low,Standard engagement / newsletter
CUST00329,New Customers,4.0,2.0,118.89,59.44,8.0,66,0,0.0005,Low,Standard engagement / newsletter
CUST00330,Hibernating,28.0,0.0,0.0,0.0,1.0,28,0,0.004,Low,Standard engagement / newsletter
CUST00331,Hibernating,218.0,2.0,65.36,32.68,3.0,614,1,0.9269,High,Send targeted discount / re-engagement email
CUST00332,At Risk,272.0,6.0,265.17,44.2,7.0,372,1,0.7708,High,Send targeted discount / re-engagement email
CUST00333,Champions,16.0,14.0,1012.57,72.33,13.0,607,0,0.0128,Low,Upsell / referral program invite
CUST00334,Hibernating,111.0,5.0,181.94,36.39,5.0,485,1,0.913,High,Send targeted discount / re-engagement email
CUST00335,New Customers,6.0,4.0,338.81,84.7,10.0,52,0,0.0004,Low,Standard engagement / newsletter
CUST00336,Hibernating,473.0,2.0,92.7,46.35,3.0,623,1,0.9601,High,Send targeted discount / re-engagement email
CUST00337,Hibernating,573.0,0.0,0.0,0.0,1.0,573,1,0.9973,High,Send targeted discount / re-engagement email
CUST00338,At Risk,96.0,9.0,407.2,45.24,8.0,324,1,0.034,Low,Standard engagement / newsletter
CUST00339,Loyal Customers,12.0,6.0,355.5,59.25,10.0,116,0,0.0156,Low,Standard engagement / newsletter
CUST00340,Hibernating,62.0,0.0,0.0,0.0,1.0,62,0,0.0045,Low,Standard engagement / newsletter
CUST00341,Hibernating,164.0,0.0,0.0,0.0,1.0,164,1,0.9972,High,Send targeted discount / re-engagement email
CUST00342,Champions,22.0,16.0,1357.17,84.82,14.0,445,0,0.0031,Low,Upsell / referral program invite
CUST00343,Hibernating,221.0,3.0,204.93,68.31,5.0,549,1,0.8833,High,Send targeted discount / re-engagement email
CUST00344,Champions,20.0,21.0,1967.85,93.71,14.0,576,0,0.0026,Low,Upsell / referral program invite
CUST00345,Loyal Customers,32.0,9.0,508.82000000000005,56.54,11.0,677,0,0.3974,Medium,Monitor + include in nurture campaign
CUST00346,Loyal Customers,28.0,11.0,394.45,35.86,10.0,316,0,0.0477,Low,Standard engagement / newsletter
CUST00347,Hibernating,68.0,1.0,81.73,81.73,4.0,487,0,0.8038,High,Send targeted discount / re-engagement email
CUST00348,Hibernating,54.0,1.0,62.32,62.32,4.0,115,0,0.0571,Low,Standard engagement / newsletter
CUST00349,Hibernating,60.0,4.0,128.61,32.15,6.0,270,0,0.1107,Low,Standard engagement / newsletter
CUST00350,New Customers,14.0,2.0,59.82,29.91,6.0,254,0,0.2948,Low,Standard engagement / newsletter
CUST00351,Lost,99.0,5.0,273.06,54.61,6.0,204,1,0.7103,High,Send targeted discount / re-engagement email
CUST00352,New Customers,11.0,4.0,217.79000000000002,54.45,8.0,210,0,0.0499,Low,Standard engagement / newsletter
CUST00353,Champions,3.0,9.0,705.14,78.35,13.0,158,0,0.0095,Low,Upsell / referral program invite
CUST00354,Loyal Customers,28.0,25.0,1533.2,61.33,13.0,530,0,0.0015,Low,Standard engagement / newsletter
CUST00355,Promising,29.0,1.0,27.04,27.04,5.0,44,0,0.0028,Low,Standard engagement / newsletter
CUST00356,Loyal Customers,10.0,7.0,282.3,40.33,10.0,353,0,0.0389,Low,Standard engagement / newsletter
CUST00357,Loyal Customers,38.0,10.0,611.12,61.11,11.0,656,0,0.4759,Medium,Monitor + include in nurture campaign
CUST00358,Hibernating,21.0,0.0,0.0,0.0,1.0,21,0,0.0127,Low,Standard engagement / newsletter
CUST00359,Hibernating,78.0,0.0,0.0,0.0,1.0,78,0,0.0067,Low,Standard engagement / newsletter
CUST00360,Champions,23.0,9.0,485.38,53.93,12.0,235,0,0.0332,Low,Upsell / referral program invite
CUST00361,At Risk,49.0,13.0,1031.98,79.38,11.0,323,0,0.0014,Low,Standard engagement / newsletter
CUST00362,Loyal Customers,6.0,8.0,499.95,62.49,12.0,120,0,0.0024,Low,Standard engagement / newsletter
CUST00363,Hibernating,58.0,0.0,0.0,0.0,1.0,58,0,0.005,Low,Standard engagement / newsletter
CUST00364,At Risk,45.0,11.0,453.20000000000005,41.2,10.0,713,0,0.2708,Low,Standard engagement / newsletter
CUST00365,Champions,4.0,25.0,1920.3,76.81,15.0,504,0,0.0012,Low,Upsell / referral program invite
CUST00366,Hibernating,127.0,2.0,153.71,76.86,4.0,418,1,0.9152,High,Send targeted discount / re-engagement email
CUST00367,Promising,32.0,2.0,215.62,107.81,6.0,33,0,0.004,Low,Standard engagement / newsletter
CUST00368,Champions,6.0,10.0,953.49,95.35,14.0,174,0,0.0278,Low,Upsell / referral program invite
CUST00369,At Risk,166.0,8.0,264.58,33.07,7.0,576,1,0.6826,High,Send targeted discount / re-engagement email
CUST00370,At Risk,48.0,12.0,387.59,32.3,9.0,539,0,0.0652,Low,Standard engagement / newsletter
CUST00371,Hibernating,9.0,0.0,0.0,0.0,1.0,9,0,0.0057,Low,Standard engagement / newsletter
CUST00372,Loyal Customers,15.0,6.0,276.87,46.14,10.0,284,0,0.1234,Low,Standard engagement / newsletter
CUST00373,Loyal Customers,2.0,8.0,559.58,69.95,12.0,539,0,0.0521,Low,Standard engagement / newsletter
CUST00374,Hibernating,570.0,0.0,0.0,0.0,1.0,570,1,0.9982,High,Send targeted discount / re-engagement email
CUST00375,Loyal Customers,37.0,19.0,900.51,47.4,13.0,709,0,0.0997,Low,Standard engagement / newsletter
CUST00376,Hibernating,399.0,0.0,0.0,0.0,1.0,399,1,0.9981,High,Send targeted discount / re-engagement email
CUST00377,Hibernating,11.0,0.0,0.0,0.0,1.0,11,0,0.0082,Low,Standard engagement / newsletter
CUST00378,Promising,40.0,4.0,122.05,30.51,7.0,139,0,0.0322,Low,Standard engagement / newsletter
CUST00379,Hibernating,59.0,5.0,214.03,42.81,6.0,292,0,0.0461,Low,Standard engagement / newsletter
CUST00380,Champions,1.0,9.0,447.46000000000004,49.72,13.0,393,0,0.0518,Low,Upsell / referral program invite
CUST00381,Champions,18.0,23.0,1550.42,67.41,14.0,643,0,0.0025,Low,Upsell / referral program invite
CUST00382,Champions,14.0,11.0,552.38,50.22,12.0,386,0,0.0466,Low,Upsell / referral program invite
CUST00383,At Risk,44.0,16.0,1185.29,74.08,12.0,323,0,0.0007,Low,Standard engagement / newsletter
CUST00384,Champions,7.0,15.0,761.84,50.79,14.0,412,0,0.0321,Low,Upsell / referral program invite
CUST00385,Champions,2.0,29.0,2421.51,83.5,15.0,680,0,0.0055,Low,Upsell / referral program invite
CUST00386,Hibernating,227.0,4.0,130.04,32.51,5.0,526,1,0.8946,High,Send targeted discount / re-engagement email
CUST00387,Hibernating,128.0,0.0,0.0,0.0,1.0,128,1,0.9835,High,Send targeted discount / re-engagement email
CUST00388,Hibernating,40.0,0.0,0.0,0.0,1.0,40,0,0.0039,Low,Standard engagement / newsletter
CUST00389,Champions,15.0,15.0,1101.32,73.42,14.0,381,0,0.0024,Low,Upsell / referral program invite
CUST00390,At Risk,53.0,7.0,309.53999999999996,44.22,8.0,724,0,0.2514,Low,Standard engagement / newsletter
CUST00391,Loyal Customers,12.0,8.0,608.05,76.01,11.0,368,0,0.0163,Low,Standard engagement / newsletter
CUST00392,Champions,13.0,33.0,2654.9,80.45,14.0,675,0,0.0034,Low,Upsell / referral program invite
CUST00393,Champions,19.0,18.0,828.37,46.02,13.0,638,0,0.0121,Low,Upsell / referral program invite
CUST00394,Hibernating,590.0,0.0,0.0,0.0,1.0,590,1,0.9957,High,Send targeted discount / re-engagement email
CUST00395,Champions,14.0,33.0,2189.36,66.34,14.0,657,0,0.0012,Low,Upsell / referral program invite
CUST00396,New Customers,1.0,3.0,187.53,62.51,9.0,75,0,0.0004,Low,Standard engagement / newsletter
CUST00397,Loyal Customers,29.0,18.0,1634.01,90.78,13.0,352,0,0.0015,Low,Standard engagement / newsletter
CUST00398,Hibernating,105.0,1.0,22.2,22.2,3.0,169,1,0.8428,High,Send targeted discount / re-engagement email
CUST00399,Loyal Customers,6.0,8.0,354.37,44.3,11.0,160,0,0.0297,Low,Standard engagement / newsletter
CUST00400,At Risk,47.0,6.0,337.94,56.32,8.0,280,0,0.227,Low,Standard engagement / newsletter
CUST00401,New Customers,19.0,3.0,226.8,75.6,8.0,218,0,0.0909,Low,Standard engagement / newsletter
CUST00402,Hibernating,288.0,3.0,166.39,55.46,5.0,577,1,0.9369,High,Send targeted discount / re-engagement email
CUST00403,Hibernating,20.0,0.0,0.0,0.0,1.0,20,0,0.0054,Low,Standard engagement / newsletter
CUST00404,Hibernating,156.0,4.0,162.17,40.54,5.0,382,1,0.8473,High,Send targeted discount / re-engagement email
CUST00405,New Customers,1.0,4.0,214.23000000000002,53.56,9.0,227,0,0.1585,Low,Standard engagement / newsletter
CUST00406,Champions,4.0,9.0,513.88,57.1,13.0,254,0,0.0072,Low,Upsell / referral program invite
CUST00407,Loyal Customers,33.0,40.0,2959.57,73.99,13.0,709,0,0.0046,Low,Standard engagement / newsletter
CUST00408,Hibernating,56.0,1.0,19.17,19.17,4.0,221,0,0.1492,Low,Standard engagement / newsletter
CUST00409,At Risk,103.0,8.0,302.33000000000004,37.79,7.0,433,1,0.7654,High,Send targeted discount / re-engagement email
CUST00410,Hibernating,3.0,0.0,0.0,0.0,1.0,3,0,0.0032,Low,Standard engagement / newsletter
CUST00411,Hibernating,106.0,1.0,78.61,78.61,3.0,325,1,0.956,High,Send targeted discount / re-engagement email
CUST00412,Champions,4.0,9.0,465.33000000000004,51.7,13.0,119,0,0.0061,Low,Upsell / referral program invite
CUST00413,Hibernating,435.0,0.0,0.0,0.0,1.0,435,1,0.9975,High,Send targeted discount / re-engagement email
CUST00414,Hibernating,330.0,1.0,42.81,42.81,3.0,583,1,0.9557,High,Send targeted discount / re-engagement email
CUST00415,Promising,35.0,4.0,76.75,19.19,6.0,288,0,0.0578,Low,Standard engagement / newsletter
CUST00416,Hibernating,67.0,2.0,55.47,27.74,4.0,94,0,0.008,Low,Standard engagement / newsletter
CUST00417,Champions,13.0,28.0,1848.93,66.03,14.0,564,0,0.0017,Low,Upsell / referral program invite
CUST00418,Loyal Customers,12.0,6.0,464.64,77.44,11.0,121,0,0.0012,Low,Standard engagement / newsletter
CUST00419,Loyal Customers,11.0,8.0,392.26,49.03,10.0,370,0,0.0814,Low,Standard engagement / newsletter
CUST00420,Champions,15.0,25.0,1481.85,59.27,14.0,457,0,0.0011,Low,Upsell / referral program invite
CUST00421,Hibernating,16.0,0.0,0.0,0.0,1.0,16,0,0.0096,Low,Standard engagement / newsletter
CUST00422,Hibernating,286.0,3.0,100.75,33.58,4.0,639,1,0.9055,High,Send targeted discount / re-engagement email
CUST00423,Promising,26.0,1.0,96.01,96.01,5.0,27,0,0.002,Low,Standard engagement / newsletter
CUST00424,New Customers,6.0,3.0,163.63,54.54,9.0,150,0,0.1853,Low,Standard engagement / newsletter
CUST00425,At Risk,100.0,13.0,698.37,53.72,9.0,556,1,0.8213,High,Send targeted discount / re-engagement email
CUST00426,Loyal Customers,26.0,26.0,1835.29,70.59,13.0,613,0,0.0002,Low,Standard engagement / newsletter
CUST00427,At Risk,47.0,7.0,507.88,72.55,9.0,215,0,0.0042,Low,Standard engagement / newsletter
CUST00428,Hibernating,167.0,0.0,0.0,0.0,1.0,167,1,0.9912,High,Send targeted discount / re-engagement email
CUST00429,New Customers,4.0,4.0,350.15,87.54,10.0,123,0,0.0478,Low,Standard engagement / newsletter
CUST00430,Champions,15.0,22.0,1262.16,57.37,14.0,691,0,0.0149,Low,Upsell / referral program invite
CUST00431,Hibernating,70.0,1.0,7.6,7.6,4.0,75,0,0.0022,Low,Standard engagement / newsletter
CUST00432,Champions,9.0,13.0,672.76,51.75,13.0,375,0,0.0597,Low,Upsell / referral program invite
CUST00433,Champions,16.0,29.0,1991.69,68.68,14.0,627,0,0.0005,Low,Upsell / referral program invite
CUST00434,Champions,11.0,12.0,575.03,47.92,12.0,370,0,0.0196,Low,Upsell / referral program invite
CUST00435,Loyal Customers,19.0,11.0,413.58,37.6,11.0,264,0,0.0072,Low,Standard engagement / newsletter
CUST00436,Others,24.0,4.0,253.07,63.27,8.0,259,0,0.0821,Low,Standard engagement / newsletter
CUST00437,Hibernating,6.0,0.0,0.0,0.0,1.0,6,0,0.0027,Low,Standard engagement / newsletter
CUST00438,Hibernating,76.0,2.0,23.25,11.62,4.0,606,0,0.4083,Medium,Monitor + include in nurture campaign
CUST00439,Promising,26.0,2.0,113.89000000000001,56.95,6.0,144,0,0.372,Medium,Monitor + include in nurture campaign
CUST00440,Loyal Customers,12.0,7.0,285.84000000000003,40.83,10.0,298,0,0.0395,Low,Standard engagement / newsletter
CUST00441,Hibernating,331.0,0.0,0.0,0.0,1.0,331,1,0.9885,High,Send targeted discount / re-engagement email
CUST00442,At Risk,93.0,7.0,311.46000000000004,44.49,7.0,269,1,0.5724,Medium,Monitor + include in nurture campaign
CUST00443,New Customers,16.0,5.0,288.32,57.66,9.0,275,0,0.0234,Low,Standard engagement / newsletter
CUST00444,New Customers,3.0,1.0,30.52,30.52,7.0,3,0,0.0119,Low,Standard engagement / newsletter
CUST00445,Hibernating,25.0,0.0,0.0,0.0,1.0,25,0,0.0084,Low,Standard engagement / newsletter
CUST00446,Lost,104.0,3.0,255.11,85.04,6.0,214,1,0.8013,High,Send targeted discount / re-engagement email
CUST00447,Hibernating,163.0,1.0,24.64,24.64,3.0,448,1,0.9529,High,Send targeted discount / re-engagement email
CUST00448,Hibernating,197.0,0.0,0.0,0.0,1.0,197,1,0.9932,High,Send targeted discount / re-engagement email
CUST00449,New Customers,5.0,5.0,274.84,54.97,10.0,426,0,0.3842,Medium,Monitor + include in nurture campaign
CUST00450,Others,49.0,7.0,205.87,29.41,7.0,726,0,0.1595,Low,Standard engagement / newsletter
CUST00451,New Customers,3.0,5.0,344.84,68.97,10.0,474,0,0.4132,Medium,Monitor + include in nurture campaign
CUST00452,Champions,16.0,9.0,625.38,69.49,12.0,416,0,0.0196,Low,Upsell / referral program invite
CUST00453,Champions,6.0,19.0,1140.36,60.02,15.0,469,0,0.0143,Low,Upsell / referral program invite
CUST00454,At Risk,64.0,7.0,395.21000000000004,56.46,8.0,406,0,0.0943,Low,Standard engagement / newsletter
CUST00455,New Customers,8.0,5.0,402.83,80.57,10.0,126,0,0.0082,Low,Standard engagement / newsletter
CUST00456,Champions,12.0,28.0,1986.65,70.95,14.0,492,0,0.0004,Low,Upsell / referral program invite
CUST00457,Champions,16.0,14.0,744.68,53.19,12.0,451,0,0.0592,Low,Upsell / referral program invite
CUST00458,Hibernating,87.0,1.0,33.41,33.41,3.0,195,0,0.2749,Low,Standard engagement / newsletter
CUST00459,Hibernating,61.0,1.0,82.03,82.03,4.0,228,0,0.4223,Medium,Monitor + include in nurture campaign
CUST00460,Promising,36.0,1.0,16.79,16.79,5.0,82,0,0.0036,Low,Standard engagement / newsletter
CUST00461,New Customers,5.0,5.0,482.87,96.57,11.0,76,0,0.0039,Low,Standard engagement / newsletter
CUST00462,Loyal Customers,6.0,7.0,251.56,35.94,11.0,551,0,0.1011,Low,Standard engagement / newsletter
CUST00463,At Risk,77.0,11.0,483.41999999999996,43.95,10.0,515,0,0.0217,Low,Standard engagement / newsletter
CUST00464,New Customers,21.0,4.0,186.65,46.66,8.0,303,0,0.1281,Low,Standard engagement / newsletter
CUST00465,At Risk,158.0,7.0,308.38,44.05,7.0,540,1,0.87,High,Send targeted discount / re-engagement email
CUST00466,Hibernating,118.0,2.0,166.83999999999997,83.42,4.0,254,1,0.8891,High,Send targeted discount / re-engagement email
CUST00467,Loyal Customers,41.0,8.0,356.42,44.55,9.0,363,0,0.1755,Low,Standard engagement / newsletter
CUST00468,At Risk,60.0,7.0,412.74,58.96,8.0,551,0,0.2098,Low,Standard engagement / newsletter
CUST00469,New Customers,1.0,1.0,84.53,84.53,7.0,29,0,0.0028,Low,Standard engagement / newsletter
CUST00470,Loyal Customers,6.0,6.0,507.33,84.56,12.0,287,0,0.0355,Low,Standard engagement / newsletter
CUST00471,New Customers,1.0,2.0,196.8,98.4,8.0,36,0,0.0012,Low,Standard engagement / newsletter
CUST00472,At Risk,75.0,8.0,312.1,39.01,8.0,582,0,0.4121,Medium,Monitor + include in nurture campaign
CUST00473,Hibernating,165.0,4.0,130.18,32.54,5.0,443,1,0.7702,High,Send targeted discount / re-engagement email
CUST00474,Others,61.0,4.0,300.65,75.16,7.0,538,0,0.282,Low,Standard engagement / newsletter
CUST00475,Promising,37.0,2.0,120.65,60.32,6.0,434,0,0.4883,Medium,Monitor + include in nurture campaign
CUST00476,Hibernating,164.0,1.0,45.72,45.72,3.0,414,1,0.9488,High,Send targeted discount / re-engagement email
CUST00477,Hibernating,59.0,4.0,238.77,59.69,6.0,613,0,0.4204,Medium,Monitor + include in nurture campaign
CUST00478,At Risk,204.0,9.0,586.3,65.14,9.0,663,1,0.8229,High,Send targeted discount / re-engagement email
CUST00479,Champions,7.0,21.0,994.83,47.37,15.0,281,0,0.0014,Low,Upsell / referral program invite
CUST00480,Loyal Customers,25.0,14.0,869.64,62.12,12.0,457,0,0.0099,Low,Standard engagement / newsletter
CUST00481,Loyal Customers,11.0,7.0,247.32999999999998,35.33,10.0,383,0,0.2055,Low,Standard engagement / newsletter
CUST00482,Lost,99.0,5.0,257.95,51.59,6.0,228,1,0.8647,High,Send targeted discount / re-engagement email
CUST00483,Hibernating,37.0,0.0,0.0,0.0,1.0,37,0,0.0033,Low,Standard engagement / newsletter
CUST00484,At Risk,44.0,19.0,954.86,50.26,12.0,675,0,0.0138,Low,Standard engagement / newsletter
CUST00485,New Customers,15.0,4.0,271.70000000000005,67.93,9.0,105,0,0.0147,Low,Standard engagement / newsletter
CUST00486,Loyal Customers,35.0,16.0,868.54,54.28,13.0,482,0,0.101,Low,Standard engagement / newsletter
CUST00487,Champions,16.0,17.0,1322.26,77.78,14.0,367,0,0.0009,Low,Upsell / referral program invite
CUST00488,Hibernating,275.0,0.0,0.0,0.0,1.0,275,1,0.9956,High,Send targeted discount / re-engagement email
CUST00489,Others,51.0,6.0,233.43,38.9,7.0,503,0,0.5236,Medium,Monitor + include in nurture campaign
CUST00490,New Customers,8.0,2.0,96.25999999999999,48.13,7.0,40,0,0.0075,Low,Standard engagement / newsletter
CUST00491,At Risk,59.0,6.0,292.19,48.7,8.0,219,0,0.1168,Low,Standard engagement / newsletter
CUST00492,Hibernating,60.0,0.0,0.0,0.0,1.0,60,0,0.0071,Low,Standard engagement / newsletter
CUST00493,Champions,6.0,10.0,824.91,82.49,13.0,247,0,0.0249,Low,Upsell / referral program invite
CUST00494,Champions,15.0,19.0,1099.88,57.89,14.0,415,0,0.0014,Low,Upsell / referral program invite
CUST00495,Others,50.0,5.0,244.92,48.98,7.0,487,0,0.6867,High,Send targeted discount / re-engagement email
CUST00496,Hibernating,450.0,2.0,87.83000000000001,43.92,3.0,566,1,0.906,High,Send targeted discount / re-engagement email
CUST00497,At Risk,121.0,13.0,828.4000000000001,63.72,9.0,624,1,0.8447,High,Send targeted discount / re-engagement email
CUST00498,Hibernating,69.0,3.0,186.13,62.04,6.0,294,0,0.1537,Low,Standard engagement / newsletter
CUST00499,Loyal Customers,31.0,11.0,752.09,68.37,11.0,202,0,0.002,Low,Standard engagement / newsletter
CUST00500,Hibernating,64.0,3.0,74.44999999999999,24.82,5.0,234,0,0.3253,Low,Standard engagement / newsletter
CUST00501,At Risk,76.0,14.0,906.84,64.77,11.0,518,0,0.0145,Low,Standard engagement / newsletter
CUST00502,Promising,25.0,3.0,132.91,44.3,7.0,75,0,0.0024,Low,Standard engagement / newsletter
CUST00503,Needs Attention,26.0,7.0,194.67,27.81,8.0,517,0,0.0961,Low,Standard engagement / newsletter
CUST00504,At Risk,71.0,6.0,263.28,43.88,8.0,370,0,0.3679,Medium,Monitor + include in nurture campaign
CUST00505,Hibernating,383.0,0.0,0.0,0.0,1.0,383,1,0.9977,High,Send targeted discount / re-engagement email
CUST00506,New Customers,9.0,3.0,105.43,35.14,8.0,116,0,0.0034,Low,Standard engagement / newsletter
CUST00507,Hibernating,166.0,0.0,0.0,0.0,1.0,166,1,0.993,High,Send targeted discount / re-engagement email
CUST00508,At Risk,58.0,22.0,1457.56,66.25,12.0,448,0,0.0005,Low,Standard engagement / newsletter
CUST00509,Champions,7.0,9.0,665.98,74.0,13.0,244,0,0.0072,Low,Upsell / referral program invite
CUST00510,Hibernating,93.0,1.0,54.5,54.5,3.0,155,1,0.9477,High,Send targeted discount / re-engagement email
CUST00511,Loyal Customers,29.0,6.0,430.4200000000001,71.74,10.0,127,0,0.0087,Low,Standard engagement / newsletter
CUST00512,Promising,28.0,2.0,85.01,42.5,5.0,195,0,0.3406,Medium,Monitor + include in nurture campaign
CUST00513,Champions,8.0,19.0,1217.56,64.08,15.0,379,0,0.0039,Low,Upsell / referral program invite
CUST00514,Champions,17.0,16.0,772.97,48.31,13.0,683,0,0.2176,Low,Upsell / referral program invite
CUST00515,Champions,1.0,25.0,1813.6499999999999,72.55,15.0,636,0,0.0007,Low,Upsell / referral program invite
CUST00516,Promising,26.0,1.0,46.78,46.78,5.0,26,0,0.0029,Low,Standard engagement / newsletter
CUST00517,Loyal Customers,38.0,9.0,527.89,58.65,11.0,376,0,0.0292,Low,Standard engagement / newsletter
CUST00518,New Customers,23.0,5.0,178.12,35.62,8.0,579,0,0.3253,Low,Standard engagement / newsletter
CUST00519,Promising,31.0,4.0,204.24,51.06,7.0,275,0,0.1392,Low,Standard engagement / newsletter
CUST00520,Hibernating,34.0,0.0,0.0,0.0,1.0,34,0,0.0037,Low,Standard engagement / newsletter
CUST00521,Champions,8.0,19.0,1337.52,70.4,15.0,244,0,0.0008,Low,Upsell / referral program invite
CUST00522,At Risk,89.0,12.0,578.07,48.17,9.0,687,0,0.438,Medium,Monitor + include in nurture campaign
CUST00523,New Customers,17.0,1.0,38.39,38.39,6.0,33,0,0.001,Low,Standard engagement / newsletter
CUST00524,New Customers,2.0,3.0,203.1,67.7,9.0,294,0,0.0479,Low,Standard engagement / newsletter
CUST00525,Lost,86.0,4.0,279.35,69.84,6.0,432,0,0.088,Low,Standard engagement / newsletter
CUST00526,At Risk,76.0,11.0,590.45,53.68,10.0,441,0,0.0776,Low,Standard engagement / newsletter
CUST00527,Hibernating,217.0,0.0,0.0,0.0,1.0,217,1,0.9873,High,Send targeted discount / re-engagement email
CUST00528,At Risk,73.0,22.0,1582.35,71.92,12.0,549,0,0.0008,Low,Standard engagement / newsletter
CUST00529,Loyal Customers,19.0,6.0,254.82999999999998,42.47,10.0,635,0,0.4424,Medium,Monitor + include in nurture campaign
CUST00530,Loyal Customers,32.0,16.0,1210.73,75.67,13.0,562,0,0.004,Low,Standard engagement / newsletter
CUST00531,Hibernating,48.0,0.0,0.0,0.0,1.0,48,0,0.009,Low,Standard engagement / newsletter
CUST00532,Loyal Customers,41.0,14.0,1057.26,75.52,12.0,347,0,0.0006,Low,Standard engagement / newsletter
CUST00533,Hibernating,64.0,2.0,103.35,51.68,4.0,139,0,0.2164,Low,Standard engagement / newsletter
CUST00534,At Risk,51.0,19.0,1124.45,59.18,12.0,503,0,0.0052,Low,Standard engagement / newsletter
CUST00535,Hibernating,160.0,2.0,106.14999999999999,53.08,3.0,397,1,0.8589,High,Send targeted discount / re-engagement email
CUST00536,New Customers,8.0,3.0,229.07999999999998,76.36,9.0,181,0,0.0582,Low,Standard engagement / newsletter
CUST00537,Hibernating,43.0,1.0,41.69,41.69,4.0,62,0,0.0019,Low,Standard engagement / newsletter
CUST00538,New Customers,10.0,5.0,274.67,54.93,9.0,424,0,0.1814,Low,Standard engagement / newsletter
CUST00539,Promising,36.0,4.0,208.51,52.13,7.0,142,0,0.0308,Low,Standard engagement / newsletter
CUST00540,Hibernating,82.0,1.0,36.4,36.4,4.0,104,0,0.1383,Low,Standard engagement / newsletter
CUST00541,New Customers,18.0,5.0,167.34,33.47,8.0,301,0,0.0753,Low,Standard engagement / newsletter
CUST00542,At Risk,50.0,6.0,397.71,66.28,8.0,214,0,0.0187,Low,Standard engagement / newsletter
CUST00543,Loyal Customers,25.0,9.0,407.55,45.28,10.0,254,0,0.0714,Low,Standard engagement / newsletter
CUST00544,Champions,21.0,39.0,2696.9900000000002,69.15,14.0,722,0,0.0014,Low,Upsell / referral program invite
CUST00545,New Customers,3.0,1.0,15.31,15.31,7.0,44,0,0.0035,Low,Standard engagement / newsletter
CUST00546,Hibernating,60.0,3.0,211.79,70.6,6.0,188,0,0.0904,Low,Standard engagement / newsletter
CUST00547,Others,17.0,6.0,232.27,38.71,9.0,601,0,0.1894,Low,Standard engagement / newsletter
CUST00548,At Risk,51.0,18.0,884.78,49.15,12.0,716,0,0.0176,Low,Standard engagement / newsletter
CUST00549,New Customers,9.0,5.0,417.53,83.51,10.0,53,0,0.0006,Low,Standard engagement / newsletter
CUST00550,Hibernating,163.0,4.0,193.87,48.47,5.0,463,1,0.9035,High,Send targeted discount / re-engagement email
CUST00551,At Risk,90.0,18.0,917.55,50.97,11.0,646,0,0.0604,Low,Standard engagement / newsletter
CUST00552,New Customers,8.0,5.0,150.68,30.14,9.0,359,0,0.5142,Medium,Monitor + include in nurture campaign
CUST00553,Promising,33.0,2.0,138.66,69.33,6.0,53,0,0.0036,Low,Standard engagement / newsletter
CUST00554,Hibernating,36.0,0.0,0.0,0.0,1.0,36,0,0.002,Low,Standard engagement / newsletter
CUST00555,Hibernating,86.0,3.0,175.07999999999998,58.36,5.0,207,0,0.1163,Low,Standard engagement / newsletter
CUST00556,Champions,6.0,27.0,2088.06,77.34,15.0,494,0,0.0002,Low,Upsell / referral program invite
CUST00557,Hibernating,453.0,1.0,35.64,35.64,3.0,573,1,0.9576,High,Send targeted discount / re-engagement email
CUST00558,Hibernating,80.0,5.0,169.86,33.97,6.0,301,0,0.2909,Low,Standard engagement / newsletter
CUST00559,Hibernating,15.0,0.0,0.0,0.0,1.0,15,0,0.0053,Low,Standard engagement / newsletter
CUST00560,Hibernating,278.0,0.0,0.0,0.0,1.0,278,1,0.9886,High,Send targeted discount / re-engagement email
CUST00561,At Risk,64.0,7.0,285.6,40.8,8.0,159,0,0.0311,Low,Standard engagement / newsletter
CUST00562,New Customers,19.0,3.0,124.02,41.34,8.0,408,0,0.4206,Medium,Monitor + include in nurture campaign
CUST00563,Hibernating,221.0,0.0,0.0,0.0,1.0,221,1,0.9964,High,Send targeted discount / re-engagement email
CUST00564,Champions,3.0,18.0,1479.42,82.19,15.0,349,0,0.0002,Low,Upsell / referral program invite
CUST00565,Hibernating,56.0,0.0,0.0,0.0,1.0,56,0,0.0039,Low,Standard engagement / newsletter
CUST00566,Hibernating,285.0,1.0,30.28,30.28,3.0,581,1,0.9496,High,Send targeted discount / re-engagement email
CUST00567,Hibernating,142.0,0.0,0.0,0.0,1.0,142,1,0.9952,High,Send targeted discount / re-engagement email
CUST00568,Hibernating,114.0,5.0,134.99,27.0,5.0,375,1,0.8493,High,Send targeted discount / re-engagement email
CUST00569,At Risk,57.0,8.0,419.69,52.46,9.0,335,0,0.0802,Low,Standard engagement / newsletter
CUST00570,Promising,33.0,1.0,40.89,40.89,5.0,198,0,0.2973,Low,Standard engagement / newsletter
CUST00571,Champions,4.0,20.0,1296.29,64.81,15.0,407,0,0.0017,Low,Upsell / referral program invite
CUST00572,Hibernating,313.0,1.0,25.74,25.74,3.0,588,1,0.9369,High,Send targeted discount / re-engagement email
CUST00573,Hibernating,62.0,2.0,54.99,27.5,4.0,217,0,0.29,Low,Standard engagement / newsletter
CUST00574,Loyal Customers,19.0,8.0,419.09999999999997,52.39,11.0,182,0,0.0074,Low,Standard engagement / newsletter
CUST00575,At Risk,60.0,6.0,271.27,45.21,8.0,727,0,0.3526,Medium,Monitor + include in nurture campaign
CUST00576,Hibernating,22.0,0.0,0.0,0.0,1.0,22,0,0.0047,Low,Standard engagement / newsletter
CUST00577,Champions,12.0,23.0,1323.3799999999999,57.54,14.0,626,0,0.0038,Low,Upsell / referral program invite
CUST00578,Hibernating,22.0,0.0,0.0,0.0,1.0,22,0,0.0033,Low,Standard engagement / newsletter
CUST00579,Loyal Customers,37.0,7.0,455.95000000000005,65.14,10.0,225,0,0.0501,Low,Standard engagement / newsletter
CUST00580,At Risk,52.0,11.0,476.96000000000004,43.36,10.0,442,0,0.046,Low,Standard engagement / newsletter
CUST00581,At Risk,126.0,10.0,444.95,44.5,9.0,728,1,0.8116,High,Send targeted discount / re-engagement email
CUST00582,At Risk,57.0,7.0,328.77,46.97,8.0,665,0,0.4493,Medium,Monitor + include in nurture campaign
CUST00583,At Risk,43.0,7.0,301.75,43.11,8.0,394,0,0.0802,Low,Standard engagement / newsletter
CUST00584,Hibernating,179.0,3.0,139.53,46.51,5.0,337,1,0.9495,High,Send targeted discount / re-engagement email
CUST00585,New Customers,5.0,4.0,195.81,48.95,9.0,308,0,0.1377,Low,Standard engagement / newsletter
CUST00586,Loyal Customers,33.0,6.0,312.32,52.05,9.0,153,0,0.0581,Low,Standard engagement / newsletter
CUST00587,Champions,2.0,20.0,1280.33,64.02,15.0,677,0,0.0297,Low,Upsell / referral program invite
CUST00588,New Customers,18.0,4.0,111.22,27.8,8.0,235,0,0.0437,Low,Standard engagement / newsletter
CUST00589,Hibernating,97.0,3.0,211.23000000000002,70.41,5.0,368,1,0.8109,High,Send targeted discount / re-engagement email
CUST00590,Champions,17.0,10.0,501.52,50.15,12.0,427,0,0.1202,Low,Upsell / referral program invite
CUST00591,Champions,12.0,21.0,1538.05,73.24,14.0,576,0,0.0005,Low,Upsell / referral program invite
CUST00592,Hibernating,54.0,1.0,50.31,50.31,4.0,56,0,0.003,Low,Standard engagement / newsletter
CUST00593,New Customers,3.0,5.0,233.36,46.67,9.0,436,0,0.4172,Medium,Monitor + include in nurture campaign
CUST00594,At Risk,61.0,18.0,1157.64,64.31,12.0,444,0,0.001,Low,Standard engagement / newsletter
CUST00595,Hibernating,297.0,1.0,13.74,13.74,3.0,462,1,0.9936,High,Send targeted discount / re-engagement email
CUST00596,At Risk,168.0,8.0,385.32,48.16,7.0,477,1,0.8486,High,Send targeted discount / re-engagement email
CUST00597,Champions,16.0,20.0,889.98,44.5,14.0,712,0,0.0418,Low,Upsell / referral program invite
CUST00598,Promising,41.0,1.0,66.28,66.28,5.0,72,0,0.0073,Low,Standard engagement / newsletter
CUST00599,Loyal Customers,33.0,13.0,593.67,45.67,11.0,430,0,0.0325,Low,Standard engagement / newsletter
CUST00600,Champions,8.0,10.0,669.41,66.94,13.0,392,0,0.0739,Low,Upsell / referral program invite
CUST00601,Champions,23.0,37.0,3039.62,82.15,14.0,674,0,0.0012,Low,Upsell / referral program invite
CUST00602,Promising,28.0,4.0,223.38,55.84,7.0,220,0,0.0258,Low,Standard engagement / newsletter
CUST00603,Loyal Customers,26.0,11.0,574.5699999999999,52.23,11.0,619,0,0.4469,Medium,Monitor + include in nurture campaign
CUST00604,Hibernating,44.0,3.0,91.4,30.47,5.0,271,0,0.3691,Medium,Monitor + include in nurture campaign
CUST00605,Hibernating,5.0,0.0,0.0,0.0,1.0,5,0,0.0089,Low,Standard engagement / newsletter
CUST00606,Champions,9.0,12.0,551.95,46.0,13.0,558,0,0.2537,Low,Upsell / referral program invite
CUST00607,Hibernating,498.0,1.0,26.82,26.82,3.0,556,1,0.9626,High,Send targeted discount / re-engagement email
CUST00608,New Customers,3.0,5.0,274.4,54.88,10.0,187,0,0.0978,Low,Standard engagement / newsletter
CUST00609,Champions,2.0,25.0,1465.2,58.61,15.0,389,0,0.0016,Low,Upsell / referral program invite
CUST00610,New Customers,3.0,5.0,265.28000000000003,53.06,10.0,101,0,0.0256,Low,Standard engagement / newsletter
CUST00611,At Risk,63.0,8.0,554.67,69.33,9.0,266,0,0.0069,Low,Standard engagement / newsletter
CUST00612,Hibernating,4.0,0.0,0.0,0.0,1.0,4,0,0.0038,Low,Standard engagement / newsletter
CUST00613,Loyal Customers,42.0,12.0,500.33,41.69,11.0,548,0,0.0377,Low,Standard engagement / newsletter
CUST00614,New Customers,21.0,5.0,247.24,49.45,9.0,335,0,0.494,Medium,Monitor + include in nurture campaign
CUST00615,Hibernating,50.0,0.0,0.0,0.0,1.0,50,0,0.0072,Low,Standard engagement / newsletter
CUST00616,Loyal Customers,37.0,29.0,1936.02,66.76,13.0,625,0,0.0006,Low,Standard engagement / newsletter
CUST00617,Champions,9.0,10.0,599.13,59.91,13.0,555,0,0.0828,Low,Upsell / referral program invite
CUST00618,At Risk,50.0,7.0,288.19,41.17,8.0,650,0,0.3351,Medium,Monitor + include in nurture campaign
CUST00619,Hibernating,225.0,0.0,0.0,0.0,1.0,225,1,0.9868,High,Send targeted discount / re-engagement email
CUST00620,At Risk,48.0,11.0,535.8100000000001,48.71,10.0,673,0,0.4072,Medium,Monitor + include in nurture campaign
CUST00621,At Risk,86.0,6.0,315.56,52.59,7.0,391,0,0.2541,Low,Standard engagement / newsletter
CUST00622,At Risk,101.0,10.0,478.21,47.82,9.0,442,1,0.0319,Low,Standard engagement / newsletter
CUST00623,Hibernating,242.0,1.0,87.57,87.57,3.0,349,1,0.8868,High,Send targeted discount / re-engagement email
CUST00624,Hibernating,409.0,0.0,0.0,0.0,1.0,409,1,0.9936,High,Send targeted discount / re-engagement email
CUST00625,At Risk,70.0,6.0,358.97,59.83,8.0,180,0,0.0341,Low,Standard engagement / newsletter
CUST00626,Champions,10.0,29.0,2097.96,72.34,14.0,499,0,0.0008,Low,Upsell / referral program invite
CUST00627,Hibernating,232.0,2.0,86.53999999999999,43.27,3.0,367,1,0.9378,High,Send targeted discount / re-engagement email
CUST00628,Hibernating,84.0,1.0,25.42,25.42,4.0,121,0,0.2965,Low,Standard engagement / newsletter
CUST00629,Champions,7.0,13.0,625.24,48.1,13.0,415,0,0.0039,Low,Upsell / referral program invite
CUST00630,Hibernating,112.0,4.0,180.8,45.2,5.0,382,1,0.6045,Medium,Monitor + include in nurture campaign
CUST00631,Loyal Customers,27.0,18.0,1435.15,79.73,13.0,271,0,0.0008,Low,Standard engagement / newsletter
CUST00632,Promising,34.0,2.0,120.09,60.04,6.0,55,0,0.0003,Low,Standard engagement / newsletter
CUST00633,Loyal Customers,12.0,8.0,553.59,69.2,11.0,364,0,0.0143,Low,Standard engagement / newsletter
CUST00634,Promising,29.0,1.0,20.71,20.71,5.0,286,0,0.2415,Low,Standard engagement / newsletter
CUST00635,Hibernating,78.0,5.0,199.78,39.96,6.0,453,0,0.373,Medium,Monitor + include in nurture campaign
CUST00636,Loyal Customers,29.0,10.0,693.21,69.32,11.0,243,0,0.0013,Low,Standard engagement / newsletter
CUST00637,Hibernating,328.0,3.0,151.28,50.43,5.0,509,1,0.8774,High,Send targeted discount / re-engagement email
CUST00638,Hibernating,105.0,0.0,0.0,0.0,1.0,105,1,0.9695,High,Send targeted discount / re-engagement email
CUST00639,Champions,7.0,13.0,507.1,39.01,13.0,624,0,0.1173,Low,Upsell / referral program invite
CUST00640,New Customers,9.0,5.0,388.56000000000006,77.71,10.0,113,0,0.0072,Low,Standard engagement / newsletter
CUST00641,Hibernating,133.0,2.0,150.44,75.22,4.0,377,1,0.9465,High,Send targeted discount / re-engagement email
CUST00642,Hibernating,40.0,0.0,0.0,0.0,1.0,40,0,0.002,Low,Standard engagement / newsletter
CUST00643,Champions,11.0,10.0,439.72,43.97,12.0,614,0,0.2606,Low,Upsell / referral program invite
CUST00644,Champions,1.0,26.0,1629.7,62.68,15.0,722,0,0.0008,Low,Upsell / referral program invite
CUST00645,Promising,37.0,5.0,144.65,28.93,7.0,361,0,0.064,Low,Standard engagement / newsletter
CUST00646,Champions,4.0,11.0,792.38,72.03,13.0,218,0,0.0052,Low,Upsell / referral program invite
CUST00647,Hibernating,130.0,0.0,0.0,0.0,1.0,130,1,0.9815,High,Send targeted discount / re-engagement email
CUST00648,Loyal Customers,21.0,9.0,417.53,46.39,11.0,510,0,0.3807,Medium,Monitor + include in nurture campaign
CUST00649,Hibernating,122.0,1.0,34.36,34.36,3.0,155,1,0.9159,High,Send targeted discount / re-engagement email
CUST00650,Hibernating,64.0,2.0,175.76,87.88,5.0,151,0,0.201,Low,Standard engagement / newsletter
CUST00651,Loyal Customers,35.0,10.0,641.91,64.19,11.0,609,0,0.0908,Low,Standard engagement / newsletter
CUST00652,Champions,4.0,26.0,2200.16,84.62,15.0,563,0,0.0017,Low,Upsell / referral program invite
CUST00653,Champions,3.0,25.0,1578.57,63.14,15.0,487,0,0.0013,Low,Upsell / referral program invite
CUST00654,New Customers,15.0,3.0,100.41999999999999,33.47,7.0,296,0,0.4091,Medium,Monitor + include in nurture campaign
CUST00655,Hibernating,115.0,2.0,98.59,49.3,3.0,141,1,0.7332,High,Send targeted discount / re-engagement email
CUST00656,Lost,136.0,5.0,245.25,49.05,6.0,642,1,0.8959,High,Send targeted discount / re-engagement email
CUST00657,At Risk,52.0,8.0,348.11,43.51,8.0,503,0,0.1157,Low,Standard engagement / newsletter
CUST00658,Loyal Customers,16.0,8.0,741.89,92.74,11.0,131,0,0.0222,Low,Standard engagement / newsletter
CUST00659,Promising,29.0,2.0,144.31,72.16,6.0,145,0,0.0726,Low,Standard engagement / newsletter
CUST00660,Hibernating,131.0,2.0,64.18,32.09,3.0,372,1,0.9164,High,Send targeted discount / re-engagement email
CUST00661,Loyal Customers,25.0,12.0,567.47,47.29,11.0,582,0,0.0703,Low,Standard engagement / newsletter
CUST00662,Hibernating,125.0,1.0,13.16,13.16,3.0,194,1,0.9948,High,Send targeted discount / re-engagement email
CUST00663,Promising,36.0,4.0,213.68,53.42,7.0,265,0,0.1108,Low,Standard engagement / newsletter
CUST00664,Hibernating,63.0,4.0,208.67000000000002,52.17,6.0,338,0,0.5071,Medium,Monitor + include in nurture campaign
CUST00665,Champions,13.0,21.0,1692.94,80.62,14.0,418,0,0.0003,Low,Upsell / referral program invite
CUST00666,At Risk,85.0,10.0,304.46000000000004,30.45,9.0,464,0,0.0581,Low,Standard engagement / newsletter
CUST00667,Hibernating,7.0,0.0,0.0,0.0,1.0,7,0,0.0064,Low,Standard engagement / newsletter
CUST00668,New Customers,23.0,2.0,88.78,44.39,6.0,88,0,0.0102,Low,Standard engagement / newsletter
CUST00669,Loyal Customers,24.0,6.0,247.59,41.26,9.0,130,0,0.0404,Low,Standard engagement / newsletter
CUST00670,Hibernating,65.0,3.0,187.53,62.51,6.0,167,0,0.2624,Low,Standard engagement / newsletter
CUST00671,Promising,32.0,3.0,183.98,61.33,7.0,57,0,0.0013,Low,Standard engagement / newsletter
CUST00672,Hibernating,410.0,1.0,48.99,48.99,3.0,533,1,0.9672,High,Send targeted discount / re-engagement email
CUST00673,Hibernating,212.0,1.0,27.3,27.3,3.0,652,1,0.9667,High,Send targeted discount / re-engagement email
CUST00674,Champions,23.0,18.0,1576.68,87.59,14.0,561,0,0.0066,Low,Upsell / referral program invite
CUST00675,Champions,6.0,22.0,1451.31,65.97,15.0,402,0,0.0006,Low,Upsell / referral program invite
CUST00676,Loyal Customers,9.0,7.0,412.40999999999997,58.92,11.0,521,0,0.0935,Low,Standard engagement / newsletter
CUST00677,At Risk,107.0,8.0,322.07,40.26,7.0,697,1,0.8331,High,Send targeted discount / re-engagement email
CUST00678,Hibernating,601.0,0.0,0.0,0.0,1.0,601,1,0.9946,High,Send targeted discount / re-engagement email
CUST00679,Champions,4.0,36.0,2528.94,70.25,15.0,563,0,0.0009,Low,Upsell / referral program invite
CUST00680,Others,53.0,4.0,318.96000000000004,79.74,7.0,149,0,0.0056,Low,Standard engagement / newsletter
CUST00681,Hibernating,214.0,5.0,237.59,47.52,5.0,650,1,0.7848,High,Send targeted discount / re-engagement email
CUST00682,Hibernating,58.0,1.0,28.82,28.82,4.0,330,0,0.6165,Medium,Monitor + include in nurture campaign
CUST00683,Hibernating,95.0,3.0,142.25,47.42,5.0,429,1,0.8376,High,Send targeted discount / re-engagement email
CUST00684,Hibernating,167.0,3.0,92.81,30.94,4.0,309,1,0.793,High,Send targeted discount / re-engagement email
CUST00685,Hibernating,392.0,1.0,27.47,27.47,3.0,420,1,0.9731,High,Send targeted discount / re-engagement email
CUST00686,Hibernating,62.0,3.0,110.78999999999999,36.93,6.0,239,0,0.1385,Low,Standard engagement / newsletter
CUST00687,Loyal Customers,29.0,13.0,721.0,55.46,11.0,372,0,0.1293,Low,Standard engagement / newsletter
CUST00688,Lost,91.0,6.0,224.0,37.33,6.0,274,1,0.4723,Medium,Monitor + include in nurture campaign
CUST00689,New Customers,8.0,3.0,145.59,48.53,9.0,36,0,0.0015,Low,Standard engagement / newsletter
CUST00690,Others,19.0,7.0,217.86,31.12,9.0,681,0,0.5107,Medium,Monitor + include in nurture campaign
CUST00691,At Risk,84.0,10.0,742.81,74.28,10.0,477,0,0.0638,Low,Standard engagement / newsletter
CUST00692,Champions,4.0,30.0,2012.45,67.08,15.0,537,0,0.0007,Low,Upsell / referral program invite
CUST00693,Hibernating,20.0,0.0,0.0,0.0,1.0,20,0,0.005,Low,Standard engagement / newsletter
CUST00694,Lost,202.0,4.0,267.84000000000003,66.96,6.0,534,1,0.9129,High,Send targeted discount / re-engagement email
CUST00695,Loyal Customers,35.0,6.0,274.95,45.82,9.0,369,0,0.5482,Medium,Monitor + include in nurture campaign
CUST00696,Hibernating,43.0,2.0,98.63,49.32,4.0,330,0,0.523,Medium,Monitor + include in nurture campaign
CUST00697,Loyal Customers,33.0,9.0,484.69,53.85,11.0,525,0,0.1838,Low,Standard engagement / newsletter
CUST00698,Loyal Customers,25.0,15.0,1022.77,68.18,13.0,299,0,0.0008,Low,Standard engagement / newsletter
CUST00699,Champions,4.0,17.0,1000.85,58.87,15.0,489,0,0.0029,Low,Upsell / referral program invite
CUST00700,Others,14.0,6.0,242.93,40.49,9.0,239,0,0.207,Low,Standard engagement / newsletter
CUST00701,Hibernating,8.0,0.0,0.0,0.0,1.0,8,0,0.0084,Low,Standard engagement / newsletter
CUST00702,Loyal Customers,29.0,16.0,910.0799999999999,56.88,13.0,443,0,0.0161,Low,Standard engagement / newsletter
CUST00703,New Customers,2.0,2.0,56.72,28.36,7.0,231,0,0.194,Low,Standard engagement / newsletter
CUST00704,Hibernating,62.0,0.0,0.0,0.0,1.0,62,0,0.0104,Low,Standard engagement / newsletter
CUST00705,Hibernating,85.0,3.0,203.37,67.79,6.0,729,0,0.3206,Low,Standard engagement / newsletter
CUST00706,At Risk,407.0,10.0,466.74,46.67,9.0,689,1,0.7508,High,Send targeted discount / re-engagement email
CUST00707,At Risk,77.0,6.0,342.62,57.1,8.0,250,0,0.1565,Low,Standard engagement / newsletter
CUST00708,At Risk,62.0,10.0,554.68,55.47,10.0,472,0,0.0928,Low,Standard engagement / newsletter
CUST00709,Champions,6.0,19.0,1249.68,65.77,15.0,437,0,0.0026,Low,Upsell / referral program invite
CUST00710,Champions,18.0,20.0,1273.61,63.68,14.0,482,0,0.0027,Low,Upsell / referral program invite
CUST00711,New Customers,1.0,1.0,80.69,80.69,7.0,40,0,0.0066,Low,Standard engagement / newsletter
CUST00712,Loyal Customers,13.0,7.0,361.37,51.62,10.0,723,0,0.196,Low,Standard engagement / newsletter
CUST00713,Hibernating,91.0,0.0,0.0,0.0,1.0,91,1,0.009,Low,Standard engagement / newsletter
CUST00714,Loyal Customers,21.0,11.0,346.05,31.46,11.0,646,0,0.1234,Low,Standard engagement / newsletter
CUST00715,Hibernating,148.0,2.0,63.059999999999995,31.53,3.0,684,1,0.9708,High,Send targeted discount / re-engagement email
CUST00716,Champions,17.0,17.0,1372.55,80.74,14.0,435,0,0.0011,Low,Upsell / referral program invite
CUST00717,Loyal Customers,28.0,10.0,757.5,75.75,11.0,390,0,0.0816,Low,Standard engagement / newsletter
CUST00718,Champions,3.0,16.0,1088.2,68.01,15.0,339,0,0.0016,Low,Upsell / referral program invite
CUST00719,Loyal Customers,13.0,7.0,381.64,54.52,10.0,220,0,0.0113,Low,Standard engagement / newsletter
CUST00720,At Risk,195.0,5.0,310.89,62.18,7.0,430,1,0.2766,Low,Standard engagement / newsletter
CUST00721,At Risk,96.0,5.0,279.17,55.83,7.0,538,1,0.3344,Medium,Monitor + include in nurture campaign
CUST00722,At Risk,93.0,5.0,262.07,52.41,7.0,172,1,0.8217,High,Send targeted discount / re-engagement email
CUST00723,New Customers,1.0,1.0,58.35,58.35,7.0,130,0,0.7563,High,Send targeted discount / re-engagement email
CUST00724,Loyal Customers,28.0,8.0,462.46,57.81,10.0,323,0,0.0314,Low,Standard engagement / newsletter
CUST00725,At Risk,159.0,7.0,367.32,52.47,7.0,310,1,0.1308,Low,Standard engagement / newsletter
CUST00726,At Risk,58.0,16.0,843.9,52.74,12.0,614,0,0.0999,Low,Standard engagement / newsletter
CUST00727,At Risk,94.0,16.0,950.25,59.39,11.0,631,1,0.8646,High,Send targeted discount / re-engagement email
CUST00728,Champions,8.0,40.0,2884.46,72.11,15.0,713,0,0.0005,Low,Upsell / referral program invite
CUST00729,Hibernating,89.0,2.0,104.32,52.16,3.0,285,0,0.5544,Medium,Monitor + include in nurture campaign
CUST00730,Champions,16.0,20.0,1345.73,67.29,14.0,513,0,0.0027,Low,Upsell / referral program invite
CUST00731,Hibernating,235.0,1.0,22.95,22.95,3.0,306,1,0.9461,High,Send targeted discount / re-engagement email
CUST00732,Hibernating,27.0,0.0,0.0,0.0,1.0,27,0,0.0075,Low,Standard engagement / newsletter
CUST00733,Loyal Customers,38.0,9.0,390.38,43.38,10.0,632,0,0.2838,Low,Standard engagement / newsletter
CUST00734,Promising,36.0,1.0,100.39,100.39,5.0,56,0,0.0016,Low,Standard engagement / newsletter
CUST00735,Champions,2.0,17.0,921.29,54.19,15.0,703,0,0.1732,Low,Upsell / referral program invite
CUST00736,Champions,10.0,44.0,2945.56,66.94,14.0,714,0,0.0062,Low,Upsell / referral program invite
CUST00737,Others,7.0,5.0,205.10999999999999,41.02,10.0,410,0,0.3162,Low,Standard engagement / newsletter
CUST00738,Promising,32.0,1.0,102.52,102.52,5.0,61,0,0.0015,Low,Standard engagement / newsletter
CUST00739,Promising,25.0,4.0,126.85,31.71,7.0,109,0,0.0086,Low,Standard engagement / newsletter
CUST00740,New Customers,10.0,1.0,78.76,78.76,6.0,18,0,0.0056,Low,Standard engagement / newsletter
CUST00741,Hibernating,23.0,0.0,0.0,0.0,1.0,23,0,0.015,Low,Standard engagement / newsletter
CUST00742,Loyal Customers,25.0,7.0,293.7,41.96,9.0,623,0,0.3726,Medium,Monitor + include in nurture campaign
CUST00743,Hibernating,70.0,2.0,176.01999999999998,88.01,5.0,351,0,0.3716,Medium,Monitor + include in nurture campaign
CUST00744,At Risk,71.0,13.0,955.77,73.52,11.0,519,0,0.0066,Low,Standard engagement / newsletter
CUST00745,At Risk,111.0,18.0,941.63,52.31,11.0,594,1,0.0399,Low,Standard engagement / newsletter
CUST00746,New Customers,14.0,2.0,133.94,66.97,7.0,54,0,0.0058,Low,Standard engagement / newsletter
CUST00747,Hibernating,68.0,3.0,171.11,57.04,6.0,487,0,0.373,Medium,Monitor + include in nurture campaign
CUST00748,Promising,28.0,3.0,150.42000000000002,50.14,7.0,292,0,0.3123,Low,Standard engagement / newsletter
CUST00749,Loyal Customers,5.0,7.0,288.41,41.2,11.0,449,0,0.3591,Medium,Monitor + include in nurture campaign
CUST00750,Loyal Customers,4.0,5.0,295.71999999999997,59.14,11.0,590,0,0.5057,Medium,Monitor + include in nurture campaign
CUST00751,Champions,6.0,16.0,744.25,46.52,14.0,703,0,0.1037,Low,Upsell / referral program invite
CUST00752,Loyal Customers,16.0,5.0,454.97999999999996,91.0,11.0,56,0,0.0078,Low,Standard engagement / newsletter
CUST00753,Hibernating,107.0,2.0,86.91,43.46,3.0,225,1,0.1802,Low,Standard engagement / newsletter
CUST00754,Loyal Customers,13.0,7.0,480.46000000000004,68.64,11.0,177,0,0.0031,Low,Standard engagement / newsletter
CUST00755,Champions,5.0,13.0,1049.37,80.72,14.0,175,0,0.0009,Low,Upsell / referral program invite
CUST00756,Hibernating,9.0,0.0,0.0,0.0,1.0,9,0,0.0046,Low,Standard engagement / newsletter
CUST00757,New Customers,12.0,4.0,247.44,61.86,9.0,44,0,0.0011,Low,Standard engagement / newsletter
CUST00758,Promising,35.0,4.0,162.72,40.68,7.0,468,0,0.557,Medium,Monitor + include in nurture campaign
CUST00759,At Risk,96.0,12.0,590.09,49.17,9.0,588,1,0.7977,High,Send targeted discount / re-engagement email
CUST00760,Hibernating,319.0,1.0,46.07,46.07,3.0,386,1,0.9374,High,Send targeted discount / re-engagement email
CUST00761,Hibernating,71.0,2.0,193.05,96.52,5.0,125,0,0.0949,Low,Standard engagement / newsletter
CUST00762,Hibernating,195.0,0.0,0.0,0.0,1.0,195,1,0.9873,High,Send targeted discount / re-engagement email
CUST00763,New Customers,2.0,2.0,31.71,15.86,7.0,61,0,0.0023,Low,Standard engagement / newsletter
CUST00764,Hibernating,423.0,0.0,0.0,0.0,1.0,423,1,0.9952,High,Send targeted discount / re-engagement email
CUST00765,Hibernating,105.0,0.0,0.0,0.0,1.0,105,1,0.9838,High,Send targeted discount / re-engagement email
CUST00766,Hibernating,82.0,0.0,0.0,0.0,1.0,82,0,0.0111,Low,Standard engagement / newsletter
CUST00767,Champions,13.0,23.0,1518.22,66.01,14.0,397,0,0.0006,Low,Upsell / referral program invite
CUST00768,Loyal Customers,6.0,8.0,350.76,43.84,11.0,636,0,0.4696,Medium,Monitor + include in nurture campaign
CUST00769,Loyal Customers,3.0,9.0,352.45,39.16,12.0,479,0,0.4044,Medium,Monitor + include in nurture campaign
CUST00770,Hibernating,60.0,0.0,0.0,0.0,1.0,60,0,0.0079,Low,Standard engagement / newsletter
CUST00771,Promising,28.0,1.0,49.92,49.92,5.0,32,0,0.0009,Low,Standard engagement / newsletter
CUST00772,Loyal Customers,26.0,20.0,1067.4,53.37,13.0,720,0,0.0054,Low,Standard engagement / newsletter
CUST00773,New Customers,13.0,1.0,25.17,25.17,6.0,147,0,0.3167,Low,Standard engagement / newsletter
CUST00774,Promising,26.0,4.0,197.26999999999998,49.32,7.0,192,0,0.0216,Low,Standard engagement / newsletter
CUST00775,New Customers,13.0,3.0,77.62,25.87,7.0,194,0,0.0487,Low,Standard engagement / newsletter
CUST00776,Loyal Customers,30.0,13.0,784.97,60.38,11.0,389,0,0.011,Low,Standard engagement / newsletter
CUST00777,Champions,11.0,20.0,1357.19,67.86,14.0,445,0,0.001,Low,Upsell / referral program invite
CUST00778,Loyal Customers,30.0,14.0,651.3299999999999,46.52,11.0,653,0,0.2103,Low,Standard engagement / newsletter
CUST00779,New Customers,5.0,1.0,37.06,37.06,7.0,67,0,0.0108,Low,Standard engagement / newsletter
CUST00780,Champions,4.0,19.0,1304.61,68.66,15.0,380,0,0.0005,Low,Upsell / referral program invite
CUST00781,Hibernating,67.0,1.0,22.3,22.3,4.0,236,0,0.2403,Low,Standard engagement / newsletter
CUST00782,Champions,6.0,10.0,577.4300000000001,57.74,13.0,534,0,0.1279,Low,Upsell / referral program invite
CUST00783,Hibernating,80.0,0.0,0.0,0.0,1.0,80,0,0.0076,Low,Standard engagement / newsletter
CUST00784,At Risk,100.0,8.0,405.36,50.67,7.0,397,1,0.3921,Medium,Monitor + include in nurture campaign
CUST00785,At Risk,44.0,7.0,460.21999999999997,65.75,9.0,282,0,0.0195,Low,Standard engagement / newsletter
CUST00786,Loyal Customers,41.0,8.0,430.19,53.77,10.0,277,0,0.0711,Low,Standard engagement / newsletter
CUST00787,New Customers,19.0,4.0,219.06,54.76,8.0,108,0,0.0127,Low,Standard engagement / newsletter
CUST00788,Hibernating,293.0,0.0,0.0,0.0,1.0,293,1,0.996,High,Send targeted discount / re-engagement email
CUST00789,Champions,9.0,15.0,899.84,59.99,15.0,253,0,0.0027,Low,Upsell / referral program invite
CUST00790,Hibernating,168.0,0.0,0.0,0.0,1.0,168,1,0.9958,High,Send targeted discount / re-engagement email
CUST00791,Hibernating,252.0,3.0,183.99,61.33,5.0,366,1,0.7594,High,Send targeted discount / re-engagement email
CUST00792,Others,18.0,7.0,241.54,34.51,9.0,383,0,0.0783,Low,Standard engagement / newsletter
CUST00793,At Risk,128.0,12.0,554.43,46.2,9.0,637,1,0.737,High,Send targeted discount / re-engagement email
CUST00794,Others,52.0,8.0,220.61,27.58,7.0,508,0,0.14,Low,Standard engagement / newsletter
CUST00795,Champions,17.0,14.0,995.49,71.11,13.0,373,0,0.0052,Low,Upsell / referral program invite
CUST00796,New Customers,15.0,2.0,120.65,60.32,7.0,728,0,0.2467,Low,Standard engagement / newsletter
CUST00797,New Customers,20.0,4.0,203.11,50.78,8.0,212,0,0.1593,Low,Standard engagement / newsletter
CUST00798,Champions,15.0,13.0,696.4,53.57,12.0,541,0,0.1943,Low,Upsell / referral program invite
CUST00799,Hibernating,315.0,2.0,57.980000000000004,28.99,3.0,511,1,0.8757,High,Send targeted discount / re-engagement email
CUST00800,New Customers,11.0,4.0,183.73000000000002,45.93,8.0,94,0,0.0049,Low,Standard engagement / newsletter
CUST00801,Hibernating,56.0,0.0,0.0,0.0,1.0,56,0,0.0159,Low,Standard engagement / newsletter
CUST00802,Champions,1.0,15.0,1113.07,74.2,15.0,459,0,0.0024,Low,Upsell / referral program invite
CUST00803,New Customers,17.0,3.0,123.34,41.11,8.0,238,0,0.1547,Low,Standard engagement / newsletter
CUST00804,Hibernating,45.0,0.0,0.0,0.0,1.0,45,0,0.0113,Low,Standard engagement / newsletter
CUST00805,New Customers,5.0,4.0,223.23,55.81,9.0,42,0,0.0031,Low,Standard engagement / newsletter
CUST00806,Hibernating,53.0,4.0,163.6,40.9,6.0,280,0,0.0929,Low,Standard engagement / newsletter
CUST00807,Champions,2.0,19.0,1375.47,72.39,15.0,478,0,0.0004,Low,Upsell / referral program invite
CUST00808,Others,18.0,6.0,207.48,34.58,9.0,410,0,0.4289,Medium,Monitor + include in nurture campaign
CUST00809,Champions,15.0,13.0,875.5699999999999,67.35,13.0,472,0,0.0457,Low,Upsell / referral program invite
CUST00810,At Risk,48.0,5.0,345.03999999999996,69.01,8.0,439,0,0.0943,Low,Standard engagement / newsletter
CUST00811,Hibernating,135.0,0.0,0.0,0.0,1.0,135,1,0.9869,High,Send targeted discount / re-engagement email
CUST00812,Others,51.0,3.0,255.7,85.23,7.0,114,0,0.1465,Low,Standard engagement / newsletter
CUST00813,At Risk,54.0,5.0,249.95,49.99,8.0,256,0,0.1092,Low,Standard engagement / newsletter
CUST00814,Champions,6.0,9.0,644.05,71.56,13.0,274,0,0.0014,Low,Upsell / referral program invite
CUST00815,Loyal Customers,36.0,8.0,290.34,36.29,9.0,510,0,0.1932,Low,Standard engagement / newsletter
CUST00816,Hibernating,261.0,2.0,76.12,38.06,3.0,591,1,0.9456,High,Send targeted discount / re-engagement email
CUST00817,Hibernating,302.0,2.0,68.92,34.46,3.0,529,1,0.9502,High,Send targeted discount / re-engagement email
CUST00818,Champions,17.0,18.0,1469.18,81.62,14.0,369,0,0.0006,Low,Upsell / referral program invite
CUST00819,Hibernating,96.0,3.0,134.21,44.74,5.0,146,1,0.87,High,Send targeted discount / re-engagement email
CUST00820,At Risk,55.0,11.0,689.38,62.67,10.0,447,0,0.1843,Low,Standard engagement / newsletter
CUST00821,At Risk,53.0,6.0,392.16,65.36,8.0,314,0,0.2575,Low,Standard engagement / newsletter
CUST00822,New Customers,6.0,1.0,62.58,62.58,7.0,31,0,0.0095,Low,Standard engagement / newsletter
CUST00823,Others,64.0,6.0,216.35999999999999,36.06,7.0,512,0,0.4691,Medium,Monitor + include in nurture campaign
CUST00824,New Customers,15.0,1.0,72.16,72.16,6.0,47,0,0.0013,Low,Standard engagement / newsletter
CUST00825,Champions,16.0,25.0,1637.99,65.52,14.0,719,0,0.0013,Low,Upsell / referral program invite
CUST00826,Champions,9.0,23.0,1837.95,79.91,15.0,545,0,0.0004,Low,Upsell / referral program invite
CUST00827,Champions,22.0,24.0,1907.52,79.48,14.0,525,0,0.0003,Low,Upsell / referral program invite
CUST00828,At Risk,103.0,10.0,421.67,42.17,9.0,470,1,0.8017,High,Send targeted discount / re-engagement email
CUST00829,Loyal Customers,32.0,26.0,1780.61,68.48,13.0,521,0,0.0013,Low,Standard engagement / newsletter
CUST00830,Hibernating,143.0,3.0,125.12,41.71,5.0,714,1,0.7426,High,Send targeted discount / re-engagement email
CUST00831,Promising,41.0,2.0,119.36,59.68,6.0,182,0,0.2827,Low,Standard engagement / newsletter
CUST00832,At Risk,50.0,7.0,305.26,43.61,8.0,518,0,0.2493,Low,Standard engagement / newsletter
CUST00833,Champions,5.0,21.0,1717.9,81.8,15.0,571,0,0.0008,Low,Upsell / referral program invite
CUST00834,Others,68.0,6.0,241.95999999999998,40.33,7.0,399,0,0.4036,Medium,Monitor + include in nurture campaign
CUST00835,Loyal Customers,24.0,7.0,441.56,63.08,10.0,60,0,0.0011,Low,Standard engagement / newsletter
CUST00836,Hibernating,5.0,0.0,0.0,0.0,1.0,5,0,0.0076,Low,Standard engagement / newsletter
CUST00837,Champions,21.0,13.0,704.85,54.22,12.0,573,0,0.181,Low,Upsell / referral program invite
CUST00838,Hibernating,184.0,0.0,0.0,0.0,1.0,184,1,0.9903,High,Send targeted discount / re-engagement email
CUST00839,At Risk,107.0,12.0,712.03,59.34,9.0,628,1,0.7974,High,Send targeted discount / re-engagement email
CUST00840,Loyal Customers,38.0,11.0,527.64,47.97,11.0,259,0,0.0283,Low,Standard engagement / newsletter
CUST00841,At Risk,138.0,6.0,367.34000000000003,61.22,7.0,489,1,0.8759,High,Send targeted discount / re-engagement email
CUST00842,Promising,35.0,4.0,202.05,50.51,7.0,107,0,0.0075,Low,Standard engagement / newsletter
CUST00843,At Risk,185.0,8.0,386.43,48.3,7.0,687,1,0.9025,High,Send targeted discount / re-engagement email
CUST00844,New Customers,3.0,3.0,196.98000000000002,65.66,9.0,60,0,0.0024,Low,Standard engagement / newsletter
CUST00845,At Risk,82.0,8.0,581.04,72.63,9.0,561,0,0.0188,Low,Standard engagement / newsletter
CUST00846,Champions,16.0,21.0,1507.42,71.78,14.0,538,0,0.0007,Low,Upsell / referral program invite
CUST00847,Hibernating,409.0,0.0,0.0,0.0,1.0,409,1,0.9965,High,Send targeted discount / re-engagement email
CUST00848,Loyal Customers,40.0,33.0,2466.67,74.75,13.0,614,0,0.0004,Low,Standard engagement / newsletter
CUST00849,Loyal Customers,40.0,18.0,985.34,54.74,13.0,584,0,0.0094,Low,Standard engagement / newsletter
CUST00850,New Customers,10.0,1.0,39.26,39.26,6.0,12,0,0.0026,Low,Standard engagement / newsletter
CUST00851,New Customers,3.0,2.0,103.22999999999999,51.61,7.0,59,0,0.0027,Low,Standard engagement / newsletter
CUST00852,Loyal Customers,39.0,8.0,395.85,49.48,9.0,315,0,0.1184,Low,Standard engagement / newsletter
CUST00853,Champions,15.0,13.0,937.83,72.14,13.0,295,0,0.0006,Low,Upsell / referral program invite
CUST00854,Others,15.0,5.0,172.65,34.53,9.0,617,0,0.2671,Low,Standard engagement / newsletter
CUST00855,Loyal Customers,17.0,8.0,497.03,62.13,11.0,228,0,0.0053,Low,Standard engagement / newsletter
CUST00856,At Risk,157.0,7.0,297.90999999999997,42.56,7.0,617,1,0.9006,High,Send targeted discount / re-engagement email
CUST00857,Hibernating,190.0,0.0,0.0,0.0,1.0,190,1,0.9869,High,Send targeted discount / re-engagement email
CUST00858,Champions,11.0,18.0,1374.15,76.34,14.0,481,0,0.0015,Low,Upsell / referral program invite
CUST00859,Hibernating,570.0,0.0,0.0,0.0,1.0,570,1,0.9949,High,Send targeted discount / re-engagement email
CUST00860,Hibernating,50.0,2.0,120.64,60.32,5.0,137,0,0.0835,Low,Standard engagement / newsletter
CUST00861,Loyal Customers,42.0,13.0,524.1700000000001,40.32,11.0,664,0,0.236,Low,Standard engagement / newsletter
CUST00862,Hibernating,260.0,1.0,76.79,76.79,3.0,267,1,0.9442,High,Send targeted discount / re-engagement email
CUST00863,Loyal Customers,26.0,21.0,1864.4399999999998,88.78,13.0,528,0,0.0023,Low,Standard engagement / newsletter
CUST00864,Hibernating,3.0,0.0,0.0,0.0,1.0,3,0,0.0059,Low,Standard engagement / newsletter
CUST00865,Champions,12.0,10.0,485.56,48.56,12.0,470,0,0.1343,Low,Upsell / referral program invite
CUST00866,Hibernating,65.0,0.0,0.0,0.0,1.0,65,0,0.0118,Low,Standard engagement / newsletter
CUST00867,Hibernating,91.0,3.0,197.99,66.0,5.0,481,1,0.7432,High,Send targeted discount / re-engagement email
CUST00868,At Risk,81.0,11.0,526.62,47.87,10.0,479,0,0.0644,Low,Standard engagement / newsletter
CUST00869,At Risk,118.0,6.0,329.8,54.97,7.0,562,1,0.5748,Medium,Monitor + include in nurture campaign
CUST00870,Loyal Customers,36.0,20.0,1092.46,54.62,13.0,703,0,0.0072,Low,Standard engagement / newsletter
CUST00871,Champions,23.0,31.0,1951.61,62.96,14.0,608,0,0.0016,Low,Upsell / referral program invite
CUST00872,New Customers,8.0,2.0,134.26,67.13,8.0,35,0,0.0018,Low,Standard engagement / newsletter
CUST00873,Loyal Customers,5.0,8.0,244.94,30.62,11.0,324,0,0.1346,Low,Standard engagement / newsletter
CUST00874,Loyal Customers,37.0,15.0,511.95,34.13,12.0,483,0,0.0263,Low,Standard engagement / newsletter
CUST00875,Promising,29.0,1.0,44.65,44.65,5.0,68,0,0.0091,Low,Standard engagement / newsletter
CUST00876,Others,21.0,5.0,112.34,22.47,9.0,397,0,0.4556,Medium,Monitor + include in nurture campaign
CUST00877,At Risk,70.0,6.0,327.28999999999996,54.55,8.0,587,0,0.4918,Medium,Monitor + include in nurture campaign
CUST00878,Loyal Customers,36.0,5.0,304.78999999999996,60.96,9.0,132,0,0.1103,Low,Standard engagement / newsletter
CUST00879,Champions,19.0,14.0,769.34,54.95,12.0,681,0,0.3844,Medium,Monitor + include in nurture campaign
CUST00880,Hibernating,145.0,0.0,0.0,0.0,1.0,145,1,0.9943,High,Send targeted discount / re-engagement email
CUST00881,Hibernating,103.0,3.0,161.57,53.86,5.0,245,1,0.7265,High,Send targeted discount / re-engagement email
CUST00882,Loyal Customers,2.0,5.0,393.14,78.63,11.0,117,0,0.0014,Low,Standard engagement / newsletter
CUST00883,Loyal Customers,42.0,6.0,270.73,45.12,9.0,533,0,0.5336,Medium,Monitor + include in nurture campaign
CUST00884,Champions,11.0,12.0,911.09,75.92,13.0,195,0,0.0017,Low,Upsell / referral program invite
CUST00885,Champions,4.0,19.0,1420.62,74.77,15.0,439,0,0.0009,Low,Upsell / referral program invite
CUST00886,Hibernating,14.0,0.0,0.0,0.0,1.0,14,0,0.01,Low,Standard engagement / newsletter
CUST00887,Champions,8.0,17.0,1109.72,65.28,15.0,518,0,0.0036,Low,Upsell / referral program invite
CUST00888,New Customers,16.0,4.0,217.5,54.38,8.0,137,0,0.045,Low,Standard engagement / newsletter
CUST00889,At Risk,53.0,10.0,340.64,34.06,9.0,518,0,0.2914,Low,Standard engagement / newsletter
CUST00890,Hibernating,603.0,0.0,0.0,0.0,1.0,603,1,0.9977,High,Send targeted discount / re-engagement email
CUST00891,Promising,30.0,2.0,46.699999999999996,23.35,5.0,99,0,0.0056,Low,Standard engagement / newsletter
CUST00892,Hibernating,109.0,2.0,97.6,48.8,3.0,268,1,0.4793,Medium,Monitor + include in nurture campaign
CUST00893,At Risk,59.0,15.0,727.0,48.47,11.0,349,0,0.0445,Low,Standard engagement / newsletter
CUST00894,At Risk,147.0,5.0,260.85,52.17,7.0,322,1,0.7416,High,Send targeted discount / re-engagement email
CUST00895,Hibernating,3.0,0.0,0.0,0.0,1.0,3,0,0.0041,Low,Standard engagement / newsletter
CUST00896,Promising,30.0,3.0,135.35,45.12,7.0,230,0,0.5448,Medium,Monitor + include in nurture campaign
CUST00897,Champions,17.0,11.0,569.56,51.78,12.0,659,0,0.1205,Low,Upsell / referral program invite
CUST00898,Loyal Customers,16.0,6.0,395.49,65.92,10.0,77,0,0.0011,Low,Standard engagement / newsletter
CUST00899,Hibernating,242.0,0.0,0.0,0.0,1.0,242,1,0.9935,High,Send targeted discount / re-engagement email
CUST00900,Hibernating,60.0,1.0,64.08,64.08,4.0,244,0,0.4403,Medium,Monitor + include in nurture campaign
CUST00901,Hibernating,82.0,2.0,105.69,52.84,4.0,127,0,0.1162,Low,Standard engagement / newsletter
CUST00902,Champions,4.0,16.0,548.76,34.3,14.0,489,0,0.1596,Low,Upsell / referral program invite
CUST00903,New Customers,1.0,2.0,114.56,57.28,8.0,46,0,0.0009,Low,Standard engagement / newsletter
CUST00904,Promising,30.0,4.0,173.15,43.29,7.0,337,0,0.2836,Low,Standard engagement / newsletter
CUST00905,Hibernating,30.0,0.0,0.0,0.0,1.0,30,0,0.0109,Low,Standard engagement / newsletter
CUST00906,Hibernating,104.0,2.0,115.58,57.79,4.0,216,1,0.8332,High,Send targeted discount / re-engagement email
CUST00907,Champions,8.0,20.0,1101.3,55.06,15.0,713,0,0.0054,Low,Upsell / referral program invite
CUST00908,Hibernating,144.0,1.0,56.44,56.44,3.0,159,1,0.9049,High,Send targeted discount / re-engagement email
CUST00909,Promising,31.0,1.0,44.67,44.67,5.0,54,0,0.0068,Low,Standard engagement / newsletter
CUST00910,Hibernating,127.0,0.0,0.0,0.0,1.0,127,1,0.9935,High,Send targeted discount / re-engagement email
CUST00911,Champions,5.0,10.0,788.26,78.83,13.0,170,0,0.0011,Low,Upsell / referral program invite
CUST00912,Loyal Customers,17.0,5.0,403.65000000000003,80.73,10.0,125,0,0.0005,Low,Standard engagement / newsletter
CUST00913,Champions,2.0,19.0,1410.93,74.26,15.0,514,0,0.0004,Low,Upsell / referral program invite
CUST00914,New Customers,4.0,3.0,140.95,46.98,9.0,173,0,0.1241,Low,Standard engagement / newsletter
CUST00915,Hibernating,107.0,3.0,125.47,41.82,5.0,293,1,0.8199,High,Send targeted discount / re-engagement email
CUST00916,Hibernating,110.0,2.0,39.870000000000005,19.94,3.0,722,1,0.9721,High,Send targeted discount / re-engagement email
CUST00917,Champions,1.0,14.0,737.0500000000001,52.65,13.0,694,0,0.4306,Medium,Monitor + include in nurture campaign
CUST00918,Champions,6.0,14.0,566.35,40.45,13.0,483,0,0.0242,Low,Upsell / referral program invite
CUST00919,Hibernating,201.0,4.0,181.59,45.4,5.0,497,1,0.7502,High,Send targeted discount / re-engagement email
CUST00920,New Customers,11.0,4.0,268.9,67.22,9.0,182,0,0.0346,Low,Standard engagement / newsletter
CUST00921,Champions,14.0,11.0,821.94,74.72,12.0,428,0,0.0125,Low,Upsell / referral program invite
CUST00922,Loyal Customers,33.0,27.0,2443.32,90.49,13.0,469,0,0.004,Low,Standard engagement / newsletter
CUST00923,New Customers,1.0,3.0,112.9,37.63,9.0,38,0,0.0003,Low,Standard engagement / newsletter
CUST00924,At Risk,84.0,10.0,594.15,59.42,10.0,438,0,0.034,Low,Standard engagement / newsletter
CUST00925,Lost,179.0,6.0,212.64,35.44,6.0,660,1,0.9201,High,Send targeted discount / re-engagement email
CUST00926,Hibernating,44.0,0.0,0.0,0.0,1.0,44,0,0.0078,Low,Standard engagement / newsletter
CUST00927,At Risk,45.0,17.0,1149.72,67.63,12.0,367,0,0.0064,Low,Standard engagement / newsletter
CUST00928,Hibernating,214.0,1.0,26.82,26.82,3.0,237,1,0.7912,High,Send targeted discount / re-engagement email
CUST00929,Champions,1.0,14.0,777.15,55.51,13.0,488,0,0.0229,Low,Upsell / referral program invite
CUST00930,Loyal Customers,27.0,8.0,556.88,69.61,10.0,392,0,0.0297,Low,Standard engagement / newsletter
CUST00931,Champions,18.0,16.0,1205.68,75.36,14.0,529,0,0.0166,Low,Upsell / referral program invite
CUST00932,Loyal Customers,17.0,6.0,249.31,41.55,10.0,677,0,0.6972,High,Priority win-back: personal outreach + loyalty offer
CUST00933,Others,34.0,4.0,298.15999999999997,74.54,8.0,65,0,0.0017,Low,Standard engagement / newsletter
CUST00934,Hibernating,171.0,1.0,67.52,67.52,3.0,294,1,0.9315,High,Send targeted discount / re-engagement email
CUST00935,Lost,279.0,5.0,185.34,37.07,6.0,543,1,0.8343,High,Send targeted discount / re-engagement email
CUST00936,Hibernating,82.0,4.0,189.69,47.42,6.0,303,0,0.1596,Low,Standard engagement / newsletter
CUST00937,Loyal Customers,41.0,9.0,529.31,58.81,11.0,541,0,0.063,Low,Standard engagement / newsletter
CUST00938,Hibernating,7.0,0.0,0.0,0.0,1.0,7,0,0.0074,Low,Standard engagement / newsletter
CUST00939,New Customers,21.0,3.0,167.18,55.73,8.0,69,0,0.0005,Low,Standard engagement / newsletter
CUST00940,Loyal Customers,21.0,7.0,449.98,64.28,11.0,319,0,0.0134,Low,Standard engagement / newsletter
CUST00941,Hibernating,197.0,1.0,26.75,26.75,3.0,254,1,0.82,High,Send targeted discount / re-engagement email
CUST00942,Loyal Customers,5.0,7.0,344.29,49.18,11.0,553,0,0.4239,Medium,Monitor + include in nurture campaign
CUST00943,New Customers,3.0,2.0,86.33,43.16,7.0,60,0,0.0019,Low,Standard engagement / newsletter
CUST00944,Loyal Customers,10.0,7.0,407.13,58.16,10.0,260,0,0.0331,Low,Standard engagement / newsletter
CUST00945,Hibernating,7.0,0.0,0.0,0.0,1.0,7,0,0.0146,Low,Standard engagement / newsletter
CUST00946,At Risk,50.0,13.0,956.95,73.61,11.0,207,0,0.0028,Low,Standard engagement / newsletter
CUST00947,Promising,40.0,1.0,43.34,43.34,5.0,427,0,0.7143,High,Send targeted discount / re-engagement email
CUST00948,At Risk,128.0,9.0,324.15,36.02,8.0,724,1,0.3139,Low,Standard engagement / newsletter
CUST00949,Hibernating,114.0,2.0,78.02,39.01,3.0,301,1,0.8647,High,Send targeted discount / re-engagement email
CUST00950,Loyal Customers,32.0,10.0,486.08,48.61,11.0,667,0,0.1456,Low,Standard engagement / newsletter
CUST00951,Loyal Customers,4.0,5.0,257.18,51.44,11.0,116,0,0.0718,Low,Standard engagement / newsletter
CUST00952,Champions,3.0,14.0,764.96,54.64,13.0,557,0,0.1526,Low,Upsell / referral program invite
CUST00953,Champions,12.0,19.0,1395.05,73.42,14.0,409,0,0.0002,Low,Upsell / referral program invite
CUST00954,Champions,3.0,11.0,458.46999999999997,41.68,13.0,674,0,0.4871,Medium,Monitor + include in nurture campaign
CUST00955,Promising,42.0,1.0,52.8,52.8,5.0,50,0,0.0034,Low,Standard engagement / newsletter
CUST00956,New Customers,14.0,1.0,31.78,31.78,6.0,33,0,0.0025,Low,Standard engagement / newsletter
CUST00957,Loyal Customers,27.0,6.0,431.21999999999997,71.87,10.0,299,0,0.0132,Low,Standard engagement / newsletter
CUST00958,Lost,133.0,5.0,243.39,48.68,6.0,683,1,0.91,High,Send targeted discount / re-engagement email
CUST00959,New Customers,1.0,2.0,69.99,34.99,7.0,86,0,0.0004,Low,Standard engagement / newsletter
CUST00960,Loyal Customers,28.0,12.0,916.0,76.33,12.0,473,0,0.0172,Low,Standard engagement / newsletter
CUST00961,Hibernating,54.0,1.0,27.03,27.03,4.0,264,0,0.7721,High,Send targeted discount / re-engagement email
CUST00962,Loyal Customers,3.0,8.0,293.44,36.68,11.0,557,0,0.238,Low,Standard engagement / newsletter
CUST00963,Hibernating,185.0,3.0,161.35000000000002,53.78,5.0,431,1,0.8516,High,Send targeted discount / re-engagement email
CUST00964,Hibernating,4.0,0.0,0.0,0.0,1.0,4,0,0.0038,Low,Standard engagement / newsletter
CUST00965,Hibernating,453.0,1.0,17.1,17.1,3.0,526,1,0.9968,High,Send targeted discount / re-engagement email
CUST00966,At Risk,95.0,8.0,421.01,52.63,8.0,379,1,0.7498,High,Send targeted discount / re-engagement email
CUST00967,At Risk,86.0,23.0,2077.08,90.31,11.0,387,0,0.0065,Low,Standard engagement / newsletter
CUST00968,Hibernating,127.0,2.0,79.54,39.77,3.0,548,1,0.9727,High,Send targeted discount / re-engagement email
CUST00969,Champions,2.0,25.0,1664.87,66.59,15.0,618,0,0.0008,Low,Upsell / referral program invite
CUST00970,Hibernating,64.0,1.0,20.23,20.23,4.0,251,0,0.3452,Medium,Monitor + include in nurture campaign
CUST00971,Champions,5.0,26.0,1561.99,60.08,15.0,528,0,0.0033,Low,Upsell / referral program invite
CUST00972,Hibernating,195.0,1.0,76.86,76.86,3.0,356,1,0.951,High,Send targeted discount / re-engagement email
CUST00973,Lost,153.0,5.0,180.57,36.11,6.0,483,1,0.8429,High,Send targeted discount / re-engagement email
CUST00974,Loyal Customers,19.0,5.0,373.65,74.73,10.0,91,0,0.0004,Low,Standard engagement / newsletter
CUST00975,New Customers,20.0,1.0,11.5,11.5,6.0,20,0,0.0059,Low,Standard engagement / newsletter
CUST00976,New Customers,9.0,2.0,119.18,59.59,8.0,52,0,0.0009,Low,Standard engagement / newsletter
CUST00977,Loyal Customers,25.0,22.0,1332.8,60.58,13.0,456,0,0.0011,Low,Standard engagement / newsletter
CUST00978,Hibernating,63.0,4.0,125.61,31.4,6.0,129,0,0.0154,Low,Standard engagement / newsletter
CUST00979,Hibernating,144.0,0.0,0.0,0.0,1.0,144,1,0.9748,High,Send targeted discount / re-engagement email
CUST00980,At Risk,76.0,8.0,470.58000000000004,58.82,9.0,303,0,0.0168,Low,Standard engagement / newsletter
CUST00981,Champions,8.0,15.0,1017.1,67.81,15.0,259,0,0.0004,Low,Upsell / referral program invite
CUST00982,At Risk,69.0,12.0,730.87,60.91,10.0,648,0,0.2621,Low,Standard engagement / newsletter
CUST00983,Champions,1.0,28.0,1848.49,66.02,15.0,729,0,0.0013,Low,Upsell / referral program invite
CUST00984,At Risk,87.0,10.0,384.82,38.48,8.0,618,0,0.2496,Low,Standard engagement / newsletter
CUST00985,At Risk,52.0,28.0,2024.08,72.29,12.0,717,0,0.0014,Low,Standard engagement / newsletter
CUST00986,Champions,8.0,33.0,2435.19,73.79,15.0,575,0,0.0045,Low,Upsell / referral program invite
CUST00987,New Customers,22.0,2.0,112.78,56.39,7.0,305,0,0.2302,Low,Standard engagement / newsletter
CUST00988,Hibernating,59.0,0.0,0.0,0.0,1.0,59,0,0.0063,Low,Standard engagement / newsletter
CUST00989,Others,4.0,5.0,209.45999999999998,41.89,10.0,341,0,0.8176,High,Send targeted discount / re-engagement email
CUST00990,New Customers,9.0,4.0,188.7,47.18,9.0,243,0,0.1521,Low,Standard engagement / newsletter
CUST00991,At Risk,45.0,8.0,505.37,63.17,9.0,610,0,0.2071,Low,Standard engagement / newsletter
CUST00992,Hibernating,109.0,1.0,102.2,102.2,3.0,289,1,0.958,High,Send targeted discount / re-engagement email
CUST00993,At Risk,46.0,10.0,401.93,40.19,9.0,650,0,0.203,Low,Standard engagement / newsletter
CUST00994,Champions,16.0,11.0,485.39,44.13,12.0,631,0,0.0971,Low,Upsell / referral program invite
CUST00995,Loyal Customers,31.0,7.0,316.44,45.21,9.0,586,0,0.3618,Medium,Monitor + include in nurture campaign
CUST00996,Lost,94.0,6.0,229.10000000000002,38.18,6.0,375,1,0.7974,High,Send targeted discount / re-engagement email
CUST00997,At Risk,47.0,19.0,1218.58,64.14,12.0,718,0,0.0039,Low,Standard engagement / newsletter
CUST00998,Promising,24.0,2.0,116.67,58.34,6.0,248,0,0.4405,Medium,Monitor + include in nurture campaign
CUST00999,Loyal Customers,37.0,18.0,948.74,52.71,13.0,724,0,0.0111,Low,Standard engagement / newsletter
CUST01000,Hibernating,135.0,1.0,59.42,59.42,3.0,156,1,0.8336,High,Send targeted discount / re-engagement email
CUST01001,Hibernating,217.0,1.0,41.85,41.85,3.0,391,1,0.8386,High,Send targeted discount / re-engagement email
CUST01002,Champions,3.0,18.0,872.09,48.45,15.0,602,0,0.1227,Low,Upsell / referral program invite
CUST01003,Hibernating,113.0,0.0,0.0,0.0,1.0,113,1,0.9782,High,Send targeted discount / re-engagement email
CUST01004,Others,46.0,5.0,230.69,46.14,7.0,168,0,0.0959,Low,Standard engagement / newsletter
CUST01005,Hibernating,424.0,1.0,42.61,42.61,3.0,588,1,0.9785,High,Send targeted discount / re-engagement email
CUST01006,Hibernating,4.0,0.0,0.0,0.0,1.0,4,0,0.0058,Low,Standard engagement / newsletter
CUST01007,Loyal Customers,8.0,7.0,290.81,41.54,11.0,679,0,0.3767,Medium,Monitor + include in nurture campaign
CUST01008,Hibernating,32.0,0.0,0.0,0.0,1.0,32,0,0.0064,Low,Standard engagement / newsletter
CUST01009,Loyal Customers,12.0,9.0,321.13,35.68,11.0,506,0,0.145,Low,Standard engagement / newsletter
CUST01010,Loyal Customers,41.0,17.0,908.36,53.43,13.0,682,0,0.7521,High,Priority win-back: personal outreach + loyalty offer
CUST01011,At Risk,126.0,6.0,331.76,55.29,7.0,406,1,0.3204,Low,Standard engagement / newsletter
CUST01012,Loyal Customers,15.0,7.0,333.55,47.65,10.0,725,0,0.1771,Low,Standard engagement / newsletter
CUST01013,Loyal Customers,18.0,7.0,473.83,67.69,11.0,267,0,0.0199,Low,Standard engagement / newsletter
CUST01014,Hibernating,190.0,0.0,0.0,0.0,1.0,190,1,0.996,High,Send targeted discount / re-engagement email
CUST01015,Lost,92.0,7.0,238.71,34.1,6.0,684,1,0.8751,High,Send targeted discount / re-engagement email
CUST01016,New Customers,2.0,2.0,82.45,41.22,7.0,204,0,0.165,Low,Standard engagement / newsletter
CUST01017,Hibernating,251.0,1.0,16.6,16.6,3.0,368,1,0.9956,High,Send targeted discount / re-engagement email
CUST01018,Others,7.0,6.0,161.35,26.89,10.0,211,0,0.0384,Low,Standard engagement / newsletter
CUST01019,Champions,3.0,23.0,1582.16,68.79,15.0,594,0,0.0031,Low,Upsell / referral program invite
CUST01020,Hibernating,44.0,1.0,49.96,49.96,4.0,199,0,0.3101,Low,Standard engagement / newsletter
CUST01021,Loyal Customers,39.0,7.0,300.33,42.9,9.0,273,0,0.0376,Low,Standard engagement / newsletter
CUST01022,At Risk,47.0,9.0,367.19,40.8,9.0,621,0,0.2031,Low,Standard engagement / newsletter
CUST01023,At Risk,95.0,6.0,366.37,61.06,7.0,229,1,0.7047,High,Send targeted discount / re-engagement email
CUST01024,Champions,12.0,9.0,527.12,58.57,12.0,561,0,0.1544,Low,Upsell / referral program invite
CUST01025,Loyal Customers,32.0,12.0,731.61,60.97,11.0,433,0,0.0354,Low,Standard engagement / newsletter
CUST01026,At Risk,121.0,17.0,905.5699999999999,53.27,11.0,677,1,0.7084,High,Send targeted discount / re-engagement email
CUST01027,Loyal Customers,15.0,6.0,326.45,54.41,10.0,463,0,0.5126,Medium,Monitor + include in nurture campaign
CUST01028,Loyal Customers,32.0,6.0,406.42,67.74,9.0,540,0,0.1537,Low,Standard engagement / newsletter
CUST01029,At Risk,196.0,5.0,246.14,49.23,7.0,546,1,0.7457,High,Send targeted discount / re-engagement email
CUST01030,At Risk,78.0,17.0,1192.53,70.15,12.0,542,0,0.0013,Low,Standard engagement / newsletter
CUST01031,Loyal Customers,24.0,8.0,670.97,83.87,10.0,244,0,0.0495,Low,Standard engagement / newsletter
CUST01032,At Risk,102.0,9.0,550.34,61.15,9.0,267,1,0.0545,Low,Standard engagement / newsletter
CUST01033,Hibernating,186.0,0.0,0.0,0.0,1.0,186,1,0.9953,High,Send targeted discount / re-engagement email
CUST01034,Loyal Customers,9.0,7.0,346.81,49.54,11.0,241,0,0.0259,Low,Standard engagement / newsletter
CUST01035,At Risk,48.0,8.0,520.6899999999999,65.09,9.0,428,0,0.0152,Low,Standard engagement / newsletter
CUST01036,Champions,18.0,12.0,867.99,72.33,13.0,264,0,0.0016,Low,Upsell / referral program invite
CUST01037,Promising,38.0,4.0,225.28,56.32,7.0,102,0,0.0474,Low,Standard engagement / newsletter
CUST01038,Hibernating,33.0,0.0,0.0,0.0,1.0,33,0,0.008,Low,Standard engagement / newsletter
CUST01039,Hibernating,139.0,0.0,0.0,0.0,1.0,139,1,0.9773,High,Send targeted discount / re-engagement email
CUST01040,At Risk,50.0,34.0,2630.5,77.37,12.0,664,0,0.0043,Low,Standard engagement / newsletter
CUST01041,Hibernating,20.0,0.0,0.0,0.0,1.0,20,0,0.0046,Low,Standard engagement / newsletter
CUST01042,Hibernating,32.0,0.0,0.0,0.0,1.0,32,0,0.0037,Low,Standard engagement / newsletter
CUST01043,Champions,2.0,17.0,847.24,49.84,15.0,702,0,0.391,Medium,Monitor + include in nurture campaign
CUST01044,Champions,1.0,15.0,985.13,65.68,15.0,478,0,0.0062,Low,Upsell / referral program invite
CUST01045,Loyal Customers,21.0,6.0,305.72,50.95,10.0,334,0,0.2554,Low,Standard engagement / newsletter
CUST01046,At Risk,76.0,14.0,927.38,66.24,11.0,720,0,0.0315,Low,Standard engagement / newsletter
CUST01047,Hibernating,62.0,3.0,94.68,31.56,5.0,294,0,0.276,Low,Standard engagement / newsletter
CUST01048,Hibernating,122.0,2.0,61.43,30.72,3.0,293,1,0.5333,Medium,Monitor + include in nurture campaign
CUST01049,Hibernating,279.0,1.0,33.36,33.36,3.0,320,1,0.9806,High,Send targeted discount / re-engagement email
CUST01050,Hibernating,98.0,3.0,181.32,60.44,5.0,421,1,0.8434,High,Send targeted discount / re-engagement email
CUST01051,Needs Attention,28.0,5.0,199.87,39.97,8.0,458,0,0.3057,Low,Standard engagement / newsletter
CUST01052,Hibernating,80.0,0.0,0.0,0.0,1.0,80,0,0.0138,Low,Standard engagement / newsletter
CUST01053,Champions,12.0,10.0,480.84,48.08,12.0,361,0,0.0331,Low,Upsell / referral program invite
CUST01054,Loyal Customers,33.0,6.0,341.67999999999995,56.95,9.0,693,0,0.3606,Medium,Monitor + include in nurture campaign
CUST01055,At Risk,53.0,7.0,394.71000000000004,56.39,8.0,258,0,0.0232,Low,Standard engagement / newsletter
CUST01056,Hibernating,10.0,0.0,0.0,0.0,1.0,10,0,0.0113,Low,Standard engagement / newsletter
CUST01057,Hibernating,247.0,0.0,0.0,0.0,1.0,247,1,0.9951,High,Send targeted discount / re-engagement email
CUST01058,At Risk,141.0,15.0,899.46,59.96,11.0,621,1,0.8064,High,Send targeted discount / re-engagement email
CUST01059,Loyal Customers,19.0,7.0,299.65999999999997,42.81,10.0,311,0,0.1193,Low,Standard engagement / newsletter
CUST01060,Loyal Customers,25.0,12.0,591.05,49.25,11.0,263,0,0.0401,Low,Standard engagement / newsletter
CUST01061,Hibernating,153.0,2.0,134.57,67.28,4.0,612,1,0.9502,High,Send targeted discount / re-engagement email
CUST01062,Hibernating,98.0,1.0,49.54,49.54,3.0,169,1,0.8861,High,Send targeted discount / re-engagement email
CUST01063,Hibernating,32.0,0.0,0.0,0.0,1.0,32,0,0.0064,Low,Standard engagement / newsletter
CUST01064,Champions,4.0,24.0,1713.75,71.41,15.0,330,0,0.0004,Low,Upsell / referral program invite
CUST01065,Hibernating,85.0,1.0,29.17,29.17,4.0,86,0,0.0016,Low,Standard engagement / newsletter
CUST01066,Loyal Customers,30.0,14.0,799.57,57.11,11.0,694,0,0.232,Low,Standard engagement / newsletter
CUST01067,Champions,22.0,22.0,1615.01,73.41,14.0,434,0,0.0004,Low,Upsell / referral program invite
CUST01068,Hibernating,112.0,0.0,0.0,0.0,1.0,112,1,0.9792,High,Send targeted discount / re-engagement email
CUST01069,Loyal Customers,42.0,8.0,259.76,32.47,9.0,583,0,0.3539,Medium,Monitor + include in nurture campaign
CUST01070,Loyal Customers,27.0,6.0,313.65,52.28,9.0,169,0,0.1332,Low,Standard engagement / newsletter
CUST01071,Hibernating,2.0,0.0,0.0,0.0,1.0,2,0,0.0072,Low,Standard engagement / newsletter
CUST01072,Hibernating,28.0,0.0,0.0,0.0,1.0,28,0,0.0074,Low,Standard engagement / newsletter
CUST01073,Hibernating,50.0,1.0,98.93,98.93,4.0,687,0,0.5925,Medium,Monitor + include in nurture campaign
CUST01074,Hibernating,49.0,0.0,0.0,0.0,1.0,49,0,0.0052,Low,Standard engagement / newsletter
CUST01075,Hibernating,74.0,0.0,0.0,0.0,1.0,74,0,0.0106,Low,Standard engagement / newsletter
CUST01076,At Risk,50.0,16.0,1028.95,64.31,12.0,583,0,0.0348,Low,Standard engagement / newsletter
CUST01077,At Risk,118.0,9.0,364.73,40.53,8.0,402,1,0.7793,High,Send targeted discount / re-engagement email
CUST01078,Champions,9.0,33.0,1874.53,56.8,15.0,627,0,0.0055,Low,Upsell / referral program invite
CUST01079,Promising,24.0,3.0,183.77,61.26,7.0,45,0,0.0013,Low,Standard engagement / newsletter
CUST01080,Hibernating,65.0,2.0,84.12,42.06,4.0,172,0,0.2952,Low,Standard engagement / newsletter
CUST01081,Loyal Customers,36.0,16.0,959.86,59.99,13.0,521,0,0.0072,Low,Standard engagement / newsletter
CUST01082,At Risk,182.0,10.0,447.14,44.71,9.0,482,1,0.6978,High,Send targeted discount / re-engagement email
CUST01083,At Risk,73.0,7.0,263.12,37.59,8.0,687,0,0.7775,High,Send targeted discount / re-engagement email
CUST01084,Champions,7.0,10.0,687.66,68.77,13.0,491,0,0.1042,Low,Upsell / referral program invite
CUST01085,Hibernating,61.0,2.0,85.94999999999999,42.97,4.0,622,0,0.2135,Low,Standard engagement / newsletter
CUST01086,At Risk,75.0,10.0,513.3,51.33,10.0,336,0,0.1243,Low,Standard engagement / newsletter
CUST01087,Hibernating,239.0,1.0,54.62,54.62,3.0,634,1,0.9616,High,Send targeted discount / re-engagement email
CUST01088,Loyal Customers,32.0,22.0,1396.16,63.46,13.0,294,0,0.001,Low,Standard engagement / newsletter
CUST01089,Champions,19.0,9.0,737.8299999999999,81.98,12.0,389,0,0.0263,Low,Upsell / referral program invite
CUST01090,Others,27.0,2.0,246.66000000000003,123.33,7.0,155,0,0.1862,Low,Standard engagement / newsletter
CUST01091,Champions,1.0,26.0,1603.21,61.66,15.0,437,0,0.0037,Low,Upsell / referral program invite
CUST01092,At Risk,75.0,6.0,268.15,44.69,8.0,263,0,0.0905,Low,Standard engagement / newsletter
CUST01093,Hibernating,98.0,1.0,33.78,33.78,3.0,127,1,0.9122,High,Send targeted discount / re-engagement email
CUST01094,Hibernating,38.0,0.0,0.0,0.0,1.0,38,0,0.0084,Low,Standard engagement / newsletter
CUST01095,Hibernating,93.0,3.0,67.43,22.48,4.0,470,1,0.8975,High,Send targeted discount / re-engagement email
CUST01096,At Risk,52.0,10.0,442.27,44.23,10.0,386,0,0.1388,Low,Standard engagement / newsletter
CUST01097,New Customers,14.0,3.0,161.2,53.73,8.0,144,0,0.1199,Low,Standard engagement / newsletter
CUST01098,Champions,23.0,13.0,653.62,50.28,12.0,501,0,0.1153,Low,Upsell / referral program invite
CUST01099,Others,13.0,5.0,236.97,47.39,9.0,197,0,0.0688,Low,Standard engagement / newsletter
CUST01100,Hibernating,11.0,0.0,0.0,0.0,1.0,11,0,0.0026,Low,Standard engagement / newsletter
CUST01101,At Risk,112.0,9.0,354.55,39.39,8.0,325,1,0.092,Low,Standard engagement / newsletter
CUST01102,Lost,194.0,5.0,218.69,43.74,6.0,344,1,0.8786,High,Send targeted discount / re-engagement email
CUST01103,Loyal Customers,38.0,7.0,361.09,51.58,9.0,267,0,0.057,Low,Standard engagement / newsletter
CUST01104,At Risk,100.0,10.0,380.78,38.08,8.0,535,1,0.4043,Medium,Monitor + include in nurture campaign
CUST01105,Champions,10.0,17.0,845.66,49.74,14.0,603,0,0.147,Low,Upsell / referral program invite
CUST01106,Hibernating,52.0,0.0,0.0,0.0,1.0,52,0,0.0057,Low,Standard engagement / newsletter
CUST01107,Loyal Customers,7.0,9.0,288.45,32.05,12.0,630,0,0.0679,Low,Standard engagement / newsletter
CUST01108,Loyal Customers,41.0,15.0,730.18,48.68,12.0,670,0,0.3018,Low,Standard engagement / newsletter
CUST01109,New Customers,9.0,1.0,24.43,24.43,7.0,139,0,0.1932,Low,Standard engagement / newsletter
CUST01110,Loyal Customers,30.0,7.0,271.69,38.81,9.0,576,0,0.2777,Low,Standard engagement / newsletter
CUST01111,New Customers,16.0,3.0,290.64,96.88,9.0,119,0,0.0115,Low,Standard engagement / newsletter
CUST01112,Loyal Customers,2.0,5.0,264.25,52.85,11.0,121,0,0.0924,Low,Standard engagement / newsletter
CUST01113,Hibernating,291.0,0.0,0.0,0.0,1.0,291,1,0.9826,High,Send targeted discount / re-engagement email
CUST01114,At Risk,58.0,14.0,708.22,50.59,10.0,485,0,0.0308,Low,Standard engagement / newsletter
CUST01115,Loyal Customers,29.0,19.0,1328.71,69.93,13.0,390,0,0.0018,Low,Standard engagement / newsletter
CUST01116,New Customers,17.0,4.0,401.36,100.34,9.0,95,0,0.0245,Low,Standard engagement / newsletter
CUST01117,Loyal Customers,6.0,7.0,412.84,58.98,11.0,404,0,0.0465,Low,Standard engagement / newsletter
CUST01118,Loyal Customers,7.0,8.0,401.77,50.22,11.0,430,0,0.1904,Low,Standard engagement / newsletter
CUST01119,Hibernating,31.0,0.0,0.0,0.0,1.0,31,0,0.007,Low,Standard engagement / newsletter
CUST01120,Hibernating,62.0,4.0,141.02,35.26,6.0,611,0,0.4088,Medium,Monitor + include in nurture campaign
CUST01121,At Risk,54.0,21.0,1401.37,66.73,12.0,587,0,0.0013,Low,Standard engagement / newsletter
CUST01122,Promising,34.0,2.0,61.629999999999995,30.82,5.0,93,0,0.007,Low,Standard engagement / newsletter
CUST01123,Loyal Customers,6.0,7.0,317.24,45.32,11.0,380,0,0.1267,Low,Standard engagement / newsletter
CUST01124,Hibernating,616.0,1.0,37.54,37.54,3.0,618,1,0.9714,High,Send targeted discount / re-engagement email
CUST01125,Loyal Customers,32.0,23.0,1941.81,84.43,13.0,416,0,0.0054,Low,Standard engagement / newsletter
CUST01126,Lost,312.0,5.0,126.16,25.23,6.0,534,1,0.9057,High,Send targeted discount / re-engagement email
CUST01127,Loyal Customers,29.0,17.0,1212.23,71.31,13.0,465,0,0.0029,Low,Standard engagement / newsletter
CUST01128,Lost,227.0,6.0,208.84,34.81,6.0,643,1,0.8589,High,Send targeted discount / re-engagement email
CUST01129,Hibernating,137.0,2.0,105.57,52.78,3.0,565,1,0.8973,High,Send targeted discount / re-engagement email
CUST01130,Hibernating,158.0,2.0,88.25,44.12,3.0,459,1,0.9502,High,Send targeted discount / re-engagement email
CUST01131,Champions,8.0,33.0,2573.89,78.0,15.0,717,0,0.0023,Low,Upsell / referral program invite
CUST01132,Hibernating,103.0,4.0,168.57999999999998,42.14,5.0,566,1,0.6543,Medium,Monitor + include in nurture campaign
CUST01133,At Risk,93.0,15.0,776.89,51.79,10.0,709,1,0.776,High,Send targeted discount / re-engagement email
CUST01134,New Customers,9.0,1.0,63.31,63.31,7.0,16,0,0.001,Low,Standard engagement / newsletter
CUST01135,New Customers,13.0,2.0,77.6,38.8,6.0,256,0,0.3269,Low,Standard engagement / newsletter
CUST01136,Hibernating,53.0,0.0,0.0,0.0,1.0,53,0,0.007,Low,Standard engagement / newsletter
CUST01137,At Risk,85.0,8.0,417.37,52.17,8.0,536,0,0.2479,Low,Standard engagement / newsletter
CUST01138,New Customers,2.0,1.0,35.58,35.58,7.0,19,0,0.0022,Low,Standard engagement / newsletter
CUST01139,At Risk,76.0,12.0,704.37,58.7,10.0,675,0,0.1591,Low,Standard engagement / newsletter
CUST01140,Hibernating,89.0,2.0,156.01,78.0,4.0,146,0,0.7429,High,Send targeted discount / re-engagement email
CUST01141,Hibernating,11.0,0.0,0.0,0.0,1.0,11,0,0.0045,Low,Standard engagement / newsletter
CUST01142,At Risk,49.0,33.0,2119.5299999999997,64.23,12.0,666,0,0.0039,Low,Standard engagement / newsletter
CUST01143,Champions,19.0,22.0,1585.04,72.05,14.0,314,0,0.0007,Low,Upsell / referral program invite
CUST01144,Champions,2.0,11.0,677.22,61.57,13.0,401,0,0.0111,Low,Upsell / referral program invite
CUST01145,Promising,24.0,3.0,162.5,54.17,7.0,205,0,0.0673,Low,Standard engagement / newsletter
CUST01146,Hibernating,158.0,0.0,0.0,0.0,1.0,158,1,0.9943,High,Send targeted discount / re-engagement email
CUST01147,Champions,10.0,11.0,530.28,48.21,12.0,692,0,0.4299,Medium,Monitor + include in nurture campaign
CUST01148,New Customers,2.0,3.0,255.04000000000002,85.01,10.0,111,0,0.0299,Low,Standard engagement / newsletter
CUST01149,Hibernating,94.0,0.0,0.0,0.0,1.0,94,1,0.9874,High,Send targeted discount / re-engagement email
CUST01150,At Risk,121.0,15.0,889.59,59.31,11.0,597,1,0.8522,High,Send targeted discount / re-engagement email
CUST01151,Champions,3.0,14.0,738.48,52.75,13.0,491,0,0.0145,Low,Upsell / referral program invite
CUST01152,Loyal Customers,12.0,8.0,601.6800000000001,75.21,11.0,216,0,0.0039,Low,Standard engagement / newsletter
CUST01153,Hibernating,384.0,1.0,26.87,26.87,3.0,529,1,0.9816,High,Send targeted discount / re-engagement email
CUST01154,Hibernating,386.0,1.0,37.65,37.65,3.0,427,1,0.9508,High,Send targeted discount / re-engagement email
CUST01155,Loyal Customers,31.0,26.0,1977.8600000000001,76.07,13.0,649,0,0.0008,Low,Standard engagement / newsletter
CUST01156,Loyal Customers,22.0,7.0,375.54,53.65,10.0,217,0,0.0505,Low,Standard engagement / newsletter
CUST01157,Hibernating,78.0,0.0,0.0,0.0,1.0,78,0,0.0186,Low,Standard engagement / newsletter
CUST01158,Promising,29.0,1.0,27.5,27.5,5.0,102,0,0.1063,Low,Standard engagement / newsletter
CUST01159,Loyal Customers,11.0,8.0,444.51,55.56,11.0,502,0,0.0455,Low,Standard engagement / newsletter
CUST01160,At Risk,57.0,6.0,282.88,47.15,8.0,406,0,0.4123,Medium,Monitor + include in nurture campaign
CUST01161,Hibernating,44.0,0.0,0.0,0.0,1.0,44,0,0.0082,Low,Standard engagement / newsletter
CUST01162,Loyal Customers,22.0,7.0,595.29,85.04,11.0,269,0,0.0516,Low,Standard engagement / newsletter
CUST01163,Loyal Customers,27.0,10.0,424.69,42.47,11.0,658,0,0.2867,Low,Standard engagement / newsletter
CUST01164,Promising,32.0,3.0,175.36,58.45,7.0,74,0,0.0035,Low,Standard engagement / newsletter
CUST01165,Hibernating,42.0,0.0,0.0,0.0,1.0,42,0,0.0116,Low,Standard engagement / newsletter
CUST01166,Champions,15.0,39.0,2925.56,75.01,14.0,694,0,0.0036,Low,Upsell / referral program invite
CUST01167,At Risk,131.0,5.0,251.8,50.36,7.0,410,1,0.8502,High,Send targeted discount / re-engagement email
CUST01168,Loyal Customers,36.0,8.0,580.15,72.52,10.0,326,0,0.0236,Low,Standard engagement / newsletter
CUST01169,Hibernating,146.0,1.0,47.0,47.0,3.0,154,1,0.9533,High,Send targeted discount / re-engagement email
CUST01170,Champions,21.0,13.0,595.0,45.77,12.0,477,0,0.3078,Low,Upsell / referral program invite
CUST01171,Hibernating,501.0,0.0,0.0,0.0,1.0,501,1,0.9981,High,Send targeted discount / re-engagement email
CUST01172,At Risk,54.0,5.0,245.53,49.11,8.0,576,0,0.4901,Medium,Monitor + include in nurture campaign
CUST01173,Promising,26.0,1.0,140.8,140.8,6.0,165,0,0.2592,Low,Standard engagement / newsletter
CUST01174,Loyal Customers,38.0,13.0,909.66,69.97,12.0,518,0,0.0363,Low,Standard engagement / newsletter
CUST01175,New Customers,3.0,1.0,97.91,97.91,7.0,7,0,0.004,Low,Standard engagement / newsletter
CUST01176,Needs Attention,31.0,6.0,176.91,29.48,8.0,708,0,0.443,Medium,Monitor + include in nurture campaign
CUST01177,Champions,15.0,11.0,496.7,45.15,12.0,445,0,0.0307,Low,Upsell / referral program invite
CUST01178,New Customers,6.0,1.0,17.79,17.79,7.0,34,0,0.0045,Low,Standard engagement / newsletter
CUST01179,Champions,4.0,10.0,560.1,56.01,13.0,683,0,0.3562,Medium,Monitor + include in nurture campaign
CUST01180,Hibernating,74.0,0.0,0.0,0.0,1.0,74,0,0.0035,Low,Standard engagement / newsletter
CUST01181,At Risk,106.0,8.0,339.26,42.41,7.0,677,1,0.8531,High,Send targeted discount / re-engagement email
CUST01182,Others,73.0,4.0,245.24,61.31,7.0,147,0,0.0635,Low,Standard engagement / newsletter
CUST01183,Hibernating,302.0,0.0,0.0,0.0,1.0,302,1,0.9951,High,Send targeted discount / re-engagement email
CUST01184,Loyal Customers,24.0,19.0,1538.4,80.97,13.0,482,0,0.0005,Low,Standard engagement / newsletter
CUST01185,Others,17.0,5.0,191.32,38.26,9.0,257,0,0.1077,Low,Standard engagement / newsletter
CUST01186,At Risk,69.0,11.0,426.03,38.73,10.0,603,0,0.0604,Low,Standard engagement / newsletter
CUST01187,Champions,6.0,15.0,1088.67,72.58,15.0,151,0,0.0008,Low,Upsell / referral program invite
CUST01188,Champions,4.0,9.0,687.19,76.35,13.0,115,0,0.0088,Low,Upsell / referral program invite
CUST01189,At Risk,64.0,13.0,692.71,53.29,10.0,569,0,0.1557,Low,Standard engagement / newsletter
CUST01190,New Customers,3.0,2.0,62.010000000000005,31.01,7.0,14,0,0.0015,Low,Standard engagement / newsletter
CUST01191,Hibernating,76.0,0.0,0.0,0.0,1.0,76,0,0.0095,Low,Standard engagement / newsletter
CUST01192,At Risk,64.0,9.0,387.64,43.07,9.0,448,0,0.0491,Low,Standard engagement / newsletter
CUST01193,Hibernating,359.0,0.0,0.0,0.0,1.0,359,1,0.9961,High,Send targeted discount / re-engagement email
CUST01194,New Customers,8.0,3.0,104.82,34.94,8.0,153,0,0.0844,Low,Standard engagement / newsletter
CUST01195,Hibernating,80.0,2.0,194.34,97.17,5.0,147,0,0.036,Low,Standard engagement / newsletter
CUST01196,Hibernating,138.0,3.0,170.98,56.99,5.0,465,1,0.7446,High,Send targeted discount / re-engagement email
CUST01197,Hibernating,555.0,0.0,0.0,0.0,1.0,555,1,0.9967,High,Send targeted discount / re-engagement email
CUST01198,Loyal Customers,1.0,9.0,360.74,40.08,12.0,515,0,0.4,Medium,Monitor + include in nurture campaign
CUST01199,Lost,176.0,5.0,205.33,41.07,6.0,503,1,0.7455,High,Send targeted discount / re-engagement email
CUST01200,Others,47.0,5.0,180.02,36.0,7.0,488,0,0.4533,Medium,Monitor + include in nurture campaign
CUST01201,Hibernating,85.0,1.0,49.56,49.56,4.0,167,0,0.851,High,Send targeted discount / re-engagement email
CUST01202,Loyal Customers,2.0,7.0,258.88,36.98,11.0,544,0,0.1973,Low,Standard engagement / newsletter
CUST01203,Hibernating,2.0,0.0,0.0,0.0,1.0,2,0,0.0071,Low,Standard engagement / newsletter
CUST01204,Lost,169.0,6.0,235.17000000000002,39.2,6.0,646,1,0.8558,High,Send targeted discount / re-engagement email
CUST01205,New Customers,3.0,2.0,174.94,87.47,8.0,11,0,0.0081,Low,Standard engagement / newsletter
CUST01206,Loyal Customers,34.0,5.0,324.07,64.81,9.0,348,0,0.2765,Low,Standard engagement / newsletter
CUST01207,At Risk,88.0,9.0,532.08,59.12,9.0,618,0,0.1843,Low,Standard engagement / newsletter
CUST01208,Hibernating,102.0,0.0,0.0,0.0,1.0,102,1,0.9614,High,Send targeted discount / re-engagement email
CUST01209,Loyal Customers,37.0,20.0,1205.26,60.26,13.0,455,0,0.0005,Low,Standard engagement / newsletter
CUST01210,Champions,18.0,38.0,3213.15,84.56,14.0,567,0,0.0104,Low,Upsell / referral program invite
CUST01211,At Risk,45.0,5.0,402.44000000000005,80.49,8.0,146,0,0.0113,Low,Standard engagement / newsletter
CUST01212,Hibernating,437.0,0.0,0.0,0.0,1.0,437,1,0.9976,High,Send targeted discount / re-engagement email
CUST01213,Champions,1.0,40.0,2946.92,73.67,15.0,703,0,0.0016,Low,Upsell / referral program invite
CUST01214,Loyal Customers,42.0,18.0,1127.65,62.65,13.0,322,0,0.0022,Low,Standard engagement / newsletter
CUST01215,Champions,4.0,9.0,677.62,75.29,13.0,179,0,0.0025,Low,Upsell / referral program invite
CUST01216,Loyal Customers,12.0,7.0,320.48,45.78,10.0,452,0,0.4224,Medium,Monitor + include in nurture campaign
CUST01217,New Customers,23.0,1.0,106.27,106.27,6.0,33,0,0.0008,Low,Standard engagement / newsletter
CUST01218,Promising,37.0,2.0,88.67,44.34,5.0,98,0,0.0417,Low,Standard engagement / newsletter
CUST01219,Loyal Customers,8.0,8.0,367.19,45.9,11.0,346,0,0.111,Low,Standard engagement / newsletter
CUST01220,Hibernating,167.0,0.0,0.0,0.0,1.0,167,1,0.9956,High,Send targeted discount / re-engagement email
CUST01221,Champions,20.0,11.0,554.13,50.38,12.0,572,0,0.0635,Low,Upsell / referral program invite
CUST01222,Hibernating,121.0,1.0,50.12,50.12,3.0,121,1,0.2179,Low,Standard engagement / newsletter
CUST01223,Champions,22.0,24.0,1340.84,55.87,14.0,583,0,0.0028,Low,Upsell / referral program invite
CUST01224,Champions,8.0,11.0,603.4,54.85,13.0,454,0,0.053,Low,Upsell / referral program invite
CUST01225,At Risk,108.0,6.0,330.0,55.0,7.0,618,1,0.8035,High,Send targeted discount / re-engagement email
CUST01226,At Risk,50.0,10.0,444.57,44.46,10.0,623,0,0.2167,Low,Standard engagement / newsletter
CUST01227,At Risk,69.0,27.0,1869.92,69.26,12.0,543,0,0.0011,Low,Standard engagement / newsletter
CUST01228,At Risk,69.0,8.0,358.42,44.8,8.0,691,0,0.775,High,Send targeted discount / re-engagement email
CUST01229,Champions,1.0,23.0,1941.74,84.42,15.0,456,0,0.01,Low,Upsell / referral program invite
CUST01230,Others,6.0,5.0,189.06,37.81,10.0,549,0,0.5656,Medium,Monitor + include in nurture campaign
CUST01231,Hibernating,104.0,0.0,0.0,0.0,1.0,104,1,0.9932,High,Send targeted discount / re-engagement email
CUST01232,Champions,21.0,12.0,612.37,51.03,12.0,562,0,0.4876,Medium,Monitor + include in nurture campaign
CUST01233,New Customers,16.0,3.0,155.3,51.77,8.0,152,0,0.1719,Low,Standard engagement / newsletter
CUST01234,At Risk,62.0,19.0,923.77,48.62,12.0,621,0,0.0169,Low,Standard engagement / newsletter
CUST01235,At Risk,43.0,7.0,295.6,42.23,8.0,478,0,0.4439,Medium,Monitor + include in nurture campaign
CUST01236,New Customers,19.0,1.0,54.43,54.43,6.0,36,0,0.0009,Low,Standard engagement / newsletter
CUST01237,Promising,34.0,1.0,36.93,36.93,5.0,39,0,0.0014,Low,Standard engagement / newsletter
CUST01238,Hibernating,100.0,1.0,95.64,95.64,3.0,528,1,0.9497,High,Send targeted discount / re-engagement email
CUST01239,Champions,4.0,9.0,624.5500000000001,69.39,13.0,297,0,0.008,Low,Upsell / referral program invite
CUST01240,Lost,143.0,5.0,222.28,44.46,6.0,336,1,0.8201,High,Send targeted discount / re-engagement email
CUST01241,Hibernating,125.0,2.0,80.83000000000001,40.42,3.0,589,1,0.9902,High,Send targeted discount / re-engagement email
CUST01242,Hibernating,341.0,0.0,0.0,0.0,1.0,341,1,0.9955,High,Send targeted discount / re-engagement email
CUST01243,At Risk,82.0,12.0,605.23,50.44,10.0,719,0,0.4705,Medium,Monitor + include in nurture campaign
CUST01244,New Customers,9.0,4.0,86.53,21.63,8.0,553,0,0.5477,Medium,Monitor + include in nurture campaign
CUST01245,New Customers,9.0,3.0,116.99,39.0,9.0,659,0,0.6961,High,Send targeted discount / re-engagement email
CUST01246,Loyal Customers,14.0,5.0,481.43,96.29,11.0,257,0,0.0241,Low,Standard engagement / newsletter
CUST01247,At Risk,67.0,6.0,309.52,51.59,8.0,308,0,0.3291,Low,Standard engagement / newsletter
CUST01248,Loyal Customers,33.0,12.0,640.1899999999999,53.35,11.0,537,0,0.0492,Low,Standard engagement / newsletter
CUST01249,Hibernating,276.0,2.0,45.93,22.96,3.0,572,1,0.95,High,Send targeted discount / re-engagement email
CUST01250,Promising,37.0,2.0,35.63,17.82,5.0,208,0,0.1525,Low,Standard engagement / newsletter
CUST01251,At Risk,52.0,21.0,1164.5,55.45,12.0,689,0,0.0027,Low,Standard engagement / newsletter
CUST01252,Hibernating,136.0,3.0,115.78,38.59,5.0,699,1,0.9415,High,Send targeted discount / re-engagement email
CUST01253,Lost,235.0,5.0,224.42,44.88,6.0,492,1,0.8538,High,Send targeted discount / re-engagement email
CUST01254,Champions,11.0,11.0,492.74,44.79,12.0,405,0,0.2774,Low,Upsell / referral program invite
CUST01255,Champions,4.0,32.0,2165.41,67.67,15.0,673,0,0.0018,Low,Upsell / referral program invite
CUST01256,At Risk,115.0,13.0,680.77,52.37,9.0,608,1,0.3318,Medium,Monitor + include in nurture campaign
CUST01257,Loyal Customers,23.0,7.0,321.05,45.86,10.0,266,0,0.0304,Low,Standard engagement / newsletter
CUST01258,At Risk,58.0,5.0,244.24,48.85,8.0,380,0,0.6267,Medium,Monitor + include in nurture campaign
CUST01259,Champions,10.0,37.0,2269.68,61.34,14.0,668,0,0.0023,Low,Upsell / referral program invite
CUST01260,Hibernating,71.0,2.0,126.50999999999999,63.26,5.0,446,0,0.8389,High,Send targeted discount / re-engagement email
CUST01261,Champions,6.0,10.0,513.8,51.38,13.0,230,0,0.0076,Low,Upsell / referral program invite
CUST01262,Hibernating,91.0,1.0,28.84,28.84,3.0,100,1,0.8185,High,Send targeted discount / re-engagement email
CUST01263,Promising,39.0,4.0,182.95,45.74,7.0,257,0,0.3124,Low,Standard engagement / newsletter
CUST01264,Loyal Customers,38.0,13.0,673.46,51.8,11.0,730,0,0.1236,Low,Standard engagement / newsletter
CUST01265,At Risk,46.0,12.0,718.92,59.91,10.0,578,0,0.0342,Low,Standard engagement / newsletter
CUST01266,At Risk,96.0,9.0,440.61,48.96,9.0,719,1,0.8633,High,Send targeted discount / re-engagement email
CUST01267,Promising,27.0,2.0,106.36,53.18,6.0,504,0,0.7604,High,Send targeted discount / re-engagement email
CUST01268,Champions,20.0,9.0,442.53,49.17,12.0,636,0,0.1361,Low,Upsell / referral program invite
CUST01269,Others,25.0,4.0,288.32,72.08,8.0,148,0,0.0168,Low,Standard engagement / newsletter
CUST01270,Champions,4.0,21.0,1421.11,67.67,15.0,449,0,0.0008,Low,Upsell / referral program invite
CUST01271,Hibernating,105.0,1.0,130.89,130.89,4.0,185,1,0.871,High,Send targeted discount / re-engagement email
CUST01272,Champions,22.0,13.0,695.94,53.53,12.0,721,0,0.4639,Medium,Monitor + include in nurture campaign
CUST01273,Hibernating,47.0,1.0,17.3,17.3,4.0,135,0,0.9643,High,Send targeted discount / re-engagement email
CUST01274,At Risk,59.0,8.0,344.91,43.11,8.0,671,0,0.1202,Low,Standard engagement / newsletter
CUST01275,Hibernating,76.0,2.0,102.03999999999999,51.02,4.0,465,0,0.5437,Medium,Monitor + include in nurture campaign
CUST01276,At Risk,61.0,14.0,778.26,55.59,10.0,664,0,0.0756,Low,Standard engagement / newsletter
CUST01277,At Risk,92.0,7.0,581.44,83.06,8.0,663,1,0.88,High,Send targeted discount / re-engagement email
CUST01278,Hibernating,34.0,0.0,0.0,0.0,1.0,34,0,0.0186,Low,Standard engagement / newsletter
CUST01279,Hibernating,124.0,1.0,29.91,29.91,3.0,162,1,0.9446,High,Send targeted discount / re-engagement email
CUST01280,Needs Attention,40.0,5.0,181.91,36.38,8.0,260,0,0.0975,Low,Standard engagement / newsletter
CUST01281,Loyal Customers,14.0,9.0,409.77,45.53,11.0,510,0,0.0633,Low,Standard engagement / newsletter
CUST01282,Champions,17.0,9.0,494.12,54.9,12.0,326,0,0.0253,Low,Upsell / referral program invite
CUST01283,Others,17.0,5.0,208.10999999999999,41.62,9.0,240,0,0.048,Low,Standard engagement / newsletter
CUST01284,Loyal Customers,2.0,6.0,311.83000000000004,51.97,11.0,219,0,0.1248,Low,Standard engagement / newsletter
CUST01285,Loyal Customers,6.0,7.0,339.96000000000004,48.57,11.0,600,0,0.1622,Low,Standard engagement / newsletter
CUST01286,Hibernating,425.0,1.0,75.49,75.49,3.0,593,1,0.9764,High,Send targeted discount / re-engagement email
CUST01287,New Customers,22.0,2.0,166.07999999999998,83.04,7.0,56,0,0.0091,Low,Standard engagement / newsletter
CUST01288,Hibernating,284.0,3.0,60.519999999999996,20.17,4.0,352,1,0.3646,Medium,Monitor + include in nurture campaign
CUST01289,Champions,13.0,30.0,2035.14,67.84,14.0,691,0,0.0033,Low,Upsell / referral program invite
CUST01290,At Risk,54.0,7.0,395.62,56.52,8.0,567,0,0.2463,Low,Standard engagement / newsletter
CUST01291,New Customers,20.0,3.0,102.16,34.05,7.0,156,0,0.2721,Low,Standard engagement / newsletter
CUST01292,Promising,31.0,3.0,113.66,37.89,7.0,554,0,0.3986,Medium,Monitor + include in nurture campaign
CUST01293,Champions,9.0,9.0,543.66,60.41,13.0,301,0,0.0265,Low,Upsell / referral program invite
CUST01294,Needs Attention,31.0,6.0,233.7,38.95,8.0,282,0,0.1685,Low,Standard engagement / newsletter
CUST01295,Loyal Customers,31.0,6.0,333.24,55.54,9.0,598,0,0.2167,Low,Standard engagement / newsletter
CUST01296,New Customers,15.0,3.0,196.79000000000002,65.6,8.0,93,0,0.0015,Low,Standard engagement / newsletter
CUST01297,Champions,5.0,18.0,1068.74,59.37,15.0,509,0,0.0041,Low,Upsell / referral program invite
CUST01298,Loyal Customers,2.0,9.0,374.86,41.65,12.0,453,0,0.2471,Low,Standard engagement / newsletter
CUST01299,Hibernating,307.0,3.0,102.09,34.03,4.0,413,1,0.8154,High,Send targeted discount / re-engagement email
CUST01300,Champions,5.0,10.0,578.55,57.86,13.0,646,0,0.8029,High,Priority win-back: personal outreach + loyalty offer
CUST01301,Hibernating,52.0,0.0,0.0,0.0,1.0,52,0,0.0036,Low,Standard engagement / newsletter
CUST01302,Others,16.0,7.0,210.39000000000001,30.06,9.0,376,0,0.211,Low,Standard engagement / newsletter
CUST01303,Loyal Customers,35.0,10.0,837.2,83.72,12.0,270,0,0.0586,Low,Standard engagement / newsletter
CUST01304,Loyal Customers,26.0,9.0,734.12,81.57,11.0,112,0,0.0014,Low,Standard engagement / newsletter
CUST01305,Loyal Customers,39.0,10.0,423.1,42.31,11.0,459,0,0.1789,Low,Standard engagement / newsletter
CUST01306,Others,85.0,5.0,222.5,44.5,7.0,687,0,0.3713,Medium,Monitor + include in nurture campaign
CUST01307,Hibernating,72.0,0.0,0.0,0.0,1.0,72,0,0.0143,Low,Standard engagement / newsletter
CUST01308,Champions,12.0,19.0,1384.24,72.85,14.0,396,0,0.0003,Low,Upsell / referral program invite
CUST01309,New Customers,9.0,2.0,120.46,60.23,8.0,323,0,0.6096,Medium,Monitor + include in nurture campaign
CUST01310,Champions,7.0,17.0,1368.05,80.47,15.0,456,0,0.002,Low,Upsell / referral program invite
CUST01311,Champions,4.0,17.0,1186.51,69.79,15.0,216,0,0.0004,Low,Upsell / referral program invite
CUST01312,Promising,37.0,2.0,94.12,47.06,5.0,327,0,0.574,Medium,Monitor + include in nurture campaign
CUST01313,Loyal Customers,2.0,7.0,294.78000000000003,42.11,11.0,168,0,0.1048,Low,Standard engagement / newsletter
CUST01314,Promising,27.0,1.0,21.94,21.94,5.0,95,0,0.1343,Low,Standard engagement / newsletter
CUST01315,At Risk,43.0,16.0,770.66,48.17,11.0,523,0,0.0242,Low,Standard engagement / newsletter
CUST01316,Loyal Customers,25.0,6.0,363.64,60.61,9.0,314,0,0.2152,Low,Standard engagement / newsletter
CUST01317,New Customers,13.0,1.0,70.33,70.33,6.0,73,0,0.0013,Low,Standard engagement / newsletter
CUST01318,Hibernating,674.0,0.0,0.0,0.0,1.0,674,1,0.9927,High,Send targeted discount / re-engagement email
CUST01319,Champions,9.0,11.0,450.84,40.99,13.0,289,0,0.0092,Low,Upsell / referral program invite
CUST01320,Hibernating,54.0,1.0,74.58,74.58,4.0,72,0,0.001,Low,Standard engagement / newsletter
CUST01321,Loyal Customers,4.0,8.0,663.26,82.91,12.0,118,0,0.002,Low,Standard engagement / newsletter
CUST01322,New Customers,17.0,1.0,8.44,8.44,6.0,75,0,0.0091,Low,Standard engagement / newsletter
CUST01323,At Risk,87.0,8.0,400.53,50.07,7.0,394,0,0.2114,Low,Standard engagement / newsletter
CUST01324,Loyal Customers,21.0,5.0,355.61,71.12,10.0,280,0,0.1721,Low,Standard engagement / newsletter
CUST01325,At Risk,79.0,18.0,1066.12,59.23,12.0,692,0,0.003,Low,Standard engagement / newsletter
CUST01326,Champions,2.0,17.0,1116.84,65.7,15.0,579,0,0.0026,Low,Upsell / referral program invite
CUST01327,Champions,8.0,22.0,1220.74,55.49,15.0,697,0,0.0116,Low,Upsell / referral program invite
CUST01328,At Risk,58.0,7.0,305.09999999999997,43.59,8.0,483,0,0.1919,Low,Standard engagement / newsletter
CUST01329,Hibernating,96.0,1.0,42.38,42.38,3.0,342,1,0.9812,High,Send targeted discount / re-engagement email
CUST01330,Hibernating,82.0,4.0,191.84,47.96,6.0,312,0,0.3268,Low,Standard engagement / newsletter
CUST01331,New Customers,4.0,2.0,68.09,34.04,7.0,60,0,0.0003,Low,Standard engagement / newsletter
CUST01332,Others,34.0,4.0,343.76,85.94,8.0,293,0,0.0474,Low,Standard engagement / newsletter
CUST01333,Champions,2.0,10.0,461.56,46.16,13.0,601,0,0.0711,Low,Upsell / referral program invite
CUST01334,Hibernating,121.0,1.0,23.98,23.98,3.0,364,1,0.9488,High,Send targeted discount / re-engagement email
CUST01335,Champions,15.0,11.0,477.51,43.41,12.0,264,0,0.0392,Low,Upsell / referral program invite
CUST01336,At Risk,72.0,22.0,1590.83,72.31,12.0,601,0,0.0021,Low,Standard engagement / newsletter
CUST01337,Champions,6.0,14.0,547.82,39.13,13.0,460,0,0.0118,Low,Upsell / referral program invite
CUST01338,Others,63.0,6.0,240.21,40.04,7.0,392,0,0.5031,Medium,Monitor + include in nurture campaign
CUST01339,Others,37.0,3.0,244.41,81.47,8.0,143,0,0.1151,Low,Standard engagement / newsletter
CUST01340,Champions,5.0,29.0,2018.32,69.6,15.0,681,0,0.0021,Low,Upsell / referral program invite
CUST01341,Hibernating,101.0,4.0,143.95,35.99,5.0,334,1,0.7371,High,Send targeted discount / re-engagement email
CUST01342,Hibernating,3.0,0.0,0.0,0.0,1.0,3,0,0.0097,Low,Standard engagement / newsletter
CUST01343,Loyal Customers,30.0,30.0,2378.09,79.27,13.0,700,0,0.0016,Low,Standard engagement / newsletter
CUST01344,Champions,3.0,12.0,494.12,41.18,13.0,699,0,0.4639,Medium,Monitor + include in nurture campaign
CUST01345,New Customers,23.0,4.0,142.05,35.51,8.0,50,0,0.0152,Low,Standard engagement / newsletter
CUST01346,Champions,10.0,29.0,2139.1,73.76,14.0,642,0,0.0018,Low,Upsell / referral program invite
CUST01347,Champions,12.0,18.0,1104.09,61.34,14.0,368,0,0.0024,Low,Upsell / referral program invite
CUST01348,New Customers,20.0,1.0,47.41,47.41,6.0,41,0,0.0072,Low,Standard engagement / newsletter
CUST01349,Hibernating,9.0,0.0,0.0,0.0,1.0,9,0,0.0084,Low,Standard engagement / newsletter
CUST01350,Loyal Customers,24.0,27.0,1869.82,69.25,13.0,728,0,0.0007,Low,Standard engagement / newsletter
CUST01351,Hibernating,46.0,2.0,132.29000000000002,66.15,5.0,281,0,0.4843,Medium,Monitor + include in nurture campaign
CUST01352,At Risk,68.0,14.0,682.89,48.78,10.0,714,0,0.7023,High,Send targeted discount / re-engagement email
CUST01353,Champions,23.0,16.0,963.7,60.23,14.0,607,0,0.0179,Low,Upsell / referral program invite
CUST01354,Champions,5.0,15.0,621.3,41.42,14.0,455,0,0.0119,Low,Upsell / referral program invite
CUST01355,Loyal Customers,24.0,16.0,896.77,56.05,13.0,663,0,0.2577,Low,Standard engagement / newsletter
CUST01356,Hibernating,74.0,3.0,60.78,20.26,5.0,348,0,0.1609,Low,Standard engagement / newsletter
CUST01357,Hibernating,82.0,1.0,15.44,15.44,4.0,85,0,0.0081,Low,Standard engagement / newsletter
CUST01358,Hibernating,45.0,4.0,152.57,38.14,6.0,183,0,0.1167,Low,Standard engagement / newsletter
CUST01359,Hibernating,15.0,0.0,0.0,0.0,1.0,15,0,0.0065,Low,Standard engagement / newsletter
CUST01360,Hibernating,66.0,3.0,144.9,48.3,6.0,451,0,0.7929,High,Send targeted discount / re-engagement email
CUST01361,Hibernating,46.0,0.0,0.0,0.0,1.0,46,0,0.0098,Low,Standard engagement / newsletter
CUST01362,Hibernating,139.0,2.0,81.44,40.72,3.0,219,1,0.8182,High,Send targeted discount / re-engagement email
CUST01363,Hibernating,69.0,4.0,193.8,48.45,6.0,326,0,0.339,Medium,Monitor + include in nurture campaign
CUST01364,Hibernating,68.0,3.0,217.24,72.41,6.0,689,0,0.1919,Low,Standard engagement / newsletter
CUST01365,At Risk,68.0,6.0,304.94,50.82,8.0,633,0,0.2596,Low,Standard engagement / newsletter
CUST01366,Loyal Customers,33.0,5.0,301.99,60.4,9.0,367,0,0.4106,Medium,Monitor + include in nurture campaign
CUST01367,Hibernating,8.0,0.0,0.0,0.0,1.0,8,0,0.0202,Low,Standard engagement / newsletter
CUST01368,Champions,11.0,34.0,2389.66,70.28,14.0,619,0,0.0028,Low,Upsell / referral program invite
CUST01369,Hibernating,45.0,2.0,100.15,50.08,4.0,52,0,0.0016,Low,Standard engagement / newsletter
CUST01370,Promising,27.0,4.0,74.12,18.53,6.0,392,0,0.3398,Medium,Monitor + include in nurture campaign
CUST01371,At Risk,244.0,9.0,354.19,39.35,8.0,480,1,0.8112,High,Send targeted discount / re-engagement email
CUST01372,Loyal Customers,30.0,18.0,1273.61,70.76,13.0,400,0,0.0004,Low,Standard engagement / newsletter
CUST01373,Promising,40.0,3.0,121.55000000000001,40.52,7.0,331,0,0.2718,Low,Standard engagement / newsletter
CUST01374,Champions,5.0,27.0,2120.6,78.54,15.0,482,0,0.0005,Low,Upsell / referral program invite
CUST01375,Others,25.0,4.0,295.22,73.81,8.0,336,0,0.1957,Low,Standard engagement / newsletter
CUST01376,Others,2.0,7.0,206.07,29.44,10.0,173,0,0.0199,Low,Standard engagement / newsletter
CUST01377,At Risk,60.0,6.0,365.14,60.86,8.0,303,0,0.0649,Low,Standard engagement / newsletter
CUST01378,At Risk,45.0,15.0,923.74,61.58,12.0,437,0,0.0193,Low,Standard engagement / newsletter
CUST01379,Others,10.0,5.0,162.53,32.51,9.0,371,0,0.4071,Medium,Monitor + include in nurture campaign
CUST01380,At Risk,236.0,6.0,374.63,62.44,7.0,714,1,0.9158,High,Send targeted discount / re-engagement email
CUST01381,Hibernating,71.0,0.0,0.0,0.0,1.0,71,0,0.0147,Low,Standard engagement / newsletter
CUST01382,At Risk,56.0,12.0,792.0,66.0,10.0,293,0,0.0123,Low,Standard engagement / newsletter
CUST01383,Others,57.0,5.0,168.43,33.69,7.0,445,0,0.1785,Low,Standard engagement / newsletter
CUST01384,Loyal Customers,26.0,19.0,932.88,49.1,13.0,715,0,0.0211,Low,Standard engagement / newsletter
CUST01385,Hibernating,222.0,1.0,33.62,33.62,3.0,327,1,0.9298,High,Send targeted discount / re-engagement email
CUST01386,Hibernating,430.0,0.0,0.0,0.0,1.0,430,1,0.9969,High,Send targeted discount / re-engagement email
CUST01387,Promising,24.0,1.0,112.11,112.11,6.0,91,0,0.0043,Low,Standard engagement / newsletter
CUST01388,Loyal Customers,15.0,6.0,383.28000000000003,63.88,10.0,591,0,0.5713,Medium,Monitor + include in nurture campaign
CUST01389,At Risk,116.0,9.0,557.98,62.0,9.0,516,1,0.0298,Low,Standard engagement / newsletter
CUST01390,Loyal Customers,30.0,7.0,475.45,67.92,10.0,300,0,0.0196,Low,Standard engagement / newsletter
CUST01391,Champions,2.0,39.0,2957.64,75.84,15.0,669,0,0.0009,Low,Upsell / referral program invite
CUST01392,Champions,15.0,10.0,501.45,50.14,12.0,532,0,0.147,Low,Upsell / referral program invite
CUST01393,New Customers,21.0,1.0,31.27,31.27,6.0,162,0,0.1731,Low,Standard engagement / newsletter
CUST01394,Hibernating,2.0,0.0,0.0,0.0,1.0,2,0,0.0056,Low,Standard engagement / newsletter
CUST01395,Others,46.0,3.0,270.14,90.05,7.0,110,0,0.0059,Low,Standard engagement / newsletter
CUST01396,Hibernating,150.0,1.0,101.66,101.66,3.0,255,1,0.9382,High,Send targeted discount / re-engagement email
CUST01397,Hibernating,59.0,0.0,0.0,0.0,1.0,59,0,0.0052,Low,Standard engagement / newsletter
CUST01398,Hibernating,91.0,2.0,69.45,34.72,3.0,696,1,0.9829,High,Send targeted discount / re-engagement email
CUST01399,Hibernating,94.0,2.0,134.43,67.22,4.0,102,1,0.8955,High,Send targeted discount / re-engagement email
CUST01400,Lost,102.0,4.0,333.05,83.26,6.0,129,1,0.7743,High,Send targeted discount / re-engagement email
CUST01401,Hibernating,246.0,1.0,50.81,50.81,3.0,258,1,0.8596,High,Send targeted discount / re-engagement email
CUST01402,Hibernating,47.0,2.0,106.3,53.15,4.0,512,0,0.644,Medium,Monitor + include in nurture campaign
CUST01403,Champions,13.0,19.0,1159.75,61.04,14.0,584,0,0.0114,Low,Upsell / referral program invite
CUST01404,Hibernating,18.0,0.0,0.0,0.0,1.0,18,0,0.0052,Low,Standard engagement / newsletter
CUST01405,Hibernating,194.0,0.0,0.0,0.0,1.0,194,1,0.9984,High,Send targeted discount / re-engagement email
CUST01406,Hibernating,79.0,3.0,78.00999999999999,26.0,5.0,220,0,0.1819,Low,Standard engagement / newsletter
CUST01407,At Risk,152.0,7.0,273.04,39.01,7.0,586,1,0.8508,High,Send targeted discount / re-engagement email
CUST01408,Loyal Customers,26.0,8.0,252.48000000000002,31.56,9.0,279,0,0.0263,Low,Standard engagement / newsletter
CUST01409,Lost,176.0,4.0,246.63,61.66,6.0,568,1,0.4415,Medium,Monitor + include in nurture campaign
CUST01410,Others,34.0,4.0,274.23,68.56,8.0,182,0,0.0583,Low,Standard engagement / newsletter
CUST01411,Hibernating,471.0,0.0,0.0,0.0,1.0,471,1,0.9983,High,Send targeted discount / re-engagement email
CUST01412,Hibernating,47.0,2.0,81.25,40.62,4.0,603,0,0.4285,Medium,Monitor + include in nurture campaign
CUST01413,Hibernating,23.0,0.0,0.0,0.0,1.0,23,0,0.0126,Low,Standard engagement / newsletter
CUST01414,Champions,20.0,22.0,1065.51,48.43,14.0,654,0,0.0039,Low,Upsell / referral program invite
CUST01415,At Risk,80.0,13.0,672.26,51.71,10.0,509,0,0.0395,Low,Standard engagement / newsletter
CUST01416,Hibernating,67.0,2.0,131.70999999999998,65.85,5.0,129,0,0.0644,Low,Standard engagement / newsletter
CUST01417,Hibernating,195.0,0.0,0.0,0.0,1.0,195,1,0.9972,High,Send targeted discount / re-engagement email
CUST01418,New Customers,16.0,2.0,113.33,56.66,7.0,41,0,0.0035,Low,Standard engagement / newsletter
CUST01419,Loyal Customers,12.0,8.0,277.2,34.65,10.0,380,0,0.0836,Low,Standard engagement / newsletter
CUST01420,Champions,7.0,31.0,1591.97,51.35,15.0,512,0,0.0022,Low,Upsell / referral program invite
CUST01421,Promising,38.0,1.0,34.98,34.98,5.0,128,0,0.6899,High,Send targeted discount / re-engagement email
CUST01422,Hibernating,76.0,2.0,67.19,33.6,4.0,162,0,0.2263,Low,Standard engagement / newsletter
CUST01423,New Customers,5.0,1.0,38.42,38.42,7.0,19,0,0.0046,Low,Standard engagement / newsletter
CUST01424,Loyal Customers,6.0,8.0,421.08000000000004,52.64,12.0,554,0,0.1345,Low,Standard engagement / newsletter
CUST01425,Promising,36.0,2.0,55.910000000000004,27.96,5.0,612,0,0.4512,Medium,Monitor + include in nurture campaign
CUST01426,Hibernating,65.0,3.0,162.97,54.32,6.0,136,0,0.0791,Low,Standard engagement / newsletter
CUST01427,Champions,3.0,15.0,602.3,40.15,14.0,613,0,0.0149,Low,Upsell / referral program invite
CUST01428,New Customers,10.0,3.0,178.44,59.48,8.0,226,0,0.0366,Low,Standard engagement / newsletter
CUST01429,Hibernating,176.0,1.0,46.74,46.74,3.0,307,1,0.941,High,Send targeted discount / re-engagement email
CUST01430,Promising,31.0,3.0,159.01999999999998,53.01,7.0,234,0,0.262,Low,Standard engagement / newsletter
CUST01431,Loyal Customers,24.0,6.0,334.78999999999996,55.8,9.0,143,0,0.0279,Low,Standard engagement / newsletter
CUST01432,Hibernating,81.0,3.0,171.24,57.08,6.0,115,0,0.0095,Low,Standard engagement / newsletter
CUST01433,At Risk,199.0,9.0,404.53999999999996,44.95,8.0,652,1,0.8334,High,Send targeted discount / re-engagement email
CUST01434,New Customers,2.0,4.0,167.57999999999998,41.9,9.0,58,0,0.0023,Low,Standard engagement / newsletter
CUST01435,At Risk,75.0,5.0,254.62,50.92,8.0,289,0,0.1137,Low,Standard engagement / newsletter
CUST01436,New Customers,17.0,1.0,77.9,77.9,6.0,18,0,0.0179,Low,Standard engagement / newsletter
CUST01437,Promising,37.0,2.0,112.27000000000001,56.14,6.0,455,0,0.4758,Medium,Monitor + include in nurture campaign
CUST01438,At Risk,61.0,15.0,1063.46,70.9,12.0,480,0,0.0064,Low,Standard engagement / newsletter
CUST01439,Loyal Customers,24.0,8.0,578.5,72.31,10.0,366,0,0.0221,Low,Standard engagement / newsletter
CUST01440,Hibernating,157.0,3.0,100.78,33.59,4.0,375,1,0.7871,High,Send targeted discount / re-engagement email
CUST01441,New Customers,18.0,2.0,55.730000000000004,27.86,6.0,43,0,0.0029,Low,Standard engagement / newsletter
CUST01442,Lost,114.0,5.0,219.19,43.84,6.0,314,1,0.7795,High,Send targeted discount / re-engagement email
CUST01443,Loyal Customers,15.0,7.0,507.52,72.5,11.0,435,0,0.0388,Low,Standard engagement / newsletter
CUST01444,Hibernating,69.0,1.0,79.32,79.32,4.0,276,0,0.943,High,Send targeted discount / re-engagement email
CUST01445,Loyal Customers,37.0,9.0,699.19,77.69,11.0,410,0,0.0091,Low,Standard engagement / newsletter
CUST01446,Loyal Customers,36.0,7.0,347.12,49.59,9.0,506,0,0.2277,Low,Standard engagement / newsletter
CUST01447,Hibernating,33.0,0.0,0.0,0.0,1.0,33,0,0.0062,Low,Standard engagement / newsletter
CUST01448,At Risk,52.0,16.0,969.31,60.58,12.0,692,0,0.0353,Low,Standard engagement / newsletter
CUST01449,Loyal Customers,26.0,10.0,607.71,60.77,11.0,437,0,0.0325,Low,Standard engagement / newsletter
CUST01450,At Risk,55.0,38.0,2430.13,63.95,12.0,683,0,0.0012,Low,Standard engagement / newsletter
CUST01451,New Customers,2.0,2.0,76.14,38.07,7.0,80,0,0.0026,Low,Standard engagement / newsletter
CUST01452,Loyal Customers,26.0,7.0,339.40000000000003,48.49,9.0,486,0,0.2566,Low,Standard engagement / newsletter
CUST01453,Loyal Customers,2.0,8.0,381.03,47.63,11.0,296,0,0.1005,Low,Standard engagement / newsletter
CUST01454,New Customers,6.0,3.0,287.26,95.75,10.0,34,0,0.002,Low,Standard engagement / newsletter
CUST01455,At Risk,60.0,20.0,1006.0699999999999,50.3,12.0,693,0,0.0045,Low,Standard engagement / newsletter
CUST01456,Champions,14.0,12.0,624.73,52.06,12.0,420,0,0.1398,Low,Upsell / referral program invite
CUST01457,Hibernating,200.0,2.0,43.37,21.68,3.0,374,1,0.9177,High,Send targeted discount / re-engagement email
CUST01458,New Customers,12.0,1.0,21.63,21.63,6.0,40,0,0.0031,Low,Standard engagement / newsletter
CUST01459,Loyal Customers,38.0,5.0,250.56,50.11,9.0,556,0,0.3924,Medium,Monitor + include in nurture campaign
CUST01460,Hibernating,87.0,3.0,112.38,37.46,5.0,662,0,0.423,Medium,Monitor + include in nurture campaign
CUST01461,Lost,189.0,7.0,139.63,19.95,6.0,489,1,0.8509,High,Send targeted discount / re-engagement email
CUST01462,Hibernating,69.0,1.0,30.77,30.77,4.0,151,0,0.6796,High,Send targeted discount / re-engagement email
CUST01463,Champions,4.0,27.0,1936.6399999999999,71.73,15.0,515,0,0.0031,Low,Upsell / referral program invite
CUST01464,Champions,23.0,24.0,1735.43,72.31,14.0,600,0,0.0025,Low,Upsell / referral program invite
CUST01465,At Risk,85.0,7.0,390.3,55.76,8.0,527,0,0.1809,Low,Standard engagement / newsletter
CUST01466,Hibernating,97.0,0.0,0.0,0.0,1.0,97,1,0.9808,High,Send targeted discount / re-engagement email
CUST01467,Champions,23.0,21.0,940.81,44.8,14.0,499,0,0.0164,Low,Upsell / referral program invite
CUST01468,At Risk,96.0,18.0,1021.04,56.72,11.0,506,1,0.02,Low,Standard engagement / newsletter
CUST01469,Others,5.0,5.0,228.17000000000002,45.63,10.0,182,0,0.0479,Low,Standard engagement / newsletter
CUST01470,Champions,5.0,24.0,1556.45,64.85,15.0,681,0,0.0027,Low,Upsell / referral program invite
CUST01471,Hibernating,597.0,0.0,0.0,0.0,1.0,597,1,0.9979,High,Send targeted discount / re-engagement email
CUST01472,New Customers,6.0,3.0,341.23,113.74,10.0,62,0,0.0013,Low,Standard engagement / newsletter
CUST01473,New Customers,7.0,4.0,213.73000000000002,53.43,9.0,129,0,0.0208,Low,Standard engagement / newsletter
CUST01474,Champions,23.0,10.0,734.88,73.49,12.0,372,0,0.0359,Low,Upsell / referral program invite
CUST01475,Promising,31.0,1.0,56.15,56.15,5.0,76,0,0.007,Low,Standard engagement / newsletter
CUST01476,Loyal Customers,39.0,17.0,829.56,48.8,12.0,528,0,0.0203,Low,Standard engagement / newsletter
CUST01477,At Risk,178.0,8.0,347.70000000000005,43.46,7.0,455,1,0.6157,Medium,Monitor + include in nurture campaign
CUST01478,Others,75.0,6.0,181.39000000000001,30.23,7.0,613,0,0.2347,Low,Standard engagement / newsletter
CUST01479,At Risk,67.0,12.0,610.58,50.88,10.0,378,0,0.045,Low,Standard engagement / newsletter
CUST01480,Loyal Customers,15.0,6.0,374.1,62.35,10.0,621,0,0.5884,Medium,Monitor + include in nurture campaign
CUST01481,At Risk,183.0,13.0,734.03,56.46,9.0,669,1,0.8426,High,Send targeted discount / re-engagement email
CUST01482,Champions,8.0,25.0,1948.59,77.94,15.0,539,0,0.0018,Low,Upsell / referral program invite
CUST01483,Promising,36.0,2.0,129.78,64.89,7.0,57,0,0.0052,Low,Standard engagement / newsletter
CUST01484,Champions,15.0,25.0,1808.88,72.36,14.0,456,0,0.0008,Low,Upsell / referral program invite
CUST01485,New Customers,2.0,1.0,82.0,82.0,7.0,9,0,0.0015,Low,Standard engagement / newsletter
CUST01486,New Customers,5.0,2.0,124.1,62.05,9.0,23,0,0.0027,Low,Standard engagement / newsletter
CUST01487,Loyal Customers,5.0,7.0,328.13,46.88,11.0,491,0,0.2274,Low,Standard engagement / newsletter
CUST01488,New Customers,6.0,3.0,314.56,104.85,10.0,74,0,0.001,Low,Standard engagement / newsletter
CUST01489,Hibernating,109.0,0.0,0.0,0.0,1.0,109,1,0.9815,High,Send targeted discount / re-engagement email
CUST01490,Loyal Customers,25.0,16.0,1455.79,90.99,13.0,496,0,0.0098,Low,Standard engagement / newsletter
CUST01491,Loyal Customers,30.0,10.0,476.49,47.65,11.0,286,0,0.0588,Low,Standard engagement / newsletter
CUST01492,Hibernating,55.0,3.0,105.25,35.08,5.0,160,0,0.0215,Low,Standard engagement / newsletter
CUST01493,Champions,17.0,21.0,996.94,47.47,14.0,638,0,0.0062,Low,Upsell / referral program invite
CUST01494,Champions,2.0,10.0,470.45,47.04,13.0,281,0,0.0694,Low,Upsell / referral program invite
CUST01495,New Customers,11.0,2.0,58.78,29.39,7.0,243,0,0.2671,Low,Standard engagement / newsletter
CUST01496,Champions,13.0,11.0,713.57,64.87,12.0,402,0,0.0238,Low,Upsell / referral program invite
CUST01497,Hibernating,604.0,0.0,0.0,0.0,1.0,604,1,0.9972,High,Send targeted discount / re-engagement email
CUST01498,Champions,18.0,16.0,913.79,57.11,14.0,247,0,0.0029,Low,Upsell / referral program invite
CUST01499,At Risk,116.0,17.0,857.06,50.42,11.0,691,1,0.8422,High,Send targeted discount / re-engagement email
CUST01500,Loyal Customers,2.0,11.0,400.6,36.42,12.0,674,0,0.1713,Low,Standard engagement / newsletter
CUST01501,Loyal Customers,32.0,28.0,2064.34,73.73,13.0,522,0,0.0008,Low,Standard engagement / newsletter
CUST01502,At Risk,63.0,20.0,1432.34,71.62,12.0,515,0,0.0011,Low,Standard engagement / newsletter
CUST01503,Hibernating,88.0,4.0,99.99,25.0,4.0,617,0,0.1791,Low,Standard engagement / newsletter
CUST01504,Hibernating,252.0,1.0,17.57,17.57,3.0,343,1,0.9923,High,Send targeted discount / re-engagement email
CUST01505,Hibernating,43.0,4.0,167.16,41.79,6.0,594,0,0.335,Medium,Monitor + include in nurture campaign
CUST01506,Loyal Customers,1.0,6.0,368.09,61.35,11.0,493,0,0.2953,Low,Standard engagement / newsletter
CUST01507,New Customers,3.0,2.0,103.80000000000001,51.9,8.0,44,0,0.002,Low,Standard engagement / newsletter
CUST01508,Champions,21.0,16.0,983.51,61.47,14.0,551,0,0.003,Low,Upsell / referral program invite
CUST01509,At Risk,60.0,8.0,413.88,51.74,8.0,572,0,0.1292,Low,Standard engagement / newsletter
CUST01510,Loyal Customers,36.0,11.0,610.05,55.46,11.0,491,0,0.0349,Low,Standard engagement / newsletter
CUST01511,New Customers,16.0,2.0,83.49000000000001,41.74,7.0,27,0,0.0029,Low,Standard engagement / newsletter
CUST01512,Hibernating,332.0,0.0,0.0,0.0,1.0,332,1,0.9944,High,Send targeted discount / re-engagement email
CUST01513,Hibernating,160.0,1.0,50.68,50.68,3.0,162,1,0.9151,High,Send targeted discount / re-engagement email
CUST01514,Hibernating,270.0,1.0,47.35,47.35,3.0,476,1,0.9601,High,Send targeted discount / re-engagement email
CUST01515,Hibernating,72.0,0.0,0.0,0.0,1.0,72,0,0.005,Low,Standard engagement / newsletter
CUST01516,Hibernating,139.0,0.0,0.0,0.0,1.0,139,1,0.9882,High,Send targeted discount / re-engagement email
CUST01517,Champions,5.0,16.0,807.85,50.49,14.0,695,0,0.2122,Low,Upsell / referral program invite
CUST01518,Hibernating,156.0,2.0,90.13,45.06,4.0,206,1,0.7581,High,Send targeted discount / re-engagement email
CUST01519,Champions,15.0,9.0,502.14,55.79,12.0,286,0,0.0165,Low,Upsell / referral program invite
CUST01520,Loyal Customers,40.0,11.0,453.53,41.23,11.0,588,0,0.1346,Low,Standard engagement / newsletter
CUST01521,Hibernating,153.0,1.0,38.44,38.44,3.0,206,1,0.9076,High,Send targeted discount / re-engagement email
CUST01522,Hibernating,43.0,0.0,0.0,0.0,1.0,43,0,0.0058,Low,Standard engagement / newsletter
CUST01523,New Customers,1.0,2.0,130.31,65.16,9.0,26,0,0.0015,Low,Standard engagement / newsletter
CUST01524,Others,13.0,5.0,196.0,39.2,9.0,235,0,0.0746,Low,Standard engagement / newsletter
CUST01525,Loyal Customers,31.0,6.0,334.15,55.69,9.0,418,0,0.5677,Medium,Monitor + include in nurture campaign
CUST01526,At Risk,51.0,36.0,2345.39,65.15,12.0,703,0,0.0063,Low,Standard engagement / newsletter
CUST01527,Hibernating,15.0,0.0,0.0,0.0,1.0,15,0,0.0074,Low,Standard engagement / newsletter
CUST01528,Others,62.0,7.0,218.26,31.18,7.0,623,0,0.1982,Low,Standard engagement / newsletter
CUST01529,Hibernating,98.0,4.0,196.78,49.2,5.0,310,1,0.6411,Medium,Monitor + include in nurture campaign
CUST01530,New Customers,22.0,1.0,38.85,38.85,6.0,34,0,0.0093,Low,Standard engagement / newsletter
CUST01531,At Risk,47.0,5.0,453.65,90.73,9.0,277,0,0.0555,Low,Standard engagement / newsletter
CUST01532,Hibernating,312.0,0.0,0.0,0.0,1.0,312,1,0.9963,High,Send targeted discount / re-engagement email
CUST01533,Loyal Customers,28.0,15.0,698.53,46.57,12.0,399,0,0.0273,Low,Standard engagement / newsletter
CUST01534,Hibernating,396.0,1.0,132.81,132.81,4.0,669,1,0.9272,High,Send targeted discount / re-engagement email
CUST01535,Hibernating,74.0,1.0,80.01,80.01,4.0,137,0,0.7199,High,Send targeted discount / re-engagement email
CUST01536,Loyal Customers,42.0,14.0,1012.43,72.32,12.0,236,0,0.001,Low,Standard engagement / newsletter
CUST01537,New Customers,17.0,3.0,60.349999999999994,20.12,7.0,286,0,0.1073,Low,Standard engagement / newsletter
CUST01538,At Risk,53.0,22.0,1320.3,60.01,12.0,505,0,0.0011,Low,Standard engagement / newsletter
CUST01539,Promising,36.0,1.0,17.85,17.85,5.0,130,0,0.1991,Low,Standard engagement / newsletter
CUST01540,New Customers,1.0,4.0,220.49,55.12,9.0,43,0,0.0014,Low,Standard engagement / newsletter
CUST01541,New Customers,1.0,1.0,101.0,101.0,7.0,32,0,0.0018,Low,Standard engagement / newsletter
CUST01542,Loyal Customers,41.0,8.0,403.15,50.39,10.0,358,0,0.2339,Low,Standard engagement / newsletter
CUST01543,Loyal Customers,10.0,8.0,310.34,38.79,11.0,310,0,0.109,Low,Standard engagement / newsletter
CUST01544,Hibernating,44.0,1.0,43.16,43.16,4.0,52,0,0.0078,Low,Standard engagement / newsletter
CUST01545,Hibernating,85.0,0.0,0.0,0.0,1.0,85,0,0.0052,Low,Standard engagement / newsletter
CUST01546,New Customers,12.0,4.0,387.69000000000005,96.92,9.0,264,0,0.0327,Low,Standard engagement / newsletter
CUST01547,Loyal Customers,39.0,5.0,360.61,72.12,9.0,309,0,0.0353,Low,Standard engagement / newsletter
CUST01548,At Risk,68.0,7.0,480.69,68.67,9.0,367,0,0.0079,Low,Standard engagement / newsletter
CUST01549,Champions,2.0,8.0,447.74,55.97,13.0,167,0,0.0057,Low,Upsell / referral program invite
CUST01550,Loyal Customers,35.0,11.0,494.40999999999997,44.95,11.0,537,0,0.025,Low,Standard engagement / newsletter
CUST01551,Hibernating,121.0,2.0,167.20999999999998,83.6,5.0,488,1,0.9492,High,Send targeted discount / re-engagement email
CUST01552,At Risk,172.0,12.0,478.93,39.91,9.0,705,1,0.8278,High,Send targeted discount / re-engagement email
CUST01553,Champions,1.0,16.0,940.47,58.78,15.0,495,0,0.0158,Low,Upsell / referral program invite
CUST01554,Loyal Customers,36.0,17.0,760.35,44.73,12.0,671,0,0.0905,Low,Standard engagement / newsletter
CUST01555,Hibernating,31.0,0.0,0.0,0.0,1.0,31,0,0.0098,Low,Standard engagement / newsletter
CUST01556,Champions,20.0,8.0,571.29,71.41,12.0,430,0,0.0129,Low,Upsell / referral program invite
CUST01557,Champions,16.0,30.0,2214.47,73.82,14.0,656,0,0.0032,Low,Upsell / referral program invite
CUST01558,At Risk,48.0,7.0,251.97,36.0,8.0,377,0,0.1186,Low,Standard engagement / newsletter
CUST01559,At Risk,66.0,9.0,368.83,40.98,9.0,687,0,0.4692,Medium,Monitor + include in nurture campaign
CUST01560,Champions,5.0,31.0,2247.59,72.5,15.0,694,0,0.0008,Low,Upsell / referral program invite
CUST01561,Hibernating,281.0,2.0,45.269999999999996,22.64,4.0,648,1,0.9688,High,Send targeted discount / re-engagement email
CUST01562,Hibernating,53.0,4.0,168.28,42.07,6.0,547,0,0.4398,Medium,Monitor + include in nurture campaign
CUST01563,At Risk,108.0,11.0,592.0600000000001,53.82,9.0,703,1,0.5677,Medium,Monitor + include in nurture campaign
CUST01564,At Risk,74.0,9.0,502.22,55.8,10.0,498,0,0.5512,Medium,Monitor + include in nurture campaign
CUST01565,At Risk,103.0,13.0,816.59,62.81,9.0,656,1,0.7551,High,Send targeted discount / re-engagement email
CUST01566,Hibernating,54.0,0.0,0.0,0.0,1.0,54,0,0.0039,Low,Standard engagement / newsletter
CUST01567,Promising,35.0,1.0,72.9,72.9,5.0,52,0,0.0021,Low,Standard engagement / newsletter
CUST01568,Promising,29.0,3.0,118.67000000000002,39.56,7.0,289,0,0.1431,Low,Standard engagement / newsletter
CUST01569,Champions,5.0,10.0,621.03,62.1,13.0,393,0,0.0374,Low,Upsell / referral program invite
CUST01570,New Customers,3.0,2.0,85.36,42.68,8.0,83,0,0.0098,Low,Standard engagement / newsletter
CUST01571,Champions,2.0,23.0,2008.6699999999998,87.33,15.0,391,0,0.0025,Low,Upsell / referral program invite
CUST01572,Others,61.0,5.0,171.67,34.33,7.0,556,0,0.2518,Low,Standard engagement / newsletter
CUST01573,New Customers,11.0,4.0,258.67,64.67,9.0,134,0,0.0141,Low,Standard engagement / newsletter
CUST01574,Champions,18.0,39.0,2650.6,67.96,14.0,719,0,0.0021,Low,Upsell / referral program invite
CUST01575,New Customers,19.0,1.0,41.86,41.86,6.0,23,0,0.0029,Low,Standard engagement / newsletter
CUST01576,Promising,27.0,3.0,136.65,45.55,7.0,78,0,0.0026,Low,Standard engagement / newsletter
CUST01577,At Risk,204.0,8.0,311.26,38.91,8.0,642,1,0.9094,High,Send targeted discount / re-engagement email
CUST01578,New Customers,11.0,1.0,23.01,23.01,6.0,115,0,0.1087,Low,Standard engagement / newsletter
CUST01579,Hibernating,101.0,0.0,0.0,0.0,1.0,101,1,0.9628,High,Send targeted discount / re-engagement email
CUST01580,At Risk,84.0,16.0,878.73,54.92,12.0,589,0,0.2207,Low,Standard engagement / newsletter
CUST01581,Hibernating,198.0,0.0,0.0,0.0,1.0,198,1,0.9932,High,Send targeted discount / re-engagement email
CUST01582,Loyal Customers,24.0,5.0,296.95,59.39,9.0,201,0,0.0264,Low,Standard engagement / newsletter
CUST01583,At Risk,46.0,19.0,876.12,46.11,12.0,572,0,0.0499,Low,Standard engagement / newsletter
CUST01584,At Risk,43.0,11.0,541.6,49.24,10.0,403,0,0.0552,Low,Standard engagement / newsletter
CUST01585,New Customers,3.0,3.0,186.78,62.26,9.0,41,0,0.0021,Low,Standard engagement / newsletter
CUST01586,Promising,37.0,2.0,83.06,41.53,6.0,192,0,0.502,Medium,Monitor + include in nurture campaign
CUST01587,At Risk,58.0,8.0,416.19,52.02,9.0,335,0,0.0747,Low,Standard engagement / newsletter
CUST01588,Hibernating,670.0,0.0,0.0,0.0,1.0,670,1,0.9963,High,Send targeted discount / re-engagement email
CUST01589,Promising,27.0,1.0,33.89,33.89,5.0,91,0,0.0042,Low,Standard engagement / newsletter
CUST01590,New Customers,8.0,4.0,318.16,79.54,10.0,76,0,0.0023,Low,Standard engagement / newsletter
CUST01591,Hibernating,72.0,0.0,0.0,0.0,1.0,72,0,0.0061,Low,Standard engagement / newsletter
CUST01592,Hibernating,17.0,0.0,0.0,0.0,1.0,17,0,0.0047,Low,Standard engagement / newsletter
CUST01593,Loyal Customers,29.0,8.0,355.19,44.4,10.0,240,0,0.1017,Low,Standard engagement / newsletter
CUST01594,At Risk,128.0,8.0,474.21999999999997,59.28,9.0,686,1,0.7055,High,Send targeted discount / re-engagement email
CUST01595,Loyal Customers,42.0,11.0,701.22,63.75,11.0,533,0,0.0496,Low,Standard engagement / newsletter
CUST01596,New Customers,12.0,2.0,100.97,50.48,7.0,23,0,0.002,Low,Standard engagement / newsletter
CUST01597,Hibernating,148.0,2.0,95.91,47.96,4.0,426,1,0.8923,High,Send targeted discount / re-engagement email
CUST01598,New Customers,8.0,1.0,73.46,73.46,7.0,13,0,0.0026,Low,Standard engagement / newsletter
CUST01599,Loyal Customers,38.0,7.0,415.69,59.38,9.0,201,0,0.0226,Low,Standard engagement / newsletter
CUST01600,Hibernating,164.0,1.0,55.19,55.19,3.0,211,1,0.7316,High,Send targeted discount / re-engagement email
CUST01601,At Risk,60.0,13.0,692.98,53.31,10.0,690,0,0.557,Medium,Monitor + include in nurture campaign
CUST01602,Loyal Customers,30.0,25.0,1466.7,58.67,13.0,482,0,0.0006,Low,Standard engagement / newsletter
CUST01603,At Risk,70.0,15.0,932.18,62.15,12.0,690,0,0.0852,Low,Standard engagement / newsletter
CUST01604,Champions,13.0,18.0,1171.0,65.06,14.0,312,0,0.0005,Low,Upsell / referral program invite
CUST01605,Loyal Customers,23.0,7.0,300.23,42.89,10.0,437,0,0.0321,Low,Standard engagement / newsletter
CUST01606,Loyal Customers,16.0,8.0,342.88,42.86,11.0,725,0,0.1008,Low,Standard engagement / newsletter
CUST01607,Hibernating,50.0,2.0,96.91999999999999,48.46,5.0,268,0,0.6111,Medium,Monitor + include in nurture campaign
CUST01608,Hibernating,25.0,0.0,0.0,0.0,1.0,25,0,0.0052,Low,Standard engagement / newsletter
CUST01609,Hibernating,94.0,0.0,0.0,0.0,1.0,94,1,0.8327,High,Send targeted discount / re-engagement email
CUST01610,Hibernating,118.0,1.0,77.23,77.23,3.0,125,1,0.5366,Medium,Monitor + include in nurture campaign
CUST01611,Loyal Customers,36.0,10.0,585.59,58.56,11.0,398,0,0.0261,Low,Standard engagement / newsletter
CUST01612,Others,43.0,6.0,240.25,40.04,7.0,672,0,0.5212,Medium,Monitor + include in nurture campaign
CUST01613,Hibernating,394.0,0.0,0.0,0.0,1.0,394,1,0.9964,High,Send targeted discount / re-engagement email
CUST01614,Others,26.0,4.0,305.47,76.37,8.0,116,0,0.0687,Low,Standard engagement / newsletter
CUST01615,Hibernating,63.0,2.0,167.11,83.56,6.0,152,0,0.0964,Low,Standard engagement / newsletter
CUST01616,Promising,27.0,1.0,44.08,44.08,5.0,31,0,0.0094,Low,Standard engagement / newsletter
CUST01617,At Risk,55.0,12.0,516.96,43.08,10.0,402,0,0.1146,Low,Standard engagement / newsletter
CUST01618,At Risk,127.0,14.0,829.03,59.22,9.0,640,1,0.0643,Low,Standard engagement / newsletter
CUST01619,Promising,28.0,3.0,135.95,45.32,7.0,184,0,0.1771,Low,Standard engagement / newsletter
CUST01620,Champions,13.0,36.0,2628.11,73.0,14.0,498,0,0.001,Low,Upsell / referral program invite
CUST01621,Hibernating,21.0,0.0,0.0,0.0,1.0,21,0,0.0073,Low,Standard engagement / newsletter
CUST01622,Others,28.0,4.0,258.81,64.7,8.0,107,0,0.009,Low,Standard engagement / newsletter
CUST01623,Promising,36.0,2.0,155.91,77.96,7.0,234,0,0.643,Medium,Monitor + include in nurture campaign
CUST01624,At Risk,137.0,17.0,870.23,51.19,11.0,601,1,0.8227,High,Send targeted discount / re-engagement email
CUST01625,Loyal Customers,26.0,34.0,2502.5099999999998,73.6,13.0,715,0,0.0019,Low,Standard engagement / newsletter
CUST01626,Loyal Customers,42.0,10.0,536.1999999999999,53.62,11.0,306,0,0.1192,Low,Standard engagement / newsletter
CUST01627,At Risk,54.0,17.0,909.0,53.47,12.0,712,0,0.1958,Low,Standard engagement / newsletter
CUST01628,Loyal Customers,20.0,7.0,326.64,46.66,10.0,356,0,0.1054,Low,Standard engagement / newsletter
CUST01629,Champions,3.0,20.0,1387.15,69.36,15.0,458,0,0.0018,Low,Upsell / referral program invite
CUST01630,Hibernating,57.0,0.0,0.0,0.0,1.0,57,0,0.0102,Low,Standard engagement / newsletter
CUST01631,Hibernating,342.0,1.0,16.31,16.31,3.0,414,1,0.9958,High,Send targeted discount / re-engagement email
CUST01632,Champions,4.0,11.0,599.3,54.48,13.0,535,0,0.0758,Low,Upsell / referral program invite
CUST01633,Hibernating,31.0,0.0,0.0,0.0,1.0,31,0,0.0106,Low,Standard engagement / newsletter
CUST01634,Champions,11.0,29.0,1996.55,68.85,14.0,622,0,0.0011,Low,Upsell / referral program invite
CUST01635,Loyal Customers,4.0,8.0,364.94,45.62,12.0,373,0,0.408,Medium,Monitor + include in nurture campaign
CUST01636,Champions,18.0,24.0,1870.57,77.94,14.0,518,0,0.002,Low,Upsell / referral program invite
CUST01637,New Customers,23.0,4.0,150.51,37.63,8.0,56,0,0.0006,Low,Standard engagement / newsletter
CUST01638,Hibernating,155.0,1.0,47.68,47.68,3.0,726,1,0.9652,High,Send targeted discount / re-engagement email
CUST01639,Hibernating,44.0,1.0,81.47,81.47,4.0,67,0,0.001,Low,Standard engagement / newsletter
CUST01640,Champions,3.0,19.0,1308.79,68.88,15.0,550,0,0.0004,Low,Upsell / referral program invite
CUST01641,At Risk,60.0,10.0,541.83,54.18,10.0,245,0,0.0133,Low,Standard engagement / newsletter
CUST01642,At Risk,49.0,8.0,297.44,37.18,9.0,447,0,0.4844,Medium,Monitor + include in nurture campaign
CUST01643,Promising,37.0,1.0,63.54,63.54,5.0,46,0,0.0043,Low,Standard engagement / newsletter
CUST01644,Loyal Customers,35.0,11.0,559.4,50.85,11.0,571,0,0.225,Low,Standard engagement / newsletter
CUST01645,Hibernating,200.0,2.0,103.49,51.74,4.0,244,1,0.36,Medium,Monitor + include in nurture campaign
CUST01646,Loyal Customers,25.0,9.0,349.26,38.81,10.0,471,0,0.1992,Low,Standard engagement / newsletter
CUST01647,Loyal Customers,33.0,5.0,299.24,59.85,9.0,611,0,0.1336,Low,Standard engagement / newsletter
CUST01648,Others,8.0,5.0,241.24,48.25,10.0,183,0,0.0677,Low,Standard engagement / newsletter
CUST01649,New Customers,22.0,3.0,158.04000000000002,52.68,8.0,175,0,0.1551,Low,Standard engagement / newsletter
CUST01650,Hibernating,128.0,1.0,65.48,65.48,3.0,564,1,0.9914,High,Send targeted discount / re-engagement email
CUST01651,Loyal Customers,1.0,6.0,436.49,72.75,12.0,377,0,0.1063,Low,Standard engagement / newsletter
CUST01652,Hibernating,49.0,1.0,51.25,51.25,4.0,54,0,0.0009,Low,Standard engagement / newsletter
CUST01653,Hibernating,86.0,1.0,22.95,22.95,3.0,126,0,0.3674,Medium,Monitor + include in nurture campaign
CUST01654,Hibernating,208.0,2.0,216.42000000000002,108.21,5.0,322,1,0.941,High,Send targeted discount / re-engagement email
CUST01655,Hibernating,257.0,3.0,148.68,49.56,5.0,470,1,0.6764,High,Send targeted discount / re-engagement email
CUST01656,Loyal Customers,30.0,6.0,365.91,60.99,9.0,124,0,0.0333,Low,Standard engagement / newsletter
CUST01657,Hibernating,47.0,1.0,39.12,39.12,4.0,54,0,0.0016,Low,Standard engagement / newsletter
CUST01658,New Customers,1.0,1.0,62.84,62.84,7.0,27,0,0.0033,Low,Standard engagement / newsletter
CUST01659,Champions,12.0,11.0,483.58,43.96,12.0,362,0,0.1077,Low,Upsell / referral program invite
CUST01660,At Risk,68.0,8.0,375.54999999999995,46.94,9.0,694,0,0.2832,Low,Standard engagement / newsletter
CUST01661,Loyal Customers,36.0,18.0,1350.74,75.04,13.0,460,0,0.0014,Low,Standard engagement / newsletter
CUST01662,Champions,15.0,13.0,580.24,44.63,12.0,506,0,0.112,Low,Upsell / referral program invite
CUST01663,Champions,3.0,10.0,517.65,51.76,13.0,514,0,0.1912,Low,Upsell / referral program invite
CUST01664,Needs Attention,36.0,6.0,185.89000000000001,30.98,8.0,327,0,0.094,Low,Standard engagement / newsletter
CUST01665,Hibernating,15.0,0.0,0.0,0.0,1.0,15,0,0.0043,Low,Standard engagement / newsletter
CUST01666,Promising,41.0,3.0,163.45,54.48,7.0,668,0,0.4647,Medium,Monitor + include in nurture campaign
CUST01667,At Risk,77.0,8.0,324.04,40.51,9.0,686,0,0.5052,Medium,Monitor + include in nurture campaign
CUST01668,New Customers,2.0,4.0,229.01,57.25,9.0,141,0,0.0411,Low,Standard engagement / newsletter
CUST01669,Loyal Customers,3.0,7.0,372.36,53.19,11.0,140,0,0.1201,Low,Standard engagement / newsletter
CUST01670,New Customers,9.0,1.0,122.68,122.68,8.0,63,0,0.0044,Low,Standard engagement / newsletter
CUST01671,At Risk,75.0,31.0,2397.64,77.34,12.0,591,0,0.0004,Low,Standard engagement / newsletter
CUST01672,At Risk,152.0,10.0,517.13,51.71,9.0,643,1,0.6254,Medium,Monitor + include in nurture campaign
CUST01673,Champions,3.0,14.0,950.34,67.88,14.0,563,0,0.0863,Low,Upsell / referral program invite
CUST01674,Loyal Customers,26.0,8.0,318.21999999999997,39.78,10.0,578,0,0.2918,Low,Standard engagement / newsletter
CUST01675,At Risk,45.0,11.0,779.7,70.88,10.0,457,0,0.0202,Low,Standard engagement / newsletter
CUST01676,Champions,1.0,27.0,2128.31,78.83,15.0,509,0,0.0005,Low,Upsell / referral program invite
CUST01677,Loyal Customers,27.0,8.0,557.84,69.73,11.0,376,0,0.0069,Low,Standard engagement / newsletter
CUST01678,Hibernating,206.0,2.0,80.44,40.22,4.0,479,1,0.981,High,Send targeted discount / re-engagement email
CUST01679,Lost,104.0,6.0,146.66,24.44,6.0,512,1,0.8841,High,Send targeted discount / re-engagement email
CUST01680,Champions,10.0,27.0,1895.92,70.22,14.0,444,0,0.0007,Low,Upsell / referral program invite
CUST01681,Promising,25.0,4.0,155.5,38.88,7.0,245,0,0.1069,Low,Standard engagement / newsletter
CUST01682,Hibernating,270.0,2.0,24.86,12.43,4.0,525,1,0.9662,High,Send targeted discount / re-engagement email
CUST01683,New Customers,4.0,3.0,222.25,74.08,9.0,222,0,0.0236,Low,Standard engagement / newsletter
CUST01684,Hibernating,49.0,1.0,63.42,63.42,4.0,90,0,0.0084,Low,Standard engagement / newsletter
CUST01685,Others,81.0,4.0,249.84,62.46,7.0,204,0,0.0385,Low,Standard engagement / newsletter
CUST01686,Champions,6.0,14.0,636.94,45.5,13.0,497,0,0.0254,Low,Upsell / referral program invite
CUST01687,Hibernating,64.0,1.0,31.92,31.92,4.0,108,0,0.0871,Low,Standard engagement / newsletter
CUST01688,At Risk,125.0,9.0,455.06,50.56,9.0,695,1,0.8508,High,Send targeted discount / re-engagement email
CUST01689,At Risk,45.0,7.0,452.59000000000003,64.66,9.0,386,0,0.0165,Low,Standard engagement / newsletter
CUST01690,At Risk,199.0,5.0,302.16999999999996,60.43,7.0,505,1,0.8053,High,Send targeted discount / re-engagement email
CUST01691,At Risk,53.0,12.0,512.63,42.72,10.0,406,0,0.0552,Low,Standard engagement / newsletter
CUST01692,Champions,11.0,8.0,525.08,65.64,12.0,187,0,0.0034,Low,Upsell / referral program invite
CUST01693,Hibernating,193.0,0.0,0.0,0.0,1.0,193,1,0.9978,High,Send targeted discount / re-engagement email
CUST01694,New Customers,5.0,3.0,245.79,81.93,10.0,326,0,0.2015,Low,Standard engagement / newsletter
CUST01695,Others,64.0,6.0,235.5,39.25,7.0,410,0,0.441,Medium,Monitor + include in nurture campaign
CUST01696,At Risk,67.0,8.0,349.24,43.66,9.0,673,0,0.6066,Medium,Monitor + include in nurture campaign
CUST01697,Champions,20.0,13.0,698.8199999999999,53.76,12.0,526,0,0.1277,Low,Upsell / referral program invite
CUST01698,Hibernating,159.0,1.0,59.63,59.63,3.0,174,1,0.92,High,Send targeted discount / re-engagement email
CUST01699,Champions,2.0,32.0,2574.15,80.44,15.0,657,0,0.0007,Low,Upsell / referral program invite
CUST01700,Champions,12.0,13.0,892.4399999999999,68.65,13.0,276,0,0.0029,Low,Upsell / referral program invite
CUST01701,Hibernating,151.0,0.0,0.0,0.0,1.0,151,1,0.9962,High,Send targeted discount / re-engagement email
CUST01702,Champions,1.0,30.0,2062.87,68.76,15.0,696,0,0.0026,Low,Upsell / referral program invite
CUST01703,Loyal Customers,36.0,15.0,672.13,44.81,12.0,636,0,0.1415,Low,Standard engagement / newsletter
CUST01704,Promising,35.0,1.0,75.88,75.88,5.0,37,0,0.0072,Low,Standard engagement / newsletter
CUST01705,Hibernating,233.0,0.0,0.0,0.0,1.0,233,1,0.9941,High,Send targeted discount / re-engagement email
CUST01706,Champions,3.0,8.0,462.99,57.87,13.0,283,0,0.0568,Low,Upsell / referral program invite
CUST01707,Hibernating,32.0,0.0,0.0,0.0,1.0,32,0,0.0053,Low,Standard engagement / newsletter
CUST01708,Hibernating,2.0,0.0,0.0,0.0,1.0,2,0,0.0034,Low,Standard engagement / newsletter
CUST01709,New Customers,16.0,4.0,180.59,45.15,8.0,223,0,0.1157,Low,Standard engagement / newsletter
CUST01710,Hibernating,274.0,4.0,228.8,57.2,5.0,641,1,0.5244,Medium,Monitor + include in nurture campaign
CUST01711,Hibernating,43.0,0.0,0.0,0.0,1.0,43,0,0.0049,Low,Standard engagement / newsletter
CUST01712,Champions,6.0,25.0,1945.92,77.84,15.0,477,0,0.0003,Low,Upsell / referral program invite
CUST01713,Hibernating,239.0,0.0,0.0,0.0,1.0,239,1,0.9847,High,Send targeted discount / re-engagement email
CUST01714,At Risk,137.0,11.0,515.97,46.91,9.0,402,1,0.5142,Medium,Monitor + include in nurture campaign
CUST01715,Hibernating,111.0,1.0,38.5,38.5,3.0,282,1,0.9466,High,Send targeted discount / re-engagement email
CUST01716,Loyal Customers,10.0,6.0,639.51,106.58,11.0,50,0,0.001,Low,Standard engagement / newsletter
CUST01717,At Risk,47.0,8.0,529.26,66.16,10.0,396,0,0.0244,Low,Standard engagement / newsletter
CUST01718,Promising,42.0,3.0,129.12,43.04,7.0,230,0,0.2028,Low,Standard engagement / newsletter
CUST01719,At Risk,59.0,10.0,597.14,59.71,10.0,510,0,0.0814,Low,Standard engagement / newsletter
CUST01720,At Risk,46.0,11.0,661.39,60.13,10.0,312,0,0.0222,Low,Standard engagement / newsletter
CUST01721,Hibernating,107.0,0.0,0.0,0.0,1.0,107,1,0.9877,High,Send targeted discount / re-engagement email
CUST01722,Loyal Customers,34.0,9.0,688.22,76.47,11.0,261,0,0.0116,Low,Standard engagement / newsletter
CUST01723,Hibernating,435.0,2.0,84.78,42.39,4.0,559,1,0.9471,High,Send targeted discount / re-engagement email
CUST01724,Hibernating,491.0,1.0,44.52,44.52,3.0,560,1,0.9606,High,Send targeted discount / re-engagement email
CUST01725,Loyal Customers,33.0,13.0,617.8,47.52,11.0,596,0,0.0504,Low,Standard engagement / newsletter
CUST01726,Loyal Customers,4.0,6.0,296.14,49.36,11.0,140,0,0.0159,Low,Standard engagement / newsletter
CUST01727,Champions,20.0,13.0,772.97,59.46,12.0,491,0,0.0402,Low,Upsell / referral program invite
CUST01728,Needs Attention,27.0,5.0,220.47,44.09,8.0,323,0,0.2806,Low,Standard engagement / newsletter
CUST01729,Champions,3.0,15.0,529.0,35.27,14.0,599,0,0.0165,Low,Upsell / referral program invite
CUST01730,Champions,15.0,28.0,1615.24,57.69,14.0,696,0,0.0136,Low,Upsell / referral program invite
CUST01731,Hibernating,157.0,0.0,0.0,0.0,1.0,157,1,0.988,High,Send targeted discount / re-engagement email
CUST01732,Others,47.0,4.0,254.29000000000002,63.57,7.0,539,0,0.5088,Medium,Monitor + include in nurture campaign
CUST01733,Loyal Customers,36.0,9.0,441.29,49.03,11.0,216,0,0.0229,Low,Standard engagement / newsletter
CUST01734,Others,85.0,3.0,251.38,83.79,7.0,258,0,0.116,Low,Standard engagement / newsletter
CUST01735,Loyal Customers,35.0,13.0,555.57,42.74,11.0,484,0,0.024,Low,Standard engagement / newsletter
CUST01736,New Customers,8.0,2.0,174.60000000000002,87.3,9.0,38,0,0.0047,Low,Standard engagement / newsletter
CUST01737,Champions,10.0,10.0,478.99,47.9,12.0,657,0,0.3192,Low,Upsell / referral program invite
CUST01738,Hibernating,183.0,0.0,0.0,0.0,1.0,183,1,0.985,High,Send targeted discount / re-engagement email
CUST01739,Hibernating,141.0,1.0,33.16,33.16,3.0,146,1,0.9257,High,Send targeted discount / re-engagement email
CUST01740,At Risk,64.0,7.0,293.78000000000003,41.97,8.0,511,0,0.1682,Low,Standard engagement / newsletter
CUST01741,Hibernating,2.0,0.0,0.0,0.0,1.0,2,0,0.0153,Low,Standard engagement / newsletter
CUST01742,Others,80.0,5.0,152.92,30.58,7.0,607,0,0.1909,Low,Standard engagement / newsletter
CUST01743,Champions,17.0,10.0,551.33,55.13,12.0,384,0,0.0496,Low,Upsell / referral program invite
CUST01744,Hibernating,66.0,1.0,65.8,65.8,4.0,92,0,0.0043,Low,Standard engagement / newsletter
CUST01745,Champions,19.0,17.0,803.05,47.24,13.0,278,0,0.0041,Low,Upsell / referral program invite
CUST01746,Hibernating,86.0,1.0,23.63,23.63,3.0,315,0,0.6096,Medium,Monitor + include in nurture campaign
CUST01747,At Risk,62.0,7.0,276.44,39.49,8.0,514,0,0.1754,Low,Standard engagement / newsletter
CUST01748,Hibernating,18.0,0.0,0.0,0.0,1.0,18,0,0.0262,Low,Standard engagement / newsletter
CUST01749,At Risk,146.0,9.0,433.88,48.21,9.0,482,1,0.7765,High,Send targeted discount / re-engagement email
CUST01750,Hibernating,545.0,0.0,0.0,0.0,1.0,545,1,0.996,High,Send targeted discount / re-engagement email
CUST01751,Hibernating,658.0,0.0,0.0,0.0,1.0,658,1,0.9973,High,Send targeted discount / re-engagement email
CUST01752,New Customers,23.0,2.0,84.36,42.18,7.0,53,0,0.0141,Low,Standard engagement / newsletter
CUST01753,New Customers,19.0,1.0,165.6,165.6,7.0,68,0,0.0055,Low,Standard engagement / newsletter
CUST01754,At Risk,43.0,18.0,1045.18,58.07,12.0,518,0,0.0029,Low,Standard engagement / newsletter
CUST01755,Loyal Customers,41.0,29.0,2568.06,88.55,13.0,630,0,0.0032,Low,Standard engagement / newsletter
CUST01756,Hibernating,283.0,1.0,40.77,40.77,3.0,632,1,0.962,High,Send targeted discount / re-engagement email
CUST01757,Champions,1.0,11.0,703.51,63.96,13.0,280,0,0.006,Low,Upsell / referral program invite
CUST01758,Promising,35.0,4.0,143.06,35.76,7.0,354,0,0.1135,Low,Standard engagement / newsletter
CUST01759,New Customers,3.0,4.0,236.16000000000003,59.04,9.0,253,0,0.0622,Low,Standard engagement / newsletter
CUST01760,Champions,16.0,19.0,1248.92,65.73,14.0,412,0,0.0004,Low,Upsell / referral program invite
CUST01761,Hibernating,332.0,0.0,0.0,0.0,1.0,332,1,0.9961,High,Send targeted discount / re-engagement email
CUST01762,Hibernating,45.0,0.0,0.0,0.0,1.0,45,0,0.0117,Low,Standard engagement / newsletter
CUST01763,Promising,39.0,1.0,128.78,128.78,6.0,41,0,0.0009,Low,Standard engagement / newsletter
CUST01764,Champions,9.0,9.0,422.13,46.9,13.0,184,0,0.1739,Low,Upsell / referral program invite
CUST01765,Hibernating,463.0,0.0,0.0,0.0,1.0,463,1,0.9968,High,Send targeted discount / re-engagement email
CUST01766,At Risk,68.0,15.0,732.13,48.81,11.0,513,0,0.0105,Low,Standard engagement / newsletter
CUST01767,New Customers,14.0,1.0,41.49,41.49,6.0,75,0,0.003,Low,Standard engagement / newsletter
CUST01768,Champions,13.0,14.0,901.04,64.36,13.0,683,0,0.1251,Low,Upsell / referral program invite
CUST01769,New Customers,17.0,4.0,211.71,52.93,8.0,92,0,0.0029,Low,Standard engagement / newsletter
CUST01770,Promising,42.0,4.0,221.7,55.42,7.0,227,0,0.1014,Low,Standard engagement / newsletter
CUST01771,Champions,5.0,29.0,1715.21,59.15,15.0,468,0,0.0018,Low,Upsell / referral program invite
CUST01772,Hibernating,371.0,1.0,32.53,32.53,3.0,566,1,0.9837,High,Send targeted discount / re-engagement email
CUST01773,Loyal Customers,35.0,7.0,470.97,67.28,10.0,447,0,0.0805,Low,Standard engagement / newsletter
CUST01774,Hibernating,62.0,2.0,178.07999999999998,89.04,6.0,94,0,0.0118,Low,Standard engagement / newsletter
CUST01775,New Customers,8.0,3.0,146.85,48.95,9.0,157,0,0.3019,Low,Standard engagement / newsletter
CUST01776,New Customers,4.0,3.0,266.86,88.95,10.0,55,0,0.0071,Low,Standard engagement / newsletter
CUST01777,Loyal Customers,21.0,7.0,418.17,59.74,11.0,174,0,0.0259,Low,Standard engagement / newsletter
CUST01778,Hibernating,135.0,2.0,130.98000000000002,65.49,5.0,159,1,0.8089,High,Send targeted discount / re-engagement email
CUST01779,At Risk,149.0,12.0,625.88,52.16,9.0,669,1,0.8031,High,Send targeted discount / re-engagement email
CUST01780,Loyal Customers,4.0,5.0,411.53,82.31,11.0,40,0,0.0017,Low,Standard engagement / newsletter
CUST01781,Hibernating,533.0,0.0,0.0,0.0,1.0,533,1,0.9984,High,Send targeted discount / re-engagement email
CUST01782,Hibernating,383.0,0.0,0.0,0.0,1.0,383,1,0.9931,High,Send targeted discount / re-engagement email
CUST01783,Hibernating,91.0,2.0,170.83,85.42,5.0,418,1,0.8927,High,Send targeted discount / re-engagement email
CUST01784,Loyal Customers,24.0,20.0,1471.92,73.6,13.0,478,0,0.0005,Low,Standard engagement / newsletter
CUST01785,At Risk,70.0,12.0,688.76,57.4,10.0,681,0,0.1412,Low,Standard engagement / newsletter
CUST01786,Hibernating,28.0,0.0,0.0,0.0,1.0,28,0,0.0093,Low,Standard engagement / newsletter
CUST01787,Hibernating,59.0,1.0,16.77,16.77,4.0,428,0,0.9882,High,Send targeted discount / re-engagement email
CUST01788,Hibernating,153.0,2.0,107.28,53.64,5.0,443,1,0.9633,High,Send targeted discount / re-engagement email
CUST01789,Others,18.0,6.0,228.61,38.1,9.0,289,0,0.0432,Low,Standard engagement / newsletter
CUST01790,At Risk,53.0,32.0,2261.33,70.67,12.0,719,0,0.0022,Low,Standard engagement / newsletter
CUST01791,Hibernating,502.0,1.0,40.52,40.52,3.0,565,1,0.9901,High,Send targeted discount / re-engagement email
CUST01792,At Risk,110.0,6.0,297.9,49.65,7.0,376,1,0.7194,High,Send targeted discount / re-engagement email
CUST01793,New Customers,5.0,4.0,217.17000000000002,54.29,9.0,59,0,0.0006,Low,Standard engagement / newsletter
CUST01794,Loyal Customers,34.0,34.0,2276.7,66.96,13.0,724,0,0.0007,Low,Standard engagement / newsletter
CUST01795,Champions,6.0,17.0,1287.53,75.74,15.0,320,0,0.0004,Low,Upsell / referral program invite
CUST01796,Champions,5.0,15.0,943.42,62.89,15.0,435,0,0.004,Low,Upsell / referral program invite
CUST01797,Promising,26.0,3.0,88.57000000000001,29.52,6.0,421,0,0.4071,Medium,Monitor + include in nurture campaign
CUST01798,Hibernating,305.0,1.0,57.76,57.76,3.0,319,1,0.9157,High,Send targeted discount / re-engagement email
CUST01799,Loyal Customers,26.0,15.0,811.24,54.08,12.0,565,0,0.0136,Low,Standard engagement / newsletter
CUST01800,At Risk,46.0,13.0,902.1999999999999,69.4,11.0,550,0,0.0462,Low,Standard engagement / newsletter
CUST01801,Hibernating,211.0,2.0,105.39,52.7,4.0,262,1,0.8351,High,Send targeted discount / re-engagement email
CUST01802,Champions,18.0,14.0,849.4,60.67,14.0,292,0,0.054,Low,Upsell / referral program invite
CUST01803,New Customers,12.0,1.0,37.33,37.33,6.0,34,0,0.0144,Low,Standard engagement / newsletter
CUST01804,Hibernating,79.0,1.0,66.75,66.75,4.0,89,0,0.0047,Low,Standard engagement / newsletter
CUST01805,Hibernating,415.0,0.0,0.0,0.0,1.0,415,1,0.9966,High,Send targeted discount / re-engagement email
CUST01806,At Risk,54.0,20.0,988.86,49.44,12.0,596,0,0.017,Low,Standard engagement / newsletter
CUST01807,Champions,13.0,16.0,800.71,50.04,13.0,558,0,0.2002,Low,Upsell / referral program invite
CUST01808,New Customers,8.0,2.0,102.91,51.46,8.0,32,0,0.0018,Low,Standard engagement / newsletter
CUST01809,Others,23.0,6.0,225.87,37.65,9.0,350,0,0.3746,Medium,Monitor + include in nurture campaign
CUST01810,Champions,8.0,14.0,853.47,60.96,15.0,294,0,0.0061,Low,Upsell / referral program invite
CUST01811,Hibernating,116.0,2.0,59.56,29.78,4.0,186,1,0.8135,High,Send targeted discount / re-engagement email
CUST01812,Promising,31.0,1.0,79.02,79.02,5.0,82,0,0.0063,Low,Standard engagement / newsletter
CUST01813,At Risk,128.0,6.0,355.56,59.26,7.0,437,1,0.5235,Medium,Monitor + include in nurture campaign
CUST01814,New Customers,12.0,2.0,97.89999999999999,48.95,7.0,40,0,0.0044,Low,Standard engagement / newsletter
CUST01815,At Risk,76.0,9.0,295.92,32.88,9.0,320,0,0.0766,Low,Standard engagement / newsletter
CUST01816,Loyal Customers,41.0,6.0,477.07,79.51,10.0,228,0,0.0176,Low,Standard engagement / newsletter
CUST01817,Loyal Customers,23.0,6.0,476.13,79.36,11.0,259,0,0.0103,Low,Standard engagement / newsletter
CUST01818,Loyal Customers,29.0,20.0,1371.24,68.56,13.0,499,0,0.0007,Low,Standard engagement / newsletter
CUST01819,Promising,31.0,1.0,87.54,87.54,5.0,39,0,0.0015,Low,Standard engagement / newsletter
CUST01820,At Risk,139.0,6.0,342.15999999999997,57.03,7.0,582,1,0.8277,High,Send targeted discount / re-engagement email
CUST01821,Champions,6.0,14.0,712.34,50.88,14.0,534,0,0.1024,Low,Upsell / referral program invite
CUST01822,Loyal Customers,3.0,6.0,390.02,65.0,11.0,115,0,0.0075,Low,Standard engagement / newsletter
CUST01823,Hibernating,21.0,0.0,0.0,0.0,1.0,21,0,0.0037,Low,Standard engagement / newsletter
CUST01824,Champions,13.0,25.0,1654.66,66.19,14.0,619,0,0.0004,Low,Upsell / referral program invite
CUST01825,Others,1.0,5.0,180.13,36.03,10.0,299,0,0.2548,Low,Standard engagement / newsletter
CUST01826,Loyal Customers,8.0,7.0,385.75,55.11,11.0,472,0,0.4872,Medium,Monitor + include in nurture campaign
CUST01827,Hibernating,163.0,0.0,0.0,0.0,1.0,163,1,0.9883,High,Send targeted discount / re-engagement email
CUST01828,New Customers,15.0,3.0,172.95,57.65,8.0,190,0,0.1374,Low,Standard engagement / newsletter
CUST01829,Promising,28.0,3.0,217.82999999999998,72.61,7.0,102,0,0.0144,Low,Standard engagement / newsletter
CUST01830,Hibernating,135.0,0.0,0.0,0.0,1.0,135,1,0.9882,High,Send targeted discount / re-engagement email
CUST01831,Hibernating,64.0,0.0,0.0,0.0,1.0,64,0,0.0051,Low,Standard engagement / newsletter
CUST01832,Promising,25.0,4.0,168.37,42.09,7.0,719,0,0.7815,High,Send targeted discount / re-engagement email
CUST01833,Hibernating,3.0,0.0,0.0,0.0,1.0,3,0,0.0079,Low,Standard engagement / newsletter
CUST01834,Hibernating,103.0,1.0,20.92,20.92,3.0,155,1,0.8799,High,Send targeted discount / re-engagement email
CUST01835,Champions,15.0,17.0,1213.29,71.37,14.0,351,0,0.0007,Low,Upsell / referral program invite
CUST01836,Champions,20.0,13.0,1025.8,78.91,13.0,251,0,0.0015,Low,Upsell / referral program invite
CUST01837,Promising,30.0,3.0,105.05,35.02,6.0,195,0,0.0662,Low,Standard engagement / newsletter
CUST01838,At Risk,194.0,6.0,281.94,46.99,7.0,610,1,0.9379,High,Send targeted discount / re-engagement email
CUST01839,New Customers,4.0,2.0,102.74000000000001,51.37,8.0,301,0,0.8628,High,Send targeted discount / re-engagement email
CUST01840,Loyal Customers,10.0,7.0,281.61,40.23,10.0,553,0,0.2621,Low,Standard engagement / newsletter
CUST01841,Hibernating,147.0,1.0,18.31,18.31,3.0,158,1,0.9445,High,Send targeted discount / re-engagement email
CUST01842,Loyal Customers,12.0,8.0,371.2,46.4,11.0,203,0,0.168,Low,Standard engagement / newsletter
CUST01843,At Risk,60.0,17.0,1422.3600000000001,83.67,12.0,348,0,0.0092,Low,Standard engagement / newsletter
CUST01844,Hibernating,45.0,2.0,148.01,74.0,6.0,133,0,0.148,Low,Standard engagement / newsletter
CUST01845,Hibernating,171.0,1.0,3.31,3.31,3.0,661,1,0.9989,High,Send targeted discount / re-engagement email
CUST01846,Hibernating,640.0,0.0,0.0,0.0,1.0,640,1,0.998,High,Send targeted discount / re-engagement email
CUST01847,At Risk,93.0,8.0,326.75,40.84,8.0,660,1,0.8061,High,Send targeted discount / re-engagement email
CUST01848,Champions,2.0,9.0,487.33,54.15,13.0,567,0,0.3771,Medium,Monitor + include in nurture campaign
CUST01849,Champions,1.0,12.0,479.96999999999997,40.0,13.0,566,0,0.1076,Low,Upsell / referral program invite
CUST01850,Loyal Customers,2.0,5.0,378.58,75.72,11.0,124,0,0.0041,Low,Standard engagement / newsletter
CUST01851,Loyal Customers,28.0,8.0,379.49,47.44,10.0,642,0,0.7473,High,Priority win-back: personal outreach + loyalty offer
CUST01852,New Customers,7.0,3.0,64.52,21.51,8.0,199,0,0.0809,Low,Standard engagement / newsletter
CUST01853,Champions,14.0,13.0,966.67,74.36,13.0,376,0,0.0012,Low,Upsell / referral program invite
CUST01854,Others,68.0,7.0,232.74,33.25,7.0,455,0,0.1121,Low,Standard engagement / newsletter
CUST01855,Hibernating,385.0,0.0,0.0,0.0,1.0,385,1,0.9963,High,Send targeted discount / re-engagement email
CUST01856,Hibernating,148.0,0.0,0.0,0.0,1.0,148,1,0.996,High,Send targeted discount / re-engagement email
CUST01857,Champions,18.0,11.0,619.8199999999999,56.35,12.0,497,0,0.0769,Low,Upsell / referral program invite
CUST01858,Promising,36.0,3.0,121.96000000000001,40.65,7.0,175,0,0.0263,Low,Standard engagement / newsletter
CUST01859,Loyal Customers,35.0,13.0,744.79,57.29,11.0,497,0,0.1203,Low,Standard engagement / newsletter
CUST01860,New Customers,2.0,2.0,105.85,52.92,8.0,19,0,0.0025,Low,Standard engagement / newsletter
CUST01861,Loyal Customers,42.0,24.0,1857.84,77.41,13.0,408,0,0.0003,Low,Standard engagement / newsletter
CUST01862,At Risk,51.0,5.0,296.95000000000005,59.39,8.0,481,0,0.3083,Low,Standard engagement / newsletter
CUST01863,Hibernating,54.0,1.0,16.27,16.27,4.0,55,0,0.0046,Low,Standard engagement / newsletter
CUST01864,Loyal Customers,6.0,8.0,391.46000000000004,48.93,12.0,410,0,0.2861,Low,Standard engagement / newsletter
CUST01865,Loyal Customers,39.0,8.0,382.95,47.87,10.0,586,0,0.4465,Medium,Monitor + include in nurture campaign
CUST01866,Loyal Customers,18.0,7.0,258.32,36.9,10.0,336,0,0.5763,Medium,Monitor + include in nurture campaign
CUST01867,Loyal Customers,18.0,6.0,281.5,46.92,10.0,211,0,0.0756,Low,Standard engagement / newsletter
CUST01868,New Customers,21.0,3.0,189.94,63.31,8.0,225,0,0.1157,Low,Standard engagement / newsletter
CUST01869,New Customers,9.0,2.0,74.86,37.43,8.0,96,0,0.0209,Low,Standard engagement / newsletter
CUST01870,Champions,11.0,18.0,878.3000000000001,48.79,14.0,673,0,0.07,Low,Upsell / referral program invite
CUST01871,New Customers,12.0,3.0,173.33,57.78,8.0,70,0,0.0021,Low,Standard engagement / newsletter
CUST01872,Hibernating,349.0,0.0,0.0,0.0,1.0,349,1,0.9958,High,Send targeted discount / re-engagement email
CUST01873,Needs Attention,33.0,5.0,133.51,26.7,8.0,239,0,0.0758,Low,Standard engagement / newsletter
CUST01874,Loyal Customers,32.0,32.0,2081.2,65.04,13.0,651,0,0.0079,Low,Standard engagement / newsletter
CUST01875,New Customers,2.0,1.0,85.68,85.68,7.0,31,0,0.0004,Low,Standard engagement / newsletter
CUST01876,At Risk,104.0,9.0,365.05,40.56,8.0,520,1,0.7722,High,Send targeted discount / re-engagement email
CUST01877,Champions,22.0,16.0,1337.96,83.62,14.0,531,0,0.004,Low,Upsell / referral program invite
CUST01878,At Risk,97.0,8.0,380.37,47.55,8.0,676,1,0.8332,High,Send targeted discount / re-engagement email
CUST01879,Champions,3.0,30.0,2289.88,76.33,15.0,659,0,0.0006,Low,Upsell / referral program invite
CUST01880,Hibernating,51.0,2.0,56.269999999999996,28.14,5.0,169,0,0.2129,Low,Standard engagement / newsletter
CUST01881,Loyal Customers,36.0,10.0,663.69,66.37,11.0,477,0,0.0744,Low,Standard engagement / newsletter
CUST01882,Loyal Customers,27.0,7.0,267.22,38.17,9.0,389,0,0.4063,Medium,Monitor + include in nurture campaign
CUST01883,Hibernating,54.0,2.0,53.73,26.86,5.0,68,0,0.0013,Low,Standard engagement / newsletter
CUST01884,Champions,5.0,33.0,1980.4,60.01,15.0,686,0,0.0015,Low,Upsell / referral program invite
CUST01885,Loyal Customers,26.0,13.0,678.15,52.17,11.0,708,0,0.3598,Medium,Monitor + include in nurture campaign
CUST01886,Loyal Customers,26.0,5.0,330.74,66.15,9.0,145,0,0.0104,Low,Standard engagement / newsletter
CUST01887,Champions,10.0,33.0,2885.88,87.45,14.0,520,0,0.0049,Low,Upsell / referral program invite
CUST01888,At Risk,61.0,9.0,431.49,47.94,10.0,388,0,0.2241,Low,Standard engagement / newsletter
CUST01889,Promising,25.0,1.0,36.46,36.46,5.0,40,0,0.0054,Low,Standard engagement / newsletter
CUST01890,Loyal Customers,31.0,8.0,768.96,96.12,11.0,145,0,0.0161,Low,Standard engagement / newsletter
CUST01891,At Risk,98.0,6.0,272.12,45.35,7.0,362,1,0.8795,High,Send targeted discount / re-engagement email
CUST01892,At Risk,56.0,8.0,464.26,58.03,10.0,507,0,0.0437,Low,Standard engagement / newsletter
CUST01893,At Risk,220.0,8.0,412.73,51.59,8.0,583,1,0.6543,Medium,Monitor + include in nurture campaign
CUST01894,Champions,17.0,23.0,1523.94,66.26,14.0,629,0,0.0012,Low,Upsell / referral program invite
CUST01895,Loyal Customers,30.0,8.0,380.25,47.53,10.0,281,0,0.1,Low,Standard engagement / newsletter
CUST01896,Hibernating,50.0,2.0,50.33,25.16,5.0,141,0,0.2136,Low,Standard engagement / newsletter
CUST01897,At Risk,74.0,13.0,602.08,46.31,10.0,680,0,0.1767,Low,Standard engagement / newsletter
CUST01898,Hibernating,78.0,1.0,18.43,18.43,4.0,275,0,0.9259,High,Send targeted discount / re-engagement email
CUST01899,Promising,32.0,1.0,98.74,98.74,5.0,67,0,0.0051,Low,Standard engagement / newsletter
CUST01900,At Risk,49.0,20.0,929.21,46.46,12.0,695,0,0.033,Low,Standard engagement / newsletter
CUST01901,At Risk,144.0,13.0,654.99,50.38,9.0,644,1,0.8366,High,Send targeted discount / re-engagement email
CUST01902,Promising,32.0,2.0,57.42,28.71,6.0,168,0,0.3221,Low,Standard engagement / newsletter
CUST01903,Loyal Customers,24.0,31.0,1887.71,60.89,13.0,474,0,0.003,Low,Standard engagement / newsletter
CUST01904,Loyal Customers,31.0,8.0,305.69,38.21,10.0,235,0,0.0163,Low,Standard engagement / newsletter
CUST01905,Champions,11.0,12.0,725.28,60.44,12.0,474,0,0.0701,Low,Upsell / referral program invite
CUST01906,New Customers,15.0,2.0,130.05,65.03,8.0,40,0,0.0123,Low,Standard engagement / newsletter
CUST01907,Others,3.0,7.0,233.32,33.33,10.0,457,0,0.2087,Low,Standard engagement / newsletter
CUST01908,At Risk,68.0,6.0,294.58,49.1,8.0,608,0,0.2431,Low,Standard engagement / newsletter
CUST01909,Hibernating,140.0,0.0,0.0,0.0,1.0,140,1,0.9781,High,Send targeted discount / re-engagement email
CUST01910,Hibernating,94.0,1.0,82.74,82.74,3.0,105,1,0.128,Low,Standard engagement / newsletter
CUST01911,Hibernating,352.0,1.0,95.96,95.96,3.0,664,1,0.8964,High,Send targeted discount / re-engagement email
CUST01912,Hibernating,222.0,2.0,145.23,72.61,5.0,306,1,0.5515,Medium,Monitor + include in nurture campaign
CUST01913,Champions,2.0,9.0,724.0799999999999,80.45,13.0,172,0,0.0049,Low,Upsell / referral program invite
CUST01914,Loyal Customers,32.0,13.0,711.85,54.76,11.0,609,0,0.2931,Low,Standard engagement / newsletter
CUST01915,At Risk,59.0,18.0,901.03,50.06,12.0,718,0,0.1007,Low,Standard engagement / newsletter
CUST01916,Others,20.0,6.0,225.43,37.57,9.0,266,0,0.1628,Low,Standard engagement / newsletter
CUST01917,Hibernating,106.0,3.0,112.53,37.51,5.0,580,1,0.8525,High,Send targeted discount / re-engagement email
CUST01918,Hibernating,6.0,0.0,0.0,0.0,1.0,6,0,0.0062,Low,Standard engagement / newsletter
CUST01919,At Risk,60.0,7.0,352.88,50.41,8.0,284,0,0.0448,Low,Standard engagement / newsletter
CUST01920,At Risk,53.0,12.0,1144.32,95.36,11.0,346,0,0.0199,Low,Standard engagement / newsletter
CUST01921,Others,75.0,5.0,145.4,29.08,7.0,274,0,0.0351,Low,Standard engagement / newsletter
CUST01922,Hibernating,594.0,0.0,0.0,0.0,1.0,594,1,0.9983,High,Send targeted discount / re-engagement email
CUST01923,Hibernating,94.0,3.0,200.25,66.75,5.0,337,1,0.8471,High,Send targeted discount / re-engagement email
CUST01924,Champions,1.0,9.0,428.64,47.63,13.0,332,0,0.0936,Low,Upsell / referral program invite
CUST01925,Hibernating,174.0,1.0,81.26,81.26,3.0,428,1,0.9121,High,Send targeted discount / re-engagement email
CUST01926,Loyal Customers,27.0,21.0,1358.71,64.7,13.0,458,0,0.0012,Low,Standard engagement / newsletter
CUST01927,New Customers,13.0,1.0,53.58,53.58,6.0,19,0,0.0035,Low,Standard engagement / newsletter
CUST01928,Champions,22.0,11.0,666.07,60.55,12.0,512,0,0.0573,Low,Upsell / referral program invite
CUST01929,At Risk,83.0,7.0,256.75,36.68,8.0,421,0,0.16,Low,Standard engagement / newsletter
CUST01930,Loyal Customers,28.0,8.0,401.91,50.24,10.0,420,0,0.291,Low,Standard engagement / newsletter
CUST01931,Loyal Customers,30.0,14.0,888.86,63.49,13.0,473,0,0.0381,Low,Standard engagement / newsletter
CUST01932,Hibernating,105.0,3.0,148.78,49.59,5.0,364,1,0.8997,High,Send targeted discount / re-engagement email
CUST01933,Hibernating,203.0,2.0,136.3,68.15,5.0,542,1,0.9475,High,Send targeted discount / re-engagement email
CUST01934,At Risk,105.0,9.0,390.86,43.43,8.0,326,1,0.6957,High,Send targeted discount / re-engagement email
CUST01935,At Risk,119.0,7.0,304.27,43.47,7.0,710,1,0.688,High,Send targeted discount / re-engagement email
CUST01936,Loyal Customers,1.0,8.0,374.75,46.84,12.0,479,0,0.0985,Low,Standard engagement / newsletter
CUST01937,Loyal Customers,24.0,25.0,1737.12,69.48,13.0,595,0,0.0026,Low,Standard engagement / newsletter
CUST01938,At Risk,71.0,17.0,825.02,48.53,11.0,694,0,0.0782,Low,Standard engagement / newsletter
CUST01939,Champions,13.0,12.0,751.96,62.66,12.0,228,0,0.0077,Low,Upsell / referral program invite
CUST01940,Hibernating,135.0,2.0,71.96000000000001,35.98,4.0,209,1,0.2943,Low,Standard engagement / newsletter
CUST01941,Champions,9.0,29.0,2022.55,69.74,15.0,598,0,0.0017,Low,Upsell / referral program invite
CUST01942,Loyal Customers,6.0,5.0,284.17,56.83,11.0,279,0,0.1056,Low,Standard engagement / newsletter
CUST01943,Hibernating,153.0,0.0,0.0,0.0,1.0,153,1,0.9896,High,Send targeted discount / re-engagement email
CUST01944,Hibernating,44.0,0.0,0.0,0.0,1.0,44,0,0.0085,Low,Standard engagement / newsletter
CUST01945,Loyal Customers,33.0,6.0,340.38,56.73,9.0,234,0,0.1369,Low,Standard engagement / newsletter
CUST01946,At Risk,105.0,10.0,844.3,84.43,10.0,332,1,0.8161,High,Send targeted discount / re-engagement email
CUST01947,Hibernating,53.0,0.0,0.0,0.0,1.0,53,0,0.0139,Low,Standard engagement / newsletter
CUST01948,Hibernating,40.0,0.0,0.0,0.0,1.0,40,0,0.0059,Low,Standard engagement / newsletter
CUST01949,Champions,13.0,14.0,1014.0,72.43,14.0,404,0,0.0022,Low,Upsell / referral program invite
CUST01950,Champions,17.0,10.0,566.54,56.65,12.0,323,0,0.0312,Low,Upsell / referral program invite
CUST01951,At Risk,77.0,16.0,860.92,53.81,12.0,616,0,0.0932,Low,Standard engagement / newsletter
CUST01952,Promising,27.0,3.0,79.27,26.42,6.0,494,0,0.8979,High,Send targeted discount / re-engagement email
CUST01953,New Customers,17.0,3.0,218.22000000000003,72.74,8.0,54,0,0.0004,Low,Standard engagement / newsletter
CUST01954,Promising,34.0,1.0,38.19,38.19,5.0,53,0,0.0018,Low,Standard engagement / newsletter
CUST01955,Loyal Customers,40.0,7.0,321.63,45.95,9.0,359,0,0.0774,Low,Standard engagement / newsletter
CUST01956,Hibernating,48.0,4.0,125.09,31.27,6.0,211,0,0.0271,Low,Standard engagement / newsletter
CUST01957,Loyal Customers,13.0,7.0,516.04,73.72,11.0,335,0,0.0488,Low,Standard engagement / newsletter
CUST01958,Promising,28.0,1.0,34.05,34.05,5.0,245,0,0.4249,Medium,Monitor + include in nurture campaign
CUST01959,New Customers,12.0,1.0,55.98,55.98,6.0,17,0,0.0032,Low,Standard engagement / newsletter
CUST01960,New Customers,19.0,2.0,64.77,32.38,7.0,131,0,0.158,Low,Standard engagement / newsletter
CUST01961,New Customers,4.0,3.0,80.5,26.83,8.0,113,0,0.021,Low,Standard engagement / newsletter
CUST01962,Champions,6.0,8.0,554.38,69.3,13.0,108,0,0.0016,Low,Upsell / referral program invite
CUST01963,At Risk,66.0,15.0,908.5600000000001,60.57,12.0,510,0,0.0151,Low,Standard engagement / newsletter
CUST01964,At Risk,67.0,19.0,1196.71,62.98,12.0,484,0,0.0007,Low,Standard engagement / newsletter
CUST01965,Hibernating,395.0,1.0,8.82,8.82,3.0,453,1,0.9958,High,Send targeted discount / re-engagement email
CUST01966,New Customers,4.0,3.0,171.82,57.27,9.0,90,0,0.0024,Low,Standard engagement / newsletter
CUST01967,Hibernating,166.0,3.0,183.67,61.22,5.0,377,1,0.9653,High,Send targeted discount / re-engagement email
CUST01968,Champions,20.0,25.0,2086.75,83.47,14.0,547,0,0.0019,Low,Upsell / referral program invite
CUST01969,Champions,8.0,11.0,634.5699999999999,57.69,13.0,621,0,0.0678,Low,Upsell / referral program invite
CUST01970,Hibernating,72.0,0.0,0.0,0.0,1.0,72,0,0.0175,Low,Standard engagement / newsletter
CUST01971,New Customers,12.0,1.0,82.44,82.44,6.0,370,0,0.5816,Medium,Monitor + include in nurture campaign
CUST01972,At Risk,77.0,6.0,310.25,51.71,8.0,650,0,0.4965,Medium,Monitor + include in nurture campaign
CUST01973,At Risk,134.0,9.0,324.85,36.09,8.0,360,1,0.0648,Low,Standard engagement / newsletter
CUST01974,New Customers,9.0,2.0,184.89,92.44,9.0,29,0,0.0008,Low,Standard engagement / newsletter
CUST01975,Champions,14.0,19.0,1216.64,64.03,14.0,344,0,0.001,Low,Upsell / referral program invite
CUST01976,Hibernating,477.0,2.0,76.84,38.42,4.0,597,1,0.9461,High,Send targeted discount / re-engagement email
CUST01977,New Customers,6.0,4.0,109.7,27.42,9.0,446,0,0.1882,Low,Standard engagement / newsletter
CUST01978,Loyal Customers,21.0,8.0,356.40999999999997,44.55,11.0,250,0,0.0843,Low,Standard engagement / newsletter
CUST01979,Hibernating,16.0,0.0,0.0,0.0,1.0,16,0,0.0065,Low,Standard engagement / newsletter
CUST01980,Hibernating,46.0,0.0,0.0,0.0,1.0,46,0,0.0181,Low,Standard engagement / newsletter
CUST01981,Hibernating,154.0,0.0,0.0,0.0,1.0,154,1,0.9904,High,Send targeted discount / re-engagement email
CUST01982,Hibernating,83.0,0.0,0.0,0.0,1.0,83,0,0.0122,Low,Standard engagement / newsletter
CUST01983,At Risk,153.0,9.0,361.59999999999997,40.18,8.0,649,1,0.9103,High,Send targeted discount / re-engagement email
CUST01984,Loyal Customers,33.0,8.0,430.15999999999997,53.77,11.0,393,0,0.1684,Low,Standard engagement / newsletter
CUST01985,At Risk,54.0,9.0,408.90000000000003,45.43,9.0,723,0,0.5695,Medium,Monitor + include in nurture campaign
CUST01986,New Customers,8.0,2.0,176.45,88.22,9.0,23,0,0.0105,Low,Standard engagement / newsletter
CUST01987,Promising,30.0,3.0,174.95999999999998,58.32,7.0,230,0,0.1729,Low,Standard engagement / newsletter
CUST01988,Loyal Customers,30.0,17.0,1010.1800000000001,59.42,13.0,578,0,0.0342,Low,Standard engagement / newsletter
CUST01989,Hibernating,8.0,0.0,0.0,0.0,1.0,8,0,0.0046,Low,Standard engagement / newsletter
CUST01990,Loyal Customers,22.0,6.0,439.12,73.19,11.0,184,0,0.0699,Low,Standard engagement / newsletter
CUST01991,Champions,13.0,21.0,1036.27,49.35,14.0,674,0,0.0087,Low,Upsell / referral program invite
CUST01992,Champions,21.0,11.0,743.61,67.6,12.0,165,0,0.0419,Low,Upsell / referral program invite
CUST01993,Hibernating,90.0,0.0,0.0,0.0,1.0,90,0,0.0064,Low,Standard engagement / newsletter
CUST01994,Loyal Customers,26.0,8.0,478.66,59.83,11.0,183,0,0.0014,Low,Standard engagement / newsletter
CUST01995,Hibernating,171.0,0.0,0.0,0.0,1.0,171,1,0.9928,High,Send targeted discount / re-engagement email
CUST01996,Hibernating,221.0,0.0,0.0,0.0,1.0,221,1,0.9963,High,Send targeted discount / re-engagement email
CUST01997,New Customers,8.0,1.0,34.68,34.68,7.0,10,0,0.006,Low,Standard engagement / newsletter
CUST01998,At Risk,43.0,12.0,681.46,56.79,10.0,600,0,0.0481,Low,Standard engagement / newsletter
CUST01999,New Customers,9.0,3.0,341.88,113.96,10.0,32,0,0.0008,Low,Standard engagement / newsletter
CUST02000,Promising,37.0,2.0,97.0,48.5,6.0,99,0,0.1449,Low,Standard engagement / newsletter
