customer_id,signup_date,age,gender,region,acquisition_channel,tenure_days,tenure_months,recency_days,frequency,monetary,avg_order_value,RFM_total,segment,customer_value_tier,support_tickets_last_90d,app_logins_last_30d,email_open_rate,avg_support_csat,churn_probability,risk_tier,recommended_action,churned
CUST00001,2025-10-27,45,Other,North,Organic Search,65,2.2,61.0,1.0,75.49,75.49,4.0,Hibernating,Bronze,0,4,0.4,4.8,0.0014,Low,Standard engagement / newsletter,0
CUST00002,2024-04-19,56,Other,East,Paid Ads,621,20.7,28.0,31.0,2216.94,71.51,13.0,Loyal Customers,Platinum,0,8,0.71,3.4,0.0008,Low,Standard engagement / newsletter,0
CUST00003,2025-08-29,56,Male,South,Organic Search,124,4.1,18.0,4.0,165.28,41.32,8.0,New Customers,Silver,0,8,0.67,4.1,0.0055,Low,Standard engagement / newsletter,0
CUST00004,2025-11-09,47,Other,Central,Organic Search,52,1.7,4.0,4.0,366.89,91.72,10.0,New Customers,Gold,0,16,0.42,4.7,0.0009,Low,Standard engagement / newsletter,0
CUST00005,2024-05-28,32,Other,West,Organic Search,582,19.4,101.0,2.0,48.21,24.1,3.0,Hibernating,Bronze,2,0,0.22,4.2,0.9651,High,Send targeted discount / re-engagement email,1
CUST00006,2025-01-02,32,Male,North,Paid Ads,363,12.1,117.0,7.0,322.32,46.05,7.0,At Risk,Gold,0,5,0.23,4.0,0.6398,Medium,Monitor + include in nurture campaign,1
CUST00007,2024-07-22,25,Male,Central,Email Campaign,527,17.6,17.0,24.0,1143.1,47.63,14.0,Champions,Platinum,0,5,0.36,4.5,0.0233,Low,Upsell / referral program invite,0
CUST00008,2024-09-13,41,Male,Central,Paid Ads,474,15.8,233.0,8.0,318.37,39.8,7.0,At Risk,Gold,1,7,0.36,3.3,0.8568,High,Send targeted discount / re-engagement email,1
CUST00009,2025-07-03,38,Other,Central,Social Media,181,6.0,113.0,2.0,128.85,64.42,4.0,Hibernating,Silver,1,8,0.31,3.9,0.1085,Low,Standard engagement / newsletter,1
CUST00010,2024-02-02,20,Male,West,Email Campaign,698,23.3,173.0,7.0,176.14,25.16,6.0,Lost,Silver,0,2,0.38,3.8,0.8885,High,Send targeted discount / re-engagement email,1
CUST00011,2024-04-29,30,Female,North,Paid Ads,611,20.4,33.0,7.0,328.93,46.99,9.0,Loyal Customers,Gold,1,1,0.29,3.8,0.2389,Low,Standard engagement / newsletter,0
CUST00012,2024-11-04,34,Other,West,Referral,422,14.1,72.0,3.0,132.79000000000002,44.26,6.0,Hibernating,Silver,0,3,0.02,3.8,0.4572,Medium,Monitor + include in nurture campaign,0
CUST00013,2024-12-12,47,Female,South,Paid Ads,384,12.8,7.0,23.0,1753.85,76.25,15.0,Champions,Platinum,0,6,0.7,5.0,0.0003,Low,Upsell / referral program invite,0
CUST00014,2024-12-30,23,Female,North,Organic Search,366,12.2,14.0,9.0,678.55,75.39,12.0,Champions,Platinum,1,4,0.22,3.8,0.0234,Low,Upsell / referral program invite,0
CUST00015,2024-05-09,46,Female,North,Referral,601,20.0,69.0,5.0,192.03,38.41,6.0,Hibernating,Silver,0,2,0.38,3.4,0.2076,Low,Standard engagement / newsletter,0
CUST00016,2024-05-17,40,Female,Central,Referral,593,19.8,52.0,29.0,1907.68,65.78,12.0,At Risk,Platinum,0,10,0.63,5.0,0.0008,Low,Standard engagement / newsletter,0
CUST00017,2024-08-15,20,Male,West,Email Campaign,503,16.8,7.0,26.0,1978.23,76.09,15.0,Champions,Platinum,0,18,0.62,5.0,0.0004,Low,Upsell / referral program invite,0
CUST00018,2024-09-06,29,Male,West,Organic Search,481,16.0,380.0,1.0,17.73,17.73,3.0,Hibernating,Bronze,1,0,0.23,1.9,0.9967,High,Send targeted discount / re-engagement email,1
CUST00019,2025-01-14,41,Other,East,Email Campaign,351,11.7,1.0,5.0,205.91,41.18,9.0,New Customers,Silver,0,4,0.25,4.6,0.4527,Medium,Monitor + include in nurture campaign,0
CUST00020,2025-11-21,33,Female,Central,Paid Ads,40,1.3,25.0,1.0,17.55,17.55,5.0,Promising,Bronze,1,11,0.61,4.6,0.0039,Low,Standard engagement / newsletter,0
CUST00021,2024-05-19,50,Other,North,Organic Search,591,19.7,83.0,7.0,255.56,36.51,8.0,At Risk,Silver,0,2,0.39,5.0,0.3489,Medium,Monitor + include in nurture campaign,0
CUST00022,2024-02-21,49,Other,South,Referral,679,22.6,144.0,7.0,369.03,52.72,7.0,At Risk,Gold,0,4,0.37,4.0,0.6325,Medium,Monitor + include in nurture campaign,1
CUST00023,2024-03-22,41,Male,South,Organic Search,649,21.6,55.0,11.0,641.55,58.32,10.0,At Risk,Platinum,0,5,0.68,3.7,0.1448,Low,Standard engagement / newsletter,0
CUST00024,2024-02-14,49,Female,East,Social Media,686,22.9,2.0,22.0,1556.62,70.76,15.0,Champions,Platinum,0,4,0.63,4.2,0.0018,Low,Upsell / referral program invite,0
CUST00025,2024-08-15,47,Other,East,Paid Ads,503,16.8,24.0,10.0,546.6,54.66,11.0,Loyal Customers,Gold,2,7,0.57,4.0,0.0504,Low,Standard engagement / newsletter,0
CUST00026,2024-11-26,54,Female,East,Paid Ads,400,13.3,400.0,0.0,0.0,0.0,1.0,Hibernating,Bronze,1,0,0.37,3.2,0.9983,High,Send targeted discount / re-engagement email,1
CUST00027,2025-05-14,42,Other,East,Organic Search,231,7.7,59.0,8.0,635.5699999999999,79.45,9.0,At Risk,Platinum,1,12,0.5,4.5,0.0029,Low,Standard engagement / newsletter,0
CUST00028,2024-12-11,56,Other,South,Email Campaign,385,12.8,22.0,4.0,152.51,38.13,8.0,New Customers,Silver,1,0,0.45,4.4,0.8702,High,Send targeted discount / re-engagement email,0
CUST00029,2024-10-26,39,Other,South,Paid Ads,431,14.4,431.0,0.0,0.0,0.0,1.0,Hibernating,Bronze,0,3,0.35,3.7,0.994,High,Send targeted discount / re-engagement email,1
CUST00030,2024-12-21,34,Female,West,Referral,375,12.5,6.0,5.0,217.93,43.59,9.0,New Customers,Silver,1,8,0.38,5.0,0.8978,High,Send targeted discount / re-engagement email,0
CUST00031,2024-06-23,55,Other,Central,Paid Ads,556,18.5,152.0,1.0,80.76,80.76,3.0,Hibernating,Silver,1,1,0.31,3.6,0.9925,High,Send targeted discount / re-engagement email,1
CUST00032,2024-02-23,31,Other,East,Organic Search,677,22.6,19.0,16.0,888.71,55.54,14.0,Champions,Platinum,1,8,0.51,4.3,0.3266,Low,Upsell / referral program invite,0
CUST00033,2024-04-22,48,Male,North,Referral,618,20.6,43.0,14.0,659.44,47.1,10.0,At Risk,Platinum,1,4,0.36,3.0,0.0553,Low,Standard engagement / newsletter,0
CUST00034,2024-05-10,41,Female,East,Organic Search,600,20.0,523.0,2.0,189.4,94.7,4.0,Hibernating,Silver,1,1,0.24,3.2,0.9255,High,Send targeted discount / re-engagement email,1
CUST00035,2025-01-12,29,Male,Central,Referral,353,11.8,353.0,0.0,0.0,0.0,1.0,Hibernating,Bronze,1,0,0.24,3.1,0.994,High,Send targeted discount / re-engagement email,1
CUST00036,2024-10-25,34,Male,West,Social Media,432,14.4,8.0,9.0,457.13,50.79,13.0,Champions,Gold,0,11,0.62,3.9,0.0812,Low,Upsell / referral program invite,0
CUST00037,2025-08-25,38,Other,West,Paid Ads,128,4.3,128.0,0.0,0.0,0.0,1.0,Hibernating,Bronze,2,1,0.0,3.1,0.9945,High,Send targeted discount / re-engagement email,1
CUST00038,2024-06-04,35,Female,South,Paid Ads,575,19.2,16.0,16.0,981.81,61.36,14.0,Champions,Platinum,1,6,0.5,3.9,0.0105,Low,Upsell / referral program invite,0
CUST00039,2024-08-24,36,Other,Central,Email Campaign,494,16.5,6.0,20.0,1170.88,58.54,15.0,Champions,Platinum,0,11,0.56,4.9,0.0016,Low,Upsell / referral program invite,0
CUST00040,2025-05-07,42,Female,Central,Social Media,238,7.9,44.0,2.0,47.56,23.78,4.0,Hibernating,Bronze,2,3,0.23,3.0,0.6051,Medium,Monitor + include in nurture campaign,0
CUST00041,2025-11-11,18,Other,West,Referral,50,1.7,50.0,0.0,0.0,0.0,1.0,Hibernating,Bronze,0,5,0.56,4.2,0.0106,Low,Standard engagement / newsletter,0
CUST00042,2024-01-26,37,Male,South,Email Campaign,705,23.5,309.0,10.0,416.07,41.61,8.0,At Risk,Gold,0,9,0.48,4.0,0.8876,High,Send targeted discount / re-engagement email,1
CUST00043,2024-12-17,35,Female,North,Organic Search,379,12.6,156.0,3.0,78.38,26.13,4.0,Hibernating,Bronze,2,2,0.22,4.5,0.8986,High,Send targeted discount / re-engagement email,1
CUST00044,2024-12-08,41,Male,South,Paid Ads,388,12.9,8.0,20.0,1280.33,64.02,15.0,Champions,Platinum,0,7,0.54,5.0,0.0009,Low,Upsell / referral program invite,0
CUST00045,2025-12-16,51,Other,West,Email Campaign,15,0.5,15.0,0.0,0.0,0.0,1.0,Hibernating,Bronze,0,6,0.37,5.0,0.0046,Low,Standard engagement / newsletter,0
CUST00046,2025-05-24,47,Male,West,Social Media,221,7.4,33.0,9.0,633.73,70.41,11.0,Loyal Customers,Platinum,0,5,0.38,3.2,0.0069,Low,Standard engagement / newsletter,0
CUST00047,2025-03-18,45,Other,West,Email Campaign,288,9.6,12.0,5.0,279.66,55.93,9.0,New Customers,Gold,0,6,0.56,3.9,0.0257,Low,Standard engagement / newsletter,0
CUST00048,2025-08-07,64,Female,Central,Organic Search,146,4.9,95.0,3.0,156.34,52.11,5.0,Hibernating,Silver,0,10,0.37,5.0,0.783,High,Send targeted discount / re-engagement email,1
CUST00049,2024-05-10,39,Other,North,Email Campaign,600,20.0,44.0,15.0,779.47,51.96,11.0,At Risk,Platinum,0,4,0.35,4.3,0.4324,Medium,Monitor + include in nurture campaign,0
CUST00050,2024-01-12,31,Female,East,Organic Search,719,24.0,251.0,6.0,275.01,45.84,7.0,At Risk,Gold,0,1,0.43,3.8,0.8288,High,Send targeted discount / re-engagement email,1
CUST00051,2024-06-07,25,Female,West,Paid Ads,572,19.1,65.0,7.0,370.54,52.93,8.0,At Risk,Gold,0,3,0.43,2.3,0.1829,Low,Standard engagement / newsletter,0
CUST00052,2024-09-27,43,Female,North,Referral,460,15.3,159.0,8.0,340.5,42.56,7.0,At Risk,Gold,1,3,0.38,3.9,0.5575,Medium,Monitor + include in nurture campaign,1
CUST00053,2025-12-22,28,Other,South,Email Campaign,9,0.3,9.0,0.0,0.0,0.0,1.0,Hibernating,Bronze,3,5,0.19,3.9,0.006,Low,Standard engagement / newsletter,0
CUST00054,2025-09-06,34,Male,East,Email Campaign,116,3.9,116.0,0.0,0.0,0.0,1.0,Hibernating,Bronze,0,0,0.26,3.8,0.9639,High,Send targeted discount / re-engagement email,1
CUST00055,2025-04-06,40,Other,South,Paid Ads,269,9.0,14.0,8.0,464.35,58.04,11.0,Loyal Customers,Gold,1,4,0.46,4.7,0.0297,Low,Standard engagement / newsletter,0
CUST00056,2024-06-18,53,Female,South,Email Campaign,561,18.7,165.0,5.0,172.38,34.48,5.0,Hibernating,Silver,0,0,0.27,2.8,0.7561,High,Send targeted discount / re-engagement email,1
CUST00057,2025-09-20,41,Other,North,Email Campaign,102,3.4,30.0,2.0,94.58,47.29,5.0,Promising,Silver,0,14,0.35,4.8,0.0101,Low,Standard engagement / newsletter,0
CUST00058,2024-09-01,47,Female,West,Organic Search,486,16.2,36.0,12.0,554.21,46.18,11.0,Loyal Customers,Gold,1,7,0.28,3.2,0.0978,Low,Standard engagement / newsletter,0
CUST00059,2025-09-19,41,Male,East,Referral,103,3.4,94.0,2.0,192.22,96.11,4.0,Hibernating,Silver,2,2,0.25,3.4,0.1582,Low,Standard engagement / newsletter,1
CUST00060,2024-02-28,42,Male,North,Paid Ads,672,22.4,98.0,3.0,83.3,27.77,4.0,Hibernating,Silver,0,2,0.15,3.8,0.6417,Medium,Monitor + include in nurture campaign,1
CUST00061,2025-09-20,41,Other,North,Organic Search,102,3.4,46.0,5.0,353.97,70.79,7.0,Others,Gold,0,9,0.65,5.0,0.0018,Low,Standard engagement / newsletter,0
CUST00062,2024-04-22,29,Other,West,Organic Search,618,20.6,5.0,20.0,1575.07,78.75,15.0,Champions,Platinum,1,14,0.6,4.4,0.0024,Low,Upsell / referral program invite,0
CUST00063,2025-04-29,23,Other,South,Paid Ads,246,8.2,165.0,2.0,45.24,22.62,3.0,Hibernating,Bronze,0,3,0.4,2.2,0.5558,Medium,Monitor + include in nurture campaign,1
CUST00064,2024-06-15,45,Other,West,Email Campaign,564,18.8,32.0,8.0,516.57,64.57,10.0,Loyal Customers,Gold,2,4,0.32,4.1,0.0663,Low,Standard engagement / newsletter,0
CUST00065,2025-06-06,49,Male,East,Email Campaign,208,6.9,29.0,4.0,180.15,45.04,7.0,Promising,Silver,1,5,0.16,3.5,0.1137,Low,Standard engagement / newsletter,0
CUST00066,2025-02-01,42,Other,West,Paid Ads,333,11.1,333.0,0.0,0.0,0.0,1.0,Hibernating,Bronze,1,2,0.13,4.4,0.997,High,Send targeted discount / re-engagement email,1
CUST00067,2024-09-14,27,Other,South,Referral,473,15.8,28.0,23.0,1473.1,64.05,13.0,Loyal Customers,Platinum,0,18,0.63,3.2,0.0017,Low,Standard engagement / newsletter,0
CUST00068,2025-12-07,28,Female,East,Social Media,24,0.8,24.0,0.0,0.0,0.0,1.0,Hibernating,Bronze,0,10,0.49,3.2,0.0073,Low,Standard engagement / newsletter,0
CUST00069,2025-03-17,38,Other,West,Organic Search,289,9.6,289.0,0.0,0.0,0.0,1.0,Hibernating,Bronze,0,0,0.0,3.3,0.9938,High,Send targeted discount / re-engagement email,1
CUST00070,2024-12-10,55,Male,South,Organic Search,386,12.9,30.0,5.0,257.32,51.46,8.0,Others,Silver,1,1,0.44,2.3,0.3458,Medium,Monitor + include in nurture campaign,0
CUST00071,2025-05-20,25,Female,North,Email Campaign,225,7.5,88.0,5.0,320.23,64.05,6.0,Lost,Gold,1,5,0.44,4.0,0.1525,Low,Standard engagement / newsletter,0
CUST00072,2025-11-04,43,Other,South,Email Campaign,57,1.9,4.0,1.0,182.45,182.45,8.0,New Customers,Silver,2,5,0.44,3.5,0.0019,Low,Standard engagement / newsletter,0
CUST00073,2024-09-16,43,Male,North,Organic Search,471,15.7,30.0,2.0,173.64,86.82,6.0,Promising,Silver,0,1,0.26,3.1,0.6696,High,Send targeted discount / re-engagement email,0
CUST00074,2025-11-10,37,Other,North,Paid Ads,51,1.7,3.0,2.0,149.55,74.78,8.0,New Customers,Silver,0,5,0.2,3.8,0.0036,Low,Standard engagement / newsletter,0
CUST00075,2024-09-26,32,Male,North,Referral,461,15.4,18.0,9.0,450.11,50.01,12.0,Champions,Gold,3,9,0.32,3.5,0.1858,Low,Upsell / referral program invite,0
CUST00076,2025-01-24,48,Male,Central,Paid Ads,341,11.4,14.0,13.0,1322.42,101.72,13.0,Champions,Platinum,0,11,0.53,3.5,0.0076,Low,Upsell / referral program invite,0
CUST00077,2025-11-19,27,Female,West,Paid Ads,42,1.4,14.0,2.0,234.27,117.14,7.0,New Customers,Silver,0,3,0.35,4.8,0.0032,Low,Standard engagement / newsletter,0
CUST00078,2025-11-24,39,Other,South,Email Campaign,37,1.2,37.0,0.0,0.0,0.0,1.0,Hibernating,Bronze,1,2,0.36,3.3,0.0121,Low,Standard engagement / newsletter,0
CUST00079,2024-12-28,42,Other,West,Paid Ads,368,12.3,43.0,24.0,1429.37,59.56,12.0,At Risk,Platinum,0,11,0.42,5.0,0.001,Low,Standard engagement / newsletter,0
CUST00080,2025-05-06,44,Female,West,Paid Ads,239,8.0,201.0,2.0,120.5,60.25,4.0,Hibernating,Silver,2,2,0.43,3.4,0.4389,Medium,Monitor + include in nurture campaign,1
CUST00081,2024-07-24,44,Male,North,Social Media,525,17.5,1.0,11.0,726.0699999999999,66.01,13.0,Champions,Platinum,0,4,0.29,3.5,0.0211,Low,Upsell / referral program invite,0
CUST00082,2025-10-01,44,Female,West,Social Media,91,3.0,91.0,0.0,0.0,0.0,1.0,Hibernating,Bronze,0,0,0.17,3.9,0.0119,Low,Standard engagement / newsletter,1
CUST00083,2024-12-17,44,Female,North,Organic Search,379,12.6,29.0,3.0,184.13,61.38,7.0,Promising,Silver,0,4,0.28,2.6,0.5928,Medium,Monitor + include in nurture campaign,0
CUST00084,2025-07-11,51,Male,West,Referral,173,5.8,30.0,3.0,122.8,40.93,7.0,Promising,Silver,0,4,0.21,3.9,0.0195,Low,Standard engagement / newsletter,0
CUST00085,2024-08-24,28,Male,South,Paid Ads,494,16.5,494.0,0.0,0.0,0.0,1.0,Hibernating,Bronze,0,0,0.05,3.2,0.9968,High,Send targeted discount / re-engagement email,1
CUST00086,2024-01-26,35,Male,Central,Social Media,705,23.5,21.0,4.0,139.84,34.96,8.0,New Customers,Silver,0,3,0.32,3.8,0.6801,High,Send targeted discount / re-engagement email,0
CUST00087,2025-01-14,46,Male,West,Paid Ads,351,11.7,4.0,17.0,877.12,51.6,15.0,Champions,Platinum,2,5,0.45,4.3,0.0248,Low,Upsell / referral program invite,0
CUST00088,2024-01-27,18,Female,West,Paid Ads,704,23.5,24.0,45.0,3257.12,72.38,13.0,Loyal Customers,Platinum,0,10,0.39,5.0,0.0011,Low,Standard engagement / newsletter,0
CUST00089,2024-09-09,38,Male,West,Email Campaign,478,15.9,474.0,1.0,19.65,19.65,3.0,Hibernating,Bronze,1,0,0.13,3.7,0.7392,High,Send targeted discount / re-engagement email,1
CUST00090,2024-05-31,25,Male,North,Email Campaign,579,19.3,17.0,4.0,215.28,53.82,8.0,New Customers,Silver,2,3,0.39,4.5,0.6193,Medium,Monitor + include in nurture campaign,0
CUST00091,2024-02-29,38,Male,North,Paid Ads,671,22.4,10.0,10.0,331.9,33.19,11.0,Loyal Customers,Gold,0,2,0.48,3.2,0.1526,Low,Standard engagement / newsletter,0
CUST00092,2025-03-22,30,Male,West,Social Media,284,9.5,3.0,5.0,222.92,44.58,9.0,New Customers,Silver,1,3,0.55,4.8,0.3495,Medium,Monitor + include in nurture campaign,0
CUST00093,2025-11-14,18,Female,South,Social Media,47,1.6,47.0,0.0,0.0,0.0,1.0,Hibernating,Bronze,0,6,0.4,3.9,0.0048,Low,Standard engagement / newsletter,0
CUST00094,2024-07-08,40,Male,South,Social Media,541,18.0,49.0,6.0,267.3,44.55,8.0,At Risk,Gold,0,3,0.07,4.0,0.511,Medium,Monitor + include in nurture campaign,0
CUST00095,2024-02-24,44,Male,West,Referral,676,22.5,85.0,12.0,718.44,59.87,10.0,At Risk,Platinum,0,3,0.43,4.3,0.2065,Low,Standard engagement / newsletter,0
CUST00096,2024-05-01,48,Female,East,Social Media,609,20.3,63.0,14.0,864.77,61.77,11.0,At Risk,Platinum,0,5,0.4,5.0,0.0307,Low,Standard engagement / newsletter,0
CUST00097,2024-06-24,59,Other,Central,Social Media,555,18.5,9.0,26.0,1663.94,64.0,15.0,Champions,Platinum,2,14,0.48,4.4,0.0007,Low,Upsell / referral program invite,0
CUST00098,2024-07-14,42,Male,South,Referral,535,17.8,46.0,8.0,479.31,59.91,9.0,At Risk,Gold,0,6,0.43,3.1,0.0717,Low,Standard engagement / newsletter,0
CUST00099,2025-11-17,63,Male,North,Email Campaign,44,1.5,24.0,1.0,23.82,23.82,5.0,Promising,Bronze,0,5,0.4,4.1,0.0012,Low,Standard engagement / newsletter,0
CUST00100,2024-06-22,50,Other,Central,Organic Search,557,18.6,40.0,9.0,535.66,59.52,11.0,Loyal Customers,Gold,0,5,0.53,4.8,0.0674,Low,Standard engagement / newsletter,0
CUST00101,2025-06-14,43,Other,East,Organic Search,200,6.7,41.0,6.0,353.12,58.85,9.0,Loyal Customers,Gold,2,6,0.32,4.7,0.0394,Low,Standard engagement / newsletter,0
CUST00102,2024-03-09,47,Male,Central,Social Media,662,22.1,59.0,15.0,848.18,56.55,12.0,At Risk,Platinum,0,7,0.64,5.0,0.0416,Low,Standard engagement / newsletter,0
CUST00103,2024-11-27,34,Other,Central,Paid Ads,399,13.3,38.0,7.0,247.77,35.4,9.0,Loyal Customers,Silver,0,4,0.29,3.3,0.0998,Low,Standard engagement / newsletter,0
CUST00104,2025-03-07,23,Male,Central,Organic Search,299,10.0,1.0,5.0,264.23,52.85,10.0,New Customers,Gold,1,7,0.38,4.4,0.3139,Low,Standard engagement / newsletter,0
CUST00105,2024-02-01,55,Male,North,Email Campaign,699,23.3,116.0,14.0,755.19,53.94,9.0,At Risk,Platinum,0,0,0.17,3.5,0.8491,High,Send targeted discount / re-engagement email,1
CUST00106,2025-08-22,20,Male,South,Social Media,131,4.4,83.0,1.0,41.3,41.3,4.0,Hibernating,Bronze,0,4,0.37,3.2,0.4072,Medium,Monitor + include in nurture campaign,0
CUST00107,2024-04-24,40,Male,Central,Paid Ads,616,20.5,94.0,11.0,518.86,47.17,9.0,At Risk,Gold,1,2,0.29,5.0,0.2742,Low,Standard engagement / newsletter,1
CUST00108,2025-02-14,30,Other,Central,Organic Search,320,10.7,31.0,17.0,1449.36,85.26,13.0,Loyal Customers,Platinum,0,6,0.74,5.0,0.0092,Low,Standard engagement / newsletter,0
CUST00109,2025-11-27,57,Other,North,Social Media,34,1.1,34.0,0.0,0.0,0.0,1.0,Hibernating,Bronze,1,2,0.61,4.3,0.0076,Low,Standard engagement / newsletter,0
CUST00110,2025-01-16,23,Other,Central,Email Campaign,349,11.6,25.0,11.0,559.3199999999999,50.85,11.0,Loyal Customers,Gold,1,6,0.18,4.6,0.1633,Low,Standard engagement / newsletter,0
CUST00111,2025-12-08,41,Other,East,Referral,23,0.8,23.0,1.0,83.87,83.87,6.0,New Customers,Silver,0,5,0.25,3.6,0.0034,Low,Standard engagement / newsletter,0
CUST00112,2024-08-11,30,Male,East,Paid Ads,507,16.9,23.0,19.0,987.58,51.98,14.0,Champions,Platinum,1,11,0.57,3.9,0.0048,Low,Upsell / referral program invite,0
CUST00113,2024-01-17,30,Female,West,Paid Ads,714,23.8,249.0,2.0,77.24000000000001,38.62,3.0,Hibernating,Bronze,0,1,0.1,2.6,0.948,High,Send targeted discount / re-engagement email,1
CUST00114,2025-05-02,48,Other,East,Social Media,243,8.1,44.0,10.0,636.62,63.66,10.0,At Risk,Platinum,0,9,0.65,4.5,0.0009,Low,Standard engagement / newsletter,0
CUST00115,2025-09-06,47,Female,North,Organic Search,116,3.9,29.0,2.0,109.58,54.79,6.0,Promising,Silver,1,2,0.33,3.8,0.0222,Low,Standard engagement / newsletter,0
CUST00116,2024-05-04,45,Female,Central,Email Campaign,606,20.2,38.0,16.0,763.08,47.69,12.0,Loyal Customers,Platinum,1,8,0.63,3.0,0.0215,Low,Standard engagement / newsletter,0
CUST00117,2025-07-18,37,Male,North,Email Campaign,166,5.5,24.0,2.0,74.5,37.25,5.0,Promising,Bronze,0,3,0.13,4.6,0.2172,Low,Standard engagement / newsletter,0
CUST00118,2025-06-27,39,Male,Central,Referral,187,6.2,40.0,3.0,95.23,31.74,6.0,Promising,Silver,1,6,0.39,3.7,0.0844,Low,Standard engagement / newsletter,0
CUST00119,2025-10-13,35,Male,East,Organic Search,79,2.6,9.0,1.0,47.65,47.65,7.0,New Customers,Bronze,0,4,0.39,4.4,0.0093,Low,Standard engagement / newsletter,0
CUST00120,2025-06-12,51,Male,East,Referral,202,6.7,51.0,3.0,139.26,46.42,6.0,Hibernating,Silver,0,3,0.24,2.5,0.2201,Low,Standard engagement / newsletter,0
CUST00121,2025-09-23,53,Male,West,Email Campaign,99,3.3,8.0,3.0,341.28,113.76,10.0,New Customers,Gold,1,12,0.55,4.1,0.0028,Low,Standard engagement / newsletter,0
CUST00122,2025-09-18,38,Other,East,Email Campaign,104,3.5,12.0,6.0,366.02,61.0,10.0,Loyal Customers,Gold,0,5,0.33,3.7,0.0181,Low,Standard engagement / newsletter,0
CUST00123,2024-01-08,41,Other,Central,Organic Search,723,24.1,34.0,13.0,887.27,68.25,12.0,Loyal Customers,Platinum,3,0,0.29,4.5,0.1408,Low,Standard engagement / newsletter,0
CUST00124,2025-11-27,36,Other,Central,Referral,34,1.1,1.0,3.0,130.16,43.39,9.0,New Customers,Silver,0,6,0.43,4.4,0.0102,Low,Standard engagement / newsletter,0
CUST00125,2024-11-09,25,Other,North,Paid Ads,417,13.9,205.0,5.0,128.01,25.6,5.0,Hibernating,Silver,2,2,0.44,1.9,0.6532,Medium,Monitor + include in nurture campaign,1
CUST00126,2025-06-10,23,Female,North,Organic Search,204,6.8,3.0,4.0,163.14999999999998,40.79,9.0,New Customers,Silver,0,0,0.28,3.6,0.0702,Low,Standard engagement / newsletter,0
CUST00127,2025-07-06,37,Other,Central,Paid Ads,178,5.9,64.0,2.0,117.62,58.81,5.0,Hibernating,Silver,1,2,0.4,3.1,0.4397,Medium,Monitor + include in nurture campaign,0
CUST00128,2025-01-19,27,Female,East,Email Campaign,346,11.5,35.0,19.0,1689.97,88.95,13.0,Loyal Customers,Platinum,0,7,0.79,2.9,0.0035,Low,Standard engagement / newsletter,0
CUST00129,2025-09-13,28,Male,East,Paid Ads,109,3.6,18.0,1.0,36.66,36.66,6.0,New Customers,Bronze,1,7,0.47,3.2,0.5871,Medium,Monitor + include in nurture campaign,0
CUST00130,2025-06-17,34,Other,East,Email Campaign,197,6.6,20.0,11.0,797.63,72.51,12.0,Champions,Platinum,0,10,0.24,5.0,0.0015,Low,Upsell / referral program invite,0
CUST00131,2024-03-11,40,Female,East,Organic Search,660,22.0,80.0,4.0,172.11,43.03,6.0,Hibernating,Silver,0,3,0.0,4.1,0.2709,Low,Standard engagement / newsletter,0
CUST00132,2025-07-29,31,Male,West,Referral,155,5.2,46.0,4.0,239.27,59.82,6.0,Hibernating,Silver,0,11,0.14,5.0,0.0214,Low,Standard engagement / newsletter,0
CUST00133,2024-02-26,20,Male,North,Referral,674,22.5,37.0,5.0,102.92,20.58,6.0,Promising,Silver,1,1,0.12,3.2,0.401,Medium,Monitor + include in nurture campaign,0
CUST00134,2025-10-25,21,Male,East,Paid Ads,67,2.2,67.0,0.0,0.0,0.0,1.0,Hibernating,Bronze,2,1,0.13,4.0,0.0124,Low,Standard engagement / newsletter,0
CUST00135,2025-11-16,29,Other,West,Email Campaign,45,1.5,45.0,0.0,0.0,0.0,1.0,Hibernating,Bronze,0,7,0.5,5.0,0.0098,Low,Standard engagement / newsletter,0
CUST00136,2025-01-25,35,Other,West,Email Campaign,340,11.3,7.0,5.0,163.95,32.79,9.0,New Customers,Silver,0,1,0.07,4.4,0.4091,Medium,Monitor + include in nurture campaign,0
CUST00137,2025-09-26,37,Male,North,Organic Search,96,3.2,57.0,2.0,109.48,54.74,5.0,Hibernating,Silver,0,5,0.55,4.3,0.0282,Low,Standard engagement / newsletter,0
CUST00138,2024-11-24,25,Other,South,Email Campaign,402,13.4,1.0,22.0,1626.8,73.95,15.0,Champions,Platinum,0,16,0.59,3.9,0.0006,Low,Upsell / referral program invite,0
CUST00139,2024-03-24,41,Male,East,Email Campaign,647,21.6,31.0,35.0,2461.46,70.33,13.0,Loyal Customers,Platinum,0,12,0.22,4.6,0.0018,Low,Standard engagement / newsletter,0
CUST00140,2025-02-12,28,Other,South,Social Media,322,10.7,17.0,6.0,267.34,44.56,10.0,Loyal Customers,Gold,0,1,0.27,3.4,0.2816,Low,Standard engagement / newsletter,0
CUST00141,2025-12-08,46,Male,North,Referral,23,0.8,23.0,0.0,0.0,0.0,1.0,Hibernating,Bronze,1,6,0.29,3.7,0.0016,Low,Standard engagement / newsletter,0
CUST00142,2025-11-05,33,Female,North,Referral,56,1.9,56.0,0.0,0.0,0.0,1.0,Hibernating,Bronze,0,10,0.4,3.5,0.0056,Low,Standard engagement / newsletter,0
CUST00143,2025-11-09,40,Male,South,Organic Search,52,1.7,41.0,1.0,103.56,103.56,5.0,Promising,Silver,0,7,0.42,4.4,0.0031,Low,Standard engagement / newsletter,0
CUST00144,2025-01-22,38,Female,Central,Social Media,343,11.4,25.0,16.0,834.79,52.17,13.0,Loyal Customers,Platinum,0,12,0.4,3.7,0.0175,Low,Standard engagement / newsletter,0
CUST00145,2025-11-30,55,Other,South,Paid Ads,31,1.0,31.0,0.0,0.0,0.0,1.0,Hibernating,Bronze,0,9,0.18,4.4,0.0028,Low,Standard engagement / newsletter,0
CUST00146,2025-03-15,49,Male,South,Social Media,291,9.7,3.0,9.0,375.55,41.73,12.0,Loyal Customers,Gold,0,8,0.15,5.0,0.0185,Low,Standard engagement / newsletter,0
CUST00147,2025-09-22,64,Male,South,Referral,100,3.3,28.0,2.0,56.76,28.38,5.0,Promising,Bronze,0,3,0.38,3.7,0.0087,Low,Standard engagement / newsletter,0
CUST00148,2024-05-11,28,Female,South,Referral,599,20.0,7.0,20.0,1182.22,59.11,15.0,Champions,Platinum,2,3,0.18,4.1,0.0172,Low,Upsell / referral program invite,0
CUST00149,2024-09-04,28,Male,North,Social Media,483,16.1,16.0,15.0,789.06,52.6,13.0,Champions,Platinum,2,6,0.45,4.8,0.1387,Low,Upsell / referral program invite,0
CUST00150,2025-11-02,39,Male,West,Paid Ads,59,2.0,50.0,1.0,75.94,75.94,4.0,Hibernating,Bronze,1,1,0.28,4.6,0.0039,Low,Standard engagement / newsletter,0
CUST00151,2025-01-10,49,Male,West,Referral,355,11.8,45.0,1.0,51.02,51.02,4.0,Hibernating,Bronze,0,2,0.44,2.6,0.7652,High,Send targeted discount / re-engagement email,0
CUST00152,2024-04-23,31,Female,South,Paid Ads,617,20.6,71.0,10.0,420.06,42.01,10.0,At Risk,Gold,0,1,0.08,3.7,0.0764,Low,Standard engagement / newsletter,0
CUST00153,2025-07-29,22,Male,South,Social Media,155,5.2,136.0,1.0,65.43,65.43,3.0,Hibernating,Bronze,0,0,0.27,4.0,0.9297,High,Send targeted discount / re-engagement email,1
CUST00154,2025-11-09,59,Female,East,Organic Search,52,1.7,3.0,4.0,146.55,36.64,9.0,New Customers,Silver,0,4,0.35,3.2,0.001,Low,Standard engagement / newsletter,0
CUST00155,2024-01-19,52,Female,East,Email Campaign,712,23.7,9.0,23.0,1928.84,83.86,15.0,Champions,Platinum,0,14,0.8,5.0,0.0045,Low,Upsell / referral program invite,0
CUST00156,2025-12-22,32,Female,Central,Referral,9,0.3,6.0,1.0,179.02,179.02,8.0,New Customers,Silver,0,5,0.44,3.3,0.008,Low,Standard engagement / newsletter,0
CUST00157,2024-09-23,36,Male,North,Referral,464,15.5,8.0,8.0,387.95,48.49,11.0,Loyal Customers,Gold,2,1,0.35,3.6,0.4849,Medium,Monitor + include in nurture campaign,0
CUST00158,2024-07-10,52,Male,Central,Referral,539,18.0,5.0,10.0,511.99,51.2,13.0,Champions,Gold,0,3,0.4,4.4,0.1247,Low,Upsell / referral program invite,0
CUST00159,2025-08-28,38,Male,North,Email Campaign,125,4.2,7.0,7.0,480.16,68.59,12.0,Loyal Customers,Gold,0,9,0.43,3.7,0.0006,Low,Standard engagement / newsletter,0
CUST00160,2025-10-23,38,Female,East,Referral,69,2.3,3.0,1.0,47.62,47.62,7.0,New Customers,Bronze,2,3,0.31,2.7,0.0127,Low,Standard engagement / newsletter,0
CUST00161,2024-06-22,25,Female,Central,Email Campaign,557,18.6,49.0,1.0,20.69,20.69,4.0,Hibernating,Bronze,1,0,0.1,3.6,0.5789,Medium,Monitor + include in nurture campaign,0
CUST00162,2025-11-25,36,Male,West,Email Campaign,36,1.2,13.0,3.0,182.5,60.83,8.0,New Customers,Silver,0,8,0.37,3.0,0.0035,Low,Standard engagement / newsletter,0
CUST00163,2025-04-15,19,Male,East,Organic Search,260,8.7,50.0,4.0,195.76,48.94,6.0,Hibernating,Silver,0,8,0.7,4.5,0.0349,Low,Standard engagement / newsletter,0
CUST00164,2025-04-15,53,Other,West,Organic Search,260,8.7,8.0,16.0,1083.78,67.74,15.0,Champions,Platinum,0,13,0.45,4.5,0.0015,Low,Upsell / referral program invite,0
CUST00165,2025-06-24,52,Other,Central,Paid Ads,190,6.3,1.0,4.0,189.07,47.27,9.0,New Customers,Silver,0,3,0.08,3.7,0.0347,Low,Standard engagement / newsletter,0
CUST00166,2025-01-27,38,Female,West,Organic Search,338,11.3,108.0,5.0,228.93,45.79,5.0,Hibernating,Silver,0,3,0.68,3.7,0.7091,High,Send targeted discount / re-engagement email,1
CUST00167,2024-10-09,45,Other,East,Email Campaign,448,14.9,448.0,0.0,0.0,0.0,1.0,Hibernating,Bronze,2,0,0.0,3.9,0.9965,High,Send targeted discount / re-engagement email,1
CUST00168,2024-05-29,54,Female,North,Referral,581,19.4,282.0,5.0,276.98,55.4,6.0,Lost,Gold,1,1,0.28,3.9,0.5314,Medium,Monitor + include in nurture campaign,1
CUST00169,2024-01-11,50,Other,East,Social Media,720,24.0,38.0,40.0,3134.84,78.37,13.0,Loyal Customers,Platinum,1,17,0.54,3.9,0.0004,Low,Standard engagement / newsletter,0
CUST00170,2024-11-02,18,Female,West,Referral,424,14.1,32.0,12.0,515.3,42.94,11.0,Loyal Customers,Gold,0,6,0.48,3.8,0.0462,Low,Standard engagement / newsletter,0
CUST00171,2024-08-31,56,Other,South,Paid Ads,487,16.2,487.0,0.0,0.0,0.0,1.0,Hibernating,Bronze,0,0,0.19,3.5,0.9989,High,Send targeted discount / re-engagement email,1
CUST00172,2025-03-11,38,Female,West,Paid Ads,295,9.8,5.0,9.0,402.95,44.77,12.0,Loyal Customers,Gold,1,3,0.03,4.2,0.049,Low,Standard engagement / newsletter,0
CUST00173,2025-10-26,18,Other,Central,Referral,66,2.2,66.0,0.0,0.0,0.0,1.0,Hibernating,Bronze,0,0,0.0,3.7,0.0057,Low,Standard engagement / newsletter,0
CUST00174,2025-11-17,37,Female,Central,Organic Search,44,1.5,44.0,0.0,0.0,0.0,1.0,Hibernating,Bronze,1,7,0.39,2.6,0.0159,Low,Standard engagement / newsletter,0
CUST00175,2024-08-18,22,Female,East,Paid Ads,500,16.7,58.0,11.0,517.26,47.02,10.0,At Risk,Gold,0,7,0.28,4.5,0.0814,Low,Standard engagement / newsletter,0
CUST00176,2024-03-31,46,Female,Central,Email Campaign,640,21.3,3.0,25.0,1977.77,79.11,15.0,Champions,Platinum,0,10,0.57,3.9,0.0005,Low,Upsell / referral program invite,0
CUST00177,2024-04-16,42,Other,East,Social Media,624,20.8,12.0,18.0,1356.57,75.36,14.0,Champions,Platinum,1,10,0.6,5.0,0.0006,Low,Upsell / referral program invite,0
CUST00178,2024-08-29,26,Female,West,Paid Ads,489,16.3,2.0,12.0,613.84,51.15,13.0,Champions,Platinum,1,7,0.18,3.9,0.1309,Low,Upsell / referral program invite,0
CUST00179,2024-11-27,26,Other,West,Paid Ads,399,13.3,37.0,3.0,106.82,35.61,7.0,Promising,Silver,0,0,0.17,3.9,0.4787,Medium,Monitor + include in nurture campaign,0
CUST00180,2024-01-29,44,Other,North,Referral,702,23.4,4.0,26.0,1350.02,51.92,15.0,Champions,Platinum,0,5,0.52,5.0,0.0059,Low,Upsell / referral program invite,0
CUST00181,2024-07-14,36,Other,Central,Referral,535,17.8,138.0,30.0,2119.88,70.66,11.0,At Risk,Platinum,1,9,0.51,5.0,0.0012,Low,Standard engagement / newsletter,1
CUST00182,2024-09-11,25,Male,South,Referral,476,15.9,48.0,11.0,587.73,53.43,10.0,At Risk,Gold,2,7,0.29,3.2,0.1534,Low,Standard engagement / newsletter,0
CUST00183,2025-04-28,29,Male,South,Paid Ads,247,8.2,36.0,2.0,91.6,45.8,5.0,Promising,Silver,0,4,0.17,2.8,0.6954,High,Send targeted discount / re-engagement email,0
CUST00184,2025-10-06,40,Male,North,Paid Ads,86,2.9,86.0,0.0,0.0,0.0,1.0,Hibernating,Bronze,0,0,0.27,1.8,0.0185,Low,Standard engagement / newsletter,0
CUST00185,2024-07-12,45,Female,Central,Organic Search,537,17.9,38.0,33.0,2359.28,71.49,13.0,Loyal Customers,Platinum,0,10,0.62,5.0,0.0003,Low,Standard engagement / newsletter,0
CUST00186,2024-05-26,47,Female,West,Email Campaign,584,19.5,1.0,10.0,374.22,37.42,12.0,Loyal Customers,Gold,0,2,0.43,4.3,0.1507,Low,Standard engagement / newsletter,0
CUST00187,2024-12-05,19,Male,West,Social Media,391,13.0,81.0,16.0,802.22,50.14,11.0,At Risk,Platinum,0,7,0.48,4.6,0.0533,Low,Standard engagement / newsletter,0
CUST00188,2025-06-07,54,Female,South,Paid Ads,207,6.9,9.0,7.0,336.94,48.13,11.0,Loyal Customers,Gold,0,5,0.53,3.5,0.0594,Low,Standard engagement / newsletter,0
CUST00189,2024-06-25,44,Other,North,Organic Search,554,18.5,3.0,26.0,1827.72,70.3,15.0,Champions,Platinum,0,6,0.43,4.1,0.0005,Low,Upsell / referral program invite,0
CUST00190,2025-01-07,41,Female,South,Paid Ads,358,11.9,114.0,6.0,340.97,56.83,7.0,At Risk,Gold,0,2,0.38,3.0,0.6392,Medium,Monitor + include in nurture campaign,1
CUST00191,2024-11-09,18,Other,Central,Social Media,417,13.9,9.0,25.0,1633.35,65.33,15.0,Champions,Platinum,0,10,0.46,4.8,0.0007,Low,Upsell / referral program invite,0
CUST00192,2024-09-21,40,Male,Central,Paid Ads,466,15.5,32.0,12.0,484.9,40.41,11.0,Loyal Customers,Gold,1,5,0.57,4.8,0.2417,Low,Standard engagement / newsletter,0
CUST00193,2024-08-13,30,Male,West,Paid Ads,505,16.8,16.0,25.0,1492.83,59.71,14.0,Champions,Platinum,1,8,0.55,3.5,0.0065,Low,Upsell / referral program invite,0
CUST00194,2025-09-15,25,Female,Central,Email Campaign,107,3.6,21.0,4.0,221.11,55.28,8.0,New Customers,Silver,0,4,0.63,4.8,0.0271,Low,Standard engagement / newsletter,0
CUST00195,2025-04-20,37,Other,East,Social Media,255,8.5,242.0,1.0,75.36,75.36,3.0,Hibernating,Bronze,0,4,0.23,3.5,0.937,High,Send targeted discount / re-engagement email,1
CUST00196,2025-01-10,55,Other,Central,Social Media,355,11.8,38.0,22.0,1664.58,75.66,13.0,Loyal Customers,Platinum,0,7,0.35,3.9,0.0009,Low,Standard engagement / newsletter,0
CUST00197,2025-06-05,25,Other,West,Paid Ads,209,7.0,3.0,4.0,121.97,30.49,9.0,New Customers,Silver,1,1,0.42,2.8,0.1037,Low,Standard engagement / newsletter,0
CUST00198,2024-09-11,35,Other,West,Social Media,476,15.9,31.0,9.0,405.49,45.05,10.0,Loyal Customers,Gold,0,10,0.2,2.7,0.2729,Low,Standard engagement / newsletter,0
CUST00199,2025-02-03,21,Female,South,Referral,331,11.0,56.0,5.0,301.36,60.27,7.0,Others,Gold,1,3,0.33,3.0,0.1599,Low,Standard engagement / newsletter,0
CUST00200,2024-04-17,44,Other,West,Paid Ads,623,20.8,31.0,30.0,1973.82,65.79,13.0,Loyal Customers,Platinum,1,10,0.36,4.4,0.0028,Low,Standard engagement / newsletter,0
CUST00201,2024-04-22,30,Female,West,Organic Search,618,20.6,4.0,15.0,694.0600000000001,46.27,14.0,Champions,Platinum,1,7,0.47,4.0,0.1018,Low,Upsell / referral program invite,0
CUST00202,2025-09-19,27,Other,East,Paid Ads,103,3.4,22.0,6.0,446.55,74.42,11.0,Loyal Customers,Gold,1,8,0.61,4.7,0.0186,Low,Standard engagement / newsletter,0
CUST00203,2025-01-02,41,Female,East,Referral,363,12.1,17.0,15.0,1343.53,89.57,14.0,Champions,Platinum,0,14,0.45,3.7,0.0055,Low,Upsell / referral program invite,0
CUST00204,2024-10-05,37,Other,North,Paid Ads,452,15.1,9.0,28.0,1821.49,65.05,15.0,Champions,Platinum,2,9,0.78,4.6,0.0022,Low,Upsell / referral program invite,0
CUST00205,2025-11-09,31,Male,South,Social Media,52,1.7,17.0,3.0,251.09,83.7,9.0,New Customers,Silver,3,4,0.37,3.0,0.0043,Low,Standard engagement / newsletter,0
CUST00206,2025-04-13,47,Other,South,Paid Ads,262,8.7,17.0,15.0,953.27,63.55,14.0,Champions,Platinum,0,11,0.78,3.8,0.001,Low,Upsell / referral program invite,0
CUST00207,2025-01-24,18,Male,West,Social Media,341,11.4,170.0,1.0,9.66,9.66,3.0,Hibernating,Bronze,0,0,0.13,3.5,0.9978,High,Send targeted discount / re-engagement email,1
CUST00208,2024-05-10,44,Female,Central,Social Media,600,20.0,1.0,7.0,240.96,34.42,10.0,Others,Silver,0,1,0.58,2.4,0.0692,Low,Standard engagement / newsletter,0
CUST00209,2024-10-24,18,Female,North,Paid Ads,433,14.4,144.0,6.0,273.22,45.54,7.0,At Risk,Gold,1,3,0.49,3.0,0.7393,High,Send targeted discount / re-engagement email,1
CUST00210,2025-03-03,38,Female,West,Email Campaign,303,10.1,59.0,11.0,588.01,53.46,10.0,At Risk,Gold,0,9,0.58,4.2,0.0176,Low,Standard engagement / newsletter,0
CUST00211,2025-02-10,37,Other,North,Email Campaign,324,10.8,22.0,8.0,471.38,58.92,11.0,Loyal Customers,Gold,0,3,0.14,5.0,0.0304,Low,Standard engagement / newsletter,0
CUST00212,2024-02-06,23,Female,West,Organic Search,694,23.1,163.0,8.0,387.58,48.45,7.0,At Risk,Gold,0,3,0.27,3.6,0.8032,High,Send targeted discount / re-engagement email,1
CUST00213,2024-04-04,50,Female,East,Social Media,636,21.2,137.0,12.0,737.21,61.43,9.0,At Risk,Platinum,0,6,0.54,3.9,0.0717,Low,Standard engagement / newsletter,1
CUST00214,2025-04-22,31,Female,Central,Email Campaign,253,8.4,2.0,7.0,270.52,38.65,11.0,Loyal Customers,Gold,0,6,0.18,4.3,0.0397,Low,Standard engagement / newsletter,0
CUST00215,2025-02-20,18,Other,South,Social Media,314,10.5,144.0,2.0,126.53,63.26,4.0,Hibernating,Silver,1,4,0.26,4.2,0.8614,High,Send targeted discount / re-engagement email,1
CUST00216,2025-10-12,28,Male,East,Social Media,80,2.7,16.0,1.0,75.82,75.82,6.0,New Customers,Bronze,3,5,0.48,5.0,0.0196,Low,Standard engagement / newsletter,0
CUST00217,2025-11-06,42,Female,North,Social Media,55,1.8,55.0,0.0,0.0,0.0,1.0,Hibernating,Bronze,0,0,0.07,3.5,0.007,Low,Standard engagement / newsletter,0
CUST00218,2025-12-20,30,Female,West,Paid Ads,11,0.4,11.0,0.0,0.0,0.0,1.0,Hibernating,Bronze,2,10,0.31,3.2,0.0041,Low,Standard engagement / newsletter,0
CUST00219,2025-06-02,52,Female,South,Email Campaign,212,7.1,14.0,15.0,1066.41,71.09,14.0,Champions,Platinum,0,5,0.56,5.0,0.001,Low,Upsell / referral program invite,0
CUST00220,2025-07-10,41,Other,North,Social Media,174,5.8,71.0,4.0,345.01,86.25,7.0,Others,Gold,0,14,0.48,4.1,0.0137,Low,Standard engagement / newsletter,0
CUST00221,2024-04-24,42,Other,Central,Organic Search,616,20.5,42.0,12.0,578.09,48.17,11.0,Loyal Customers,Gold,1,4,0.19,2.9,0.2567,Low,Standard engagement / newsletter,0
CUST00222,2025-01-01,32,Male,West,Paid Ads,364,12.1,50.0,4.0,158.23000000000002,39.56,6.0,Hibernating,Silver,2,4,0.32,3.2,0.3213,Low,Standard engagement / newsletter,0
CUST00223,2025-09-06,52,Female,South,Organic Search,116,3.9,35.0,1.0,49.52,49.52,5.0,Promising,Bronze,0,5,0.49,4.2,0.0869,Low,Standard engagement / newsletter,0
CUST00224,2024-09-20,33,Female,West,Referral,467,15.6,22.0,9.0,456.82,50.76,12.0,Champions,Gold,0,4,0.35,4.1,0.1544,Low,Upsell / referral program invite,0
CUST00225,2024-07-29,38,Male,West,Referral,520,17.3,6.0,16.0,814.5500000000001,50.91,14.0,Champions,Platinum,1,5,0.69,3.7,0.0374,Low,Upsell / referral program invite,0
CUST00226,2025-09-21,58,Female,West,Referral,101,3.4,13.0,5.0,214.07,42.81,8.0,New Customers,Silver,2,2,0.16,4.0,0.0092,Low,Standard engagement / newsletter,0
CUST00227,2025-01-15,40,Female,East,Organic Search,350,11.7,12.0,4.0,203.12,50.78,8.0,New Customers,Silver,1,7,0.65,2.8,0.4591,Medium,Monitor + include in nurture campaign,0
CUST00228,2025-10-19,47,Female,North,Email Campaign,73,2.4,20.0,6.0,252.79,42.13,10.0,Loyal Customers,Silver,0,5,0.51,4.2,0.0012,Low,Standard engagement / newsletter,0
CUST00229,2024-08-22,42,Male,East,Paid Ads,496,16.5,227.0,6.0,318.2,53.03,7.0,At Risk,Gold,0,1,0.28,4.2,0.8351,High,Send targeted discount / re-engagement email,1
CUST00230,2025-01-08,33,Other,North,Organic Search,357,11.9,76.0,7.0,319.3,45.61,8.0,At Risk,Gold,0,2,0.29,3.0,0.0745,Low,Standard engagement / newsletter,0
CUST00231,2025-07-06,32,Male,South,Paid Ads,178,5.9,26.0,1.0,89.04,89.04,5.0,Promising,Silver,1,0,0.35,4.0,0.3324,Medium,Monitor + include in nurture campaign,0
CUST00232,2025-06-04,27,Male,Central,Paid Ads,210,7.0,104.0,3.0,173.76999999999998,57.92,5.0,Hibernating,Silver,1,5,0.12,3.6,0.8104,High,Send targeted discount / re-engagement email,1
CUST00233,2025-02-02,43,Male,South,Social Media,332,11.1,31.0,19.0,1336.6,70.35,13.0,Loyal Customers,Platinum,0,13,0.58,5.0,0.0002,Low,Standard engagement / newsletter,0
CUST00234,2025-07-28,42,Other,North,Email Campaign,156,5.2,16.0,4.0,217.2,54.3,8.0,New Customers,Silver,1,7,0.27,4.6,0.0544,Low,Standard engagement / newsletter,0
CUST00235,2025-08-15,34,Male,West,Referral,138,4.6,18.0,7.0,379.64,54.23,10.0,Loyal Customers,Gold,1,10,0.62,3.9,0.0095,Low,Standard engagement / newsletter,0
CUST00236,2024-04-14,26,Female,South,Email Campaign,626,20.9,157.0,2.0,69.92,34.96,3.0,Hibernating,Bronze,2,2,0.38,2.5,0.9735,High,Send targeted discount / re-engagement email,1
CUST00237,2025-05-20,48,Other,North,Paid Ads,225,7.5,25.0,4.0,139.0,34.75,7.0,Promising,Silver,0,4,0.33,3.8,0.0681,Low,Standard engagement / newsletter,0
CUST00238,2025-01-14,54,Female,North,Email Campaign,351,11.7,49.0,5.0,177.38,35.48,6.0,Hibernating,Silver,2,0,0.49,3.6,0.1764,Low,Standard engagement / newsletter,0
CUST00239,2024-08-29,18,Male,East,Email Campaign,489,16.3,26.0,8.0,262.16,32.77,9.0,Loyal Customers,Gold,0,6,0.28,3.7,0.3953,Medium,Monitor + include in nurture campaign,0
CUST00240,2025-10-25,55,Other,West,Social Media,67,2.2,67.0,0.0,0.0,0.0,1.0,Hibernating,Bronze,0,4,0.76,4.5,0.0089,Low,Standard engagement / newsletter,0
CUST00241,2025-02-14,67,Other,South,Organic Search,320,10.7,3.0,22.0,1528.1799999999998,69.46,15.0,Champions,Platinum,0,11,0.49,5.0,0.0006,Low,Upsell / referral program invite,0
CUST00242,2025-09-02,39,Other,South,Organic Search,120,4.0,27.0,3.0,192.45,64.15,7.0,Promising,Silver,0,5,0.73,4.7,0.0442,Low,Standard engagement / newsletter,0
CUST00243,2025-11-27,43,Other,East,Email Campaign,34,1.1,5.0,2.0,119.66,59.83,8.0,New Customers,Silver,1,9,0.32,3.8,0.0005,Low,Standard engagement / newsletter,0
CUST00244,2024-04-16,40,Male,Central,Organic Search,624,20.8,109.0,6.0,190.06,31.68,6.0,Lost,Silver,0,2,0.0,4.5,0.8112,High,Send targeted discount / re-engagement email,1
CUST00245,2025-02-28,57,Female,Central,Social Media,306,10.2,161.0,1.0,110.91,110.91,4.0,Hibernating,Silver,0,4,0.3,3.5,0.9637,High,Send targeted discount / re-engagement email,1
CUST00246,2025-11-06,31,Other,East,Organic Search,55,1.8,6.0,1.0,27.83,27.83,7.0,New Customers,Bronze,1,8,0.39,4.7,0.0035,Low,Standard engagement / newsletter,0
CUST00247,2024-03-20,38,Other,East,Organic Search,651,21.7,4.0,18.0,1004.06,55.78,15.0,Champions,Platinum,0,1,0.21,3.6,0.057,Low,Upsell / referral program invite,0
CUST00248,2024-10-06,51,Female,West,Organic Search,451,15.0,44.0,3.0,232.02,77.34,6.0,Hibernating,Silver,0,4,0.21,3.0,0.266,Low,Standard engagement / newsletter,0
CUST00249,2024-08-22,25,Female,East,Social Media,496,16.5,45.0,24.0,1609.09,67.05,12.0,At Risk,Platinum,2,10,0.66,5.0,0.001,Low,Standard engagement / newsletter,0
CUST00250,2025-10-05,18,Other,South,Social Media,87,2.9,87.0,0.0,0.0,0.0,1.0,Hibernating,Bronze,1,3,0.47,3.8,0.0068,Low,Standard engagement / newsletter,0
CUST00251,2024-08-30,33,Male,Central,Referral,488,16.3,160.0,10.0,487.05,48.7,9.0,At Risk,Gold,1,4,0.35,4.6,0.6823,High,Send targeted discount / re-engagement email,1
CUST00252,2024-11-12,58,Other,Central,Social Media,414,13.8,5.0,16.0,905.3,56.58,15.0,Champions,Platinum,1,9,0.42,4.7,0.0124,Low,Upsell / referral program invite,0
CUST00253,2024-05-03,18,Female,West,Email Campaign,607,20.2,8.0,43.0,3061.89,71.21,15.0,Champions,Platinum,1,11,0.53,5.0,0.0008,Low,Upsell / referral program invite,0
CUST00254,2024-09-10,37,Female,East,Paid Ads,477,15.9,120.0,3.0,204.07,68.02,5.0,Hibernating,Silver,1,0,0.19,3.0,0.8993,High,Send targeted discount / re-engagement email,1
CUST00255,2025-03-18,34,Male,East,Social Media,288,9.6,82.0,3.0,129.99,43.33,6.0,Hibernating,Silver,0,2,0.06,3.8,0.1281,Low,Standard engagement / newsletter,0
CUST00256,2025-11-28,24,Male,West,Email Campaign,33,1.1,5.0,1.0,116.24,116.24,8.0,New Customers,Silver,0,11,0.43,4.2,0.0024,Low,Standard engagement / newsletter,0
CUST00257,2025-02-20,38,Other,West,Referral,314,10.5,14.0,5.0,185.93,37.19,8.0,New Customers,Silver,0,2,0.26,3.8,0.2219,Low,Standard engagement / newsletter,0
CUST00258,2025-09-20,37,Male,West,Referral,102,3.4,21.0,4.0,269.95,67.49,9.0,New Customers,Gold,0,4,0.35,4.7,0.0544,Low,Standard engagement / newsletter,0
CUST00259,2024-05-13,37,Male,West,Paid Ads,597,19.9,63.0,14.0,705.9200000000001,50.42,10.0,At Risk,Platinum,0,5,0.23,4.8,0.221,Low,Standard engagement / newsletter,0
CUST00260,2024-02-15,31,Female,East,Referral,685,22.8,100.0,6.0,308.23,51.37,7.0,At Risk,Gold,1,5,0.17,4.5,0.9066,High,Send targeted discount / re-engagement email,1
CUST00261,2024-11-13,18,Female,Central,Referral,413,13.8,125.0,2.0,84.00999999999999,42.0,3.0,Hibernating,Silver,0,3,0.39,2.4,0.97,High,Send targeted discount / re-engagement email,1
CUST00262,2025-01-26,51,Other,North,Email Campaign,339,11.3,22.0,8.0,476.08,59.51,11.0,Loyal Customers,Gold,0,3,0.29,3.7,0.015,Low,Standard engagement / newsletter,0
CUST00263,2024-05-07,21,Male,North,Paid Ads,603,20.1,26.0,22.0,1503.63,68.35,13.0,Loyal Customers,Platinum,1,7,0.66,3.8,0.0025,Low,Standard engagement / newsletter,0
CUST00264,2024-10-13,28,Other,West,Social Media,444,14.8,14.0,9.0,538.41,59.82,12.0,Champions,Gold,1,2,0.32,3.4,0.048,Low,Upsell / referral program invite,0
CUST00265,2024-04-19,49,Other,South,Social Media,621,20.7,42.0,20.0,1442.44,72.12,13.0,Loyal Customers,Platinum,1,15,0.66,4.7,0.0005,Low,Standard engagement / newsletter,0
CUST00266,2024-06-04,53,Other,West,Social Media,575,19.2,7.0,29.0,1998.8,68.92,15.0,Champions,Platinum,0,15,0.45,4.5,0.001,Low,Upsell / referral program invite,0
CUST00267,2025-04-15,31,Male,North,Referral,260,8.7,27.0,7.0,294.77,42.11,9.0,Loyal Customers,Gold,0,7,0.34,4.2,0.1041,Low,Standard engagement / newsletter,0
CUST00268,2024-06-15,43,Male,West,Paid Ads,564,18.8,58.0,11.0,579.36,52.67,10.0,At Risk,Gold,0,2,0.0,3.9,0.2352,Low,Standard engagement / newsletter,0
CUST00269,2024-06-19,46,Female,Central,Referral,560,18.7,3.0,24.0,1621.47,67.56,15.0,Champions,Platinum,0,15,0.76,4.7,0.0008,Low,Upsell / referral program invite,0
CUST00270,2024-10-05,43,Female,Central,Email Campaign,452,15.1,422.0,2.0,56.21000000000001,28.11,3.0,Hibernating,Bronze,1,0,0.3,3.6,0.93,High,Send targeted discount / re-engagement email,1
CUST00271,2024-05-23,45,Female,West,Email Campaign,587,19.6,65.0,5.0,142.75,28.55,6.0,Hibernating,Silver,0,4,0.43,4.0,0.2597,Low,Standard engagement / newsletter,0
CUST00272,2024-02-29,34,Female,East,Social Media,671,22.4,5.0,42.0,3262.68,77.68,15.0,Champions,Platinum,0,14,0.63,4.6,0.0021,Low,Upsell / referral program invite,0
CUST00273,2024-01-19,41,Female,East,Referral,712,23.7,105.0,10.0,534.97,53.5,9.0,At Risk,Gold,0,3,0.44,3.4,0.8211,High,Send targeted discount / re-engagement email,1
CUST00274,2025-09-16,22,Male,North,Paid Ads,106,3.5,34.0,4.0,157.7,39.42,7.0,Promising,Silver,1,3,0.61,4.0,0.0629,Low,Standard engagement / newsletter,0
CUST00275,2024-08-27,29,Female,North,Email Campaign,491,16.4,7.0,1.0,41.54,41.54,7.0,New Customers,Bronze,1,0,0.15,3.1,0.8095,High,Send targeted discount / re-engagement email,0
CUST00276,2024-07-06,21,Other,South,Paid Ads,543,18.1,16.0,6.0,305.18,50.86,10.0,Loyal Customers,Gold,0,3,0.32,4.5,0.3975,Medium,Monitor + include in nurture campaign,0
CUST00277,2024-10-13,18,Male,West,Referral,444,14.8,46.0,2.0,71.5,35.75,4.0,Hibernating,Bronze,0,2,0.16,3.7,0.8763,High,Send targeted discount / re-engagement email,0
CUST00278,2025-10-25,58,Other,Central,Email Campaign,67,2.2,4.0,2.0,97.21,48.6,7.0,New Customers,Silver,0,0,0.23,4.6,0.0028,Low,Standard engagement / newsletter,0
CUST00279,2024-04-08,37,Other,East,Organic Search,632,21.1,22.0,8.0,383.88,47.98,10.0,Loyal Customers,Gold,0,0,0.13,4.8,0.5724,Medium,Monitor + include in nurture campaign,0
CUST00280,2025-07-13,51,Male,East,Paid Ads,171,5.7,171.0,0.0,0.0,0.0,1.0,Hibernating,Bronze,0,0,0.21,3.9,0.9866,High,Send targeted discount / re-engagement email,1
CUST00281,2024-01-16,41,Female,South,Referral,715,23.8,31.0,16.0,993.6,62.1,13.0,Loyal Customers,Platinum,0,3,0.41,4.0,0.0228,Low,Standard engagement / newsletter,0
CUST00282,2024-06-29,18,Male,Central,Paid Ads,550,18.3,20.0,7.0,458.43,65.49,11.0,Loyal Customers,Gold,1,4,0.33,3.6,0.077,Low,Standard engagement / newsletter,0
CUST00283,2025-08-07,38,Female,North,Organic Search,146,4.9,80.0,7.0,482.55,68.94,9.0,At Risk,Gold,0,12,0.51,5.0,0.005,Low,Standard engagement / newsletter,0
CUST00284,2024-07-09,42,Other,East,Paid Ads,540,18.0,15.0,32.0,2280.92,71.28,14.0,Champions,Platinum,0,13,0.38,3.5,0.0011,Low,Upsell / referral program invite,0
CUST00285,2025-10-02,40,Other,West,Organic Search,90,3.0,10.0,5.0,315.51,63.1,9.0,New Customers,Gold,0,12,0.53,4.7,0.0045,Low,Standard engagement / newsletter,0
CUST00286,2025-01-22,26,Male,Central,Referral,343,11.4,113.0,5.0,358.66,71.73,6.0,Lost,Gold,0,5,0.56,3.0,0.2984,Low,Standard engagement / newsletter,1
CUST00287,2025-08-03,41,Female,West,Social Media,150,5.0,150.0,0.0,0.0,0.0,1.0,Hibernating,Bronze,0,4,0.41,4.4,0.9906,High,Send targeted discount / re-engagement email,1
CUST00288,2025-04-10,49,Female,South,Organic Search,265,8.8,265.0,0.0,0.0,0.0,1.0,Hibernating,Bronze,2,4,0.3,3.1,0.9877,High,Send targeted discount / re-engagement email,1
CUST00289,2025-10-02,18,Female,West,Organic Search,90,3.0,8.0,2.0,163.62,81.81,8.0,New Customers,Silver,1,14,0.49,4.9,0.0022,Low,Standard engagement / newsletter,0
CUST00290,2024-02-02,22,Male,West,Social Media,698,23.3,151.0,12.0,585.81,48.82,9.0,At Risk,Gold,0,2,0.13,4.0,0.8877,High,Send targeted discount / re-engagement email,1
CUST00291,2025-05-31,40,Male,Central,Organic Search,214,7.1,11.0,11.0,848.1800000000001,77.11,13.0,Champions,Platinum,0,13,0.83,4.6,0.0027,Low,Upsell / referral program invite,0
CUST00292,2024-09-29,28,Male,South,Email Campaign,458,15.3,105.0,13.0,732.91,56.38,9.0,At Risk,Platinum,0,6,0.0,3.4,0.6716,High,Send targeted discount / re-engagement email,1
CUST00293,2024-09-05,26,Female,North,Paid Ads,482,16.1,8.0,12.0,803.28,66.94,13.0,Champions,Platinum,0,5,0.4,3.1,0.0718,Low,Upsell / referral program invite,0
CUST00294,2024-11-29,50,Male,Central,Social Media,397,13.2,94.0,3.0,97.57,32.52,4.0,Hibernating,Silver,0,4,0.37,2.6,0.8708,High,Send targeted discount / re-engagement email,1
CUST00295,2025-10-17,27,Other,Central,Email Campaign,75,2.5,42.0,1.0,21.24,21.24,5.0,Promising,Bronze,1,1,0.0,4.5,0.0052,Low,Standard engagement / newsletter,0
CUST00296,2024-07-02,46,Male,Central,Social Media,547,18.2,4.0,28.0,1931.19,68.97,15.0,Champions,Platinum,2,12,0.6,3.3,0.0006,Low,Upsell / referral program invite,0
CUST00297,2024-02-05,68,Female,West,Referral,695,23.2,116.0,8.0,368.81,46.1,7.0,At Risk,Gold,2,5,0.43,3.6,0.8522,High,Send targeted discount / re-engagement email,1
CUST00298,2025-06-23,36,Other,West,Referral,191,6.4,33.0,6.0,388.04,64.67,9.0,Loyal Customers,Gold,1,5,0.59,3.0,0.0546,Low,Standard engagement / newsletter,0
CUST00299,2024-02-22,37,Other,Central,Organic Search,678,22.6,2.0,35.0,2511.33,71.75,15.0,Champions,Platinum,0,11,0.34,5.0,0.001,Low,Upsell / referral program invite,0
CUST00300,2024-10-31,59,Other,North,Paid Ads,426,14.2,20.0,5.0,171.28,34.26,8.0,New Customers,Silver,1,5,0.09,4.3,0.2376,Low,Standard engagement / newsletter,0
CUST00301,2025-07-27,45,Other,South,Referral,157,5.2,10.0,3.0,266.38,88.79,9.0,New Customers,Gold,2,6,0.5,4.2,0.0483,Low,Standard engagement / newsletter,0
CUST00302,2025-02-17,49,Other,North,Paid Ads,317,10.6,8.0,6.0,222.28,37.05,10.0,Others,Silver,0,4,0.49,3.8,0.2327,Low,Standard engagement / newsletter,0
CUST00303,2024-03-05,37,Male,South,Email Campaign,666,22.2,39.0,18.0,839.79,46.66,13.0,Loyal Customers,Platinum,1,3,0.32,4.7,0.1718,Low,Standard engagement / newsletter,0
CUST00304,2025-01-14,45,Male,South,Organic Search,351,11.7,48.0,4.0,229.37,57.34,6.0,Hibernating,Silver,1,2,0.48,4.1,0.1611,Low,Standard engagement / newsletter,0
CUST00305,2025-05-27,44,Female,West,Email Campaign,218,7.3,125.0,2.0,91.31,45.66,3.0,Hibernating,Silver,1,0,0.24,3.2,0.7283,High,Send targeted discount / re-engagement email,1
CUST00306,2025-08-17,50,Female,East,Organic Search,136,4.5,84.0,1.0,69.32,69.32,4.0,Hibernating,Bronze,2,4,0.2,3.9,0.1709,Low,Standard engagement / newsletter,0
CUST00307,2024-12-08,43,Male,East,Referral,388,12.9,27.0,7.0,333.43,47.63,9.0,Loyal Customers,Gold,0,9,0.62,4.5,0.0458,Low,Standard engagement / newsletter,0
CUST00308,2025-02-01,40,Other,West,Organic Search,333,11.1,19.0,6.0,241.61,40.27,9.0,Others,Silver,0,6,0.28,4.1,0.3837,Medium,Monitor + include in nurture campaign,0
CUST00309,2024-01-24,25,Other,South,Referral,707,23.6,377.0,1.0,17.61,17.61,3.0,Hibernating,Bronze,0,0,0.07,4.0,0.9942,High,Send targeted discount / re-engagement email,1
CUST00310,2025-11-10,50,Other,Central,Paid Ads,51,1.7,46.0,1.0,43.77,43.77,4.0,Hibernating,Bronze,0,0,0.25,1.5,0.0084,Low,Standard engagement / newsletter,0
CUST00311,2025-12-03,38,Female,North,Email Campaign,28,0.9,3.0,3.0,205.98,68.66,9.0,New Customers,Silver,1,4,0.58,2.9,0.0024,Low,Standard engagement / newsletter,0
CUST00312,2025-08-03,38,Male,South,Referral,150,5.0,61.0,3.0,238.48,79.49,6.0,Hibernating,Silver,1,5,0.53,3.8,0.0706,Low,Standard engagement / newsletter,0
CUST00313,2025-02-21,32,Male,North,Organic Search,313,10.4,7.0,12.0,715.29,59.61,13.0,Champions,Platinum,0,11,0.42,5.0,0.0201,Low,Upsell / referral program invite,0
CUST00314,2025-05-02,34,Male,East,Email Campaign,243,8.1,24.0,8.0,547.29,68.41,10.0,Loyal Customers,Gold,0,20,0.58,4.5,0.0063,Low,Standard engagement / newsletter,0
CUST00315,2025-05-22,35,Other,Central,Referral,223,7.4,2.0,5.0,297.72,59.54,10.0,New Customers,Gold,0,6,0.48,4.3,0.2715,Low,Standard engagement / newsletter,0
CUST00316,2025-07-07,32,Female,North,Social Media,177,5.9,57.0,2.0,97.73,48.86,4.0,Hibernating,Silver,0,2,0.41,4.3,0.4217,Medium,Monitor + include in nurture campaign,0
CUST00317,2025-03-14,41,Other,East,Social Media,292,9.7,1.0,5.0,249.54,49.91,10.0,New Customers,Silver,0,8,0.42,4.4,0.1031,Low,Standard engagement / newsletter,0
CUST00318,2024-01-18,48,Female,Central,Email Campaign,713,23.8,3.0,17.0,1149.91,67.64,15.0,Champions,Platinum,0,1,0.26,3.3,0.0616,Low,Upsell / referral program invite,0
CUST00319,2024-01-15,38,Female,West,Organic Search,716,23.9,128.0,2.0,77.32,38.66,3.0,Hibernating,Bronze,1,0,0.24,3.0,0.9733,High,Send targeted discount / re-engagement email,1
CUST00320,2025-11-13,50,Other,North,Social Media,48,1.6,48.0,0.0,0.0,0.0,1.0,Hibernating,Bronze,1,4,0.7,4.3,0.0054,Low,Standard engagement / newsletter,0
CUST00321,2025-12-10,31,Other,East,Email Campaign,21,0.7,21.0,0.0,0.0,0.0,1.0,Hibernating,Bronze,0,2,0.36,2.9,0.0063,Low,Standard engagement / newsletter,0
CUST00322,2025-03-15,54,Female,North,Organic Search,291,9.7,2.0,8.0,513.76,64.22,12.0,Loyal Customers,Gold,1,2,0.47,4.9,0.0128,Low,Standard engagement / newsletter,0
CUST00323,2025-11-19,32,Male,Central,Email Campaign,42,1.4,42.0,0.0,0.0,0.0,1.0,Hibernating,Bronze,1,0,0.08,2.3,0.0154,Low,Standard engagement / newsletter,0
CUST00324,2025-05-31,55,Male,East,Email Campaign,214,7.1,69.0,4.0,127.02,31.76,6.0,Hibernating,Silver,0,8,0.43,4.2,0.0988,Low,Standard engagement / newsletter,0
CUST00325,2024-03-18,21,Male,South,Social Media,653,21.8,76.0,15.0,748.59,49.91,11.0,At Risk,Platinum,0,6,0.3,4.1,0.2155,Low,Standard engagement / newsletter,0
CUST00326,2024-06-12,26,Other,West,Referral,567,18.9,142.0,11.0,596.2,54.2,9.0,At Risk,Platinum,1,8,0.24,3.6,0.5941,Medium,Monitor + include in nurture campaign,1
CUST00327,2024-01-13,37,Male,Central,Social Media,718,23.9,1.0,25.0,1876.76,75.07,15.0,Champions,Platinum,1,7,0.55,5.0,0.0013,Low,Upsell / referral program invite,0
CUST00328,2025-04-20,40,Other,West,Organic Search,255,8.5,84.0,5.0,394.83,78.97,7.0,Others,Gold,0,3,0.22,5.0,0.0092,Low,Standard engagement / newsletter,0
CUST00329,2025-10-26,49,Female,East,Social Media,66,2.2,4.0,2.0,118.89,59.44,8.0,New Customers,Silver,0,8,0.27,4.2,0.0005,Low,Standard engagement / newsletter,0
CUST00330,2025-12-03,35,Female,East,Organic Search,28,0.9,28.0,0.0,0.0,0.0,1.0,Hibernating,Bronze,0,9,0.39,5.0,0.004,Low,Standard engagement / newsletter,0
CUST00331,2024-04-26,39,Male,East,Social Media,614,20.5,218.0,2.0,65.36,32.68,3.0,Hibernating,Bronze,0,2,0.23,4.0,0.9269,High,Send targeted discount / re-engagement email,1
CUST00332,2024-12-24,43,Other,West,Referral,372,12.4,272.0,6.0,265.17,44.2,7.0,At Risk,Gold,3,0,0.13,4.4,0.7708,High,Send targeted discount / re-engagement email,1
CUST00333,2024-05-03,30,Other,West,Email Campaign,607,20.2,16.0,14.0,1012.57,72.33,13.0,Champions,Platinum,0,6,0.24,3.9,0.0128,Low,Upsell / referral program invite,0
CUST00334,2024-09-02,31,Male,West,Organic Search,485,16.2,111.0,5.0,181.94,36.39,5.0,Hibernating,Silver,1,3,0.37,4.9,0.913,High,Send targeted discount / re-engagement email,1
CUST00335,2025-11-09,55,Female,East,Referral,52,1.7,6.0,4.0,338.81,84.7,10.0,New Customers,Gold,0,16,0.7,4.2,0.0004,Low,Standard engagement / newsletter,0
CUST00336,2024-04-17,31,Male,West,Email Campaign,623,20.8,473.0,2.0,92.7,46.35,3.0,Hibernating,Silver,2,5,0.19,2.0,0.9601,High,Send targeted discount / re-engagement email,1
CUST00337,2024-06-06,40,Male,Central,Social Media,573,19.1,573.0,0.0,0.0,0.0,1.0,Hibernating,Bronze,0,0,0.16,3.7,0.9973,High,Send targeted discount / re-engagement email,1
CUST00338,2025-02-10,19,Female,North,Paid Ads,324,10.8,96.0,9.0,407.2,45.24,8.0,At Risk,Gold,1,1,0.7,3.2,0.034,Low,Standard engagement / newsletter,1
CUST00339,2025-09-06,30,Other,East,Email Campaign,116,3.9,12.0,6.0,355.5,59.25,10.0,Loyal Customers,Gold,0,12,0.38,5.0,0.0156,Low,Standard engagement / newsletter,0
CUST00340,2025-10-30,33,Female,West,Organic Search,62,2.1,62.0,0.0,0.0,0.0,1.0,Hibernating,Bronze,0,0,0.21,4.6,0.0045,Low,Standard engagement / newsletter,0
CUST00341,2025-07-20,45,Male,East,Email Campaign,164,5.5,164.0,0.0,0.0,0.0,1.0,Hibernating,Bronze,0,0,0.15,1.9,0.9972,High,Send targeted discount / re-engagement email,1
CUST00342,2024-10-12,62,Male,East,Social Media,445,14.8,22.0,16.0,1357.17,84.82,14.0,Champions,Platinum,1,9,0.66,5.0,0.0031,Low,Upsell / referral program invite,0
CUST00343,2024-06-30,37,Other,West,Organic Search,549,18.3,221.0,3.0,204.93,68.31,5.0,Hibernating,Silver,0,5,0.59,4.2,0.8833,High,Send targeted discount / re-engagement email,1
CUST00344,2024-06-03,59,Male,Central,Paid Ads,576,19.2,20.0,21.0,1967.85,93.71,14.0,Champions,Platinum,0,10,0.5,4.4,0.0026,Low,Upsell / referral program invite,0
CUST00345,2024-02-23,37,Other,South,Referral,677,22.6,32.0,9.0,508.8200000000001,56.54,11.0,Loyal Customers,Gold,0,3,0.48,4.0,0.3974,Medium,Monitor + include in nurture campaign,0
CUST00346,2025-02-18,52,Other,North,Email Campaign,316,10.5,28.0,11.0,394.45,35.86,10.0,Loyal Customers,Gold,1,5,0.25,3.2,0.0477,Low,Standard engagement / newsletter,0
CUST00347,2024-08-31,46,Female,North,Paid Ads,487,16.2,68.0,1.0,81.73,81.73,4.0,Hibernating,Silver,0,1,0.15,4.0,0.8038,High,Send targeted discount / re-engagement email,0
CUST00348,2025-09-07,60,Male,West,Organic Search,115,3.8,54.0,1.0,62.32,62.32,4.0,Hibernating,Bronze,0,7,0.45,3.1,0.0571,Low,Standard engagement / newsletter,0
CUST00349,2025-04-05,47,Other,South,Social Media,270,9.0,60.0,4.0,128.61,32.15,6.0,Hibernating,Silver,2,2,0.46,3.2,0.1107,Low,Standard engagement / newsletter,0
CUST00350,2025-04-21,44,Other,East,Email Campaign,254,8.5,14.0,2.0,59.82,29.91,6.0,New Customers,Bronze,3,1,0.35,4.5,0.2948,Low,Standard engagement / newsletter,0
CUST00351,2025-06-10,35,Other,East,Social Media,204,6.8,99.0,5.0,273.06,54.61,6.0,Lost,Gold,1,0,0.2,3.4,0.7103,High,Send targeted discount / re-engagement email,1
CUST00352,2025-06-04,39,Female,West,Paid Ads,210,7.0,11.0,4.0,217.79,54.45,8.0,New Customers,Silver,0,2,0.69,4.5,0.0499,Low,Standard engagement / newsletter,0
CUST00353,2025-07-26,38,Female,Central,Paid Ads,158,5.3,3.0,9.0,705.14,78.35,13.0,Champions,Platinum,0,6,0.56,4.4,0.0095,Low,Upsell / referral program invite,0
CUST00354,2024-07-19,53,Female,South,Email Campaign,530,17.7,28.0,25.0,1533.2,61.33,13.0,Loyal Customers,Platinum,0,8,0.57,3.8,0.0015,Low,Standard engagement / newsletter,0
CUST00355,2025-11-17,21,Other,South,Organic Search,44,1.5,29.0,1.0,27.04,27.04,5.0,Promising,Bronze,1,6,0.32,3.8,0.0028,Low,Standard engagement / newsletter,0
CUST00356,2025-01-12,46,Female,West,Referral,353,11.8,10.0,7.0,282.3,40.33,10.0,Loyal Customers,Gold,1,4,0.15,3.1,0.0389,Low,Standard engagement / newsletter,0
CUST00357,2024-03-15,40,Other,East,Organic Search,656,21.9,38.0,10.0,611.12,61.11,11.0,Loyal Customers,Platinum,0,2,0.0,4.6,0.4759,Medium,Monitor + include in nurture campaign,0
CUST00358,2025-12-10,56,Female,East,Email Campaign,21,0.7,21.0,0.0,0.0,0.0,1.0,Hibernating,Bronze,2,4,0.34,3.0,0.0127,Low,Standard engagement / newsletter,0
CUST00359,2025-10-14,32,Other,West,Paid Ads,78,2.6,78.0,0.0,0.0,0.0,1.0,Hibernating,Bronze,3,3,0.24,3.9,0.0067,Low,Standard engagement / newsletter,0
CUST00360,2025-05-10,40,Female,Central,Social Media,235,7.8,23.0,9.0,485.38,53.93,12.0,Champions,Gold,1,8,0.2,4.6,0.0332,Low,Upsell / referral program invite,0
CUST00361,2025-02-11,52,Female,East,Email Campaign,323,10.8,49.0,13.0,1031.98,79.38,11.0,At Risk,Platinum,0,7,0.65,5.0,0.0014,Low,Standard engagement / newsletter,0
CUST00362,2025-09-02,19,Other,West,Social Media,120,4.0,6.0,8.0,499.95,62.49,12.0,Loyal Customers,Gold,0,9,0.76,4.9,0.0024,Low,Standard engagement / newsletter,0
CUST00363,2025-11-03,31,Female,South,Paid Ads,58,1.9,58.0,0.0,0.0,0.0,1.0,Hibernating,Bronze,0,2,0.47,3.9,0.005,Low,Standard engagement / newsletter,0
CUST00364,2024-01-18,42,Other,West,Paid Ads,713,23.8,45.0,11.0,453.2000000000001,41.2,10.0,At Risk,Gold,2,0,0.18,3.5,0.2708,Low,Standard engagement / newsletter,0
CUST00365,2024-08-14,56,Female,North,Referral,504,16.8,4.0,25.0,1920.3,76.81,15.0,Champions,Platinum,0,20,0.65,4.4,0.0012,Low,Upsell / referral program invite,0
CUST00366,2024-11-08,37,Other,West,Social Media,418,13.9,127.0,2.0,153.71,76.86,4.0,Hibernating,Silver,3,3,0.38,4.2,0.9152,High,Send targeted discount / re-engagement email,1
CUST00367,2025-11-28,20,Female,South,Social Media,33,1.1,32.0,2.0,215.62,107.81,6.0,Promising,Silver,0,2,0.35,2.8,0.004,Low,Standard engagement / newsletter,0
CUST00368,2025-07-10,18,Male,South,Email Campaign,174,5.8,6.0,10.0,953.49,95.35,14.0,Champions,Platinum,0,12,0.56,4.4,0.0278,Low,Upsell / referral program invite,0
CUST00369,2024-06-03,40,Other,East,Organic Search,576,19.2,166.0,8.0,264.58,33.07,7.0,At Risk,Gold,0,0,0.27,2.8,0.6826,High,Send targeted discount / re-engagement email,1
CUST00370,2024-07-10,31,Female,North,Email Campaign,539,18.0,48.0,12.0,387.59,32.3,9.0,At Risk,Gold,0,3,0.47,3.7,0.0652,Low,Standard engagement / newsletter,0
CUST00371,2025-12-22,45,Female,North,Paid Ads,9,0.3,9.0,0.0,0.0,0.0,1.0,Hibernating,Bronze,0,5,0.39,3.3,0.0057,Low,Standard engagement / newsletter,0
CUST00372,2025-03-22,36,Female,South,Organic Search,284,9.5,15.0,6.0,276.87,46.14,10.0,Loyal Customers,Gold,2,5,0.7,2.9,0.1234,Low,Standard engagement / newsletter,0
CUST00373,2024-07-10,37,Female,East,Referral,539,18.0,2.0,8.0,559.58,69.95,12.0,Loyal Customers,Gold,0,5,0.44,4.8,0.0521,Low,Standard engagement / newsletter,0
CUST00374,2024-06-09,40,Other,West,Organic Search,570,19.0,570.0,0.0,0.0,0.0,1.0,Hibernating,Bronze,0,0,0.0,2.3,0.9982,High,Send targeted discount / re-engagement email,1
CUST00375,2024-01-22,22,Female,Central,Social Media,709,23.6,37.0,19.0,900.51,47.4,13.0,Loyal Customers,Platinum,0,7,0.41,3.5,0.0997,Low,Standard engagement / newsletter,0
CUST00376,2024-11-27,55,Female,West,Email Campaign,399,13.3,399.0,0.0,0.0,0.0,1.0,Hibernating,Bronze,1,0,0.25,2.2,0.9981,High,Send targeted discount / re-engagement email,1
CUST00377,2025-12-20,42,Male,Central,Organic Search,11,0.4,11.0,0.0,0.0,0.0,1.0,Hibernating,Bronze,0,1,0.27,4.5,0.0082,Low,Standard engagement / newsletter,0
CUST00378,2025-08-14,43,Male,East,Paid Ads,139,4.6,40.0,4.0,122.05,30.51,7.0,Promising,Silver,1,3,0.45,4.0,0.0322,Low,Standard engagement / newsletter,0
CUST00379,2025-03-14,40,Other,North,Social Media,292,9.7,59.0,5.0,214.03,42.81,6.0,Hibernating,Silver,0,2,0.1,2.7,0.0461,Low,Standard engagement / newsletter,0
CUST00380,2024-12-03,46,Male,North,Social Media,393,13.1,1.0,9.0,447.46,49.72,13.0,Champions,Gold,0,2,0.4,3.4,0.0518,Low,Upsell / referral program invite,0
CUST00381,2024-03-28,29,Male,East,Organic Search,643,21.4,18.0,23.0,1550.42,67.41,14.0,Champions,Platinum,0,10,0.46,5.0,0.0025,Low,Upsell / referral program invite,0
CUST00382,2024-12-10,59,Male,East,Organic Search,386,12.9,14.0,11.0,552.38,50.22,12.0,Champions,Gold,0,6,0.22,3.9,0.0466,Low,Upsell / referral program invite,0
CUST00383,2025-02-11,48,Female,East,Referral,323,10.8,44.0,16.0,1185.29,74.08,12.0,At Risk,Platinum,0,13,0.23,4.5,0.0007,Low,Standard engagement / newsletter,0
CUST00384,2024-11-14,30,Female,South,Paid Ads,412,13.7,7.0,15.0,761.84,50.79,14.0,Champions,Platinum,0,4,0.42,3.9,0.0321,Low,Upsell / referral program invite,0
CUST00385,2024-02-20,32,Other,West,Email Campaign,680,22.7,2.0,29.0,2421.51,83.5,15.0,Champions,Platinum,0,15,0.64,4.1,0.0055,Low,Upsell / referral program invite,0
CUST00386,2024-07-23,18,Other,South,Paid Ads,526,17.5,227.0,4.0,130.04,32.51,5.0,Hibernating,Silver,0,1,0.44,3.8,0.8946,High,Send targeted discount / re-engagement email,1
CUST00387,2025-08-25,26,Male,North,Email Campaign,128,4.3,128.0,0.0,0.0,0.0,1.0,Hibernating,Bronze,1,3,0.31,2.4,0.9835,High,Send targeted discount / re-engagement email,1
CUST00388,2025-11-21,37,Female,Central,Paid Ads,40,1.3,40.0,0.0,0.0,0.0,1.0,Hibernating,Bronze,0,10,0.3,3.9,0.0039,Low,Standard engagement / newsletter,0
CUST00389,2024-12-15,56,Female,Central,Paid Ads,381,12.7,15.0,15.0,1101.32,73.42,14.0,Champions,Platinum,0,10,0.45,4.7,0.0024,Low,Upsell / referral program invite,0
CUST00390,2024-01-07,48,Male,West,Referral,724,24.1,53.0,7.0,309.54,44.22,8.0,At Risk,Gold,1,5,0.56,3.1,0.2514,Low,Standard engagement / newsletter,0
CUST00391,2024-12-28,35,Female,East,Organic Search,368,12.3,12.0,8.0,608.05,76.01,11.0,Loyal Customers,Platinum,0,3,0.47,5.0,0.0163,Low,Standard engagement / newsletter,0
CUST00392,2024-02-25,29,Female,East,Email Campaign,675,22.5,13.0,33.0,2654.9,80.45,14.0,Champions,Platinum,0,8,0.42,4.6,0.0034,Low,Upsell / referral program invite,0
CUST00393,2024-04-02,59,Male,North,Social Media,638,21.3,19.0,18.0,828.37,46.02,13.0,Champions,Platinum,1,8,0.24,4.9,0.0121,Low,Upsell / referral program invite,0
CUST00394,2024-05-20,45,Female,Central,Referral,590,19.7,590.0,0.0,0.0,0.0,1.0,Hibernating,Bronze,1,0,0.02,4.7,0.9957,High,Send targeted discount / re-engagement email,1
CUST00395,2024-03-14,54,Other,West,Referral,657,21.9,14.0,33.0,2189.36,66.34,14.0,Champions,Platinum,0,11,0.51,2.9,0.0012,Low,Upsell / referral program invite,0
CUST00396,2025-10-17,49,Female,East,Paid Ads,75,2.5,1.0,3.0,187.53,62.51,9.0,New Customers,Silver,0,13,0.56,4.3,0.0004,Low,Standard engagement / newsletter,0
CUST00397,2025-01-13,46,Female,West,Organic Search,352,11.7,29.0,18.0,1634.01,90.78,13.0,Loyal Customers,Platinum,0,14,0.49,4.8,0.0015,Low,Standard engagement / newsletter,0
CUST00398,2025-07-15,42,Male,West,Email Campaign,169,5.6,105.0,1.0,22.2,22.2,3.0,Hibernating,Bronze,0,2,0.2,2.9,0.8428,High,Send targeted discount / re-engagement email,1
CUST00399,2025-07-24,53,Female,Central,Referral,160,5.3,6.0,8.0,354.37,44.3,11.0,Loyal Customers,Gold,1,3,0.22,3.8,0.0297,Low,Standard engagement / newsletter,0
CUST00400,2025-03-26,40,Other,East,Organic Search,280,9.3,47.0,6.0,337.94,56.32,8.0,At Risk,Gold,0,7,0.39,3.3,0.227,Low,Standard engagement / newsletter,0
CUST00401,2025-05-27,30,Other,West,Referral,218,7.3,19.0,3.0,226.8,75.6,8.0,New Customers,Silver,0,2,0.09,3.6,0.0909,Low,Standard engagement / newsletter,0
CUST00402,2024-06-02,32,Male,Central,Organic Search,577,19.2,288.0,3.0,166.39,55.46,5.0,Hibernating,Silver,1,0,0.1,3.4,0.9369,High,Send targeted discount / re-engagement email,1
CUST00403,2025-12-11,44,Other,West,Referral,20,0.7,20.0,0.0,0.0,0.0,1.0,Hibernating,Bronze,2,9,0.68,4.4,0.0054,Low,Standard engagement / newsletter,0
CUST00404,2024-12-14,31,Male,Central,Referral,382,12.7,156.0,4.0,162.17,40.54,5.0,Hibernating,Silver,1,2,0.46,4.0,0.8473,High,Send targeted discount / re-engagement email,1
CUST00405,2025-05-18,38,Male,South,Email Campaign,227,7.6,1.0,4.0,214.23,53.56,9.0,New Customers,Silver,0,7,0.06,3.6,0.1585,Low,Standard engagement / newsletter,0
CUST00406,2025-04-21,39,Female,South,Organic Search,254,8.5,4.0,9.0,513.88,57.1,13.0,Champions,Gold,0,6,0.2,4.9,0.0072,Low,Upsell / referral program invite,0
CUST00407,2024-01-22,34,Other,North,Referral,709,23.6,33.0,40.0,2959.57,73.99,13.0,Loyal Customers,Platinum,0,13,0.58,4.6,0.0046,Low,Standard engagement / newsletter,0
CUST00408,2025-05-24,18,Female,North,Email Campaign,221,7.4,56.0,1.0,19.17,19.17,4.0,Hibernating,Bronze,0,0,0.0,4.0,0.1492,Low,Standard engagement / newsletter,0
CUST00409,2024-10-24,23,Female,South,Organic Search,433,14.4,103.0,8.0,302.33000000000004,37.79,7.0,At Risk,Gold,2,2,0.12,4.9,0.7654,High,Send targeted discount / re-engagement email,1
CUST00410,2025-12-28,20,Female,East,Social Media,3,0.1,3.0,0.0,0.0,0.0,1.0,Hibernating,Bronze,0,9,0.05,3.9,0.0032,Low,Standard engagement / newsletter,0
CUST00411,2025-02-09,58,Male,South,Paid Ads,325,10.8,106.0,1.0,78.61,78.61,3.0,Hibernating,Bronze,1,0,0.08,2.8,0.956,High,Send targeted discount / re-engagement email,1
CUST00412,2025-09-03,32,Other,East,Email Campaign,119,4.0,4.0,9.0,465.33,51.7,13.0,Champions,Gold,1,5,0.33,3.0,0.0061,Low,Upsell / referral program invite,0
CUST00413,2024-10-22,45,Other,East,Paid Ads,435,14.5,435.0,0.0,0.0,0.0,1.0,Hibernating,Bronze,0,0,0.49,3.6,0.9975,High,Send targeted discount / re-engagement email,1
CUST00414,2024-05-27,19,Female,West,Referral,583,19.4,330.0,1.0,42.81,42.81,3.0,Hibernating,Bronze,1,0,0.57,3.5,0.9557,High,Send targeted discount / re-engagement email,1
CUST00415,2025-03-18,30,Other,East,Organic Search,288,9.6,35.0,4.0,76.75,19.19,6.0,Promising,Bronze,0,4,0.57,3.8,0.0578,Low,Standard engagement / newsletter,0
CUST00416,2025-09-28,42,Female,North,Paid Ads,94,3.1,67.0,2.0,55.47,27.74,4.0,Hibernating,Bronze,0,3,0.35,4.1,0.008,Low,Standard engagement / newsletter,0
CUST00417,2024-06-15,37,Male,West,Email Campaign,564,18.8,13.0,28.0,1848.93,66.03,14.0,Champions,Platinum,0,16,0.5,5.0,0.0017,Low,Upsell / referral program invite,0
CUST00418,2025-09-01,52,Female,North,Social Media,121,4.0,12.0,6.0,464.64,77.44,11.0,Loyal Customers,Gold,2,6,0.55,4.2,0.0012,Low,Standard engagement / newsletter,0
CUST00419,2024-12-26,51,Male,East,Email Campaign,370,12.3,11.0,8.0,392.26,49.03,10.0,Loyal Customers,Gold,0,3,0.52,3.6,0.0814,Low,Standard engagement / newsletter,0
CUST00420,2024-09-30,18,Male,West,Referral,457,15.2,15.0,25.0,1481.85,59.27,14.0,Champions,Platinum,0,13,0.61,4.9,0.0011,Low,Upsell / referral program invite,0
CUST00421,2025-12-15,22,Other,East,Email Campaign,16,0.5,16.0,0.0,0.0,0.0,1.0,Hibernating,Bronze,0,5,0.46,2.9,0.0096,Low,Standard engagement / newsletter,0
CUST00422,2024-04-01,51,Female,East,Organic Search,639,21.3,286.0,3.0,100.75,33.58,4.0,Hibernating,Silver,1,3,0.46,4.9,0.9055,High,Send targeted discount / re-engagement email,1
CUST00423,2025-12-04,38,Other,South,Social Media,27,0.9,26.0,1.0,96.01,96.01,5.0,Promising,Silver,0,4,0.22,3.5,0.002,Low,Standard engagement / newsletter,0
CUST00424,2025-08-03,22,Male,Central,Email Campaign,150,5.0,6.0,3.0,163.63,54.54,9.0,New Customers,Silver,0,4,0.29,3.2,0.1853,Low,Standard engagement / newsletter,0
CUST00425,2024-06-23,56,Female,Central,Paid Ads,556,18.5,100.0,13.0,698.37,53.72,9.0,At Risk,Platinum,2,5,0.21,4.6,0.8213,High,Send targeted discount / re-engagement email,1
CUST00426,2024-04-27,48,Other,North,Social Media,613,20.4,26.0,26.0,1835.29,70.59,13.0,Loyal Customers,Platinum,0,12,0.51,5.0,0.0002,Low,Standard engagement / newsletter,0
CUST00427,2025-05-30,34,Other,East,Social Media,215,7.2,47.0,7.0,507.88,72.55,9.0,At Risk,Gold,0,17,0.29,4.7,0.0042,Low,Standard engagement / newsletter,0
CUST00428,2025-07-17,62,Male,South,Organic Search,167,5.6,167.0,0.0,0.0,0.0,1.0,Hibernating,Bronze,2,0,0.19,2.1,0.9912,High,Send targeted discount / re-engagement email,1
CUST00429,2025-08-30,34,Male,East,Social Media,123,4.1,4.0,4.0,350.15,87.54,10.0,New Customers,Gold,0,2,0.21,3.6,0.0478,Low,Standard engagement / newsletter,0
CUST00430,2024-02-09,35,Male,North,Paid Ads,691,23.0,15.0,22.0,1262.16,57.37,14.0,Champions,Platinum,0,4,0.37,2.5,0.0149,Low,Upsell / referral program invite,0
CUST00431,2025-10-17,46,Other,South,Social Media,75,2.5,70.0,1.0,7.6,7.6,4.0,Hibernating,Bronze,1,0,0.29,3.6,0.0022,Low,Standard engagement / newsletter,0
CUST00432,2024-12-21,37,Female,East,Email Campaign,375,12.5,9.0,13.0,672.76,51.75,13.0,Champions,Platinum,1,5,0.55,4.1,0.0597,Low,Upsell / referral program invite,0
CUST00433,2024-04-13,48,Female,Central,Paid Ads,627,20.9,16.0,29.0,1991.69,68.68,14.0,Champions,Platinum,0,14,0.53,5.0,0.0005,Low,Upsell / referral program invite,0
CUST00434,2024-12-26,42,Female,North,Social Media,370,12.3,11.0,12.0,575.03,47.92,12.0,Champions,Gold,0,6,0.91,3.7,0.0196,Low,Upsell / referral program invite,0
CUST00435,2025-04-11,51,Other,West,Referral,264,8.8,19.0,11.0,413.58,37.6,11.0,Loyal Customers,Gold,1,4,0.53,3.9,0.0072,Low,Standard engagement / newsletter,0
CUST00436,2025-04-16,25,Male,East,Paid Ads,259,8.6,24.0,4.0,253.07,63.27,8.0,Others,Silver,0,3,0.16,5.0,0.0821,Low,Standard engagement / newsletter,0
CUST00437,2025-12-25,30,Female,West,Paid Ads,6,0.2,6.0,0.0,0.0,0.0,1.0,Hibernating,Bronze,0,3,0.35,4.8,0.0027,Low,Standard engagement / newsletter,0
CUST00438,2024-05-04,60,Female,North,Referral,606,20.2,76.0,2.0,23.25,11.62,4.0,Hibernating,Bronze,2,0,0.35,3.7,0.4083,Medium,Monitor + include in nurture campaign,0
CUST00439,2025-08-09,39,Other,East,Organic Search,144,4.8,26.0,2.0,113.89,56.95,6.0,Promising,Silver,1,2,0.42,4.5,0.372,Medium,Monitor + include in nurture campaign,0
CUST00440,2025-03-08,42,Female,East,Paid Ads,298,9.9,12.0,7.0,285.84000000000003,40.83,10.0,Loyal Customers,Gold,0,5,0.33,3.2,0.0395,Low,Standard engagement / newsletter,0
CUST00441,2025-02-03,51,Male,West,Organic Search,331,11.0,331.0,0.0,0.0,0.0,1.0,Hibernating,Bronze,0,0,0.11,3.9,0.9885,High,Send targeted discount / re-engagement email,1
CUST00442,2025-04-06,52,Other,South,Email Campaign,269,9.0,93.0,7.0,311.46000000000004,44.49,7.0,At Risk,Gold,0,6,0.37,5.0,0.5724,Medium,Monitor + include in nurture campaign,1
CUST00443,2025-03-31,41,Male,North,Referral,275,9.2,16.0,5.0,288.32,57.66,9.0,New Customers,Gold,0,1,0.55,3.4,0.0234,Low,Standard engagement / newsletter,0
CUST00444,2025-12-28,28,Male,South,Email Campaign,3,0.1,3.0,1.0,30.52,30.52,7.0,New Customers,Bronze,2,4,0.3,2.1,0.0119,Low,Standard engagement / newsletter,0
CUST00445,2025-12-06,41,Male,North,Email Campaign,25,0.8,25.0,0.0,0.0,0.0,1.0,Hibernating,Bronze,2,7,0.38,4.7,0.0084,Low,Standard engagement / newsletter,0
CUST00446,2025-05-31,43,Male,Central,Paid Ads,214,7.1,104.0,3.0,255.11,85.04,6.0,Lost,Silver,1,2,0.44,3.4,0.8013,High,Send targeted discount / re-engagement email,1
CUST00447,2024-10-09,52,Male,East,Paid Ads,448,14.9,163.0,1.0,24.64,24.64,3.0,Hibernating,Bronze,2,1,0.21,2.5,0.9529,High,Send targeted discount / re-engagement email,1
CUST00448,2025-06-17,23,Other,North,Referral,197,6.6,197.0,0.0,0.0,0.0,1.0,Hibernating,Bronze,2,0,0.31,3.5,0.9932,High,Send targeted discount / re-engagement email,1
CUST00449,2024-10-31,36,Male,South,Email Campaign,426,14.2,5.0,5.0,274.84,54.97,10.0,New Customers,Gold,0,3,0.28,3.6,0.3842,Medium,Monitor + include in nurture campaign,0
CUST00450,2024-01-05,39,Female,South,Organic Search,726,24.2,49.0,7.0,205.87,29.41,7.0,Others,Silver,1,1,0.34,3.3,0.1595,Low,Standard engagement / newsletter,0
CUST00451,2024-09-13,57,Other,North,Paid Ads,474,15.8,3.0,5.0,344.84,68.97,10.0,New Customers,Gold,2,5,0.47,4.2,0.4132,Medium,Monitor + include in nurture campaign,0
CUST00452,2024-11-10,27,Male,East,Paid Ads,416,13.9,16.0,9.0,625.38,69.49,12.0,Champions,Platinum,0,9,0.35,4.6,0.0196,Low,Upsell / referral program invite,0
CUST00453,2024-09-18,57,Other,East,Organic Search,469,15.6,6.0,19.0,1140.36,60.02,15.0,Champions,Platinum,1,8,0.35,4.6,0.0143,Low,Upsell / referral program invite,0
CUST00454,2024-11-20,50,Male,East,Organic Search,406,13.5,64.0,7.0,395.21,56.46,8.0,At Risk,Gold,1,3,0.45,4.2,0.0943,Low,Standard engagement / newsletter,0
CUST00455,2025-08-27,18,Male,West,Email Campaign,126,4.2,8.0,5.0,402.83,80.57,10.0,New Customers,Gold,0,2,0.35,5.0,0.0082,Low,Standard engagement / newsletter,0
CUST00456,2024-08-26,65,Male,North,Social Media,492,16.4,12.0,28.0,1986.65,70.95,14.0,Champions,Platinum,0,11,0.47,3.9,0.0004,Low,Upsell / referral program invite,0
CUST00457,2024-10-06,50,Female,East,Email Campaign,451,15.0,16.0,14.0,744.68,53.19,12.0,Champions,Platinum,0,4,0.35,4.5,0.0592,Low,Upsell / referral program invite,0
CUST00458,2025-06-19,67,Other,North,Social Media,195,6.5,87.0,1.0,33.41,33.41,3.0,Hibernating,Bronze,1,1,0.38,4.3,0.2749,Low,Standard engagement / newsletter,0
CUST00459,2025-05-17,47,Other,South,Email Campaign,228,7.6,61.0,1.0,82.03,82.03,4.0,Hibernating,Silver,2,0,0.35,3.0,0.4223,Medium,Monitor + include in nurture campaign,0
CUST00460,2025-10-10,41,Male,Central,Referral,82,2.7,36.0,1.0,16.79,16.79,5.0,Promising,Bronze,1,6,0.22,4.2,0.0036,Low,Standard engagement / newsletter,0
CUST00461,2025-10-16,28,Female,North,Organic Search,76,2.5,5.0,5.0,482.87,96.57,11.0,New Customers,Gold,0,8,0.45,5.0,0.0039,Low,Standard engagement / newsletter,0
CUST00462,2024-06-28,34,Female,West,Social Media,551,18.4,6.0,7.0,251.56,35.94,11.0,Loyal Customers,Silver,0,4,0.52,3.9,0.1011,Low,Standard engagement / newsletter,0
CUST00463,2024-08-03,40,Other,North,Social Media,515,17.2,77.0,11.0,483.42,43.95,10.0,At Risk,Gold,0,2,0.48,3.7,0.0217,Low,Standard engagement / newsletter,0
CUST00464,2025-03-03,54,Other,West,Organic Search,303,10.1,21.0,4.0,186.65,46.66,8.0,New Customers,Silver,0,6,0.19,4.1,0.1281,Low,Standard engagement / newsletter,0
CUST00465,2024-07-09,26,Male,East,Email Campaign,540,18.0,158.0,7.0,308.38,44.05,7.0,At Risk,Gold,2,0,0.4,4.8,0.87,High,Send targeted discount / re-engagement email,1
CUST00466,2025-04-21,35,Male,North,Paid Ads,254,8.5,118.0,2.0,166.83999999999995,83.42,4.0,Hibernating,Silver,0,5,0.46,3.7,0.8891,High,Send targeted discount / re-engagement email,1
CUST00467,2025-01-02,30,Female,Central,Email Campaign,363,12.1,41.0,8.0,356.42,44.55,9.0,Loyal Customers,Gold,2,9,0.33,4.0,0.1755,Low,Standard engagement / newsletter,0
CUST00468,2024-06-28,41,Other,East,Social Media,551,18.4,60.0,7.0,412.74,58.96,8.0,At Risk,Gold,1,0,0.37,3.9,0.2098,Low,Standard engagement / newsletter,0
CUST00469,2025-12-02,40,Other,Central,Referral,29,1.0,1.0,1.0,84.53,84.53,7.0,New Customers,Silver,0,3,0.19,4.1,0.0028,Low,Standard engagement / newsletter,0
CUST00470,2025-03-19,54,Female,Central,Email Campaign,287,9.6,6.0,6.0,507.33,84.56,12.0,Loyal Customers,Gold,1,11,0.42,5.0,0.0355,Low,Standard engagement / newsletter,0
CUST00471,2025-11-25,38,Female,North,Organic Search,36,1.2,1.0,2.0,196.8,98.4,8.0,New Customers,Silver,1,1,0.36,3.7,0.0012,Low,Standard engagement / newsletter,0
CUST00472,2024-05-28,38,Other,Central,Paid Ads,582,19.4,75.0,8.0,312.1,39.01,8.0,At Risk,Gold,0,7,0.2,4.3,0.4121,Medium,Monitor + include in nurture campaign,0
CUST00473,2024-10-14,23,Female,West,Paid Ads,443,14.8,165.0,4.0,130.18,32.54,5.0,Hibernating,Silver,1,1,0.16,3.1,0.7702,High,Send targeted discount / re-engagement email,1
CUST00474,2024-07-11,29,Female,East,Social Media,538,17.9,61.0,4.0,300.65,75.16,7.0,Others,Gold,1,2,0.44,3.8,0.282,Low,Standard engagement / newsletter,0
CUST00475,2024-10-23,29,Female,West,Organic Search,434,14.5,37.0,2.0,120.65,60.32,6.0,Promising,Silver,0,0,0.41,4.1,0.4883,Medium,Monitor + include in nurture campaign,0
CUST00476,2024-11-12,41,Female,West,Referral,414,13.8,164.0,1.0,45.72,45.72,3.0,Hibernating,Bronze,0,1,0.29,3.5,0.9488,High,Send targeted discount / re-engagement email,1
CUST00477,2024-04-27,45,Other,East,Referral,613,20.4,59.0,4.0,238.77,59.69,6.0,Hibernating,Silver,1,2,0.22,3.7,0.4204,Medium,Monitor + include in nurture campaign,0
CUST00478,2024-03-08,42,Male,West,Organic Search,663,22.1,204.0,9.0,586.3,65.14,9.0,At Risk,Gold,4,8,0.54,3.5,0.8229,High,Send targeted discount / re-engagement email,1
CUST00479,2025-03-25,49,Male,North,Organic Search,281,9.4,7.0,21.0,994.83,47.37,15.0,Champions,Platinum,1,6,0.39,3.3,0.0014,Low,Upsell / referral program invite,0
CUST00480,2024-09-30,64,Female,North,Referral,457,15.2,25.0,14.0,869.64,62.12,12.0,Loyal Customers,Platinum,0,12,0.46,4.3,0.0099,Low,Standard engagement / newsletter,0
CUST00481,2024-12-13,28,Male,Central,Organic Search,383,12.8,11.0,7.0,247.33,35.33,10.0,Loyal Customers,Silver,0,0,0.37,3.5,0.2055,Low,Standard engagement / newsletter,0
CUST00482,2025-05-17,57,Other,Central,Email Campaign,228,7.6,99.0,5.0,257.95,51.59,6.0,Lost,Silver,0,1,0.38,4.7,0.8647,High,Send targeted discount / re-engagement email,1
CUST00483,2025-11-24,44,Female,North,Social Media,37,1.2,37.0,0.0,0.0,0.0,1.0,Hibernating,Bronze,0,2,0.31,4.7,0.0033,Low,Standard engagement / newsletter,0
CUST00484,2024-02-25,57,Female,West,Organic Search,675,22.5,44.0,19.0,954.86,50.26,12.0,At Risk,Platinum,1,6,0.53,5.0,0.0138,Low,Standard engagement / newsletter,0
CUST00485,2025-09-17,31,Female,Central,Referral,105,3.5,15.0,4.0,271.70000000000005,67.93,9.0,New Customers,Gold,0,6,0.32,4.9,0.0147,Low,Standard engagement / newsletter,0
CUST00486,2024-09-05,25,Female,North,Email Campaign,482,16.1,35.0,16.0,868.54,54.28,13.0,Loyal Customers,Platinum,1,4,0.46,2.9,0.101,Low,Standard engagement / newsletter,0
CUST00487,2024-12-29,40,Other,South,Paid Ads,367,12.2,16.0,17.0,1322.26,77.78,14.0,Champions,Platinum,0,20,0.46,4.1,0.0009,Low,Upsell / referral program invite,0
CUST00488,2025-03-31,19,Other,West,Paid Ads,275,9.2,275.0,0.0,0.0,0.0,1.0,Hibernating,Bronze,1,0,0.09,3.6,0.9956,High,Send targeted discount / re-engagement email,1
CUST00489,2024-08-15,52,Male,East,Email Campaign,503,16.8,51.0,6.0,233.43,38.9,7.0,Others,Silver,2,1,0.0,1.8,0.5236,Medium,Monitor + include in nurture campaign,0
CUST00490,2025-11-21,23,Female,North,Referral,40,1.3,8.0,2.0,96.26,48.13,7.0,New Customers,Silver,0,6,0.36,2.8,0.0075,Low,Standard engagement / newsletter,0
CUST00491,2025-05-26,29,Other,South,Social Media,219,7.3,59.0,6.0,292.19,48.7,8.0,At Risk,Gold,1,3,0.46,3.7,0.1168,Low,Standard engagement / newsletter,0
CUST00492,2025-11-01,37,Other,Central,Email Campaign,60,2.0,60.0,0.0,0.0,0.0,1.0,Hibernating,Bronze,1,1,0.05,3.8,0.0071,Low,Standard engagement / newsletter,0
CUST00493,2025-04-28,40,Other,Central,Organic Search,247,8.2,6.0,10.0,824.91,82.49,13.0,Champions,Platinum,0,13,0.44,4.5,0.0249,Low,Upsell / referral program invite,0
CUST00494,2024-11-11,21,Other,East,Organic Search,415,13.8,15.0,19.0,1099.88,57.89,14.0,Champions,Platinum,0,14,0.57,3.9,0.0014,Low,Upsell / referral program invite,0
CUST00495,2024-08-31,51,Male,East,Referral,487,16.2,50.0,5.0,244.92,48.98,7.0,Others,Silver,1,2,0.34,4.0,0.6867,High,Send targeted discount / re-engagement email,0
CUST00496,2024-06-13,45,Female,East,Organic Search,566,18.9,450.0,2.0,87.83000000000001,43.92,3.0,Hibernating,Silver,1,0,0.31,4.4,0.906,High,Send targeted discount / re-engagement email,1
CUST00497,2024-04-16,52,Male,South,Email Campaign,624,20.8,121.0,13.0,828.4000000000001,63.72,9.0,At Risk,Platinum,1,3,0.38,4.4,0.8447,High,Send targeted discount / re-engagement email,1
CUST00498,2025-03-12,39,Other,West,Organic Search,294,9.8,69.0,3.0,186.13,62.04,6.0,Hibernating,Silver,0,1,0.13,3.2,0.1537,Low,Standard engagement / newsletter,0
CUST00499,2025-06-12,39,Male,North,Organic Search,202,6.7,31.0,11.0,752.09,68.37,11.0,Loyal Customers,Platinum,0,13,0.39,3.9,0.002,Low,Standard engagement / newsletter,0
CUST00500,2025-05-11,36,Other,Central,Paid Ads,234,7.8,64.0,3.0,74.44999999999999,24.82,5.0,Hibernating,Bronze,1,1,0.2,5.0,0.3253,Low,Standard engagement / newsletter,0
CUST00501,2024-07-31,28,Female,West,Social Media,518,17.3,76.0,14.0,906.84,64.77,11.0,At Risk,Platinum,0,8,0.27,4.8,0.0145,Low,Standard engagement / newsletter,0
CUST00502,2025-10-17,22,Female,South,Referral,75,2.5,25.0,3.0,132.91,44.3,7.0,Promising,Silver,0,9,0.35,4.0,0.0024,Low,Standard engagement / newsletter,0
CUST00503,2024-08-01,24,Female,East,Email Campaign,517,17.2,26.0,7.0,194.67,27.81,8.0,Needs Attention,Silver,0,3,0.13,4.0,0.0961,Low,Standard engagement / newsletter,0
CUST00504,2024-12-26,18,Other,North,Organic Search,370,12.3,71.0,6.0,263.28,43.88,8.0,At Risk,Gold,3,0,0.23,3.0,0.3679,Medium,Monitor + include in nurture campaign,0
CUST00505,2024-12-13,38,Male,South,Email Campaign,383,12.8,383.0,0.0,0.0,0.0,1.0,Hibernating,Bronze,1,0,0.25,2.8,0.9977,High,Send targeted discount / re-engagement email,1
CUST00506,2025-09-06,36,Male,North,Referral,116,3.9,9.0,3.0,105.43,35.14,8.0,New Customers,Silver,1,7,0.09,4.2,0.0034,Low,Standard engagement / newsletter,0
CUST00507,2025-07-18,29,Female,West,Social Media,166,5.5,166.0,0.0,0.0,0.0,1.0,Hibernating,Bronze,0,0,0.34,3.1,0.993,High,Send targeted discount / re-engagement email,1
CUST00508,2024-10-09,49,Other,West,Social Media,448,14.9,58.0,22.0,1457.56,66.25,12.0,At Risk,Platinum,0,9,0.59,4.4,0.0005,Low,Standard engagement / newsletter,0
CUST00509,2025-05-01,38,Female,South,Email Campaign,244,8.1,7.0,9.0,665.98,74.0,13.0,Champions,Platinum,0,15,0.36,4.7,0.0072,Low,Upsell / referral program invite,0
CUST00510,2025-07-29,37,Male,East,Social Media,155,5.2,93.0,1.0,54.5,54.5,3.0,Hibernating,Bronze,1,0,0.16,3.8,0.9477,High,Send targeted discount / re-engagement email,1
CUST00511,2025-08-26,37,Male,East,Email Campaign,127,4.2,29.0,6.0,430.4200000000001,71.74,10.0,Loyal Customers,Gold,0,16,0.55,5.0,0.0087,Low,Standard engagement / newsletter,0
CUST00512,2025-06-19,47,Female,Central,Referral,195,6.5,28.0,2.0,85.01,42.5,5.0,Promising,Silver,1,1,0.3,4.3,0.3406,Medium,Monitor + include in nurture campaign,0
CUST00513,2024-12-17,25,Male,South,Social Media,379,12.6,8.0,19.0,1217.56,64.08,15.0,Champions,Platinum,0,5,0.51,4.9,0.0039,Low,Upsell / referral program invite,0
CUST00514,2024-02-17,34,Other,North,Organic Search,683,22.8,17.0,16.0,772.97,48.31,13.0,Champions,Platinum,0,5,0.27,3.5,0.2176,Low,Upsell / referral program invite,0
CUST00515,2024-04-04,38,Male,East,Paid Ads,636,21.2,1.0,25.0,1813.65,72.55,15.0,Champions,Platinum,1,9,0.58,4.8,0.0007,Low,Upsell / referral program invite,0
CUST00516,2025-12-05,44,Male,East,Referral,26,0.9,26.0,1.0,46.78,46.78,5.0,Promising,Bronze,0,4,0.21,3.6,0.0029,Low,Standard engagement / newsletter,0
CUST00517,2024-12-20,26,Female,North,Organic Search,376,12.5,38.0,9.0,527.89,58.65,11.0,Loyal Customers,Gold,0,4,0.66,3.7,0.0292,Low,Standard engagement / newsletter,0
CUST00518,2024-05-31,36,Female,West,Paid Ads,579,19.3,23.0,5.0,178.12,35.62,8.0,New Customers,Silver,0,3,0.44,3.7,0.3253,Low,Standard engagement / newsletter,0
CUST00519,2025-03-31,35,Male,West,Email Campaign,275,9.2,31.0,4.0,204.24,51.06,7.0,Promising,Silver,1,2,0.44,3.9,0.1392,Low,Standard engagement / newsletter,0
CUST00520,2025-11-27,55,Other,South,Email Campaign,34,1.1,34.0,0.0,0.0,0.0,1.0,Hibernating,Bronze,1,15,0.34,4.3,0.0037,Low,Standard engagement / newsletter,0
CUST00521,2025-05-01,30,Other,East,Organic Search,244,8.1,8.0,19.0,1337.52,70.4,15.0,Champions,Platinum,1,13,0.44,4.5,0.0008,Low,Upsell / referral program invite,0
CUST00522,2024-02-13,34,Female,North,Social Media,687,22.9,89.0,12.0,578.07,48.17,9.0,At Risk,Gold,1,2,0.1,3.8,0.438,Medium,Monitor + include in nurture campaign,0
CUST00523,2025-11-28,43,Male,West,Organic Search,33,1.1,17.0,1.0,38.39,38.39,6.0,New Customers,Bronze,0,1,0.09,3.7,0.001,Low,Standard engagement / newsletter,0
CUST00524,2025-03-12,52,Female,Central,Social Media,294,9.8,2.0,3.0,203.1,67.7,9.0,New Customers,Silver,0,2,0.7,4.1,0.0479,Low,Standard engagement / newsletter,0
CUST00525,2024-10-25,21,Other,West,Social Media,432,14.4,86.0,4.0,279.35,69.84,6.0,Lost,Gold,3,1,0.34,3.0,0.088,Low,Standard engagement / newsletter,0
CUST00526,2024-10-16,35,Female,North,Social Media,441,14.7,76.0,11.0,590.45,53.68,10.0,At Risk,Gold,1,2,0.3,4.1,0.0776,Low,Standard engagement / newsletter,0
CUST00527,2025-05-28,31,Male,East,Paid Ads,217,7.2,217.0,0.0,0.0,0.0,1.0,Hibernating,Bronze,2,0,0.18,3.7,0.9873,High,Send targeted discount / re-engagement email,1
CUST00528,2024-06-30,18,Other,West,Referral,549,18.3,73.0,22.0,1582.35,71.92,12.0,At Risk,Platinum,0,9,0.4,2.4,0.0008,Low,Standard engagement / newsletter,0
CUST00529,2024-04-05,20,Male,West,Organic Search,635,21.2,19.0,6.0,254.83,42.47,10.0,Loyal Customers,Silver,0,3,0.4,5.0,0.4424,Medium,Monitor + include in nurture campaign,0
CUST00530,2024-06-17,40,Male,West,Email Campaign,562,18.7,32.0,16.0,1210.73,75.67,13.0,Loyal Customers,Platinum,1,7,0.35,3.7,0.004,Low,Standard engagement / newsletter,0
CUST00531,2025-11-13,37,Female,Central,Organic Search,48,1.6,48.0,0.0,0.0,0.0,1.0,Hibernating,Bronze,0,2,0.13,3.4,0.009,Low,Standard engagement / newsletter,0
CUST00532,2025-01-18,44,Female,East,Referral,347,11.6,41.0,14.0,1057.26,75.52,12.0,Loyal Customers,Platinum,0,7,0.44,3.9,0.0006,Low,Standard engagement / newsletter,0
CUST00533,2025-08-14,37,Male,East,Paid Ads,139,4.6,64.0,2.0,103.35,51.68,4.0,Hibernating,Silver,1,8,0.5,3.8,0.2164,Low,Standard engagement / newsletter,0
CUST00534,2024-08-15,26,Male,Central,Organic Search,503,16.8,51.0,19.0,1124.45,59.18,12.0,At Risk,Platinum,0,8,0.58,4.5,0.0052,Low,Standard engagement / newsletter,0
CUST00535,2024-11-29,21,Other,Central,Paid Ads,397,13.2,160.0,2.0,106.15,53.08,3.0,Hibernating,Silver,0,2,0.39,3.8,0.8589,High,Send targeted discount / re-engagement email,1
CUST00536,2025-07-03,18,Female,East,Paid Ads,181,6.0,8.0,3.0,229.08,76.36,9.0,New Customers,Silver,0,5,0.44,3.5,0.0582,Low,Standard engagement / newsletter,0
CUST00537,2025-10-30,29,Male,North,Paid Ads,62,2.1,43.0,1.0,41.69,41.69,4.0,Hibernating,Bronze,1,0,0.06,2.6,0.0019,Low,Standard engagement / newsletter,0
CUST00538,2024-11-02,50,Female,South,Paid Ads,424,14.1,10.0,5.0,274.67,54.93,9.0,New Customers,Gold,0,3,0.42,2.5,0.1814,Low,Standard engagement / newsletter,0
CUST00539,2025-08-11,63,Other,South,Organic Search,142,4.7,36.0,4.0,208.51,52.13,7.0,Promising,Silver,0,7,0.53,3.8,0.0308,Low,Standard engagement / newsletter,0
CUST00540,2025-09-18,30,Male,West,Social Media,104,3.5,82.0,1.0,36.4,36.4,4.0,Hibernating,Bronze,0,3,0.33,4.4,0.1383,Low,Standard engagement / newsletter,0
CUST00541,2025-03-05,38,Other,Central,Social Media,301,10.0,18.0,5.0,167.34,33.47,8.0,New Customers,Silver,0,3,0.39,3.7,0.0753,Low,Standard engagement / newsletter,0
CUST00542,2025-05-31,28,Other,Central,Email Campaign,214,7.1,50.0,6.0,397.71,66.28,8.0,At Risk,Gold,0,11,0.25,5.0,0.0187,Low,Standard engagement / newsletter,0
CUST00543,2025-04-21,33,Female,East,Paid Ads,254,8.5,25.0,9.0,407.55,45.28,10.0,Loyal Customers,Gold,0,4,0.15,4.3,0.0714,Low,Standard engagement / newsletter,0
CUST00544,2024-01-09,40,Female,North,Social Media,722,24.1,21.0,39.0,2696.99,69.15,14.0,Champions,Platinum,1,13,0.52,4.6,0.0014,Low,Upsell / referral program invite,0
CUST00545,2025-11-17,21,Female,East,Referral,44,1.5,3.0,1.0,15.31,15.31,7.0,New Customers,Bronze,2,5,0.59,3.9,0.0035,Low,Standard engagement / newsletter,0
CUST00546,2025-06-26,26,Other,North,Referral,188,6.3,60.0,3.0,211.79,70.6,6.0,Hibernating,Silver,1,2,0.52,5.0,0.0904,Low,Standard engagement / newsletter,0
CUST00547,2024-05-09,52,Other,North,Referral,601,20.0,17.0,6.0,232.27,38.71,9.0,Others,Silver,2,1,0.3,3.8,0.1894,Low,Standard engagement / newsletter,0
CUST00548,2024-01-15,46,Female,West,Organic Search,716,23.9,51.0,18.0,884.78,49.15,12.0,At Risk,Platinum,0,12,0.56,2.9,0.0176,Low,Standard engagement / newsletter,0
CUST00549,2025-11-08,49,Male,East,Referral,53,1.8,9.0,5.0,417.53,83.51,10.0,New Customers,Gold,0,15,0.52,5.0,0.0006,Low,Standard engagement / newsletter,0
CUST00550,2024-09-24,28,Male,North,Email Campaign,463,15.4,163.0,4.0,193.87,48.47,5.0,Hibernating,Silver,0,7,0.45,2.7,0.9035,High,Send targeted discount / re-engagement email,1
CUST00551,2024-03-25,53,Other,Central,Social Media,646,21.5,90.0,18.0,917.55,50.97,11.0,At Risk,Platinum,1,4,0.34,3.8,0.0604,Low,Standard engagement / newsletter,0
CUST00552,2025-01-06,44,Female,Central,Email Campaign,359,12.0,8.0,5.0,150.68,30.14,9.0,New Customers,Silver,1,1,0.39,4.4,0.5142,Medium,Monitor + include in nurture campaign,0
CUST00553,2025-11-08,30,Other,North,Social Media,53,1.8,33.0,2.0,138.66,69.33,6.0,Promising,Silver,0,12,0.5,4.0,0.0036,Low,Standard engagement / newsletter,0
CUST00554,2025-11-25,49,Other,South,Referral,36,1.2,36.0,0.0,0.0,0.0,1.0,Hibernating,Bronze,0,4,0.35,3.4,0.002,Low,Standard engagement / newsletter,0
CUST00555,2025-06-07,44,Other,West,Email Campaign,207,6.9,86.0,3.0,175.07999999999998,58.36,5.0,Hibernating,Silver,1,1,0.31,2.2,0.1163,Low,Standard engagement / newsletter,0
CUST00556,2024-08-24,50,Male,North,Social Media,494,16.5,6.0,27.0,2088.06,77.34,15.0,Champions,Platinum,0,12,0.57,4.9,0.0002,Low,Upsell / referral program invite,0
CUST00557,2024-06-06,25,Male,East,Organic Search,573,19.1,453.0,1.0,35.64,35.64,3.0,Hibernating,Bronze,0,0,0.02,3.8,0.9576,High,Send targeted discount / re-engagement email,1
CUST00558,2025-03-05,18,Other,South,Organic Search,301,10.0,80.0,5.0,169.86,33.97,6.0,Hibernating,Silver,1,5,0.51,2.5,0.2909,Low,Standard engagement / newsletter,0
CUST00559,2025-12-16,35,Male,West,Social Media,15,0.5,15.0,0.0,0.0,0.0,1.0,Hibernating,Bronze,0,8,0.22,4.4,0.0053,Low,Standard engagement / newsletter,0
CUST00560,2025-03-28,34,Other,Central,Email Campaign,278,9.3,278.0,0.0,0.0,0.0,1.0,Hibernating,Bronze,1,0,0.25,4.0,0.9886,High,Send targeted discount / re-engagement email,1
CUST00561,2025-07-25,35,Male,East,Referral,159,5.3,64.0,7.0,285.6,40.8,8.0,At Risk,Gold,0,7,0.29,4.2,0.0311,Low,Standard engagement / newsletter,0
CUST00562,2024-11-18,41,Female,West,Social Media,408,13.6,19.0,3.0,124.02,41.34,8.0,New Customers,Silver,2,0,0.37,3.7,0.4206,Medium,Monitor + include in nurture campaign,0
CUST00563,2025-05-24,45,Female,Central,Organic Search,221,7.4,221.0,0.0,0.0,0.0,1.0,Hibernating,Bronze,1,0,0.1,3.6,0.9964,High,Send targeted discount / re-engagement email,1
CUST00564,2025-01-16,52,Other,East,Organic Search,349,11.6,3.0,18.0,1479.42,82.19,15.0,Champions,Platinum,0,10,0.56,4.3,0.0002,Low,Upsell / referral program invite,0
CUST00565,2025-11-05,42,Female,North,Email Campaign,56,1.9,56.0,0.0,0.0,0.0,1.0,Hibernating,Bronze,0,3,0.16,5.0,0.0039,Low,Standard engagement / newsletter,0
CUST00566,2024-05-29,30,Other,West,Referral,581,19.4,285.0,1.0,30.28,30.28,3.0,Hibernating,Bronze,0,1,0.37,3.4,0.9496,High,Send targeted discount / re-engagement email,1
CUST00567,2025-08-11,41,Female,Central,Paid Ads,142,4.7,142.0,0.0,0.0,0.0,1.0,Hibernating,Bronze,0,2,0.27,3.6,0.9952,High,Send targeted discount / re-engagement email,1
CUST00568,2024-12-21,58,Female,North,Email Campaign,375,12.5,114.0,5.0,134.99,27.0,5.0,Hibernating,Silver,2,3,0.25,3.3,0.8493,High,Send targeted discount / re-engagement email,1
CUST00569,2025-01-30,47,Other,South,Referral,335,11.2,57.0,8.0,419.69,52.46,9.0,At Risk,Gold,0,13,0.37,4.9,0.0802,Low,Standard engagement / newsletter,0
CUST00570,2025-06-16,42,Female,West,Paid Ads,198,6.6,33.0,1.0,40.89,40.89,5.0,Promising,Bronze,3,1,0.3,3.7,0.2973,Low,Standard engagement / newsletter,0
CUST00571,2024-11-19,35,Other,North,Referral,407,13.6,4.0,20.0,1296.29,64.81,15.0,Champions,Platinum,1,11,0.36,5.0,0.0017,Low,Upsell / referral program invite,0
CUST00572,2024-05-22,27,Other,West,Referral,588,19.6,313.0,1.0,25.74,25.74,3.0,Hibernating,Bronze,2,0,0.03,4.0,0.9369,High,Send targeted discount / re-engagement email,1
CUST00573,2025-05-28,23,Male,Central,Organic Search,217,7.2,62.0,2.0,54.99,27.5,4.0,Hibernating,Bronze,1,3,0.24,3.7,0.29,Low,Standard engagement / newsletter,0
CUST00574,2025-07-02,43,Other,West,Email Campaign,182,6.1,19.0,8.0,419.1,52.39,11.0,Loyal Customers,Gold,1,7,0.72,3.9,0.0074,Low,Standard engagement / newsletter,0
CUST00575,2024-01-04,28,Female,North,Referral,727,24.2,60.0,6.0,271.27,45.21,8.0,At Risk,Gold,1,1,0.2,3.7,0.3526,Medium,Monitor + include in nurture campaign,0
CUST00576,2025-12-09,45,Female,South,Paid Ads,22,0.7,22.0,0.0,0.0,0.0,1.0,Hibernating,Bronze,2,6,0.18,4.5,0.0047,Low,Standard engagement / newsletter,0
CUST00577,2024-04-14,46,Female,West,Paid Ads,626,20.9,12.0,23.0,1323.38,57.54,14.0,Champions,Platinum,0,3,0.43,4.1,0.0038,Low,Upsell / referral program invite,0
CUST00578,2025-12-09,33,Male,South,Paid Ads,22,0.7,22.0,0.0,0.0,0.0,1.0,Hibernating,Bronze,1,4,0.3,4.0,0.0033,Low,Standard engagement / newsletter,0
CUST00579,2025-05-20,40,Male,East,Organic Search,225,7.5,37.0,7.0,455.9500000000001,65.14,10.0,Loyal Customers,Gold,1,7,0.48,3.2,0.0501,Low,Standard engagement / newsletter,0
CUST00580,2024-10-15,49,Other,Central,Email Campaign,442,14.7,52.0,11.0,476.96,43.36,10.0,At Risk,Gold,2,7,0.51,5.0,0.046,Low,Standard engagement / newsletter,0
CUST00581,2024-01-03,19,Male,East,Email Campaign,728,24.3,126.0,10.0,444.95,44.5,9.0,At Risk,Gold,0,2,0.37,3.8,0.8116,High,Send targeted discount / re-engagement email,1
CUST00582,2024-03-06,53,Male,Central,Social Media,665,22.2,57.0,7.0,328.77,46.97,8.0,At Risk,Gold,0,3,0.28,3.9,0.4493,Medium,Monitor + include in nurture campaign,0
CUST00583,2024-12-02,31,Male,South,Paid Ads,394,13.1,43.0,7.0,301.75,43.11,8.0,At Risk,Gold,0,2,0.28,3.6,0.0802,Low,Standard engagement / newsletter,0
CUST00584,2025-01-28,40,Other,Central,Paid Ads,337,11.2,179.0,3.0,139.53,46.51,5.0,Hibernating,Silver,3,4,0.21,2.9,0.9495,High,Send targeted discount / re-engagement email,1
CUST00585,2025-02-26,50,Other,West,Organic Search,308,10.3,5.0,4.0,195.81,48.95,9.0,New Customers,Silver,0,3,0.1,3.5,0.1377,Low,Standard engagement / newsletter,0
CUST00586,2025-07-31,45,Female,East,Paid Ads,153,5.1,33.0,6.0,312.32,52.05,9.0,Loyal Customers,Gold,0,3,0.6,3.2,0.0581,Low,Standard engagement / newsletter,0
CUST00587,2024-02-23,35,Female,Central,Referral,677,22.6,2.0,20.0,1280.33,64.02,15.0,Champions,Platinum,2,4,0.38,3.6,0.0297,Low,Upsell / referral program invite,0
CUST00588,2025-05-10,32,Other,West,Paid Ads,235,7.8,18.0,4.0,111.22,27.8,8.0,New Customers,Silver,0,2,0.21,3.2,0.0437,Low,Standard engagement / newsletter,0
CUST00589,2024-12-28,24,Other,South,Referral,368,12.3,97.0,3.0,211.23,70.41,5.0,Hibernating,Silver,0,2,0.23,4.1,0.8109,High,Send targeted discount / re-engagement email,1
CUST00590,2024-10-30,35,Female,South,Referral,427,14.2,17.0,10.0,501.52,50.15,12.0,Champions,Gold,0,6,0.51,4.0,0.1202,Low,Upsell / referral program invite,0
CUST00591,2024-06-03,56,Other,Central,Social Media,576,19.2,12.0,21.0,1538.05,73.24,14.0,Champions,Platinum,1,18,0.68,4.1,0.0005,Low,Upsell / referral program invite,0
CUST00592,2025-11-05,45,Female,East,Social Media,56,1.9,54.0,1.0,50.31,50.31,4.0,Hibernating,Bronze,0,3,0.38,3.8,0.003,Low,Standard engagement / newsletter,0
CUST00593,2024-10-21,52,Other,Central,Social Media,436,14.5,3.0,5.0,233.36,46.67,9.0,New Customers,Silver,2,1,0.32,3.3,0.4172,Medium,Monitor + include in nurture campaign,0
CUST00594,2024-10-13,44,Male,South,Email Campaign,444,14.8,61.0,18.0,1157.64,64.31,12.0,At Risk,Platinum,0,5,0.36,3.7,0.001,Low,Standard engagement / newsletter,0
CUST00595,2024-09-25,60,Male,East,Organic Search,462,15.4,297.0,1.0,13.74,13.74,3.0,Hibernating,Bronze,0,0,0.0,2.5,0.9936,High,Send targeted discount / re-engagement email,1
CUST00596,2024-09-10,56,Other,West,Referral,477,15.9,168.0,8.0,385.32,48.16,7.0,At Risk,Gold,0,7,0.36,4.5,0.8486,High,Send targeted discount / re-engagement email,1
CUST00597,2024-01-19,39,Other,North,Email Campaign,712,23.7,16.0,20.0,889.98,44.5,14.0,Champions,Platinum,0,9,0.13,3.5,0.0418,Low,Upsell / referral program invite,0
CUST00598,2025-10-20,18,Male,East,Organic Search,72,2.4,41.0,1.0,66.28,66.28,5.0,Promising,Bronze,0,4,0.58,3.7,0.0073,Low,Standard engagement / newsletter,0
CUST00599,2024-10-27,44,Male,East,Social Media,430,14.3,33.0,13.0,593.67,45.67,11.0,Loyal Customers,Gold,0,7,0.29,4.0,0.0325,Low,Standard engagement / newsletter,0
CUST00600,2024-12-04,31,Other,South,Social Media,392,13.1,8.0,10.0,669.41,66.94,13.0,Champions,Platinum,0,8,0.42,4.5,0.0739,Low,Upsell / referral program invite,0
CUST00601,2024-02-26,37,Male,South,Social Media,674,22.5,23.0,37.0,3039.62,82.15,14.0,Champions,Platinum,0,13,0.58,4.8,0.0012,Low,Upsell / referral program invite,0
CUST00602,2025-05-25,59,Female,North,Social Media,220,7.3,28.0,4.0,223.38,55.84,7.0,Promising,Silver,0,10,0.7,5.0,0.0258,Low,Standard engagement / newsletter,0
CUST00603,2024-04-21,26,Male,West,Email Campaign,619,20.6,26.0,11.0,574.5699999999999,52.23,11.0,Loyal Customers,Gold,1,4,0.24,3.5,0.4469,Medium,Monitor + include in nurture campaign,0
CUST00604,2025-04-04,41,Female,South,Social Media,271,9.0,44.0,3.0,91.4,30.47,5.0,Hibernating,Silver,1,4,0.5,3.0,0.3691,Medium,Monitor + include in nurture campaign,0
CUST00605,2025-12-26,36,Male,East,Paid Ads,5,0.2,5.0,0.0,0.0,0.0,1.0,Hibernating,Bronze,0,6,0.38,3.1,0.0089,Low,Standard engagement / newsletter,0
CUST00606,2024-06-21,35,Male,East,Organic Search,558,18.6,9.0,12.0,551.95,46.0,13.0,Champions,Gold,0,5,0.45,5.0,0.2537,Low,Upsell / referral program invite,0
CUST00607,2024-06-23,48,Other,East,Paid Ads,556,18.5,498.0,1.0,26.82,26.82,3.0,Hibernating,Bronze,1,1,0.48,4.1,0.9626,High,Send targeted discount / re-engagement email,1
CUST00608,2025-06-27,28,Male,North,Referral,187,6.2,3.0,5.0,274.4,54.88,10.0,New Customers,Gold,0,6,0.27,4.3,0.0978,Low,Standard engagement / newsletter,0
CUST00609,2024-12-07,18,Female,South,Social Media,389,13.0,2.0,25.0,1465.2,58.61,15.0,Champions,Platinum,1,12,0.5,4.4,0.0016,Low,Upsell / referral program invite,0
CUST00610,2025-09-21,48,Female,Central,Organic Search,101,3.4,3.0,5.0,265.28000000000003,53.06,10.0,New Customers,Gold,1,5,0.41,3.0,0.0256,Low,Standard engagement / newsletter,0
CUST00611,2025-04-09,38,Male,North,Referral,266,8.9,63.0,8.0,554.67,69.33,9.0,At Risk,Gold,1,11,0.57,3.3,0.0069,Low,Standard engagement / newsletter,0
CUST00612,2025-12-27,44,Male,South,Email Campaign,4,0.1,4.0,0.0,0.0,0.0,1.0,Hibernating,Bronze,0,6,0.36,4.9,0.0038,Low,Standard engagement / newsletter,0
CUST00613,2024-07-01,47,Other,Central,Email Campaign,548,18.3,42.0,12.0,500.33,41.69,11.0,Loyal Customers,Gold,1,8,0.63,3.6,0.0377,Low,Standard engagement / newsletter,0
CUST00614,2025-01-30,22,Female,North,Referral,335,11.2,21.0,5.0,247.24,49.45,9.0,New Customers,Silver,0,6,0.5,4.5,0.494,Medium,Monitor + include in nurture campaign,0
CUST00615,2025-11-11,18,Male,East,Organic Search,50,1.7,50.0,0.0,0.0,0.0,1.0,Hibernating,Bronze,0,7,0.36,3.2,0.0072,Low,Standard engagement / newsletter,0
CUST00616,2024-04-15,51,Male,South,Social Media,625,20.8,37.0,29.0,1936.02,66.76,13.0,Loyal Customers,Platinum,0,14,0.65,5.0,0.0006,Low,Standard engagement / newsletter,0
CUST00617,2024-06-24,40,Other,Central,Social Media,555,18.5,9.0,10.0,599.13,59.91,13.0,Champions,Platinum,1,6,0.45,5.0,0.0828,Low,Upsell / referral program invite,0
CUST00618,2024-03-21,51,Male,North,Social Media,650,21.7,50.0,7.0,288.19,41.17,8.0,At Risk,Gold,0,2,0.47,3.5,0.3351,Medium,Monitor + include in nurture campaign,0
CUST00619,2025-05-20,40,Other,Central,Organic Search,225,7.5,225.0,0.0,0.0,0.0,1.0,Hibernating,Bronze,0,0,0.28,5.0,0.9868,High,Send targeted discount / re-engagement email,1
CUST00620,2024-02-27,33,Other,Central,Email Campaign,673,22.4,48.0,11.0,535.8100000000001,48.71,10.0,At Risk,Gold,1,1,0.47,4.1,0.4072,Medium,Monitor + include in nurture campaign,0
CUST00621,2024-12-05,43,Male,South,Referral,391,13.0,86.0,6.0,315.56,52.59,7.0,At Risk,Gold,0,4,0.21,4.8,0.2541,Low,Standard engagement / newsletter,0
CUST00622,2024-10-15,48,Female,North,Email Campaign,442,14.7,101.0,10.0,478.21,47.82,9.0,At Risk,Gold,0,9,0.52,3.5,0.0319,Low,Standard engagement / newsletter,1
CUST00623,2025-01-16,38,Female,South,Email Campaign,349,11.6,242.0,1.0,87.57,87.57,3.0,Hibernating,Silver,0,0,0.54,3.6,0.8868,High,Send targeted discount / re-engagement email,1
CUST00624,2024-11-17,29,Female,South,Organic Search,409,13.6,409.0,0.0,0.0,0.0,1.0,Hibernating,Bronze,0,0,0.02,3.0,0.9936,High,Send targeted discount / re-engagement email,1
CUST00625,2025-07-04,30,Other,East,Organic Search,180,6.0,70.0,6.0,358.97,59.83,8.0,At Risk,Gold,0,16,0.3,3.8,0.0341,Low,Standard engagement / newsletter,0
CUST00626,2024-08-19,28,Other,Central,Email Campaign,499,16.6,10.0,29.0,2097.96,72.34,14.0,Champions,Platinum,2,9,0.64,5.0,0.0008,Low,Upsell / referral program invite,0
CUST00627,2024-12-29,41,Other,Central,Organic Search,367,12.2,232.0,2.0,86.53999999999999,43.27,3.0,Hibernating,Silver,1,7,0.17,3.1,0.9378,High,Send targeted discount / re-engagement email,1
CUST00628,2025-09-01,34,Female,West,Organic Search,121,4.0,84.0,1.0,25.42,25.42,4.0,Hibernating,Bronze,0,0,0.0,2.5,0.2965,Low,Standard engagement / newsletter,0
CUST00629,2024-11-11,48,Other,West,Referral,415,13.8,7.0,13.0,625.24,48.1,13.0,Champions,Platinum,0,2,0.54,3.3,0.0039,Low,Upsell / referral program invite,0
CUST00630,2024-12-14,37,Female,North,Referral,382,12.7,112.0,4.0,180.8,45.2,5.0,Hibernating,Silver,1,3,0.32,5.0,0.6045,Medium,Monitor + include in nurture campaign,1
CUST00631,2025-04-04,32,Male,East,Paid Ads,271,9.0,27.0,18.0,1435.15,79.73,13.0,Loyal Customers,Platinum,0,8,0.45,5.0,0.0008,Low,Standard engagement / newsletter,0
CUST00632,2025-11-06,51,Other,North,Email Campaign,55,1.8,34.0,2.0,120.09,60.04,6.0,Promising,Silver,0,1,0.09,3.7,0.0003,Low,Standard engagement / newsletter,0
CUST00633,2025-01-01,49,Other,East,Paid Ads,364,12.1,12.0,8.0,553.59,69.2,11.0,Loyal Customers,Gold,1,3,0.44,3.2,0.0143,Low,Standard engagement / newsletter,0
CUST00634,2025-03-20,29,Male,East,Email Campaign,286,9.5,29.0,1.0,20.71,20.71,5.0,Promising,Bronze,0,2,0.38,4.1,0.2415,Low,Standard engagement / newsletter,0
CUST00635,2024-10-04,38,Female,South,Social Media,453,15.1,78.0,5.0,199.78,39.96,6.0,Hibernating,Silver,1,2,0.18,4.0,0.373,Medium,Monitor + include in nurture campaign,0
CUST00636,2025-05-02,48,Other,West,Paid Ads,243,8.1,29.0,10.0,693.21,69.32,11.0,Loyal Customers,Platinum,0,14,0.33,5.0,0.0013,Low,Standard engagement / newsletter,0
CUST00637,2024-08-09,33,Male,North,Social Media,509,17.0,328.0,3.0,151.28,50.43,5.0,Hibernating,Silver,1,4,0.21,4.0,0.8774,High,Send targeted discount / re-engagement email,1
CUST00638,2025-09-17,33,Male,East,Paid Ads,105,3.5,105.0,0.0,0.0,0.0,1.0,Hibernating,Bronze,2,3,0.55,3.4,0.9695,High,Send targeted discount / re-engagement email,1
CUST00639,2024-04-16,62,Male,South,Organic Search,624,20.8,7.0,13.0,507.1,39.01,13.0,Champions,Gold,0,1,0.31,3.6,0.1173,Low,Upsell / referral program invite,0
CUST00640,2025-09-09,25,Female,East,Email Campaign,113,3.8,9.0,5.0,388.56000000000006,77.71,10.0,New Customers,Gold,0,13,0.38,2.7,0.0072,Low,Standard engagement / newsletter,0
CUST00641,2024-12-19,37,Female,Central,Social Media,377,12.6,133.0,2.0,150.44,75.22,4.0,Hibernating,Silver,0,0,0.27,3.9,0.9465,High,Send targeted discount / re-engagement email,1
CUST00642,2025-11-21,43,Female,North,Paid Ads,40,1.3,40.0,0.0,0.0,0.0,1.0,Hibernating,Bronze,0,10,0.28,3.6,0.002,Low,Standard engagement / newsletter,0
CUST00643,2024-04-26,35,Female,East,Organic Search,614,20.5,11.0,10.0,439.72,43.97,12.0,Champions,Gold,1,4,0.63,4.4,0.2606,Low,Upsell / referral program invite,0
CUST00644,2024-01-09,49,Other,East,Referral,722,24.1,1.0,26.0,1629.7,62.68,15.0,Champions,Platinum,1,6,0.61,3.6,0.0008,Low,Upsell / referral program invite,0
CUST00645,2025-01-04,44,Male,East,Social Media,361,12.0,37.0,5.0,144.65,28.93,7.0,Promising,Silver,0,5,0.25,2.1,0.064,Low,Standard engagement / newsletter,0
CUST00646,2025-05-27,41,Female,West,Social Media,218,7.3,4.0,11.0,792.38,72.03,13.0,Champions,Platinum,1,16,0.54,4.6,0.0052,Low,Upsell / referral program invite,0
CUST00647,2025-08-23,40,Female,South,Social Media,130,4.3,130.0,0.0,0.0,0.0,1.0,Hibernating,Bronze,1,4,0.3,3.6,0.9815,High,Send targeted discount / re-engagement email,1
CUST00648,2024-08-08,53,Other,West,Referral,510,17.0,21.0,9.0,417.53,46.39,11.0,Loyal Customers,Gold,0,0,0.22,4.5,0.3807,Medium,Monitor + include in nurture campaign,0
CUST00649,2025-07-29,18,Other,East,Organic Search,155,5.2,122.0,1.0,34.36,34.36,3.0,Hibernating,Bronze,2,4,0.1,4.3,0.9159,High,Send targeted discount / re-engagement email,1
CUST00650,2025-08-02,30,Other,West,Organic Search,151,5.0,64.0,2.0,175.76,87.88,5.0,Hibernating,Silver,1,3,0.52,3.8,0.201,Low,Standard engagement / newsletter,0
CUST00651,2024-05-01,48,Female,Central,Paid Ads,609,20.3,35.0,10.0,641.91,64.19,11.0,Loyal Customers,Platinum,0,5,0.51,4.4,0.0908,Low,Standard engagement / newsletter,0
CUST00652,2024-06-16,44,Other,East,Referral,563,18.8,4.0,26.0,2200.16,84.62,15.0,Champions,Platinum,0,7,0.6,5.0,0.0017,Low,Upsell / referral program invite,0
CUST00653,2024-08-31,57,Male,North,Referral,487,16.2,3.0,25.0,1578.57,63.14,15.0,Champions,Platinum,0,15,0.49,4.8,0.0013,Low,Upsell / referral program invite,0
CUST00654,2025-03-10,34,Other,East,Referral,296,9.9,15.0,3.0,100.42,33.47,7.0,New Customers,Silver,1,4,0.25,2.8,0.4091,Medium,Monitor + include in nurture campaign,0
CUST00655,2025-08-12,42,Female,Central,Social Media,141,4.7,115.0,2.0,98.59,49.3,3.0,Hibernating,Silver,0,7,0.57,4.7,0.7332,High,Send targeted discount / re-engagement email,1
CUST00656,2024-03-29,37,Male,West,Referral,642,21.4,136.0,5.0,245.25,49.05,6.0,Lost,Silver,2,0,0.44,4.2,0.8959,High,Send targeted discount / re-engagement email,1
CUST00657,2024-08-15,32,Female,North,Referral,503,16.8,52.0,8.0,348.11,43.51,8.0,At Risk,Gold,0,3,0.23,3.1,0.1157,Low,Standard engagement / newsletter,0
CUST00658,2025-08-22,40,Other,West,Referral,131,4.4,16.0,8.0,741.89,92.74,11.0,Loyal Customers,Platinum,1,4,0.41,5.0,0.0222,Low,Standard engagement / newsletter,0
CUST00659,2025-08-08,48,Other,North,Organic Search,145,4.8,29.0,2.0,144.31,72.16,6.0,Promising,Silver,0,6,0.31,3.5,0.0726,Low,Standard engagement / newsletter,0
CUST00660,2024-12-24,21,Other,West,Referral,372,12.4,131.0,2.0,64.18,32.09,3.0,Hibernating,Bronze,1,1,0.16,3.9,0.9164,High,Send targeted discount / re-engagement email,1
CUST00661,2024-05-28,44,Other,South,Organic Search,582,19.4,25.0,12.0,567.47,47.29,11.0,Loyal Customers,Gold,0,7,0.6,4.5,0.0703,Low,Standard engagement / newsletter,0
CUST00662,2025-06-20,40,Male,Central,Social Media,194,6.5,125.0,1.0,13.16,13.16,3.0,Hibernating,Bronze,0,0,0.22,2.8,0.9948,High,Send targeted discount / re-engagement email,1
CUST00663,2025-04-10,42,Male,South,Organic Search,265,8.8,36.0,4.0,213.68,53.42,7.0,Promising,Silver,1,2,0.44,3.4,0.1108,Low,Standard engagement / newsletter,0
CUST00664,2025-01-27,35,Male,East,Referral,338,11.3,63.0,4.0,208.67,52.17,6.0,Hibernating,Silver,1,4,0.32,3.3,0.5071,Medium,Monitor + include in nurture campaign,0
CUST00665,2024-11-08,51,Female,Central,Organic Search,418,13.9,13.0,21.0,1692.94,80.62,14.0,Champions,Platinum,0,8,0.4,5.0,0.0003,Low,Upsell / referral program invite,0
CUST00666,2024-09-23,36,Other,South,Social Media,464,15.5,85.0,10.0,304.46000000000004,30.45,9.0,At Risk,Gold,0,0,0.35,3.0,0.0581,Low,Standard engagement / newsletter,0
CUST00667,2025-12-24,31,Female,East,Social Media,7,0.2,7.0,0.0,0.0,0.0,1.0,Hibernating,Bronze,0,1,0.44,3.5,0.0064,Low,Standard engagement / newsletter,0
CUST00668,2025-10-04,36,Male,Central,Paid Ads,88,2.9,23.0,2.0,88.78,44.39,6.0,New Customers,Silver,0,1,0.41,5.0,0.0102,Low,Standard engagement / newsletter,0
CUST00669,2025-08-23,44,Other,East,Social Media,130,4.3,24.0,6.0,247.59,41.26,9.0,Loyal Customers,Silver,3,5,0.34,4.2,0.0404,Low,Standard engagement / newsletter,0
CUST00670,2025-07-17,34,Female,East,Paid Ads,167,5.6,65.0,3.0,187.53,62.51,6.0,Hibernating,Silver,3,3,0.45,4.7,0.2624,Low,Standard engagement / newsletter,0
CUST00671,2025-11-04,26,Male,North,Paid Ads,57,1.9,32.0,3.0,183.98,61.33,7.0,Promising,Silver,0,11,0.67,4.3,0.0013,Low,Standard engagement / newsletter,0
CUST00672,2024-07-16,51,Female,Central,Social Media,533,17.8,410.0,1.0,48.99,48.99,3.0,Hibernating,Bronze,0,0,0.09,3.5,0.9672,High,Send targeted discount / re-engagement email,1
CUST00673,2024-03-19,42,Other,North,Referral,652,21.7,212.0,1.0,27.3,27.3,3.0,Hibernating,Bronze,0,0,0.14,3.5,0.9667,High,Send targeted discount / re-engagement email,1
CUST00674,2024-06-18,60,Female,West,Paid Ads,561,18.7,23.0,18.0,1576.68,87.59,14.0,Champions,Platinum,2,16,0.36,5.0,0.0066,Low,Upsell / referral program invite,0
CUST00675,2024-11-24,47,Other,East,Social Media,402,13.4,6.0,22.0,1451.31,65.97,15.0,Champions,Platinum,1,9,0.63,4.5,0.0006,Low,Upsell / referral program invite,0
CUST00676,2024-07-28,18,Male,North,Paid Ads,521,17.4,9.0,7.0,412.41,58.92,11.0,Loyal Customers,Gold,1,1,0.57,4.3,0.0935,Low,Standard engagement / newsletter,0
CUST00677,2024-02-03,49,Male,West,Paid Ads,697,23.2,107.0,8.0,322.07,40.26,7.0,At Risk,Gold,1,1,0.17,3.1,0.8331,High,Send targeted discount / re-engagement email,1
CUST00678,2024-05-09,58,Other,West,Organic Search,601,20.0,601.0,0.0,0.0,0.0,1.0,Hibernating,Bronze,0,0,0.25,4.3,0.9946,High,Send targeted discount / re-engagement email,1
CUST00679,2024-06-16,38,Other,East,Referral,563,18.8,4.0,36.0,2528.94,70.25,15.0,Champions,Platinum,2,9,0.69,4.9,0.0009,Low,Upsell / referral program invite,0
CUST00680,2025-08-04,51,Other,North,Email Campaign,149,5.0,53.0,4.0,318.96000000000004,79.74,7.0,Others,Gold,0,9,0.43,4.2,0.0056,Low,Standard engagement / newsletter,0
CUST00681,2024-03-21,49,Other,East,Referral,650,21.7,214.0,5.0,237.59,47.52,5.0,Hibernating,Silver,0,3,0.33,3.2,0.7848,High,Send targeted discount / re-engagement email,1
CUST00682,2025-02-04,44,Male,South,Referral,330,11.0,58.0,1.0,28.82,28.82,4.0,Hibernating,Bronze,0,0,0.23,3.4,0.6165,Medium,Monitor + include in nurture campaign,0
CUST00683,2024-10-28,30,Other,South,Organic Search,429,14.3,95.0,3.0,142.25,47.42,5.0,Hibernating,Silver,1,0,0.11,4.2,0.8376,High,Send targeted discount / re-engagement email,1
CUST00684,2025-02-25,18,Male,South,Paid Ads,309,10.3,167.0,3.0,92.81,30.94,4.0,Hibernating,Silver,0,1,0.19,3.9,0.793,High,Send targeted discount / re-engagement email,1
CUST00685,2024-11-06,57,Female,North,Referral,420,14.0,392.0,1.0,27.47,27.47,3.0,Hibernating,Bronze,2,1,0.3,3.4,0.9731,High,Send targeted discount / re-engagement email,1
CUST00686,2025-05-06,53,Other,Central,Referral,239,8.0,62.0,3.0,110.79,36.93,6.0,Hibernating,Silver,0,0,0.18,3.4,0.1385,Low,Standard engagement / newsletter,0
CUST00687,2024-12-24,35,Female,Central,Paid Ads,372,12.4,29.0,13.0,721.0,55.46,11.0,Loyal Customers,Platinum,1,2,0.25,3.5,0.1293,Low,Standard engagement / newsletter,0
CUST00688,2025-04-01,27,Other,North,Organic Search,274,9.1,91.0,6.0,224.0,37.33,6.0,Lost,Silver,0,3,0.28,4.2,0.4723,Medium,Monitor + include in nurture campaign,1
CUST00689,2025-11-25,38,Female,West,Social Media,36,1.2,8.0,3.0,145.59,48.53,9.0,New Customers,Silver,0,0,0.15,3.2,0.0015,Low,Standard engagement / newsletter,0
CUST00690,2024-02-19,58,Other,West,Social Media,681,22.7,19.0,7.0,217.86,31.12,9.0,Others,Silver,1,4,0.2,2.6,0.5107,Medium,Monitor + include in nurture campaign,0
CUST00691,2024-09-10,30,Other,North,Paid Ads,477,15.9,84.0,10.0,742.81,74.28,10.0,At Risk,Platinum,2,4,0.32,4.6,0.0638,Low,Standard engagement / newsletter,0
CUST00692,2024-07-12,37,Female,North,Social Media,537,17.9,4.0,30.0,2012.45,67.08,15.0,Champions,Platinum,0,12,0.32,5.0,0.0007,Low,Upsell / referral program invite,0
CUST00693,2025-12-11,21,Female,Central,Referral,20,0.7,20.0,0.0,0.0,0.0,1.0,Hibernating,Bronze,0,7,0.14,3.5,0.005,Low,Standard engagement / newsletter,0
CUST00694,2024-07-15,37,Male,Central,Email Campaign,534,17.8,202.0,4.0,267.84000000000003,66.96,6.0,Lost,Gold,0,2,0.36,4.2,0.9129,High,Send targeted discount / re-engagement email,1
CUST00695,2024-12-27,34,Male,South,Social Media,369,12.3,35.0,6.0,274.95,45.82,9.0,Loyal Customers,Gold,0,4,0.25,4.0,0.5482,Medium,Monitor + include in nurture campaign,0
CUST00696,2025-02-04,28,Other,North,Organic Search,330,11.0,43.0,2.0,98.63,49.32,4.0,Hibernating,Silver,2,0,0.19,3.8,0.523,Medium,Monitor + include in nurture campaign,0
CUST00697,2024-07-24,36,Other,South,Referral,525,17.5,33.0,9.0,484.69,53.85,11.0,Loyal Customers,Gold,0,1,0.24,3.4,0.1838,Low,Standard engagement / newsletter,0
CUST00698,2025-03-07,46,Male,South,Referral,299,10.0,25.0,15.0,1022.77,68.18,13.0,Loyal Customers,Platinum,1,10,0.57,4.6,0.0008,Low,Standard engagement / newsletter,0
CUST00699,2024-08-29,50,Other,South,Referral,489,16.3,4.0,17.0,1000.85,58.87,15.0,Champions,Platinum,1,13,0.39,4.4,0.0029,Low,Upsell / referral program invite,0
CUST00700,2025-05-06,38,Other,East,Organic Search,239,8.0,14.0,6.0,242.93,40.49,9.0,Others,Silver,1,3,0.43,4.2,0.207,Low,Standard engagement / newsletter,0
CUST00701,2025-12-23,29,Female,South,Email Campaign,8,0.3,8.0,0.0,0.0,0.0,1.0,Hibernating,Bronze,0,7,0.48,5.0,0.0084,Low,Standard engagement / newsletter,0
CUST00702,2024-10-14,19,Female,South,Referral,443,14.8,29.0,16.0,910.08,56.88,13.0,Loyal Customers,Platinum,3,5,0.16,5.0,0.0161,Low,Standard engagement / newsletter,0
CUST00703,2025-05-14,19,Other,Central,Organic Search,231,7.7,2.0,2.0,56.72,28.36,7.0,New Customers,Bronze,2,0,0.64,4.1,0.194,Low,Standard engagement / newsletter,0
CUST00704,2025-10-30,48,Other,South,Email Campaign,62,2.1,62.0,0.0,0.0,0.0,1.0,Hibernating,Bronze,0,0,0.01,2.3,0.0104,Low,Standard engagement / newsletter,0
CUST00705,2024-01-02,32,Other,South,Paid Ads,729,24.3,85.0,3.0,203.37,67.79,6.0,Hibernating,Silver,1,0,0.13,3.5,0.3206,Low,Standard engagement / newsletter,0
CUST00706,2024-02-11,39,Other,Central,Email Campaign,689,23.0,407.0,10.0,466.74,46.67,9.0,At Risk,Gold,0,11,0.05,4.0,0.7508,High,Send targeted discount / re-engagement email,1
CUST00707,2025-04-25,34,Female,Central,Organic Search,250,8.3,77.0,6.0,342.62,57.1,8.0,At Risk,Gold,0,3,0.39,4.2,0.1565,Low,Standard engagement / newsletter,0
CUST00708,2024-09-15,27,Male,North,Organic Search,472,15.7,62.0,10.0,554.68,55.47,10.0,At Risk,Gold,1,7,0.35,4.8,0.0928,Low,Standard engagement / newsletter,0
CUST00709,2024-10-20,36,Other,Central,Referral,437,14.6,6.0,19.0,1249.68,65.77,15.0,Champions,Platinum,1,10,0.67,4.6,0.0026,Low,Upsell / referral program invite,0
CUST00710,2024-09-05,38,Other,South,Email Campaign,482,16.1,18.0,20.0,1273.61,63.68,14.0,Champions,Platinum,0,7,0.32,4.3,0.0027,Low,Upsell / referral program invite,0
CUST00711,2025-11-21,24,Female,Central,Organic Search,40,1.3,1.0,1.0,80.69,80.69,7.0,New Customers,Silver,0,5,0.49,5.0,0.0066,Low,Standard engagement / newsletter,0
CUST00712,2024-01-08,54,Female,Central,Referral,723,24.1,13.0,7.0,361.37,51.62,10.0,Loyal Customers,Gold,0,4,0.47,3.8,0.196,Low,Standard engagement / newsletter,0
CUST00713,2025-10-01,49,Other,East,Social Media,91,3.0,91.0,0.0,0.0,0.0,1.0,Hibernating,Bronze,1,3,0.24,4.1,0.009,Low,Standard engagement / newsletter,1
CUST00714,2024-03-25,41,Male,West,Referral,646,21.5,21.0,11.0,346.05,31.46,11.0,Loyal Customers,Gold,1,0,0.22,3.7,0.1234,Low,Standard engagement / newsletter,0
CUST00715,2024-02-16,24,Female,North,Organic Search,684,22.8,148.0,2.0,63.06,31.53,3.0,Hibernating,Bronze,0,0,0.19,2.5,0.9708,High,Send targeted discount / re-engagement email,1
CUST00716,2024-10-22,39,Male,West,Social Media,435,14.5,17.0,17.0,1372.55,80.74,14.0,Champions,Platinum,1,12,0.63,3.8,0.0011,Low,Upsell / referral program invite,0
CUST00717,2024-12-06,31,Female,West,Paid Ads,390,13.0,28.0,10.0,757.5,75.75,11.0,Loyal Customers,Platinum,1,3,0.21,4.3,0.0816,Low,Standard engagement / newsletter,0
CUST00718,2025-01-26,39,Female,Central,Paid Ads,339,11.3,3.0,16.0,1088.2,68.01,15.0,Champions,Platinum,0,13,0.52,4.0,0.0016,Low,Upsell / referral program invite,0
CUST00719,2025-05-25,49,Female,East,Referral,220,7.3,13.0,7.0,381.64,54.52,10.0,Loyal Customers,Gold,0,8,0.46,4.2,0.0113,Low,Standard engagement / newsletter,0
CUST00720,2024-10-27,43,Female,South,Referral,430,14.3,195.0,5.0,310.89,62.18,7.0,At Risk,Gold,1,2,0.47,3.2,0.2766,Low,Standard engagement / newsletter,1
CUST00721,2024-07-11,50,Other,Central,Organic Search,538,17.9,96.0,5.0,279.17,55.83,7.0,At Risk,Gold,0,2,0.4,3.0,0.3344,Medium,Monitor + include in nurture campaign,1
CUST00722,2025-07-12,29,Female,South,Social Media,172,5.7,93.0,5.0,262.07,52.41,7.0,At Risk,Silver,0,7,0.59,4.7,0.8217,High,Send targeted discount / re-engagement email,1
CUST00723,2025-08-23,36,Male,East,Social Media,130,4.3,1.0,1.0,58.35,58.35,7.0,New Customers,Bronze,0,0,0.05,3.5,0.7563,High,Send targeted discount / re-engagement email,0
CUST00724,2025-02-11,47,Male,South,Organic Search,323,10.8,28.0,8.0,462.46,57.81,10.0,Loyal Customers,Gold,0,8,0.21,3.2,0.0314,Low,Standard engagement / newsletter,0
CUST00725,2025-02-24,50,Male,East,Social Media,310,10.3,159.0,7.0,367.32,52.47,7.0,At Risk,Gold,1,4,0.33,3.4,0.1308,Low,Standard engagement / newsletter,1
CUST00726,2024-04-26,51,Other,West,Paid Ads,614,20.5,58.0,16.0,843.9,52.74,12.0,At Risk,Platinum,0,8,0.28,4.3,0.0999,Low,Standard engagement / newsletter,0
CUST00727,2024-04-09,34,Male,East,Email Campaign,631,21.0,94.0,16.0,950.25,59.39,11.0,At Risk,Platinum,1,4,0.65,4.2,0.8646,High,Send targeted discount / re-engagement email,1
CUST00728,2024-01-18,47,Other,East,Paid Ads,713,23.8,8.0,40.0,2884.46,72.11,15.0,Champions,Platinum,0,9,0.6,3.5,0.0005,Low,Upsell / referral program invite,0
CUST00729,2025-03-21,31,Male,West,Email Campaign,285,9.5,89.0,2.0,104.32,52.16,3.0,Hibernating,Silver,1,1,0.23,4.4,0.5544,Medium,Monitor + include in nurture campaign,0
CUST00730,2024-08-05,35,Female,West,Referral,513,17.1,16.0,20.0,1345.73,67.29,14.0,Champions,Platinum,2,6,0.33,3.3,0.0027,Low,Upsell / referral program invite,0
CUST00731,2025-02-28,23,Female,North,Organic Search,306,10.2,235.0,1.0,22.95,22.95,3.0,Hibernating,Bronze,1,2,0.49,3.3,0.9461,High,Send targeted discount / re-engagement email,1
CUST00732,2025-12-04,30,Female,Central,Social Media,27,0.9,27.0,0.0,0.0,0.0,1.0,Hibernating,Bronze,1,5,0.71,2.7,0.0075,Low,Standard engagement / newsletter,0
CUST00733,2024-04-08,32,Male,South,Email Campaign,632,21.1,38.0,9.0,390.38,43.38,10.0,Loyal Customers,Gold,0,1,0.22,4.4,0.2838,Low,Standard engagement / newsletter,0
CUST00734,2025-11-05,37,Female,North,Organic Search,56,1.9,36.0,1.0,100.39,100.39,5.0,Promising,Silver,1,2,0.26,4.0,0.0016,Low,Standard engagement / newsletter,0
CUST00735,2024-01-28,36,Female,West,Email Campaign,703,23.4,2.0,17.0,921.29,54.19,15.0,Champions,Platinum,0,7,0.18,4.2,0.1732,Low,Upsell / referral program invite,0
CUST00736,2024-01-17,33,Other,West,Referral,714,23.8,10.0,44.0,2945.56,66.94,14.0,Champions,Platinum,1,11,0.42,4.6,0.0062,Low,Upsell / referral program invite,0
CUST00737,2024-11-16,44,Other,North,Organic Search,410,13.7,7.0,5.0,205.11,41.02,10.0,Others,Silver,0,3,0.24,4.0,0.3162,Low,Standard engagement / newsletter,0
CUST00738,2025-10-31,34,Female,South,Referral,61,2.0,32.0,1.0,102.52,102.52,5.0,Promising,Silver,0,12,0.77,5.0,0.0015,Low,Standard engagement / newsletter,0
CUST00739,2025-09-13,52,Other,East,Social Media,109,3.6,25.0,4.0,126.85,31.71,7.0,Promising,Silver,0,5,0.28,4.7,0.0086,Low,Standard engagement / newsletter,0
CUST00740,2025-12-13,42,Female,North,Social Media,18,0.6,10.0,1.0,78.76,78.76,6.0,New Customers,Bronze,0,2,0.27,2.8,0.0056,Low,Standard engagement / newsletter,0
CUST00741,2025-12-08,19,Male,Central,Email Campaign,23,0.8,23.0,0.0,0.0,0.0,1.0,Hibernating,Bronze,2,2,0.2,3.4,0.015,Low,Standard engagement / newsletter,0
CUST00742,2024-04-17,24,Male,East,Email Campaign,623,20.8,25.0,7.0,293.7,41.96,9.0,Loyal Customers,Gold,0,4,0.54,3.0,0.3726,Medium,Monitor + include in nurture campaign,0
CUST00743,2025-01-14,45,Female,North,Social Media,351,11.7,70.0,2.0,176.01999999999998,88.01,5.0,Hibernating,Silver,0,1,0.55,3.9,0.3716,Medium,Monitor + include in nurture campaign,0
CUST00744,2024-07-30,44,Other,West,Email Campaign,519,17.3,71.0,13.0,955.77,73.52,11.0,At Risk,Platinum,1,5,0.21,5.0,0.0066,Low,Standard engagement / newsletter,0
CUST00745,2024-05-16,35,Female,Central,Email Campaign,594,19.8,111.0,18.0,941.63,52.31,11.0,At Risk,Platinum,1,5,0.3,4.3,0.0399,Low,Standard engagement / newsletter,1
CUST00746,2025-11-07,32,Male,South,Organic Search,54,1.8,14.0,2.0,133.94,66.97,7.0,New Customers,Silver,0,8,0.41,3.9,0.0058,Low,Standard engagement / newsletter,0
CUST00747,2024-08-31,25,Female,East,Referral,487,16.2,68.0,3.0,171.11,57.04,6.0,Hibernating,Silver,0,3,0.28,4.8,0.373,Medium,Monitor + include in nurture campaign,0
CUST00748,2025-03-14,40,Other,East,Paid Ads,292,9.7,28.0,3.0,150.42000000000002,50.14,7.0,Promising,Silver,0,1,0.28,3.5,0.3123,Low,Standard engagement / newsletter,0
CUST00749,2024-10-08,51,Male,Central,Email Campaign,449,15.0,5.0,7.0,288.41,41.2,11.0,Loyal Customers,Gold,1,6,0.42,4.5,0.3591,Medium,Monitor + include in nurture campaign,0
CUST00750,2024-05-20,61,Female,Central,Organic Search,590,19.7,4.0,5.0,295.72,59.14,11.0,Loyal Customers,Gold,0,2,0.25,2.3,0.5057,Medium,Monitor + include in nurture campaign,0
CUST00751,2024-01-28,69,Male,North,Paid Ads,703,23.4,6.0,16.0,744.25,46.52,14.0,Champions,Platinum,1,4,0.2,4.0,0.1037,Low,Upsell / referral program invite,0
CUST00752,2025-11-05,19,Other,East,Social Media,56,1.9,16.0,5.0,454.98,91.0,11.0,Loyal Customers,Gold,1,5,0.47,4.7,0.0078,Low,Standard engagement / newsletter,0
CUST00753,2025-05-20,51,Other,West,Paid Ads,225,7.5,107.0,2.0,86.91,43.46,3.0,Hibernating,Silver,0,0,0.33,4.0,0.1802,Low,Standard engagement / newsletter,1
CUST00754,2025-07-07,39,Other,Central,Paid Ads,177,5.9,13.0,7.0,480.46,68.64,11.0,Loyal Customers,Gold,1,8,0.45,4.0,0.0031,Low,Standard engagement / newsletter,0
CUST00755,2025-07-09,45,Female,Central,Referral,175,5.8,5.0,13.0,1049.37,80.72,14.0,Champions,Platinum,1,7,0.53,4.4,0.0009,Low,Upsell / referral program invite,0
CUST00756,2025-12-22,33,Male,West,Email Campaign,9,0.3,9.0,0.0,0.0,0.0,1.0,Hibernating,Bronze,0,1,0.59,3.9,0.0046,Low,Standard engagement / newsletter,0
CUST00757,2025-11-17,51,Other,East,Email Campaign,44,1.5,12.0,4.0,247.44,61.86,9.0,New Customers,Silver,1,3,0.68,5.0,0.0011,Low,Standard engagement / newsletter,0
CUST00758,2024-09-19,37,Female,Central,Email Campaign,468,15.6,35.0,4.0,162.72,40.68,7.0,Promising,Silver,0,1,0.25,2.7,0.557,Medium,Monitor + include in nurture campaign,0
CUST00759,2024-05-22,30,Other,West,Email Campaign,588,19.6,96.0,12.0,590.09,49.17,9.0,At Risk,Gold,2,5,0.54,3.8,0.7977,High,Send targeted discount / re-engagement email,1
CUST00760,2024-12-10,54,Female,West,Organic Search,386,12.9,319.0,1.0,46.07,46.07,3.0,Hibernating,Bronze,0,1,0.31,3.7,0.9374,High,Send targeted discount / re-engagement email,1
CUST00761,2025-08-28,37,Female,East,Organic Search,125,4.2,71.0,2.0,193.05,96.52,5.0,Hibernating,Silver,0,1,0.24,4.2,0.0949,Low,Standard engagement / newsletter,0
CUST00762,2025-06-19,41,Female,Central,Referral,195,6.5,195.0,0.0,0.0,0.0,1.0,Hibernating,Bronze,0,1,0.28,3.8,0.9873,High,Send targeted discount / re-engagement email,1
CUST00763,2025-10-31,35,Other,North,Email Campaign,61,2.0,2.0,2.0,31.71,15.86,7.0,New Customers,Bronze,0,3,0.25,3.4,0.0023,Low,Standard engagement / newsletter,0
CUST00764,2024-11-03,36,Female,East,Email Campaign,423,14.1,423.0,0.0,0.0,0.0,1.0,Hibernating,Bronze,1,0,0.0,3.5,0.9952,High,Send targeted discount / re-engagement email,1
CUST00765,2025-09-17,45,Other,South,Organic Search,105,3.5,105.0,0.0,0.0,0.0,1.0,Hibernating,Bronze,3,0,0.42,3.5,0.9838,High,Send targeted discount / re-engagement email,1
CUST00766,2025-10-10,18,Other,West,Paid Ads,82,2.7,82.0,0.0,0.0,0.0,1.0,Hibernating,Bronze,0,2,0.0,3.3,0.0111,Low,Standard engagement / newsletter,0
CUST00767,2024-11-29,51,Other,Central,Social Media,397,13.2,13.0,23.0,1518.22,66.01,14.0,Champions,Platinum,0,12,0.38,5.0,0.0006,Low,Upsell / referral program invite,0
CUST00768,2024-04-04,49,Male,South,Organic Search,636,21.2,6.0,8.0,350.76,43.84,11.0,Loyal Customers,Gold,1,2,0.25,3.6,0.4696,Medium,Monitor + include in nurture campaign,0
CUST00769,2024-09-08,30,Other,North,Paid Ads,479,16.0,3.0,9.0,352.45,39.16,12.0,Loyal Customers,Gold,2,6,0.3,3.9,0.4044,Medium,Monitor + include in nurture campaign,0
CUST00770,2025-11-01,48,Male,West,Referral,60,2.0,60.0,0.0,0.0,0.0,1.0,Hibernating,Bronze,2,4,0.44,4.2,0.0079,Low,Standard engagement / newsletter,0
CUST00771,2025-11-29,49,Female,South,Social Media,32,1.1,28.0,1.0,49.92,49.92,5.0,Promising,Bronze,0,13,0.55,3.7,0.0009,Low,Standard engagement / newsletter,0
CUST00772,2024-01-11,44,Other,South,Social Media,720,24.0,26.0,20.0,1067.4,53.37,13.0,Loyal Customers,Platinum,0,6,0.51,4.2,0.0054,Low,Standard engagement / newsletter,0
CUST00773,2025-08-06,30,Other,Central,Social Media,147,4.9,13.0,1.0,25.17,25.17,6.0,New Customers,Bronze,0,3,0.31,3.0,0.3167,Low,Standard engagement / newsletter,0
CUST00774,2025-06-22,43,Other,North,Paid Ads,192,6.4,26.0,4.0,197.27,49.32,7.0,Promising,Silver,0,5,0.33,3.0,0.0216,Low,Standard engagement / newsletter,0
CUST00775,2025-06-20,42,Other,South,Email Campaign,194,6.5,13.0,3.0,77.62,25.87,7.0,New Customers,Bronze,1,1,0.23,4.1,0.0487,Low,Standard engagement / newsletter,0
CUST00776,2024-12-07,50,Female,West,Email Campaign,389,13.0,30.0,13.0,784.97,60.38,11.0,Loyal Customers,Platinum,0,11,0.58,3.4,0.011,Low,Standard engagement / newsletter,0
CUST00777,2024-10-12,29,Female,East,Paid Ads,445,14.8,11.0,20.0,1357.19,67.86,14.0,Champions,Platinum,0,10,0.53,3.6,0.001,Low,Upsell / referral program invite,0
CUST00778,2024-03-18,36,Female,Central,Referral,653,21.8,30.0,14.0,651.3299999999999,46.52,11.0,Loyal Customers,Platinum,1,4,0.3,3.7,0.2103,Low,Standard engagement / newsletter,0
CUST00779,2025-10-25,18,Other,East,Referral,67,2.2,5.0,1.0,37.06,37.06,7.0,New Customers,Bronze,0,0,0.25,4.1,0.0108,Low,Standard engagement / newsletter,0
CUST00780,2024-12-16,40,Other,West,Paid Ads,380,12.7,4.0,19.0,1304.61,68.66,15.0,Champions,Platinum,1,9,0.59,5.0,0.0005,Low,Upsell / referral program invite,0
CUST00781,2025-05-09,18,Male,East,Email Campaign,236,7.9,67.0,1.0,22.3,22.3,4.0,Hibernating,Bronze,0,3,0.2,4.7,0.2403,Low,Standard engagement / newsletter,0
CUST00782,2024-07-15,28,Female,South,Referral,534,17.8,6.0,10.0,577.4300000000001,57.74,13.0,Champions,Gold,1,5,0.14,2.1,0.1279,Low,Upsell / referral program invite,0
CUST00783,2025-10-12,47,Female,South,Social Media,80,2.7,80.0,0.0,0.0,0.0,1.0,Hibernating,Bronze,2,0,0.0,4.5,0.0076,Low,Standard engagement / newsletter,0
CUST00784,2024-11-29,35,Female,West,Referral,397,13.2,100.0,8.0,405.36,50.67,7.0,At Risk,Gold,1,6,0.15,4.7,0.3921,Medium,Monitor + include in nurture campaign,1
CUST00785,2025-03-24,38,Other,East,Referral,282,9.4,44.0,7.0,460.22,65.75,9.0,At Risk,Gold,1,6,0.27,5.0,0.0195,Low,Standard engagement / newsletter,0
CUST00786,2025-03-29,41,Male,Central,Email Campaign,277,9.2,41.0,8.0,430.19,53.77,10.0,Loyal Customers,Gold,1,4,0.36,4.1,0.0711,Low,Standard engagement / newsletter,0
CUST00787,2025-09-14,18,Female,West,Referral,108,3.6,19.0,4.0,219.06,54.76,8.0,New Customers,Silver,1,9,0.69,4.8,0.0127,Low,Standard engagement / newsletter,0
CUST00788,2025-03-13,40,Male,East,Organic Search,293,9.8,293.0,0.0,0.0,0.0,1.0,Hibernating,Bronze,0,2,0.38,3.1,0.996,High,Send targeted discount / re-engagement email,1
CUST00789,2025-04-22,47,Female,North,Referral,253,8.4,9.0,15.0,899.84,59.99,15.0,Champions,Platinum,0,16,0.48,3.6,0.0027,Low,Upsell / referral program invite,0
CUST00790,2025-07-16,26,Female,East,Social Media,168,5.6,168.0,0.0,0.0,0.0,1.0,Hibernating,Bronze,0,1,0.0,2.3,0.9958,High,Send targeted discount / re-engagement email,1
CUST00791,2024-12-30,42,Male,South,Email Campaign,366,12.2,252.0,3.0,183.99,61.33,5.0,Hibernating,Silver,0,3,0.34,4.1,0.7594,High,Send targeted discount / re-engagement email,1
CUST00792,2024-12-13,31,Female,Central,Referral,383,12.8,18.0,7.0,241.54,34.51,9.0,Others,Silver,0,4,0.3,2.4,0.0783,Low,Standard engagement / newsletter,0
CUST00793,2024-04-03,31,Male,North,Email Campaign,637,21.2,128.0,12.0,554.43,46.2,9.0,At Risk,Gold,1,3,0.26,4.8,0.737,High,Send targeted discount / re-engagement email,1
CUST00794,2024-08-10,39,Other,Central,Paid Ads,508,16.9,52.0,8.0,220.61,27.58,7.0,Others,Silver,0,3,0.53,2.3,0.14,Low,Standard engagement / newsletter,0
CUST00795,2024-12-23,34,Male,North,Email Campaign,373,12.4,17.0,14.0,995.49,71.11,13.0,Champions,Platinum,0,7,0.49,3.4,0.0052,Low,Upsell / referral program invite,0
CUST00796,2024-01-03,39,Male,South,Organic Search,728,24.3,15.0,2.0,120.65,60.32,7.0,New Customers,Silver,1,0,0.0,4.0,0.2467,Low,Standard engagement / newsletter,0
CUST00797,2025-06-02,30,Male,West,Referral,212,7.1,20.0,4.0,203.11,50.78,8.0,New Customers,Silver,0,5,0.36,3.5,0.1593,Low,Standard engagement / newsletter,0
CUST00798,2024-07-08,34,Other,West,Organic Search,541,18.0,15.0,13.0,696.4,53.57,12.0,Champions,Platinum,3,3,0.37,3.2,0.1943,Low,Upsell / referral program invite,0
CUST00799,2024-08-07,41,Other,South,Organic Search,511,17.0,315.0,2.0,57.98,28.99,3.0,Hibernating,Bronze,0,1,0.16,2.5,0.8757,High,Send targeted discount / re-engagement email,1
CUST00800,2025-09-28,40,Other,South,Social Media,94,3.1,11.0,4.0,183.73,45.93,8.0,New Customers,Silver,0,6,0.32,4.3,0.0049,Low,Standard engagement / newsletter,0
CUST00801,2025-11-05,41,Other,West,Social Media,56,1.9,56.0,0.0,0.0,0.0,1.0,Hibernating,Bronze,1,5,0.69,4.9,0.0159,Low,Standard engagement / newsletter,0
CUST00802,2024-09-28,31,Other,South,Referral,459,15.3,1.0,15.0,1113.07,74.2,15.0,Champions,Platinum,0,9,0.1,5.0,0.0024,Low,Upsell / referral program invite,0
CUST00803,2025-05-07,49,Female,East,Organic Search,238,7.9,17.0,3.0,123.34,41.11,8.0,New Customers,Silver,0,6,0.34,3.6,0.1547,Low,Standard engagement / newsletter,0
CUST00804,2025-11-16,52,Male,Central,Paid Ads,45,1.5,45.0,0.0,0.0,0.0,1.0,Hibernating,Bronze,1,3,0.29,4.2,0.0113,Low,Standard engagement / newsletter,0
CUST00805,2025-11-19,30,Other,North,Paid Ads,42,1.4,5.0,4.0,223.23,55.81,9.0,New Customers,Silver,0,6,0.4,4.3,0.0031,Low,Standard engagement / newsletter,0
CUST00806,2025-03-26,34,Female,South,Organic Search,280,9.3,53.0,4.0,163.6,40.9,6.0,Hibernating,Silver,1,1,0.41,3.3,0.0929,Low,Standard engagement / newsletter,0
CUST00807,2024-09-09,38,Female,West,Paid Ads,478,15.9,2.0,19.0,1375.47,72.39,15.0,Champions,Platinum,0,9,0.5,5.0,0.0004,Low,Upsell / referral program invite,0
CUST00808,2024-11-16,45,Other,East,Organic Search,410,13.7,18.0,6.0,207.48,34.58,9.0,Others,Silver,1,3,0.49,3.7,0.4289,Medium,Monitor + include in nurture campaign,0
CUST00809,2024-09-15,31,Male,East,Email Campaign,472,15.7,15.0,13.0,875.5699999999999,67.35,13.0,Champions,Platinum,2,9,0.32,2.7,0.0457,Low,Upsell / referral program invite,0
CUST00810,2024-10-18,36,Other,North,Referral,439,14.6,48.0,5.0,345.04,69.01,8.0,At Risk,Gold,1,2,0.58,3.9,0.0943,Low,Standard engagement / newsletter,0
CUST00811,2025-08-18,45,Female,West,Email Campaign,135,4.5,135.0,0.0,0.0,0.0,1.0,Hibernating,Bronze,1,0,0.0,3.8,0.9869,High,Send targeted discount / re-engagement email,1
CUST00812,2025-09-08,24,Other,West,Paid Ads,114,3.8,51.0,3.0,255.7,85.23,7.0,Others,Silver,1,6,0.69,4.4,0.1465,Low,Standard engagement / newsletter,0
CUST00813,2025-04-19,19,Other,West,Referral,256,8.5,54.0,5.0,249.95,49.99,8.0,At Risk,Silver,0,6,0.44,5.0,0.1092,Low,Standard engagement / newsletter,0
CUST00814,2025-04-01,47,Male,North,Referral,274,9.1,6.0,9.0,644.05,71.56,13.0,Champions,Platinum,1,11,0.58,4.1,0.0014,Low,Upsell / referral program invite,0
CUST00815,2024-08-08,23,Male,West,Referral,510,17.0,36.0,8.0,290.34,36.29,9.0,Loyal Customers,Gold,0,2,0.14,3.7,0.1932,Low,Standard engagement / newsletter,0
CUST00816,2024-05-19,57,Other,South,Organic Search,591,19.7,261.0,2.0,76.12,38.06,3.0,Hibernating,Bronze,3,0,0.55,3.7,0.9456,High,Send targeted discount / re-engagement email,1
CUST00817,2024-07-20,31,Other,East,Referral,529,17.6,302.0,2.0,68.92,34.46,3.0,Hibernating,Bronze,0,0,0.21,3.4,0.9502,High,Send targeted discount / re-engagement email,1
CUST00818,2024-12-27,36,Other,South,Paid Ads,369,12.3,17.0,18.0,1469.18,81.62,14.0,Champions,Platinum,0,9,0.66,5.0,0.0006,Low,Upsell / referral program invite,0
CUST00819,2025-08-07,35,Other,West,Social Media,146,4.9,96.0,3.0,134.21,44.74,5.0,Hibernating,Silver,1,4,0.8,5.0,0.87,High,Send targeted discount / re-engagement email,1
CUST00820,2024-10-10,26,Other,East,Organic Search,447,14.9,55.0,11.0,689.38,62.67,10.0,At Risk,Platinum,0,4,0.1,4.3,0.1843,Low,Standard engagement / newsletter,0
CUST00821,2025-02-20,37,Female,North,Paid Ads,314,10.5,53.0,6.0,392.16,65.36,8.0,At Risk,Gold,0,1,0.17,4.2,0.2575,Low,Standard engagement / newsletter,0
CUST00822,2025-11-30,34,Male,West,Referral,31,1.0,6.0,1.0,62.58,62.58,7.0,New Customers,Bronze,0,2,0.44,2.0,0.0095,Low,Standard engagement / newsletter,0
CUST00823,2024-08-06,46,Male,North,Referral,512,17.1,64.0,6.0,216.36,36.06,7.0,Others,Silver,2,0,0.17,3.6,0.4691,Medium,Monitor + include in nurture campaign,0
CUST00824,2025-11-14,46,Female,South,Social Media,47,1.6,15.0,1.0,72.16,72.16,6.0,New Customers,Bronze,3,2,0.24,3.8,0.0013,Low,Standard engagement / newsletter,0
CUST00825,2024-01-12,46,Female,East,Referral,719,24.0,16.0,25.0,1637.99,65.52,14.0,Champions,Platinum,0,6,0.47,4.8,0.0013,Low,Upsell / referral program invite,0
CUST00826,2024-07-04,45,Other,Central,Organic Search,545,18.2,9.0,23.0,1837.95,79.91,15.0,Champions,Platinum,0,6,0.53,3.3,0.0004,Low,Upsell / referral program invite,0
CUST00827,2024-07-24,39,Female,East,Paid Ads,525,17.5,22.0,24.0,1907.52,79.48,14.0,Champions,Platinum,0,13,0.48,5.0,0.0003,Low,Upsell / referral program invite,0
CUST00828,2024-09-17,56,Male,North,Social Media,470,15.7,103.0,10.0,421.67,42.17,9.0,At Risk,Gold,0,5,0.6,4.2,0.8017,High,Send targeted discount / re-engagement email,1
CUST00829,2024-07-28,39,Female,South,Social Media,521,17.4,32.0,26.0,1780.61,68.48,13.0,Loyal Customers,Platinum,1,8,0.7,4.4,0.0013,Low,Standard engagement / newsletter,0
CUST00830,2024-01-17,38,Other,Central,Referral,714,23.8,143.0,3.0,125.12,41.71,5.0,Hibernating,Silver,0,0,0.26,3.2,0.7426,High,Send targeted discount / re-engagement email,1
CUST00831,2025-07-02,35,Other,North,Referral,182,6.1,41.0,2.0,119.36,59.68,6.0,Promising,Silver,0,0,0.09,2.1,0.2827,Low,Standard engagement / newsletter,0
CUST00832,2024-07-31,55,Female,Central,Paid Ads,518,17.3,50.0,7.0,305.26,43.61,8.0,At Risk,Gold,0,7,0.24,4.7,0.2493,Low,Standard engagement / newsletter,0
CUST00833,2024-06-08,36,Male,South,Social Media,571,19.0,5.0,21.0,1717.9,81.8,15.0,Champions,Platinum,0,12,0.49,5.0,0.0008,Low,Upsell / referral program invite,0
CUST00834,2024-11-27,18,Male,West,Email Campaign,399,13.3,68.0,6.0,241.96,40.33,7.0,Others,Silver,1,1,0.21,3.2,0.4036,Medium,Monitor + include in nurture campaign,0
CUST00835,2025-11-01,38,Female,West,Email Campaign,60,2.0,24.0,7.0,441.56,63.08,10.0,Loyal Customers,Gold,0,14,0.38,3.6,0.0011,Low,Standard engagement / newsletter,0
CUST00836,2025-12-26,40,Female,Central,Paid Ads,5,0.2,5.0,0.0,0.0,0.0,1.0,Hibernating,Bronze,1,11,0.21,5.0,0.0076,Low,Standard engagement / newsletter,0
CUST00837,2024-06-06,33,Male,Central,Organic Search,573,19.1,21.0,13.0,704.85,54.22,12.0,Champions,Platinum,0,3,0.49,3.7,0.181,Low,Upsell / referral program invite,0
CUST00838,2025-06-30,34,Other,West,Email Campaign,184,6.1,184.0,0.0,0.0,0.0,1.0,Hibernating,Bronze,0,1,0.43,3.2,0.9903,High,Send targeted discount / re-engagement email,1
CUST00839,2024-04-12,43,Other,East,Organic Search,628,20.9,107.0,12.0,712.03,59.34,9.0,At Risk,Platinum,1,3,0.35,4.7,0.7974,High,Send targeted discount / re-engagement email,1
CUST00840,2025-04-16,51,Other,North,Organic Search,259,8.6,38.0,11.0,527.64,47.97,11.0,Loyal Customers,Gold,1,5,0.35,5.0,0.0283,Low,Standard engagement / newsletter,0
CUST00841,2024-08-29,35,Other,Central,Paid Ads,489,16.3,138.0,6.0,367.34,61.22,7.0,At Risk,Gold,0,5,0.45,5.0,0.8759,High,Send targeted discount / re-engagement email,1
CUST00842,2025-09-15,43,Other,Central,Paid Ads,107,3.6,35.0,4.0,202.05,50.51,7.0,Promising,Silver,0,9,0.47,3.6,0.0075,Low,Standard engagement / newsletter,0
CUST00843,2024-02-13,27,Male,East,Email Campaign,687,22.9,185.0,8.0,386.43,48.3,7.0,At Risk,Gold,2,3,0.34,2.1,0.9025,High,Send targeted discount / re-engagement email,1
CUST00844,2025-11-01,63,Female,North,Paid Ads,60,2.0,3.0,3.0,196.98,65.66,9.0,New Customers,Silver,0,19,0.51,5.0,0.0024,Low,Standard engagement / newsletter,0
CUST00845,2024-06-18,62,Other,Central,Social Media,561,18.7,82.0,8.0,581.04,72.63,9.0,At Risk,Gold,1,2,0.45,4.0,0.0188,Low,Standard engagement / newsletter,0
CUST00846,2024-07-11,38,Male,Central,Social Media,538,17.9,16.0,21.0,1507.42,71.78,14.0,Champions,Platinum,0,10,0.39,4.5,0.0007,Low,Upsell / referral program invite,0
CUST00847,2024-11-17,18,Male,West,Paid Ads,409,13.6,409.0,0.0,0.0,0.0,1.0,Hibernating,Bronze,2,0,0.29,3.3,0.9965,High,Send targeted discount / re-engagement email,1
CUST00848,2024-04-26,56,Other,West,Social Media,614,20.5,40.0,33.0,2466.67,74.75,13.0,Loyal Customers,Platinum,0,9,0.49,4.3,0.0004,Low,Standard engagement / newsletter,0
CUST00849,2024-05-26,32,Other,North,Email Campaign,584,19.5,40.0,18.0,985.34,54.74,13.0,Loyal Customers,Platinum,0,6,0.41,3.5,0.0094,Low,Standard engagement / newsletter,0
CUST00850,2025-12-19,45,Female,East,Organic Search,12,0.4,10.0,1.0,39.26,39.26,6.0,New Customers,Bronze,0,3,0.31,3.3,0.0026,Low,Standard engagement / newsletter,0
CUST00851,2025-11-02,18,Female,East,Organic Search,59,2.0,3.0,2.0,103.23,51.61,7.0,New Customers,Silver,0,6,0.29,3.2,0.0027,Low,Standard engagement / newsletter,0
CUST00852,2025-02-19,43,Other,South,Email Campaign,315,10.5,39.0,8.0,395.85,49.48,9.0,Loyal Customers,Gold,0,6,0.39,4.4,0.1184,Low,Standard engagement / newsletter,0
CUST00853,2025-03-11,43,Male,North,Social Media,295,9.8,15.0,13.0,937.83,72.14,13.0,Champions,Platinum,0,12,0.51,5.0,0.0006,Low,Upsell / referral program invite,0
CUST00854,2024-04-23,38,Female,North,Email Campaign,617,20.6,15.0,5.0,172.65,34.53,9.0,Others,Silver,1,0,0.39,4.4,0.2671,Low,Standard engagement / newsletter,0
CUST00855,2025-05-17,46,Male,North,Social Media,228,7.6,17.0,8.0,497.03,62.13,11.0,Loyal Customers,Gold,2,3,0.33,4.1,0.0053,Low,Standard engagement / newsletter,0
CUST00856,2024-04-23,22,Male,East,Social Media,617,20.6,157.0,7.0,297.91,42.56,7.0,At Risk,Gold,0,0,0.03,4.2,0.9006,High,Send targeted discount / re-engagement email,1
CUST00857,2025-06-24,34,Male,South,Social Media,190,6.3,190.0,0.0,0.0,0.0,1.0,Hibernating,Bronze,0,5,0.13,3.4,0.9869,High,Send targeted discount / re-engagement email,1
CUST00858,2024-09-06,37,Female,West,Social Media,481,16.0,11.0,18.0,1374.15,76.34,14.0,Champions,Platinum,1,11,0.56,4.4,0.0015,Low,Upsell / referral program invite,0
CUST00859,2024-06-09,22,Female,West,Organic Search,570,19.0,570.0,0.0,0.0,0.0,1.0,Hibernating,Bronze,1,0,0.08,4.1,0.9949,High,Send targeted discount / re-engagement email,1
CUST00860,2025-08-16,45,Other,Central,Paid Ads,137,4.6,50.0,2.0,120.64,60.32,5.0,Hibernating,Silver,0,6,0.58,4.5,0.0835,Low,Standard engagement / newsletter,0
CUST00861,2024-03-07,32,Other,East,Organic Search,664,22.1,42.0,13.0,524.1700000000001,40.32,11.0,Loyal Customers,Gold,1,5,0.29,3.3,0.236,Low,Standard engagement / newsletter,0
CUST00862,2025-04-08,37,Male,Central,Social Media,267,8.9,260.0,1.0,76.79,76.79,3.0,Hibernating,Bronze,0,1,0.48,3.9,0.9442,High,Send targeted discount / re-engagement email,1
CUST00863,2024-07-21,46,Other,South,Paid Ads,528,17.6,26.0,21.0,1864.44,88.78,13.0,Loyal Customers,Platinum,1,14,0.54,5.0,0.0023,Low,Standard engagement / newsletter,0
CUST00864,2025-12-28,35,Male,North,Referral,3,0.1,3.0,0.0,0.0,0.0,1.0,Hibernating,Bronze,1,3,0.65,3.7,0.0059,Low,Standard engagement / newsletter,0
CUST00865,2024-09-17,55,Female,Central,Social Media,470,15.7,12.0,10.0,485.56,48.56,12.0,Champions,Gold,0,3,0.05,4.9,0.1343,Low,Upsell / referral program invite,0
CUST00866,2025-10-27,30,Other,West,Paid Ads,65,2.2,65.0,0.0,0.0,0.0,1.0,Hibernating,Bronze,1,0,0.4,5.0,0.0118,Low,Standard engagement / newsletter,0
CUST00867,2024-09-06,29,Male,West,Referral,481,16.0,91.0,3.0,197.99,66.0,5.0,Hibernating,Silver,0,4,0.1,3.9,0.7432,High,Send targeted discount / re-engagement email,1
CUST00868,2024-09-08,47,Male,East,Paid Ads,479,16.0,81.0,11.0,526.62,47.87,10.0,At Risk,Gold,0,4,0.26,3.2,0.0644,Low,Standard engagement / newsletter,0
CUST00869,2024-06-17,38,Other,North,Organic Search,562,18.7,118.0,6.0,329.8,54.97,7.0,At Risk,Gold,0,2,0.06,3.3,0.5748,Medium,Monitor + include in nurture campaign,1
CUST00870,2024-01-28,26,Other,West,Email Campaign,703,23.4,36.0,20.0,1092.46,54.62,13.0,Loyal Customers,Platinum,0,6,0.43,5.0,0.0072,Low,Standard engagement / newsletter,0
CUST00871,2024-05-02,33,Male,South,Paid Ads,608,20.3,23.0,31.0,1951.61,62.96,14.0,Champions,Platinum,0,9,0.5,5.0,0.0016,Low,Upsell / referral program invite,0
CUST00872,2025-11-26,46,Male,North,Email Campaign,35,1.2,8.0,2.0,134.26,67.13,8.0,New Customers,Silver,0,7,0.44,3.8,0.0018,Low,Standard engagement / newsletter,0
CUST00873,2025-02-10,57,Male,West,Email Campaign,324,10.8,5.0,8.0,244.94,30.62,11.0,Loyal Customers,Silver,1,7,0.45,4.8,0.1346,Low,Standard engagement / newsletter,0
CUST00874,2024-09-04,39,Other,North,Paid Ads,483,16.1,37.0,15.0,511.95,34.13,12.0,Loyal Customers,Gold,0,5,0.47,4.0,0.0263,Low,Standard engagement / newsletter,0
CUST00875,2025-10-24,35,Other,North,Social Media,68,2.3,29.0,1.0,44.65,44.65,5.0,Promising,Bronze,0,0,0.3,2.5,0.0091,Low,Standard engagement / newsletter,0
CUST00876,2024-11-29,49,Female,South,Email Campaign,397,13.2,21.0,5.0,112.34,22.47,9.0,Others,Silver,0,2,0.45,4.2,0.4556,Medium,Monitor + include in nurture campaign,0
CUST00877,2024-05-23,22,Male,North,Paid Ads,587,19.6,70.0,6.0,327.29,54.55,8.0,At Risk,Gold,0,1,0.41,5.0,0.4918,Medium,Monitor + include in nurture campaign,0
CUST00878,2025-08-21,42,Other,East,Paid Ads,132,4.4,36.0,5.0,304.79,60.96,9.0,Loyal Customers,Gold,0,5,0.27,4.2,0.1103,Low,Standard engagement / newsletter,0
CUST00879,2024-02-19,18,Other,Central,Referral,681,22.7,19.0,14.0,769.34,54.95,12.0,Champions,Platinum,0,5,0.41,4.0,0.3844,Medium,Monitor + include in nurture campaign,0
CUST00880,2025-08-08,40,Other,Central,Referral,145,4.8,145.0,0.0,0.0,0.0,1.0,Hibernating,Bronze,0,0,0.38,3.1,0.9943,High,Send targeted discount / re-engagement email,1
CUST00881,2025-04-30,46,Male,East,Paid Ads,245,8.2,103.0,3.0,161.57,53.86,5.0,Hibernating,Silver,0,4,0.5,2.3,0.7265,High,Send targeted discount / re-engagement email,1
CUST00882,2025-09-05,52,Other,Central,Paid Ads,117,3.9,2.0,5.0,393.14,78.63,11.0,Loyal Customers,Gold,0,7,0.71,4.8,0.0014,Low,Standard engagement / newsletter,0
CUST00883,2024-07-16,31,Female,East,Referral,533,17.8,42.0,6.0,270.73,45.12,9.0,Loyal Customers,Gold,2,2,0.16,4.0,0.5336,Medium,Monitor + include in nurture campaign,0
CUST00884,2025-06-19,37,Male,Central,Email Campaign,195,6.5,11.0,12.0,911.09,75.92,13.0,Champions,Platinum,0,12,0.38,3.4,0.0017,Low,Upsell / referral program invite,0
CUST00885,2024-10-18,29,Other,South,Social Media,439,14.6,4.0,19.0,1420.62,74.77,15.0,Champions,Platinum,0,8,0.69,4.8,0.0009,Low,Upsell / referral program invite,0
CUST00886,2025-12-17,38,Other,West,Organic Search,14,0.5,14.0,0.0,0.0,0.0,1.0,Hibernating,Bronze,1,6,0.43,3.4,0.01,Low,Standard engagement / newsletter,0
CUST00887,2024-07-31,46,Female,West,Email Campaign,518,17.3,8.0,17.0,1109.72,65.28,15.0,Champions,Platinum,0,4,0.5,4.3,0.0036,Low,Upsell / referral program invite,0
CUST00888,2025-08-16,24,Female,West,Social Media,137,4.6,16.0,4.0,217.5,54.38,8.0,New Customers,Silver,1,2,0.39,4.2,0.045,Low,Standard engagement / newsletter,0
CUST00889,2024-07-31,52,Male,East,Social Media,518,17.3,53.0,10.0,340.64,34.06,9.0,At Risk,Gold,1,6,0.18,4.4,0.2914,Low,Standard engagement / newsletter,0
CUST00890,2024-05-07,26,Male,Central,Social Media,603,20.1,603.0,0.0,0.0,0.0,1.0,Hibernating,Bronze,4,0,0.23,3.5,0.9977,High,Send targeted discount / re-engagement email,1
CUST00891,2025-09-23,30,Male,South,Referral,99,3.3,30.0,2.0,46.7,23.35,5.0,Promising,Bronze,0,7,0.23,3.7,0.0056,Low,Standard engagement / newsletter,0
CUST00892,2025-04-07,55,Other,South,Social Media,268,8.9,109.0,2.0,97.6,48.8,3.0,Hibernating,Silver,1,1,0.25,3.3,0.4793,Medium,Monitor + include in nurture campaign,1
CUST00893,2025-01-16,28,Male,Central,Social Media,349,11.6,59.0,15.0,727.0,48.47,11.0,At Risk,Platinum,0,4,0.44,4.0,0.0445,Low,Standard engagement / newsletter,0
CUST00894,2025-02-12,44,Female,Central,Email Campaign,322,10.7,147.0,5.0,260.85,52.17,7.0,At Risk,Silver,0,0,0.41,3.2,0.7416,High,Send targeted discount / re-engagement email,1
CUST00895,2025-12-28,45,Male,West,Paid Ads,3,0.1,3.0,0.0,0.0,0.0,1.0,Hibernating,Bronze,0,3,0.37,4.7,0.0041,Low,Standard engagement / newsletter,0
CUST00896,2025-05-15,19,Female,South,Referral,230,7.7,30.0,3.0,135.35,45.12,7.0,Promising,Silver,1,6,0.54,3.2,0.5448,Medium,Monitor + include in nurture campaign,0
CUST00897,2024-03-12,61,Other,North,Social Media,659,22.0,17.0,11.0,569.56,51.78,12.0,Champions,Gold,0,2,0.51,4.4,0.1205,Low,Upsell / referral program invite,0
CUST00898,2025-10-15,75,Female,North,Email Campaign,77,2.6,16.0,6.0,395.49,65.92,10.0,Loyal Customers,Gold,0,7,0.42,3.1,0.0011,Low,Standard engagement / newsletter,0
CUST00899,2025-05-03,34,Other,South,Organic Search,242,8.1,242.0,0.0,0.0,0.0,1.0,Hibernating,Bronze,1,0,0.13,2.9,0.9935,High,Send targeted discount / re-engagement email,1
CUST00900,2025-05-01,59,Female,West,Email Campaign,244,8.1,60.0,1.0,64.08,64.08,4.0,Hibernating,Bronze,1,0,0.12,3.0,0.4403,Medium,Monitor + include in nurture campaign,0
CUST00901,2025-08-26,48,Other,North,Organic Search,127,4.2,82.0,2.0,105.69,52.84,4.0,Hibernating,Silver,0,1,0.18,3.5,0.1162,Low,Standard engagement / newsletter,0
CUST00902,2024-08-29,30,Male,Central,Email Campaign,489,16.3,4.0,16.0,548.76,34.3,14.0,Champions,Gold,1,4,0.27,4.5,0.1596,Low,Upsell / referral program invite,0
CUST00903,2025-11-15,43,Male,West,Paid Ads,46,1.5,1.0,2.0,114.56,57.28,8.0,New Customers,Silver,0,8,0.21,3.2,0.0009,Low,Standard engagement / newsletter,0
CUST00904,2025-01-28,47,Female,East,Organic Search,337,11.2,30.0,4.0,173.15,43.29,7.0,Promising,Silver,0,1,0.19,3.6,0.2836,Low,Standard engagement / newsletter,0
CUST00905,2025-12-01,24,Male,South,Organic Search,30,1.0,30.0,0.0,0.0,0.0,1.0,Hibernating,Bronze,0,5,0.5,3.2,0.0109,Low,Standard engagement / newsletter,0
CUST00906,2025-05-29,33,Other,West,Paid Ads,216,7.2,104.0,2.0,115.58,57.79,4.0,Hibernating,Silver,0,2,0.27,2.6,0.8332,High,Send targeted discount / re-engagement email,1
CUST00907,2024-01-18,19,Other,Central,Paid Ads,713,23.8,8.0,20.0,1101.3,55.06,15.0,Champions,Platinum,0,13,0.11,4.0,0.0054,Low,Upsell / referral program invite,0
CUST00908,2025-07-25,33,Female,South,Email Campaign,159,5.3,144.0,1.0,56.44,56.44,3.0,Hibernating,Bronze,1,0,0.18,2.8,0.9049,High,Send targeted discount / re-engagement email,1
CUST00909,2025-11-07,38,Female,East,Social Media,54,1.8,31.0,1.0,44.67,44.67,5.0,Promising,Bronze,1,4,0.35,4.0,0.0068,Low,Standard engagement / newsletter,0
CUST00910,2025-08-26,30,Female,Central,Referral,127,4.2,127.0,0.0,0.0,0.0,1.0,Hibernating,Bronze,1,2,0.28,3.4,0.9935,High,Send targeted discount / re-engagement email,1
CUST00911,2025-07-14,18,Female,East,Referral,170,5.7,5.0,10.0,788.26,78.83,13.0,Champions,Platinum,1,13,0.7,4.2,0.0011,Low,Upsell / referral program invite,0
CUST00912,2025-08-28,51,Other,West,Social Media,125,4.2,17.0,5.0,403.65,80.73,10.0,Loyal Customers,Gold,0,11,0.58,3.7,0.0005,Low,Standard engagement / newsletter,0
CUST00913,2024-08-04,46,Male,West,Referral,514,17.1,2.0,19.0,1410.93,74.26,15.0,Champions,Platinum,0,10,0.48,4.6,0.0004,Low,Upsell / referral program invite,0
CUST00914,2025-07-11,33,Male,East,Referral,173,5.8,4.0,3.0,140.95,46.98,9.0,New Customers,Silver,0,2,0.0,3.8,0.1241,Low,Standard engagement / newsletter,0
CUST00915,2025-03-13,52,Female,North,Email Campaign,293,9.8,107.0,3.0,125.47,41.82,5.0,Hibernating,Silver,0,4,0.41,4.9,0.8199,High,Send targeted discount / re-engagement email,1
CUST00916,2024-01-09,41,Male,South,Organic Search,722,24.1,110.0,2.0,39.870000000000005,19.94,3.0,Hibernating,Bronze,1,0,0.19,2.9,0.9721,High,Send targeted discount / re-engagement email,1
CUST00917,2024-02-06,18,Female,Central,Email Campaign,694,23.1,1.0,14.0,737.0500000000001,52.65,13.0,Champions,Platinum,1,2,0.27,2.3,0.4306,Medium,Monitor + include in nurture campaign,0
CUST00918,2024-09-04,42,Other,West,Referral,483,16.1,6.0,14.0,566.35,40.45,13.0,Champions,Gold,1,5,0.33,3.4,0.0242,Low,Upsell / referral program invite,0
CUST00919,2024-08-21,30,Male,South,Referral,497,16.6,201.0,4.0,181.59,45.4,5.0,Hibernating,Silver,0,0,0.0,4.4,0.7502,High,Send targeted discount / re-engagement email,1
CUST00920,2025-07-02,56,Male,West,Email Campaign,182,6.1,11.0,4.0,268.9,67.22,9.0,New Customers,Gold,0,11,0.7,4.8,0.0346,Low,Standard engagement / newsletter,0
CUST00921,2024-10-29,24,Male,West,Email Campaign,428,14.3,14.0,11.0,821.94,74.72,12.0,Champions,Platinum,0,6,0.21,5.0,0.0125,Low,Upsell / referral program invite,0
CUST00922,2024-09-18,52,Other,East,Referral,469,15.6,33.0,27.0,2443.32,90.49,13.0,Loyal Customers,Platinum,0,7,0.52,4.7,0.004,Low,Standard engagement / newsletter,0
CUST00923,2025-11-23,51,Female,West,Social Media,38,1.3,1.0,3.0,112.9,37.63,9.0,New Customers,Silver,0,2,0.23,3.9,0.0003,Low,Standard engagement / newsletter,0
CUST00924,2024-10-19,55,Male,East,Paid Ads,438,14.6,84.0,10.0,594.15,59.42,10.0,At Risk,Gold,0,6,0.66,4.4,0.034,Low,Standard engagement / newsletter,0
CUST00925,2024-03-11,26,Male,Central,Social Media,660,22.0,179.0,6.0,212.64,35.44,6.0,Lost,Silver,1,2,0.2,3.4,0.9201,High,Send targeted discount / re-engagement email,1
CUST00926,2025-11-17,26,Male,Central,Organic Search,44,1.5,44.0,0.0,0.0,0.0,1.0,Hibernating,Bronze,0,3,0.36,4.4,0.0078,Low,Standard engagement / newsletter,0
CUST00927,2024-12-29,35,Other,North,Organic Search,367,12.2,45.0,17.0,1149.72,67.63,12.0,At Risk,Platinum,0,6,0.41,3.9,0.0064,Low,Standard engagement / newsletter,0
CUST00928,2025-05-08,26,Other,North,Organic Search,237,7.9,214.0,1.0,26.82,26.82,3.0,Hibernating,Bronze,0,2,0.39,3.1,0.7912,High,Send targeted discount / re-engagement email,1
CUST00929,2024-08-30,20,Female,South,Paid Ads,488,16.3,1.0,14.0,777.15,55.51,13.0,Champions,Platinum,0,3,0.44,5.0,0.0229,Low,Upsell / referral program invite,0
CUST00930,2024-12-04,30,Male,South,Organic Search,392,13.1,27.0,8.0,556.88,69.61,10.0,Loyal Customers,Gold,0,3,0.17,4.1,0.0297,Low,Standard engagement / newsletter,0
CUST00931,2024-07-20,40,Male,Central,Social Media,529,17.6,18.0,16.0,1205.68,75.36,14.0,Champions,Platinum,0,3,0.36,4.4,0.0166,Low,Upsell / referral program invite,0
CUST00932,2024-02-23,38,Female,North,Email Campaign,677,22.6,17.0,6.0,249.31,41.55,10.0,Loyal Customers,Silver,1,3,0.24,4.3,0.6972,High,Priority win-back: personal outreach + loyalty offer,0
CUST00933,2025-10-27,31,Other,Central,Social Media,65,2.2,34.0,4.0,298.16,74.54,8.0,Others,Gold,0,16,0.53,4.3,0.0017,Low,Standard engagement / newsletter,0
CUST00934,2025-03-12,34,Other,West,Organic Search,294,9.8,171.0,1.0,67.52,67.52,3.0,Hibernating,Bronze,1,4,0.37,2.7,0.9315,High,Send targeted discount / re-engagement email,1
CUST00935,2024-07-06,47,Male,Central,Email Campaign,543,18.1,279.0,5.0,185.34,37.07,6.0,Lost,Silver,1,2,0.1,3.4,0.8343,High,Send targeted discount / re-engagement email,1
CUST00936,2025-03-03,24,Female,North,Organic Search,303,10.1,82.0,4.0,189.69,47.42,6.0,Hibernating,Silver,2,4,0.35,3.8,0.1596,Low,Standard engagement / newsletter,0
CUST00937,2024-07-08,50,Other,East,Email Campaign,541,18.0,41.0,9.0,529.31,58.81,11.0,Loyal Customers,Gold,0,5,0.24,3.9,0.063,Low,Standard engagement / newsletter,0
CUST00938,2025-12-24,41,Female,North,Email Campaign,7,0.2,7.0,0.0,0.0,0.0,1.0,Hibernating,Bronze,0,4,0.55,4.0,0.0074,Low,Standard engagement / newsletter,0
CUST00939,2025-10-23,44,Other,West,Paid Ads,69,2.3,21.0,3.0,167.18,55.73,8.0,New Customers,Silver,2,7,0.78,4.2,0.0005,Low,Standard engagement / newsletter,0
CUST00940,2025-02-15,42,Male,North,Email Campaign,319,10.6,21.0,7.0,449.98,64.28,11.0,Loyal Customers,Gold,0,4,0.19,5.0,0.0134,Low,Standard engagement / newsletter,0
CUST00941,2025-04-21,35,Male,South,Paid Ads,254,8.5,197.0,1.0,26.75,26.75,3.0,Hibernating,Bronze,2,3,0.31,4.4,0.82,High,Send targeted discount / re-engagement email,1
CUST00942,2024-06-26,37,Other,Central,Referral,553,18.4,5.0,7.0,344.29,49.18,11.0,Loyal Customers,Gold,0,1,0.13,3.3,0.4239,Medium,Monitor + include in nurture campaign,0
CUST00943,2025-11-01,51,Female,East,Social Media,60,2.0,3.0,2.0,86.33,43.16,7.0,New Customers,Silver,0,12,0.37,4.5,0.0019,Low,Standard engagement / newsletter,0
CUST00944,2025-04-15,33,Male,East,Social Media,260,8.7,10.0,7.0,407.13,58.16,10.0,Loyal Customers,Gold,0,6,0.3,3.9,0.0331,Low,Standard engagement / newsletter,0
CUST00945,2025-12-24,37,Female,Central,Paid Ads,7,0.2,7.0,0.0,0.0,0.0,1.0,Hibernating,Bronze,1,4,0.46,4.6,0.0146,Low,Standard engagement / newsletter,0
CUST00946,2025-06-07,35,Other,South,Referral,207,6.9,50.0,13.0,956.95,73.61,11.0,At Risk,Platinum,0,13,0.58,4.3,0.0028,Low,Standard engagement / newsletter,0
CUST00947,2024-10-30,32,Other,North,Organic Search,427,14.2,40.0,1.0,43.34,43.34,5.0,Promising,Bronze,1,0,0.02,3.5,0.7143,High,Send targeted discount / re-engagement email,0
CUST00948,2024-01-07,18,Male,West,Social Media,724,24.1,128.0,9.0,324.15,36.02,8.0,At Risk,Gold,0,2,0.33,3.3,0.3139,Low,Standard engagement / newsletter,1
CUST00949,2025-03-05,22,Female,Central,Social Media,301,10.0,114.0,2.0,78.02,39.01,3.0,Hibernating,Bronze,0,6,0.3,3.3,0.8647,High,Send targeted discount / re-engagement email,1
CUST00950,2024-03-04,46,Male,North,Paid Ads,667,22.2,32.0,10.0,486.08,48.61,11.0,Loyal Customers,Gold,0,4,0.53,3.3,0.1456,Low,Standard engagement / newsletter,0
CUST00951,2025-09-06,28,Male,West,Social Media,116,3.9,4.0,5.0,257.18,51.44,11.0,Loyal Customers,Silver,0,6,0.37,3.6,0.0718,Low,Standard engagement / newsletter,0
CUST00952,2024-06-22,29,Other,East,Email Campaign,557,18.6,3.0,14.0,764.96,54.64,13.0,Champions,Platinum,0,8,0.44,4.4,0.1526,Low,Upsell / referral program invite,0
CUST00953,2024-11-17,46,Male,Central,Organic Search,409,13.6,12.0,19.0,1395.05,73.42,14.0,Champions,Platinum,0,8,0.61,5.0,0.0002,Low,Upsell / referral program invite,0
CUST00954,2024-02-26,55,Male,South,Email Campaign,674,22.5,3.0,11.0,458.47,41.68,13.0,Champions,Gold,2,1,0.09,3.4,0.4871,Medium,Monitor + include in nurture campaign,0
CUST00955,2025-11-11,43,Female,East,Organic Search,50,1.7,42.0,1.0,52.8,52.8,5.0,Promising,Bronze,0,4,0.14,3.0,0.0034,Low,Standard engagement / newsletter,0
CUST00956,2025-11-28,43,Male,East,Email Campaign,33,1.1,14.0,1.0,31.78,31.78,6.0,New Customers,Bronze,1,6,0.3,4.4,0.0025,Low,Standard engagement / newsletter,0
CUST00957,2025-03-07,48,Other,North,Paid Ads,299,10.0,27.0,6.0,431.22,71.87,10.0,Loyal Customers,Gold,2,8,0.15,3.8,0.0132,Low,Standard engagement / newsletter,0
CUST00958,2024-02-17,48,Female,North,Paid Ads,683,22.8,133.0,5.0,243.39,48.68,6.0,Lost,Silver,2,1,0.19,2.5,0.91,High,Send targeted discount / re-engagement email,1
CUST00959,2025-10-06,50,Other,South,Social Media,86,2.9,1.0,2.0,69.99,34.99,7.0,New Customers,Bronze,0,7,0.22,4.2,0.0004,Low,Standard engagement / newsletter,0
CUST00960,2024-09-14,66,Male,East,Paid Ads,473,15.8,28.0,12.0,916.0,76.33,12.0,Loyal Customers,Platinum,4,7,0.27,2.9,0.0172,Low,Standard engagement / newsletter,0
CUST00961,2025-04-11,35,Other,South,Email Campaign,264,8.8,54.0,1.0,27.03,27.03,4.0,Hibernating,Bronze,0,0,0.1,3.2,0.7721,High,Send targeted discount / re-engagement email,0
CUST00962,2024-06-22,55,Female,Central,Referral,557,18.6,3.0,8.0,293.44,36.68,11.0,Loyal Customers,Gold,0,4,0.27,3.3,0.238,Low,Standard engagement / newsletter,0
CUST00963,2024-10-26,61,Female,South,Organic Search,431,14.4,185.0,3.0,161.35000000000002,53.78,5.0,Hibernating,Silver,0,2,0.41,4.4,0.8516,High,Send targeted discount / re-engagement email,1
CUST00964,2025-12-27,28,Other,East,Organic Search,4,0.1,4.0,0.0,0.0,0.0,1.0,Hibernating,Bronze,0,4,0.33,2.9,0.0038,Low,Standard engagement / newsletter,0
CUST00965,2024-07-23,33,Male,West,Paid Ads,526,17.5,453.0,1.0,17.1,17.1,3.0,Hibernating,Bronze,1,0,0.2,4.1,0.9968,High,Send targeted discount / re-engagement email,1
CUST00966,2024-12-17,37,Male,East,Email Campaign,379,12.6,95.0,8.0,421.01,52.63,8.0,At Risk,Gold,0,5,0.52,4.7,0.7498,High,Send targeted discount / re-engagement email,1
CUST00967,2024-12-09,32,Other,Central,Social Media,387,12.9,86.0,23.0,2077.08,90.31,11.0,At Risk,Platinum,0,13,0.59,4.6,0.0065,Low,Standard engagement / newsletter,0
CUST00968,2024-07-01,55,Female,North,Referral,548,18.3,127.0,2.0,79.54,39.77,3.0,Hibernating,Silver,0,4,0.59,5.0,0.9727,High,Send targeted discount / re-engagement email,1
CUST00969,2024-04-22,47,Female,West,Paid Ads,618,20.6,2.0,25.0,1664.87,66.59,15.0,Champions,Platinum,0,10,0.45,4.3,0.0008,Low,Upsell / referral program invite,0
CUST00970,2025-04-24,42,Female,Central,Social Media,251,8.4,64.0,1.0,20.23,20.23,4.0,Hibernating,Bronze,2,1,0.14,3.7,0.3452,Medium,Monitor + include in nurture campaign,0
CUST00971,2024-07-21,24,Female,South,Email Campaign,528,17.6,5.0,26.0,1561.99,60.08,15.0,Champions,Platinum,0,10,0.54,4.5,0.0033,Low,Upsell / referral program invite,0
CUST00972,2025-01-09,28,Other,West,Organic Search,356,11.9,195.0,1.0,76.86,76.86,3.0,Hibernating,Bronze,0,1,0.2,2.6,0.951,High,Send targeted discount / re-engagement email,1
CUST00973,2024-09-04,43,Other,East,Paid Ads,483,16.1,153.0,5.0,180.57,36.11,6.0,Lost,Silver,0,1,0.41,5.0,0.8429,High,Send targeted discount / re-engagement email,1
CUST00974,2025-10-01,44,Other,North,Organic Search,91,3.0,19.0,5.0,373.65,74.73,10.0,Loyal Customers,Gold,0,5,0.28,4.1,0.0004,Low,Standard engagement / newsletter,0
CUST00975,2025-12-11,39,Female,South,Social Media,20,0.7,20.0,1.0,11.5,11.5,6.0,New Customers,Bronze,1,2,0.29,5.0,0.0059,Low,Standard engagement / newsletter,0
CUST00976,2025-11-09,18,Other,South,Social Media,52,1.7,9.0,2.0,119.18,59.59,8.0,New Customers,Silver,0,1,0.57,3.7,0.0009,Low,Standard engagement / newsletter,0
CUST00977,2024-10-01,40,Female,East,Organic Search,456,15.2,25.0,22.0,1332.8,60.58,13.0,Loyal Customers,Platinum,0,14,0.57,4.3,0.0011,Low,Standard engagement / newsletter,0
CUST00978,2025-08-24,73,Male,North,Referral,129,4.3,63.0,4.0,125.61,31.4,6.0,Hibernating,Silver,1,9,0.61,4.2,0.0154,Low,Standard engagement / newsletter,0
CUST00979,2025-08-09,43,Female,East,Referral,144,4.8,144.0,0.0,0.0,0.0,1.0,Hibernating,Bronze,0,1,0.36,4.1,0.9748,High,Send targeted discount / re-engagement email,1
CUST00980,2025-03-03,45,Male,South,Organic Search,303,10.1,76.0,8.0,470.58,58.82,9.0,At Risk,Gold,1,2,0.27,5.0,0.0168,Low,Standard engagement / newsletter,0
CUST00981,2025-04-16,44,Male,West,Social Media,259,8.6,8.0,15.0,1017.1,67.81,15.0,Champions,Platinum,1,9,0.57,4.2,0.0004,Low,Upsell / referral program invite,0
CUST00982,2024-03-23,26,Other,Central,Email Campaign,648,21.6,69.0,12.0,730.87,60.91,10.0,At Risk,Platinum,1,9,0.6,4.9,0.2621,Low,Standard engagement / newsletter,0
CUST00983,2024-01-02,49,Female,North,Organic Search,729,24.3,1.0,28.0,1848.49,66.02,15.0,Champions,Platinum,0,10,0.26,2.6,0.0013,Low,Upsell / referral program invite,0
CUST00984,2024-04-22,49,Male,East,Email Campaign,618,20.6,87.0,10.0,384.82,38.48,8.0,At Risk,Gold,0,1,0.39,3.0,0.2496,Low,Standard engagement / newsletter,0
CUST00985,2024-01-14,29,Male,Central,Email Campaign,717,23.9,52.0,28.0,2024.08,72.29,12.0,At Risk,Platinum,1,13,0.6,3.7,0.0014,Low,Standard engagement / newsletter,0
CUST00986,2024-06-04,22,Female,West,Organic Search,575,19.2,8.0,33.0,2435.19,73.79,15.0,Champions,Platinum,0,5,0.53,4.7,0.0045,Low,Upsell / referral program invite,0
CUST00987,2025-03-01,21,Female,West,Social Media,305,10.2,22.0,2.0,112.78,56.39,7.0,New Customers,Silver,0,2,0.42,5.0,0.2302,Low,Standard engagement / newsletter,0
CUST00988,2025-11-02,31,Male,Central,Paid Ads,59,2.0,59.0,0.0,0.0,0.0,1.0,Hibernating,Bronze,0,9,0.51,3.8,0.0063,Low,Standard engagement / newsletter,0
CUST00989,2025-01-24,18,Other,Central,Paid Ads,341,11.4,4.0,5.0,209.46,41.89,10.0,Others,Silver,0,2,0.17,4.4,0.8176,High,Send targeted discount / re-engagement email,0
CUST00990,2025-05-02,18,Other,West,Paid Ads,243,8.1,9.0,4.0,188.7,47.18,9.0,New Customers,Silver,2,3,0.2,4.9,0.1521,Low,Standard engagement / newsletter,0
CUST00991,2024-04-30,18,Male,East,Referral,610,20.3,45.0,8.0,505.37,63.17,9.0,At Risk,Gold,1,2,0.42,4.1,0.2071,Low,Standard engagement / newsletter,0
CUST00992,2025-03-17,38,Female,West,Paid Ads,289,9.6,109.0,1.0,102.2,102.2,3.0,Hibernating,Silver,0,0,0.26,2.5,0.958,High,Send targeted discount / re-engagement email,1
CUST00993,2024-03-21,26,Male,South,Social Media,650,21.7,46.0,10.0,401.93,40.19,9.0,At Risk,Gold,0,2,0.33,3.5,0.203,Low,Standard engagement / newsletter,0
CUST00994,2024-04-09,41,Female,West,Referral,631,21.0,16.0,11.0,485.39,44.13,12.0,Champions,Gold,0,5,0.49,4.0,0.0971,Low,Upsell / referral program invite,0
CUST00995,2024-05-24,48,Female,North,Referral,586,19.5,31.0,7.0,316.44,45.21,9.0,Loyal Customers,Gold,1,2,0.22,3.4,0.3618,Medium,Monitor + include in nurture campaign,0
CUST00996,2024-12-21,35,Female,South,Social Media,375,12.5,94.0,6.0,229.1,38.18,6.0,Lost,Silver,1,11,0.36,4.0,0.7974,High,Send targeted discount / re-engagement email,1
CUST00997,2024-01-13,69,Other,Central,Paid Ads,718,23.9,47.0,19.0,1218.58,64.14,12.0,At Risk,Platinum,0,4,0.24,3.8,0.0039,Low,Standard engagement / newsletter,0
CUST00998,2025-04-27,24,Female,North,Paid Ads,248,8.3,24.0,2.0,116.67,58.34,6.0,Promising,Silver,1,1,0.04,3.5,0.4405,Medium,Monitor + include in nurture campaign,0
CUST00999,2024-01-07,41,Female,North,Social Media,724,24.1,37.0,18.0,948.74,52.71,13.0,Loyal Customers,Platinum,0,7,0.36,2.8,0.0111,Low,Standard engagement / newsletter,0
CUST01000,2025-07-28,59,Female,Central,Social Media,156,5.2,135.0,1.0,59.42,59.42,3.0,Hibernating,Bronze,0,0,0.42,3.9,0.8336,High,Send targeted discount / re-engagement email,1
CUST01001,2024-12-05,51,Female,West,Referral,391,13.0,217.0,1.0,41.85,41.85,3.0,Hibernating,Bronze,1,0,0.22,3.8,0.8386,High,Send targeted discount / re-engagement email,1
CUST01002,2024-05-08,30,Female,Central,Paid Ads,602,20.1,3.0,18.0,872.09,48.45,15.0,Champions,Platinum,1,7,0.38,4.7,0.1227,Low,Upsell / referral program invite,0
CUST01003,2025-09-09,28,Female,East,Email Campaign,113,3.8,113.0,0.0,0.0,0.0,1.0,Hibernating,Bronze,0,0,0.11,2.9,0.9782,High,Send targeted discount / re-engagement email,1
CUST01004,2025-07-16,37,Other,South,Social Media,168,5.6,46.0,5.0,230.69,46.14,7.0,Others,Silver,1,3,0.24,4.1,0.0959,Low,Standard engagement / newsletter,0
CUST01005,2024-05-22,48,Female,South,Social Media,588,19.6,424.0,1.0,42.61,42.61,3.0,Hibernating,Bronze,0,0,0.4,2.7,0.9785,High,Send targeted discount / re-engagement email,1
CUST01006,2025-12-27,18,Female,East,Social Media,4,0.1,4.0,0.0,0.0,0.0,1.0,Hibernating,Bronze,3,6,0.36,4.7,0.0058,Low,Standard engagement / newsletter,0
CUST01007,2024-02-21,52,Other,South,Referral,679,22.6,8.0,7.0,290.81,41.54,11.0,Loyal Customers,Gold,0,5,0.44,3.3,0.3767,Medium,Monitor + include in nurture campaign,0
CUST01008,2025-11-29,32,Female,East,Social Media,32,1.1,32.0,0.0,0.0,0.0,1.0,Hibernating,Bronze,0,3,0.57,2.9,0.0064,Low,Standard engagement / newsletter,0
CUST01009,2024-08-12,30,Female,North,Email Campaign,506,16.9,12.0,9.0,321.13,35.68,11.0,Loyal Customers,Gold,1,3,0.09,1.6,0.145,Low,Standard engagement / newsletter,0
CUST01010,2024-02-18,23,Male,Central,Email Campaign,682,22.7,41.0,17.0,908.36,53.43,13.0,Loyal Customers,Platinum,2,5,0.21,4.3,0.7521,High,Priority win-back: personal outreach + loyalty offer,0
CUST01011,2024-11-20,48,Male,Central,Organic Search,406,13.5,126.0,6.0,331.76,55.29,7.0,At Risk,Gold,1,10,0.53,3.3,0.3204,Low,Standard engagement / newsletter,1
CUST01012,2024-01-06,53,Other,West,Paid Ads,725,24.2,15.0,7.0,333.55,47.65,10.0,Loyal Customers,Gold,0,3,0.55,4.8,0.1771,Low,Standard engagement / newsletter,0
CUST01013,2025-04-08,35,Female,East,Organic Search,267,8.9,18.0,7.0,473.83,67.69,11.0,Loyal Customers,Gold,1,6,0.52,3.9,0.0199,Low,Standard engagement / newsletter,0
CUST01014,2025-06-24,37,Female,West,Paid Ads,190,6.3,190.0,0.0,0.0,0.0,1.0,Hibernating,Bronze,2,0,0.12,2.9,0.996,High,Send targeted discount / re-engagement email,1
CUST01015,2024-02-16,43,Other,East,Paid Ads,684,22.8,92.0,7.0,238.71,34.1,6.0,Lost,Silver,1,4,0.0,3.1,0.8751,High,Send targeted discount / re-engagement email,1
CUST01016,2025-06-10,55,Female,South,Social Media,204,6.8,2.0,2.0,82.45,41.22,7.0,New Customers,Silver,1,3,0.26,4.1,0.165,Low,Standard engagement / newsletter,0
CUST01017,2024-12-28,42,Female,North,Social Media,368,12.3,251.0,1.0,16.6,16.6,3.0,Hibernating,Bronze,0,1,0.01,4.0,0.9956,High,Send targeted discount / re-engagement email,1
CUST01018,2025-06-03,27,Other,West,Email Campaign,211,7.0,7.0,6.0,161.35,26.89,10.0,Others,Silver,2,1,0.33,3.9,0.0384,Low,Standard engagement / newsletter,0
CUST01019,2024-05-16,41,Female,Central,Email Campaign,594,19.8,3.0,23.0,1582.16,68.79,15.0,Champions,Platinum,0,4,0.39,5.0,0.0031,Low,Upsell / referral program invite,0
CUST01020,2025-06-15,43,Other,West,Email Campaign,199,6.6,44.0,1.0,49.96,49.96,4.0,Hibernating,Bronze,0,0,0.07,3.8,0.3101,Low,Standard engagement / newsletter,0
CUST01021,2025-04-02,40,Male,East,Email Campaign,273,9.1,39.0,7.0,300.33,42.9,9.0,Loyal Customers,Gold,0,1,0.47,3.7,0.0376,Low,Standard engagement / newsletter,0
CUST01022,2024-04-19,49,Other,North,Organic Search,621,20.7,47.0,9.0,367.19,40.8,9.0,At Risk,Gold,1,1,0.3,3.7,0.2031,Low,Standard engagement / newsletter,0
CUST01023,2025-05-16,27,Male,East,Paid Ads,229,7.6,95.0,6.0,366.37,61.06,7.0,At Risk,Gold,1,7,0.45,3.6,0.7047,High,Send targeted discount / re-engagement email,1
CUST01024,2024-06-18,30,Other,Central,Organic Search,561,18.7,12.0,9.0,527.12,58.57,12.0,Champions,Gold,0,1,0.46,4.8,0.1544,Low,Upsell / referral program invite,0
CUST01025,2024-10-24,38,Other,West,Referral,433,14.4,32.0,12.0,731.61,60.97,11.0,Loyal Customers,Platinum,0,11,0.24,3.8,0.0354,Low,Standard engagement / newsletter,0
CUST01026,2024-02-23,48,Female,North,Organic Search,677,22.6,121.0,17.0,905.57,53.27,11.0,At Risk,Platinum,0,3,0.35,3.8,0.7084,High,Send targeted discount / re-engagement email,1
CUST01027,2024-09-24,44,Male,East,Paid Ads,463,15.4,15.0,6.0,326.45,54.41,10.0,Loyal Customers,Gold,1,5,0.46,3.8,0.5126,Medium,Monitor + include in nurture campaign,0
CUST01028,2024-07-09,50,Other,Central,Email Campaign,540,18.0,32.0,6.0,406.42,67.74,9.0,Loyal Customers,Gold,0,2,0.41,3.6,0.1537,Low,Standard engagement / newsletter,0
CUST01029,2024-07-03,40,Other,Central,Paid Ads,546,18.2,196.0,5.0,246.14,49.23,7.0,At Risk,Silver,0,3,0.43,3.8,0.7457,High,Send targeted discount / re-engagement email,1
CUST01030,2024-07-07,44,Female,East,Social Media,542,18.1,78.0,17.0,1192.53,70.15,12.0,At Risk,Platinum,3,7,0.51,4.1,0.0013,Low,Standard engagement / newsletter,0
CUST01031,2025-05-01,43,Female,Central,Email Campaign,244,8.1,24.0,8.0,670.97,83.87,10.0,Loyal Customers,Platinum,1,4,0.4,4.6,0.0495,Low,Standard engagement / newsletter,0
CUST01032,2025-04-08,21,Male,East,Organic Search,267,8.9,102.0,9.0,550.34,61.15,9.0,At Risk,Gold,0,5,0.22,4.0,0.0545,Low,Standard engagement / newsletter,1
CUST01033,2025-06-28,29,Female,North,Referral,186,6.2,186.0,0.0,0.0,0.0,1.0,Hibernating,Bronze,0,0,0.26,3.3,0.9953,High,Send targeted discount / re-engagement email,1
CUST01034,2025-05-04,44,Female,North,Organic Search,241,8.0,9.0,7.0,346.81,49.54,11.0,Loyal Customers,Gold,0,11,0.49,3.5,0.0259,Low,Standard engagement / newsletter,0
CUST01035,2024-10-29,42,Other,South,Referral,428,14.3,48.0,8.0,520.6899999999999,65.09,9.0,At Risk,Gold,0,3,0.32,3.6,0.0152,Low,Standard engagement / newsletter,0
CUST01036,2025-04-11,19,Female,East,Social Media,264,8.8,18.0,12.0,867.99,72.33,13.0,Champions,Platinum,0,16,0.84,4.0,0.0016,Low,Upsell / referral program invite,0
CUST01037,2025-09-20,34,Male,Central,Social Media,102,3.4,38.0,4.0,225.28,56.32,7.0,Promising,Silver,1,5,0.44,4.2,0.0474,Low,Standard engagement / newsletter,0
CUST01038,2025-11-28,46,Female,West,Organic Search,33,1.1,33.0,0.0,0.0,0.0,1.0,Hibernating,Bronze,0,0,0.15,1.7,0.008,Low,Standard engagement / newsletter,0
CUST01039,2025-08-14,43,Female,West,Referral,139,4.6,139.0,0.0,0.0,0.0,1.0,Hibernating,Bronze,0,0,0.02,4.0,0.9773,High,Send targeted discount / re-engagement email,1
CUST01040,2024-03-07,19,Male,East,Organic Search,664,22.1,50.0,34.0,2630.5,77.37,12.0,At Risk,Platinum,1,8,0.44,4.4,0.0043,Low,Standard engagement / newsletter,0
CUST01041,2025-12-11,47,Other,North,Organic Search,20,0.7,20.0,0.0,0.0,0.0,1.0,Hibernating,Bronze,1,7,0.34,3.4,0.0046,Low,Standard engagement / newsletter,0
CUST01042,2025-11-29,45,Female,North,Paid Ads,32,1.1,32.0,0.0,0.0,0.0,1.0,Hibernating,Bronze,0,1,0.31,4.0,0.0037,Low,Standard engagement / newsletter,0
CUST01043,2024-01-29,25,Other,South,Email Campaign,702,23.4,2.0,17.0,847.24,49.84,15.0,Champions,Platinum,0,7,0.05,3.4,0.391,Medium,Monitor + include in nurture campaign,0
CUST01044,2024-09-09,35,Male,Central,Paid Ads,478,15.9,1.0,15.0,985.13,65.68,15.0,Champions,Platinum,0,8,0.41,4.8,0.0062,Low,Upsell / referral program invite,0
CUST01045,2025-01-31,50,Female,Central,Social Media,334,11.1,21.0,6.0,305.72,50.95,10.0,Loyal Customers,Gold,1,7,0.57,2.7,0.2554,Low,Standard engagement / newsletter,0
CUST01046,2024-01-11,22,Female,South,Social Media,720,24.0,76.0,14.0,927.38,66.24,11.0,At Risk,Platinum,0,4,0.27,5.0,0.0315,Low,Standard engagement / newsletter,0
CUST01047,2025-03-12,42,Other,South,Paid Ads,294,9.8,62.0,3.0,94.68,31.56,5.0,Hibernating,Silver,0,1,0.36,4.2,0.276,Low,Standard engagement / newsletter,0
CUST01048,2025-03-13,51,Other,West,Social Media,293,9.8,122.0,2.0,61.43,30.72,3.0,Hibernating,Bronze,2,2,0.21,3.1,0.5333,Medium,Monitor + include in nurture campaign,1
CUST01049,2025-02-14,39,Male,Central,Paid Ads,320,10.7,279.0,1.0,33.36,33.36,3.0,Hibernating,Bronze,0,0,0.49,3.1,0.9806,High,Send targeted discount / re-engagement email,1
CUST01050,2024-11-05,38,Female,Central,Social Media,421,14.0,98.0,3.0,181.32,60.44,5.0,Hibernating,Silver,0,2,0.25,4.0,0.8434,High,Send targeted discount / re-engagement email,1
CUST01051,2024-09-29,43,Female,North,Paid Ads,458,15.3,28.0,5.0,199.87,39.97,8.0,Needs Attention,Silver,0,1,0.27,4.2,0.3057,Low,Standard engagement / newsletter,0
CUST01052,2025-10-12,21,Male,East,Organic Search,80,2.7,80.0,0.0,0.0,0.0,1.0,Hibernating,Bronze,3,0,0.21,3.2,0.0138,Low,Standard engagement / newsletter,0
CUST01053,2025-01-04,45,Other,North,Email Campaign,361,12.0,12.0,10.0,480.84,48.08,12.0,Champions,Gold,0,3,0.28,4.9,0.0331,Low,Upsell / referral program invite,0
CUST01054,2024-02-07,48,Male,East,Referral,693,23.1,33.0,6.0,341.67999999999995,56.95,9.0,Loyal Customers,Gold,0,2,0.53,4.6,0.3606,Medium,Monitor + include in nurture campaign,0
CUST01055,2025-04-17,25,Male,West,Organic Search,258,8.6,53.0,7.0,394.71,56.39,8.0,At Risk,Gold,0,3,0.32,4.1,0.0232,Low,Standard engagement / newsletter,0
CUST01056,2025-12-21,55,Female,West,Email Campaign,10,0.3,10.0,0.0,0.0,0.0,1.0,Hibernating,Bronze,1,4,0.48,5.0,0.0113,Low,Standard engagement / newsletter,0
CUST01057,2025-04-28,50,Other,East,Email Campaign,247,8.2,247.0,0.0,0.0,0.0,1.0,Hibernating,Bronze,1,0,0.5,3.6,0.9951,High,Send targeted discount / re-engagement email,1
CUST01058,2024-04-19,54,Female,Central,Social Media,621,20.7,141.0,15.0,899.46,59.96,11.0,At Risk,Platinum,0,4,0.23,3.5,0.8064,High,Send targeted discount / re-engagement email,1
CUST01059,2025-02-23,44,Other,North,Referral,311,10.4,19.0,7.0,299.66,42.81,10.0,Loyal Customers,Gold,2,1,0.27,4.3,0.1193,Low,Standard engagement / newsletter,0
CUST01060,2025-04-12,27,Female,West,Email Campaign,263,8.8,25.0,12.0,591.05,49.25,11.0,Loyal Customers,Gold,0,5,0.19,3.4,0.0401,Low,Standard engagement / newsletter,0
CUST01061,2024-04-28,56,Male,East,Email Campaign,612,20.4,153.0,2.0,134.57,67.28,4.0,Hibernating,Silver,1,0,0.02,3.6,0.9502,High,Send targeted discount / re-engagement email,1
CUST01062,2025-07-15,48,Other,North,Paid Ads,169,5.6,98.0,1.0,49.54,49.54,3.0,Hibernating,Bronze,0,0,0.36,2.5,0.8861,High,Send targeted discount / re-engagement email,1
CUST01063,2025-11-29,18,Female,North,Paid Ads,32,1.1,32.0,0.0,0.0,0.0,1.0,Hibernating,Bronze,0,3,0.48,3.7,0.0064,Low,Standard engagement / newsletter,0
CUST01064,2025-02-04,34,Female,North,Paid Ads,330,11.0,4.0,24.0,1713.75,71.41,15.0,Champions,Platinum,0,10,0.43,5.0,0.0004,Low,Upsell / referral program invite,0
CUST01065,2025-10-06,59,Female,South,Email Campaign,86,2.9,85.0,1.0,29.17,29.17,4.0,Hibernating,Bronze,0,3,0.18,3.1,0.0016,Low,Standard engagement / newsletter,0
CUST01066,2024-02-06,56,Female,West,Email Campaign,694,23.1,30.0,14.0,799.57,57.11,11.0,Loyal Customers,Platinum,0,5,0.26,4.7,0.232,Low,Standard engagement / newsletter,0
CUST01067,2024-10-23,40,Male,Central,Social Media,434,14.5,22.0,22.0,1615.01,73.41,14.0,Champions,Platinum,0,11,0.63,4.5,0.0004,Low,Upsell / referral program invite,0
CUST01068,2025-09-10,28,Female,South,Social Media,112,3.7,112.0,0.0,0.0,0.0,1.0,Hibernating,Bronze,1,0,0.07,3.9,0.9792,High,Send targeted discount / re-engagement email,1
CUST01069,2024-05-27,45,Other,Central,Paid Ads,583,19.4,42.0,8.0,259.76,32.47,9.0,Loyal Customers,Silver,0,3,0.37,3.1,0.3539,Medium,Monitor + include in nurture campaign,0
CUST01070,2025-07-15,28,Other,South,Social Media,169,5.6,27.0,6.0,313.65,52.28,9.0,Loyal Customers,Gold,1,5,0.07,3.8,0.1332,Low,Standard engagement / newsletter,0
CUST01071,2025-12-29,41,Female,South,Paid Ads,2,0.1,2.0,0.0,0.0,0.0,1.0,Hibernating,Bronze,0,5,0.63,4.9,0.0072,Low,Standard engagement / newsletter,0
CUST01072,2025-12-03,47,Female,West,Email Campaign,28,0.9,28.0,0.0,0.0,0.0,1.0,Hibernating,Bronze,0,4,0.52,3.0,0.0074,Low,Standard engagement / newsletter,0
CUST01073,2024-02-13,31,Male,East,Organic Search,687,22.9,50.0,1.0,98.93,98.93,4.0,Hibernating,Silver,2,0,0.33,3.7,0.5925,Medium,Monitor + include in nurture campaign,0
CUST01074,2025-11-12,35,Female,South,Paid Ads,49,1.6,49.0,0.0,0.0,0.0,1.0,Hibernating,Bronze,0,3,0.41,3.9,0.0052,Low,Standard engagement / newsletter,0
CUST01075,2025-10-18,35,Female,Central,Email Campaign,74,2.5,74.0,0.0,0.0,0.0,1.0,Hibernating,Bronze,1,0,0.03,3.1,0.0106,Low,Standard engagement / newsletter,0
CUST01076,2024-05-27,29,Other,West,Social Media,583,19.4,50.0,16.0,1028.95,64.31,12.0,At Risk,Platinum,0,7,0.54,4.2,0.0348,Low,Standard engagement / newsletter,0
CUST01077,2024-11-24,32,Other,West,Social Media,402,13.4,118.0,9.0,364.73,40.53,8.0,At Risk,Gold,1,5,0.13,4.8,0.7793,High,Send targeted discount / re-engagement email,1
CUST01078,2024-04-13,34,Other,West,Social Media,627,20.9,9.0,33.0,1874.53,56.8,15.0,Champions,Platinum,0,10,0.59,4.3,0.0055,Low,Upsell / referral program invite,0
CUST01079,2025-11-16,37,Male,North,Email Campaign,45,1.5,24.0,3.0,183.77,61.26,7.0,Promising,Silver,0,1,0.34,3.2,0.0013,Low,Standard engagement / newsletter,0
CUST01080,2025-07-12,43,Male,South,Referral,172,5.7,65.0,2.0,84.12,42.06,4.0,Hibernating,Silver,1,2,0.21,3.1,0.2952,Low,Standard engagement / newsletter,0
CUST01081,2024-07-28,32,Male,East,Paid Ads,521,17.4,36.0,16.0,959.86,59.99,13.0,Loyal Customers,Platinum,0,10,0.39,3.8,0.0072,Low,Standard engagement / newsletter,0
CUST01082,2024-09-05,33,Other,East,Paid Ads,482,16.1,182.0,10.0,447.14,44.71,9.0,At Risk,Gold,1,4,0.49,4.0,0.6978,High,Send targeted discount / re-engagement email,1
CUST01083,2024-02-13,45,Female,Central,Social Media,687,22.9,73.0,7.0,263.12,37.59,8.0,At Risk,Gold,1,3,0.03,2.8,0.7775,High,Send targeted discount / re-engagement email,0
CUST01084,2024-08-27,31,Other,Central,Organic Search,491,16.4,7.0,10.0,687.66,68.77,13.0,Champions,Platinum,1,4,0.4,5.0,0.1042,Low,Upsell / referral program invite,0
CUST01085,2024-04-18,37,Other,North,Referral,622,20.7,61.0,2.0,85.94999999999999,42.97,4.0,Hibernating,Silver,0,0,0.12,3.7,0.2135,Low,Standard engagement / newsletter,0
CUST01086,2025-01-29,27,Other,East,Email Campaign,336,11.2,75.0,10.0,513.3,51.33,10.0,At Risk,Gold,0,9,0.49,4.7,0.1243,Low,Standard engagement / newsletter,0
CUST01087,2024-04-06,40,Male,West,Email Campaign,634,21.1,239.0,1.0,54.62,54.62,3.0,Hibernating,Bronze,1,0,0.1,2.8,0.9616,High,Send targeted discount / re-engagement email,1
CUST01088,2025-03-12,70,Male,West,Organic Search,294,9.8,32.0,22.0,1396.16,63.46,13.0,Loyal Customers,Platinum,0,10,0.67,4.4,0.001,Low,Standard engagement / newsletter,0
CUST01089,2024-12-07,37,Other,South,Referral,389,13.0,19.0,9.0,737.8299999999999,81.98,12.0,Champions,Platinum,0,6,0.3,4.0,0.0263,Low,Upsell / referral program invite,0
CUST01090,2025-07-29,28,Male,West,Referral,155,5.2,27.0,2.0,246.66000000000005,123.33,7.0,Others,Silver,0,7,0.27,3.5,0.1862,Low,Standard engagement / newsletter,0
CUST01091,2024-10-20,58,Female,North,Social Media,437,14.6,1.0,26.0,1603.21,61.66,15.0,Champions,Platinum,0,8,0.31,4.4,0.0037,Low,Upsell / referral program invite,0
CUST01092,2025-04-12,34,Male,South,Paid Ads,263,8.8,75.0,6.0,268.15,44.69,8.0,At Risk,Gold,0,3,0.1,3.7,0.0905,Low,Standard engagement / newsletter,0
CUST01093,2025-08-26,42,Other,Central,Referral,127,4.2,98.0,1.0,33.78,33.78,3.0,Hibernating,Bronze,2,0,0.36,2.4,0.9122,High,Send targeted discount / re-engagement email,1
CUST01094,2025-11-23,18,Other,Central,Social Media,38,1.3,38.0,0.0,0.0,0.0,1.0,Hibernating,Bronze,1,0,0.0,3.7,0.0084,Low,Standard engagement / newsletter,0
CUST01095,2024-09-17,37,Male,Central,Paid Ads,470,15.7,93.0,3.0,67.43,22.48,4.0,Hibernating,Bronze,0,0,0.16,3.3,0.8975,High,Send targeted discount / re-engagement email,1
CUST01096,2024-12-10,21,Male,South,Organic Search,386,12.9,52.0,10.0,442.27,44.23,10.0,At Risk,Gold,1,2,0.28,3.2,0.1388,Low,Standard engagement / newsletter,0
CUST01097,2025-08-09,49,Other,East,Email Campaign,144,4.8,14.0,3.0,161.2,53.73,8.0,New Customers,Silver,0,4,0.44,3.4,0.1199,Low,Standard engagement / newsletter,0
CUST01098,2024-08-17,33,Female,Central,Email Campaign,501,16.7,23.0,13.0,653.62,50.28,12.0,Champions,Platinum,0,3,0.51,4.6,0.1153,Low,Upsell / referral program invite,0
CUST01099,2025-06-17,35,Male,East,Referral,197,6.6,13.0,5.0,236.97,47.39,9.0,Others,Silver,0,8,0.25,4.3,0.0688,Low,Standard engagement / newsletter,0
CUST01100,2025-12-20,34,Female,Central,Referral,11,0.4,11.0,0.0,0.0,0.0,1.0,Hibernating,Bronze,0,8,0.32,4.2,0.0026,Low,Standard engagement / newsletter,0
CUST01101,2025-02-09,64,Other,North,Paid Ads,325,10.8,112.0,9.0,354.55,39.39,8.0,At Risk,Gold,1,4,0.3,4.3,0.092,Low,Standard engagement / newsletter,1
CUST01102,2025-01-21,36,Female,North,Referral,344,11.5,194.0,5.0,218.69,43.74,6.0,Lost,Silver,0,7,0.42,2.6,0.8786,High,Send targeted discount / re-engagement email,1
CUST01103,2025-04-08,40,Other,South,Paid Ads,267,8.9,38.0,7.0,361.09,51.58,9.0,Loyal Customers,Gold,0,10,0.36,5.0,0.057,Low,Standard engagement / newsletter,0
CUST01104,2024-07-14,24,Male,South,Referral,535,17.8,100.0,10.0,380.78,38.08,8.0,At Risk,Gold,0,8,0.13,4.4,0.4043,Medium,Monitor + include in nurture campaign,1
CUST01105,2024-05-07,31,Male,West,Social Media,603,20.1,10.0,17.0,845.66,49.74,14.0,Champions,Platinum,0,8,0.42,3.7,0.147,Low,Upsell / referral program invite,0
CUST01106,2025-11-09,48,Male,Central,Referral,52,1.7,52.0,0.0,0.0,0.0,1.0,Hibernating,Bronze,1,0,0.33,4.0,0.0057,Low,Standard engagement / newsletter,0
CUST01107,2024-04-10,52,Other,West,Social Media,630,21.0,7.0,9.0,288.45,32.05,12.0,Loyal Customers,Gold,1,2,0.56,3.9,0.0679,Low,Standard engagement / newsletter,0
CUST01108,2024-03-01,31,Female,North,Organic Search,670,22.3,41.0,15.0,730.18,48.68,12.0,Loyal Customers,Platinum,1,2,0.31,3.5,0.3018,Low,Standard engagement / newsletter,0
CUST01109,2025-08-14,31,Female,Central,Referral,139,4.6,9.0,1.0,24.43,24.43,7.0,New Customers,Bronze,0,1,0.29,3.7,0.1932,Low,Standard engagement / newsletter,0
CUST01110,2024-06-03,43,Other,East,Social Media,576,19.2,30.0,7.0,271.69,38.81,9.0,Loyal Customers,Gold,0,0,0.16,4.7,0.2777,Low,Standard engagement / newsletter,0
CUST01111,2025-09-03,27,Female,East,Email Campaign,119,4.0,16.0,3.0,290.64,96.88,9.0,New Customers,Gold,0,9,0.25,5.0,0.0115,Low,Standard engagement / newsletter,0
CUST01112,2025-09-01,27,Male,North,Social Media,121,4.0,2.0,5.0,264.25,52.85,11.0,Loyal Customers,Gold,0,12,0.44,3.6,0.0924,Low,Standard engagement / newsletter,0
CUST01113,2025-03-15,30,Other,East,Organic Search,291,9.7,291.0,0.0,0.0,0.0,1.0,Hibernating,Bronze,0,1,0.32,3.9,0.9826,High,Send targeted discount / re-engagement email,1
CUST01114,2024-09-02,43,Other,West,Paid Ads,485,16.2,58.0,14.0,708.22,50.59,10.0,At Risk,Platinum,0,7,0.41,4.5,0.0308,Low,Standard engagement / newsletter,0
CUST01115,2024-12-06,26,Female,South,Social Media,390,13.0,29.0,19.0,1328.71,69.93,13.0,Loyal Customers,Platinum,0,6,0.48,4.7,0.0018,Low,Standard engagement / newsletter,0
CUST01116,2025-09-27,29,Female,East,Referral,95,3.2,17.0,4.0,401.36,100.34,9.0,New Customers,Gold,0,4,0.36,4.7,0.0245,Low,Standard engagement / newsletter,0
CUST01117,2024-11-22,30,Female,Central,Email Campaign,404,13.5,6.0,7.0,412.84,58.98,11.0,Loyal Customers,Gold,1,2,0.6,3.6,0.0465,Low,Standard engagement / newsletter,0
CUST01118,2024-10-27,43,Male,Central,Social Media,430,14.3,7.0,8.0,401.77,50.22,11.0,Loyal Customers,Gold,1,1,0.29,4.9,0.1904,Low,Standard engagement / newsletter,0
CUST01119,2025-11-30,31,Female,North,Organic Search,31,1.0,31.0,0.0,0.0,0.0,1.0,Hibernating,Bronze,0,0,0.55,4.7,0.007,Low,Standard engagement / newsletter,0
CUST01120,2024-04-29,54,Male,West,Organic Search,611,20.4,62.0,4.0,141.02,35.26,6.0,Hibernating,Silver,1,0,0.25,4.5,0.4088,Medium,Monitor + include in nurture campaign,0
CUST01121,2024-05-23,39,Male,South,Social Media,587,19.6,54.0,21.0,1401.37,66.73,12.0,At Risk,Platinum,1,12,0.53,5.0,0.0013,Low,Standard engagement / newsletter,0
CUST01122,2025-09-29,18,Female,North,Social Media,93,3.1,34.0,2.0,61.63,30.82,5.0,Promising,Bronze,1,2,0.15,4.6,0.007,Low,Standard engagement / newsletter,0
CUST01123,2024-12-16,18,Male,South,Referral,380,12.7,6.0,7.0,317.24,45.32,11.0,Loyal Customers,Gold,0,0,0.31,3.1,0.1267,Low,Standard engagement / newsletter,0
CUST01124,2024-04-22,58,Male,East,Organic Search,618,20.6,616.0,1.0,37.54,37.54,3.0,Hibernating,Bronze,0,0,0.1,2.4,0.9714,High,Send targeted discount / re-engagement email,1
CUST01125,2024-11-10,31,Other,East,Referral,416,13.9,32.0,23.0,1941.81,84.43,13.0,Loyal Customers,Platinum,0,9,0.67,4.2,0.0054,Low,Standard engagement / newsletter,0
CUST01126,2024-07-15,41,Male,East,Paid Ads,534,17.8,312.0,5.0,126.16,25.23,6.0,Lost,Silver,1,8,0.46,5.0,0.9057,High,Send targeted discount / re-engagement email,1
CUST01127,2024-09-22,32,Male,West,Referral,465,15.5,29.0,17.0,1212.23,71.31,13.0,Loyal Customers,Platinum,0,13,0.4,4.2,0.0029,Low,Standard engagement / newsletter,0
CUST01128,2024-03-28,53,Other,South,Social Media,643,21.4,227.0,6.0,208.84,34.81,6.0,Lost,Silver,1,3,0.15,4.3,0.8589,High,Send targeted discount / re-engagement email,1
CUST01129,2024-06-14,46,Other,North,Organic Search,565,18.8,137.0,2.0,105.57,52.78,3.0,Hibernating,Silver,2,1,0.37,4.3,0.8973,High,Send targeted discount / re-engagement email,1
CUST01130,2024-09-28,60,Male,South,Social Media,459,15.3,158.0,2.0,88.25,44.12,3.0,Hibernating,Silver,0,0,0.42,4.0,0.9502,High,Send targeted discount / re-engagement email,1
CUST01131,2024-01-14,39,Male,South,Email Campaign,717,23.9,8.0,33.0,2573.89,78.0,15.0,Champions,Platinum,2,6,0.64,4.2,0.0023,Low,Upsell / referral program invite,0
CUST01132,2024-06-13,53,Male,Central,Social Media,566,18.9,103.0,4.0,168.57999999999998,42.14,5.0,Hibernating,Silver,1,4,0.46,4.1,0.6543,Medium,Monitor + include in nurture campaign,1
CUST01133,2024-01-22,39,Male,North,Referral,709,23.6,93.0,15.0,776.89,51.79,10.0,At Risk,Platinum,0,5,0.32,4.4,0.776,High,Send targeted discount / re-engagement email,1
CUST01134,2025-12-15,41,Male,West,Paid Ads,16,0.5,9.0,1.0,63.31,63.31,7.0,New Customers,Bronze,0,9,0.18,4.7,0.001,Low,Standard engagement / newsletter,0
CUST01135,2025-04-19,48,Female,North,Paid Ads,256,8.5,13.0,2.0,77.6,38.8,6.0,New Customers,Bronze,1,1,0.29,4.6,0.3269,Low,Standard engagement / newsletter,0
CUST01136,2025-11-08,32,Female,North,Organic Search,53,1.8,53.0,0.0,0.0,0.0,1.0,Hibernating,Bronze,1,6,0.35,3.6,0.007,Low,Standard engagement / newsletter,0
CUST01137,2024-07-13,48,Male,East,Referral,536,17.9,85.0,8.0,417.37,52.17,8.0,At Risk,Gold,1,2,0.37,2.2,0.2479,Low,Standard engagement / newsletter,0
CUST01138,2025-12-12,55,Female,South,Social Media,19,0.6,2.0,1.0,35.58,35.58,7.0,New Customers,Bronze,0,4,0.44,4.0,0.0022,Low,Standard engagement / newsletter,0
CUST01139,2024-02-25,18,Male,South,Organic Search,675,22.5,76.0,12.0,704.37,58.7,10.0,At Risk,Platinum,2,7,0.29,4.9,0.1591,Low,Standard engagement / newsletter,0
CUST01140,2025-08-07,33,Other,Central,Organic Search,146,4.9,89.0,2.0,156.01,78.0,4.0,Hibernating,Silver,0,3,0.39,4.5,0.7429,High,Send targeted discount / re-engagement email,0
CUST01141,2025-12-20,45,Other,South,Social Media,11,0.4,11.0,0.0,0.0,0.0,1.0,Hibernating,Bronze,0,2,0.55,4.5,0.0045,Low,Standard engagement / newsletter,0
CUST01142,2024-03-05,35,Female,South,Paid Ads,666,22.2,49.0,33.0,2119.53,64.23,12.0,At Risk,Platinum,0,17,0.61,4.6,0.0039,Low,Standard engagement / newsletter,0
CUST01143,2025-02-20,39,Female,Central,Social Media,314,10.5,19.0,22.0,1585.04,72.05,14.0,Champions,Platinum,1,9,0.4,4.6,0.0007,Low,Upsell / referral program invite,0
CUST01144,2024-11-25,18,Male,North,Organic Search,401,13.4,2.0,11.0,677.22,61.57,13.0,Champions,Platinum,0,8,0.81,3.8,0.0111,Low,Upsell / referral program invite,0
CUST01145,2025-06-09,43,Male,North,Email Campaign,205,6.8,24.0,3.0,162.5,54.17,7.0,Promising,Silver,0,2,0.02,3.9,0.0673,Low,Standard engagement / newsletter,0
CUST01146,2025-07-26,56,Other,West,Referral,158,5.3,158.0,0.0,0.0,0.0,1.0,Hibernating,Bronze,1,0,0.3,2.6,0.9943,High,Send targeted discount / re-engagement email,1
CUST01147,2024-02-08,26,Female,East,Paid Ads,692,23.1,10.0,11.0,530.28,48.21,12.0,Champions,Gold,1,3,0.45,4.6,0.4299,Medium,Monitor + include in nurture campaign,0
CUST01148,2025-09-11,58,Male,East,Organic Search,111,3.7,2.0,3.0,255.04,85.01,10.0,New Customers,Silver,0,8,0.43,3.6,0.0299,Low,Standard engagement / newsletter,0
CUST01149,2025-09-28,51,Male,Central,Email Campaign,94,3.1,94.0,0.0,0.0,0.0,1.0,Hibernating,Bronze,4,0,0.17,3.2,0.9874,High,Send targeted discount / re-engagement email,1
CUST01150,2024-05-13,24,Other,Central,Referral,597,19.9,121.0,15.0,889.59,59.31,11.0,At Risk,Platinum,1,3,0.48,4.5,0.8522,High,Send targeted discount / re-engagement email,1
CUST01151,2024-08-27,52,Other,North,Referral,491,16.4,3.0,14.0,738.48,52.75,13.0,Champions,Platinum,0,3,0.49,2.2,0.0145,Low,Upsell / referral program invite,0
CUST01152,2025-05-29,34,Male,Central,Email Campaign,216,7.2,12.0,8.0,601.6800000000001,75.21,11.0,Loyal Customers,Platinum,0,9,0.69,4.5,0.0039,Low,Standard engagement / newsletter,0
CUST01153,2024-07-20,18,Other,South,Social Media,529,17.6,384.0,1.0,26.87,26.87,3.0,Hibernating,Bronze,1,4,0.2,3.1,0.9816,High,Send targeted discount / re-engagement email,1
CUST01154,2024-10-30,37,Female,North,Paid Ads,427,14.2,386.0,1.0,37.65,37.65,3.0,Hibernating,Bronze,2,1,0.39,4.1,0.9508,High,Send targeted discount / re-engagement email,1
CUST01155,2024-03-22,48,Female,West,Organic Search,649,21.6,31.0,26.0,1977.86,76.07,13.0,Loyal Customers,Platinum,0,6,0.51,2.6,0.0008,Low,Standard engagement / newsletter,0
CUST01156,2025-05-28,39,Male,West,Email Campaign,217,7.2,22.0,7.0,375.54,53.65,10.0,Loyal Customers,Gold,0,7,0.31,5.0,0.0505,Low,Standard engagement / newsletter,0
CUST01157,2025-10-14,41,Male,Central,Organic Search,78,2.6,78.0,0.0,0.0,0.0,1.0,Hibernating,Bronze,0,0,0.16,3.5,0.0186,Low,Standard engagement / newsletter,0
CUST01158,2025-09-20,53,Female,East,Paid Ads,102,3.4,29.0,1.0,27.5,27.5,5.0,Promising,Bronze,0,4,0.33,2.9,0.1063,Low,Standard engagement / newsletter,0
CUST01159,2024-08-16,36,Female,Central,Social Media,502,16.7,11.0,8.0,444.51,55.56,11.0,Loyal Customers,Gold,0,12,0.7,2.9,0.0455,Low,Standard engagement / newsletter,0
CUST01160,2024-11-20,39,Female,Central,Paid Ads,406,13.5,57.0,6.0,282.88,47.15,8.0,At Risk,Gold,0,2,0.28,2.6,0.4123,Medium,Monitor + include in nurture campaign,0
CUST01161,2025-11-17,56,Female,North,Organic Search,44,1.5,44.0,0.0,0.0,0.0,1.0,Hibernating,Bronze,1,9,0.53,5.0,0.0082,Low,Standard engagement / newsletter,0
CUST01162,2025-04-06,45,Other,North,Organic Search,269,9.0,22.0,7.0,595.29,85.04,11.0,Loyal Customers,Platinum,1,7,0.5,4.0,0.0516,Low,Standard engagement / newsletter,0
CUST01163,2024-03-13,41,Female,South,Organic Search,658,21.9,27.0,10.0,424.69,42.47,11.0,Loyal Customers,Gold,0,0,0.41,3.1,0.2867,Low,Standard engagement / newsletter,0
CUST01164,2025-10-18,23,Male,West,Email Campaign,74,2.5,32.0,3.0,175.36,58.45,7.0,Promising,Silver,1,3,0.44,3.4,0.0035,Low,Standard engagement / newsletter,0
CUST01165,2025-11-19,18,Female,Central,Social Media,42,1.4,42.0,0.0,0.0,0.0,1.0,Hibernating,Bronze,0,0,0.06,2.8,0.0116,Low,Standard engagement / newsletter,0
CUST01166,2024-02-06,27,Female,West,Organic Search,694,23.1,15.0,39.0,2925.56,75.01,14.0,Champions,Platinum,1,15,0.55,4.7,0.0036,Low,Upsell / referral program invite,0
CUST01167,2024-11-16,44,Other,Central,Email Campaign,410,13.7,131.0,5.0,251.8,50.36,7.0,At Risk,Silver,2,7,0.35,3.5,0.8502,High,Send targeted discount / re-engagement email,1
CUST01168,2025-02-08,21,Other,South,Referral,326,10.9,36.0,8.0,580.15,72.52,10.0,Loyal Customers,Gold,0,3,0.28,4.0,0.0236,Low,Standard engagement / newsletter,0
CUST01169,2025-07-30,36,Male,East,Organic Search,154,5.1,146.0,1.0,47.0,47.0,3.0,Hibernating,Bronze,0,5,0.47,3.6,0.9533,High,Send targeted discount / re-engagement email,1
CUST01170,2024-09-10,53,Other,South,Paid Ads,477,15.9,21.0,13.0,595.0,45.77,12.0,Champions,Gold,0,3,0.19,4.2,0.3078,Low,Upsell / referral program invite,0
CUST01171,2024-08-17,19,Other,East,Social Media,501,16.7,501.0,0.0,0.0,0.0,1.0,Hibernating,Bronze,0,0,0.0,3.0,0.9981,High,Send targeted discount / re-engagement email,1
CUST01172,2024-06-03,18,Other,North,Referral,576,19.2,54.0,5.0,245.53,49.11,8.0,At Risk,Silver,1,0,0.41,3.5,0.4901,Medium,Monitor + include in nurture campaign,0
CUST01173,2025-07-19,33,Other,West,Paid Ads,165,5.5,26.0,1.0,140.8,140.8,6.0,Promising,Silver,0,7,0.17,4.1,0.2592,Low,Standard engagement / newsletter,0
CUST01174,2024-07-31,51,Male,South,Organic Search,518,17.3,38.0,13.0,909.66,69.97,12.0,Loyal Customers,Platinum,1,5,0.45,3.4,0.0363,Low,Standard engagement / newsletter,0
CUST01175,2025-12-24,40,Female,North,Social Media,7,0.2,3.0,1.0,97.91,97.91,7.0,New Customers,Silver,0,6,0.5,3.3,0.004,Low,Standard engagement / newsletter,0
CUST01176,2024-01-23,43,Other,Central,Organic Search,708,23.6,31.0,6.0,176.91,29.48,8.0,Needs Attention,Silver,0,2,0.38,3.3,0.443,Medium,Monitor + include in nurture campaign,0
CUST01177,2024-10-12,43,Female,South,Organic Search,445,14.8,15.0,11.0,496.7,45.15,12.0,Champions,Gold,0,7,0.41,3.4,0.0307,Low,Upsell / referral program invite,0
CUST01178,2025-11-27,26,Male,South,Organic Search,34,1.1,6.0,1.0,17.79,17.79,7.0,New Customers,Bronze,1,5,0.32,4.2,0.0045,Low,Standard engagement / newsletter,0
CUST01179,2024-02-17,26,Male,West,Referral,683,22.8,4.0,10.0,560.1,56.01,13.0,Champions,Gold,1,3,0.22,2.9,0.3562,Medium,Monitor + include in nurture campaign,0
CUST01180,2025-10-18,35,Other,Central,Referral,74,2.5,74.0,0.0,0.0,0.0,1.0,Hibernating,Bronze,1,2,0.29,3.7,0.0035,Low,Standard engagement / newsletter,0
CUST01181,2024-02-23,46,Male,East,Paid Ads,677,22.6,106.0,8.0,339.26,42.41,7.0,At Risk,Gold,1,2,0.16,3.3,0.8531,High,Send targeted discount / re-engagement email,1
CUST01182,2025-08-06,18,Other,East,Organic Search,147,4.9,73.0,4.0,245.24,61.31,7.0,Others,Silver,0,4,0.54,3.8,0.0635,Low,Standard engagement / newsletter,0
CUST01183,2025-03-04,21,Male,East,Social Media,302,10.1,302.0,0.0,0.0,0.0,1.0,Hibernating,Bronze,0,0,0.22,4.4,0.9951,High,Send targeted discount / re-engagement email,1
CUST01184,2024-09-05,29,Female,Central,Organic Search,482,16.1,24.0,19.0,1538.4,80.97,13.0,Loyal Customers,Platinum,0,11,0.68,5.0,0.0005,Low,Standard engagement / newsletter,0
CUST01185,2025-04-18,31,Female,Central,Organic Search,257,8.6,17.0,5.0,191.32,38.26,9.0,Others,Silver,1,4,0.29,4.8,0.1077,Low,Standard engagement / newsletter,0
CUST01186,2024-05-07,40,Female,West,Email Campaign,603,20.1,69.0,11.0,426.03,38.73,10.0,At Risk,Gold,1,6,0.48,3.9,0.0604,Low,Standard engagement / newsletter,0
CUST01187,2025-08-02,36,Female,North,Social Media,151,5.0,6.0,15.0,1088.67,72.58,15.0,Champions,Platinum,0,8,0.62,4.2,0.0008,Low,Upsell / referral program invite,0
CUST01188,2025-09-07,31,Other,South,Referral,115,3.8,4.0,9.0,687.19,76.35,13.0,Champions,Platinum,0,6,0.44,4.6,0.0088,Low,Upsell / referral program invite,0
CUST01189,2024-06-10,59,Male,East,Organic Search,569,19.0,64.0,13.0,692.71,53.29,10.0,At Risk,Platinum,1,2,0.2,4.1,0.1557,Low,Standard engagement / newsletter,0
CUST01190,2025-12-17,38,Other,North,Paid Ads,14,0.5,3.0,2.0,62.010000000000005,31.01,7.0,New Customers,Bronze,0,4,0.24,3.6,0.0015,Low,Standard engagement / newsletter,0
CUST01191,2025-10-16,40,Other,Central,Organic Search,76,2.5,76.0,0.0,0.0,0.0,1.0,Hibernating,Bronze,1,0,0.22,3.8,0.0095,Low,Standard engagement / newsletter,0
CUST01192,2024-10-09,46,Male,North,Paid Ads,448,14.9,64.0,9.0,387.64,43.07,9.0,At Risk,Gold,0,2,0.26,2.5,0.0491,Low,Standard engagement / newsletter,0
CUST01193,2025-01-06,29,Male,West,Referral,359,12.0,359.0,0.0,0.0,0.0,1.0,Hibernating,Bronze,1,1,0.74,4.2,0.9961,High,Send targeted discount / re-engagement email,1
CUST01194,2025-07-31,59,Female,South,Paid Ads,153,5.1,8.0,3.0,104.82,34.94,8.0,New Customers,Silver,0,1,0.51,3.5,0.0844,Low,Standard engagement / newsletter,0
CUST01195,2025-08-06,52,Male,Central,Social Media,147,4.9,80.0,2.0,194.34,97.17,5.0,Hibernating,Silver,0,8,0.61,5.0,0.036,Low,Standard engagement / newsletter,0
CUST01196,2024-09-22,39,Male,East,Paid Ads,465,15.5,138.0,3.0,170.98,56.99,5.0,Hibernating,Silver,2,2,0.32,3.9,0.7446,High,Send targeted discount / re-engagement email,1
CUST01197,2024-06-24,37,Female,East,Referral,555,18.5,555.0,0.0,0.0,0.0,1.0,Hibernating,Bronze,2,0,0.14,2.0,0.9967,High,Send targeted discount / re-engagement email,1
CUST01198,2024-08-03,52,Male,Central,Referral,515,17.2,1.0,9.0,360.74,40.08,12.0,Loyal Customers,Gold,1,1,0.16,4.0,0.4,Medium,Monitor + include in nurture campaign,0
CUST01199,2024-08-15,36,Male,Central,Organic Search,503,16.8,176.0,5.0,205.33,41.07,6.0,Lost,Silver,0,4,0.33,3.8,0.7455,High,Send targeted discount / re-engagement email,1
CUST01200,2024-08-30,43,Male,South,Email Campaign,488,16.3,47.0,5.0,180.02,36.0,7.0,Others,Silver,1,5,0.13,3.1,0.4533,Medium,Monitor + include in nurture campaign,0
CUST01201,2025-07-17,36,Male,West,Organic Search,167,5.6,85.0,1.0,49.56,49.56,4.0,Hibernating,Bronze,0,3,0.39,2.8,0.851,High,Send targeted discount / re-engagement email,0
CUST01202,2024-07-05,44,Female,East,Referral,544,18.1,2.0,7.0,258.88,36.98,11.0,Loyal Customers,Silver,0,2,0.15,4.0,0.1973,Low,Standard engagement / newsletter,0
CUST01203,2025-12-29,57,Female,North,Email Campaign,2,0.1,2.0,0.0,0.0,0.0,1.0,Hibernating,Bronze,0,3,0.22,3.9,0.0071,Low,Standard engagement / newsletter,0
CUST01204,2024-03-25,50,Female,North,Referral,646,21.5,169.0,6.0,235.17,39.2,6.0,Lost,Silver,1,0,0.34,3.8,0.8558,High,Send targeted discount / re-engagement email,1
CUST01205,2025-12-20,22,Male,East,Email Campaign,11,0.4,3.0,2.0,174.94,87.47,8.0,New Customers,Silver,2,3,0.03,3.2,0.0081,Low,Standard engagement / newsletter,0
CUST01206,2025-01-17,44,Female,Central,Paid Ads,348,11.6,34.0,5.0,324.07,64.81,9.0,Loyal Customers,Gold,0,9,0.36,3.3,0.2765,Low,Standard engagement / newsletter,0
CUST01207,2024-04-22,34,Female,East,Email Campaign,618,20.6,88.0,9.0,532.08,59.12,9.0,At Risk,Gold,0,5,0.48,5.0,0.1843,Low,Standard engagement / newsletter,0
CUST01208,2025-09-20,23,Female,South,Email Campaign,102,3.4,102.0,0.0,0.0,0.0,1.0,Hibernating,Bronze,0,4,0.44,3.6,0.9614,High,Send targeted discount / re-engagement email,1
CUST01209,2024-10-02,50,Male,South,Organic Search,455,15.2,37.0,20.0,1205.26,60.26,13.0,Loyal Customers,Platinum,0,10,0.6,4.3,0.0005,Low,Standard engagement / newsletter,0
CUST01210,2024-06-12,57,Female,North,Paid Ads,567,18.9,18.0,38.0,3213.15,84.56,14.0,Champions,Platinum,0,11,0.27,5.0,0.0104,Low,Upsell / referral program invite,0
CUST01211,2025-08-07,43,Other,East,Organic Search,146,4.9,45.0,5.0,402.44000000000005,80.49,8.0,At Risk,Gold,0,6,0.52,4.3,0.0113,Low,Standard engagement / newsletter,0
CUST01212,2024-10-20,33,Female,North,Social Media,437,14.6,437.0,0.0,0.0,0.0,1.0,Hibernating,Bronze,0,0,0.24,3.6,0.9976,High,Send targeted discount / re-engagement email,1
CUST01213,2024-01-28,18,Other,East,Organic Search,703,23.4,1.0,40.0,2946.92,73.67,15.0,Champions,Platinum,0,11,0.43,5.0,0.0016,Low,Upsell / referral program invite,0
CUST01214,2025-02-12,53,Male,Central,Paid Ads,322,10.7,42.0,18.0,1127.65,62.65,13.0,Loyal Customers,Platinum,0,6,0.44,4.5,0.0022,Low,Standard engagement / newsletter,0
CUST01215,2025-07-05,36,Female,West,Organic Search,179,6.0,4.0,9.0,677.62,75.29,13.0,Champions,Platinum,0,14,0.46,2.8,0.0025,Low,Upsell / referral program invite,0
CUST01216,2024-10-05,37,Male,East,Organic Search,452,15.1,12.0,7.0,320.48,45.78,10.0,Loyal Customers,Gold,1,3,0.25,3.0,0.4224,Medium,Monitor + include in nurture campaign,0
CUST01217,2025-11-28,49,Male,South,Email Campaign,33,1.1,23.0,1.0,106.27,106.27,6.0,New Customers,Silver,0,6,0.36,3.8,0.0008,Low,Standard engagement / newsletter,0
CUST01218,2025-09-24,25,Female,East,Social Media,98,3.3,37.0,2.0,88.67,44.34,5.0,Promising,Silver,1,11,0.53,3.7,0.0417,Low,Standard engagement / newsletter,0
CUST01219,2025-01-19,36,Other,North,Email Campaign,346,11.5,8.0,8.0,367.19,45.9,11.0,Loyal Customers,Gold,0,11,0.29,3.7,0.111,Low,Standard engagement / newsletter,0
CUST01220,2025-07-17,30,Male,Central,Paid Ads,167,5.6,167.0,0.0,0.0,0.0,1.0,Hibernating,Bronze,0,0,0.23,3.1,0.9956,High,Send targeted discount / re-engagement email,1
CUST01221,2024-06-07,36,Other,West,Organic Search,572,19.1,20.0,11.0,554.13,50.38,12.0,Champions,Gold,0,2,0.51,3.1,0.0635,Low,Upsell / referral program invite,0
CUST01222,2025-09-01,27,Other,Central,Organic Search,121,4.0,121.0,1.0,50.12,50.12,3.0,Hibernating,Bronze,0,12,0.5,4.9,0.2179,Low,Standard engagement / newsletter,1
CUST01223,2024-05-27,18,Female,South,Paid Ads,583,19.4,22.0,24.0,1340.84,55.87,14.0,Champions,Platinum,0,13,0.61,4.7,0.0028,Low,Upsell / referral program invite,0
CUST01224,2024-10-03,33,Female,East,Referral,454,15.1,8.0,11.0,603.4,54.85,13.0,Champions,Platinum,0,6,0.55,3.6,0.053,Low,Upsell / referral program invite,0
CUST01225,2024-04-22,53,Female,East,Referral,618,20.6,108.0,6.0,330.0,55.0,7.0,At Risk,Gold,0,2,0.3,3.8,0.8035,High,Send targeted discount / re-engagement email,1
CUST01226,2024-04-17,41,Female,East,Paid Ads,623,20.8,50.0,10.0,444.57,44.46,10.0,At Risk,Gold,0,1,0.33,3.0,0.2167,Low,Standard engagement / newsletter,0
CUST01227,2024-07-06,24,Male,South,Paid Ads,543,18.1,69.0,27.0,1869.92,69.26,12.0,At Risk,Platinum,0,8,0.59,5.0,0.0011,Low,Standard engagement / newsletter,0
CUST01228,2024-02-09,18,Other,North,Paid Ads,691,23.0,69.0,8.0,358.42,44.8,8.0,At Risk,Gold,0,2,0.43,4.2,0.775,High,Send targeted discount / re-engagement email,0
CUST01229,2024-10-01,26,Male,South,Social Media,456,15.2,1.0,23.0,1941.74,84.42,15.0,Champions,Platinum,0,10,0.53,4.4,0.01,Low,Upsell / referral program invite,0
CUST01230,2024-06-30,45,Female,East,Social Media,549,18.3,6.0,5.0,189.06,37.81,10.0,Others,Silver,1,0,0.23,3.8,0.5656,Medium,Monitor + include in nurture campaign,0
CUST01231,2025-09-18,25,Male,Central,Referral,104,3.5,104.0,0.0,0.0,0.0,1.0,Hibernating,Bronze,2,0,0.2,3.3,0.9932,High,Send targeted discount / re-engagement email,1
CUST01232,2024-06-17,28,Male,West,Referral,562,18.7,21.0,12.0,612.37,51.03,12.0,Champions,Platinum,1,5,0.36,4.4,0.4876,Medium,Monitor + include in nurture campaign,0
CUST01233,2025-08-01,49,Female,East,Organic Search,152,5.1,16.0,3.0,155.3,51.77,8.0,New Customers,Silver,1,2,0.35,3.6,0.1719,Low,Standard engagement / newsletter,0
CUST01234,2024-04-19,44,Male,South,Referral,621,20.7,62.0,19.0,923.77,48.62,12.0,At Risk,Platinum,0,3,0.43,4.3,0.0169,Low,Standard engagement / newsletter,0
CUST01235,2024-09-09,23,Other,Central,Organic Search,478,15.9,43.0,7.0,295.6,42.23,8.0,At Risk,Gold,1,1,0.17,2.9,0.4439,Medium,Monitor + include in nurture campaign,0
CUST01236,2025-11-25,48,Male,East,Paid Ads,36,1.2,19.0,1.0,54.43,54.43,6.0,New Customers,Bronze,0,9,0.52,4.9,0.0009,Low,Standard engagement / newsletter,0
CUST01237,2025-11-22,48,Male,South,Referral,39,1.3,34.0,1.0,36.93,36.93,5.0,Promising,Bronze,1,13,0.44,4.5,0.0014,Low,Standard engagement / newsletter,0
CUST01238,2024-07-21,59,Female,Central,Organic Search,528,17.6,100.0,1.0,95.64,95.64,3.0,Hibernating,Silver,0,0,0.3,3.8,0.9497,High,Send targeted discount / re-engagement email,1
CUST01239,2025-03-09,19,Other,East,Referral,297,9.9,4.0,9.0,624.5500000000001,69.39,13.0,Champions,Platinum,0,7,0.29,3.6,0.008,Low,Upsell / referral program invite,0
CUST01240,2025-01-29,18,Male,North,Social Media,336,11.2,143.0,5.0,222.28,44.46,6.0,Lost,Silver,2,3,0.49,4.4,0.8201,High,Send targeted discount / re-engagement email,1
CUST01241,2024-05-21,40,Female,Central,Email Campaign,589,19.6,125.0,2.0,80.83000000000001,40.42,3.0,Hibernating,Silver,1,0,0.45,3.6,0.9902,High,Send targeted discount / re-engagement email,1
CUST01242,2025-01-24,43,Male,North,Social Media,341,11.4,341.0,0.0,0.0,0.0,1.0,Hibernating,Bronze,0,0,0.13,2.7,0.9955,High,Send targeted discount / re-engagement email,1
CUST01243,2024-01-12,26,Male,South,Organic Search,719,24.0,82.0,12.0,605.23,50.44,10.0,At Risk,Platinum,0,1,0.21,3.7,0.4705,Medium,Monitor + include in nurture campaign,0
CUST01244,2024-06-26,29,Male,North,Paid Ads,553,18.4,9.0,4.0,86.53,21.63,8.0,New Customers,Silver,0,1,0.22,3.9,0.5477,Medium,Monitor + include in nurture campaign,0
CUST01245,2024-03-12,48,Male,South,Social Media,659,22.0,9.0,3.0,116.99,39.0,9.0,New Customers,Silver,2,0,0.16,2.7,0.6961,High,Send targeted discount / re-engagement email,0
CUST01246,2025-04-18,43,Female,North,Email Campaign,257,8.6,14.0,5.0,481.43,96.29,11.0,Loyal Customers,Gold,3,4,0.31,4.6,0.0241,Low,Standard engagement / newsletter,0
CUST01247,2025-02-26,46,Other,East,Organic Search,308,10.3,67.0,6.0,309.52,51.59,8.0,At Risk,Gold,0,0,0.21,4.3,0.3291,Low,Standard engagement / newsletter,0
CUST01248,2024-07-12,59,Male,North,Paid Ads,537,17.9,33.0,12.0,640.1899999999999,53.35,11.0,Loyal Customers,Platinum,0,6,0.54,3.5,0.0492,Low,Standard engagement / newsletter,0
CUST01249,2024-06-07,25,Other,West,Paid Ads,572,19.1,276.0,2.0,45.93,22.96,3.0,Hibernating,Bronze,1,3,0.18,3.0,0.95,High,Send targeted discount / re-engagement email,1
CUST01250,2025-06-06,47,Male,East,Organic Search,208,6.9,37.0,2.0,35.63,17.82,5.0,Promising,Bronze,0,0,0.27,4.9,0.1525,Low,Standard engagement / newsletter,0
CUST01251,2024-02-11,41,Male,West,Organic Search,689,23.0,52.0,21.0,1164.5,55.45,12.0,At Risk,Platinum,1,9,0.74,4.9,0.0027,Low,Standard engagement / newsletter,0
CUST01252,2024-02-01,26,Male,Central,Social Media,699,23.3,136.0,3.0,115.78,38.59,5.0,Hibernating,Silver,1,1,0.45,4.2,0.9415,High,Send targeted discount / re-engagement email,1
CUST01253,2024-08-26,47,Other,West,Social Media,492,16.4,235.0,5.0,224.42,44.88,6.0,Lost,Silver,1,4,0.62,4.2,0.8538,High,Send targeted discount / re-engagement email,1
CUST01254,2024-11-21,37,Male,West,Social Media,405,13.5,11.0,11.0,492.74,44.79,12.0,Champions,Gold,0,5,0.34,4.5,0.2774,Low,Upsell / referral program invite,0
CUST01255,2024-02-27,25,Male,East,Paid Ads,673,22.4,4.0,32.0,2165.41,67.67,15.0,Champions,Platinum,0,12,0.65,4.9,0.0018,Low,Upsell / referral program invite,0
CUST01256,2024-05-02,60,Male,East,Referral,608,20.3,115.0,13.0,680.77,52.37,9.0,At Risk,Platinum,2,2,0.05,4.0,0.3318,Medium,Monitor + include in nurture campaign,1
CUST01257,2025-04-09,40,Female,South,Organic Search,266,8.9,23.0,7.0,321.05,45.86,10.0,Loyal Customers,Gold,0,10,0.73,5.0,0.0304,Low,Standard engagement / newsletter,0
CUST01258,2024-12-16,49,Other,Central,Email Campaign,380,12.7,58.0,5.0,244.24,48.85,8.0,At Risk,Silver,0,4,0.36,3.9,0.6267,Medium,Monitor + include in nurture campaign,0
CUST01259,2024-03-03,18,Male,East,Social Media,668,22.3,10.0,37.0,2269.68,61.34,14.0,Champions,Platinum,0,14,0.77,5.0,0.0023,Low,Upsell / referral program invite,0
CUST01260,2024-10-11,50,Female,Central,Social Media,446,14.9,71.0,2.0,126.51,63.26,5.0,Hibernating,Silver,0,0,0.34,3.2,0.8389,High,Send targeted discount / re-engagement email,0
CUST01261,2025-05-15,40,Male,North,Referral,230,7.7,6.0,10.0,513.8,51.38,13.0,Champions,Gold,0,8,0.69,5.0,0.0076,Low,Upsell / referral program invite,0
CUST01262,2025-09-22,18,Female,South,Social Media,100,3.3,91.0,1.0,28.84,28.84,3.0,Hibernating,Bronze,0,2,0.37,4.2,0.8185,High,Send targeted discount / re-engagement email,1
CUST01263,2025-04-18,42,Male,Central,Paid Ads,257,8.6,39.0,4.0,182.95,45.74,7.0,Promising,Silver,2,2,0.11,2.2,0.3124,Low,Standard engagement / newsletter,0
CUST01264,2024-01-01,39,Other,Central,Organic Search,730,24.3,38.0,13.0,673.46,51.8,11.0,Loyal Customers,Platinum,0,4,0.47,5.0,0.1236,Low,Standard engagement / newsletter,0
CUST01265,2024-06-01,52,Female,East,Social Media,578,19.3,46.0,12.0,718.92,59.91,10.0,At Risk,Platinum,0,5,0.61,3.8,0.0342,Low,Standard engagement / newsletter,0
CUST01266,2024-01-12,55,Other,West,Referral,719,24.0,96.0,9.0,440.61,48.96,9.0,At Risk,Gold,2,5,0.5,4.6,0.8633,High,Send targeted discount / re-engagement email,1
CUST01267,2024-08-14,45,Other,Central,Referral,504,16.8,27.0,2.0,106.36,53.18,6.0,Promising,Silver,0,3,0.46,4.3,0.7604,High,Send targeted discount / re-engagement email,0
CUST01268,2024-04-04,61,Female,East,Paid Ads,636,21.2,20.0,9.0,442.53,49.17,12.0,Champions,Gold,0,7,0.42,5.0,0.1361,Low,Upsell / referral program invite,0
CUST01269,2025-08-05,40,Male,East,Email Campaign,148,4.9,25.0,4.0,288.32,72.08,8.0,Others,Gold,0,16,0.49,4.0,0.0168,Low,Standard engagement / newsletter,0
CUST01270,2024-10-08,45,Male,North,Referral,449,15.0,4.0,21.0,1421.11,67.67,15.0,Champions,Platinum,1,8,0.57,3.2,0.0008,Low,Upsell / referral program invite,0
CUST01271,2025-06-29,27,Male,West,Email Campaign,185,6.2,105.0,1.0,130.89,130.89,4.0,Hibernating,Silver,0,2,0.26,4.5,0.871,High,Send targeted discount / re-engagement email,1
CUST01272,2024-01-10,54,Female,Central,Paid Ads,721,24.0,22.0,13.0,695.94,53.53,12.0,Champions,Platinum,1,6,0.26,5.0,0.4639,Medium,Monitor + include in nurture campaign,0
CUST01273,2025-08-18,38,Male,North,Paid Ads,135,4.5,47.0,1.0,17.3,17.3,4.0,Hibernating,Bronze,2,2,0.31,5.0,0.9643,High,Send targeted discount / re-engagement email,0
CUST01274,2024-02-29,44,Other,South,Referral,671,22.4,59.0,8.0,344.91,43.11,8.0,At Risk,Gold,0,1,0.22,3.9,0.1202,Low,Standard engagement / newsletter,0
CUST01275,2024-09-22,19,Other,North,Paid Ads,465,15.5,76.0,2.0,102.04,51.02,4.0,Hibernating,Silver,2,0,0.49,3.8,0.5437,Medium,Monitor + include in nurture campaign,0
CUST01276,2024-03-07,56,Other,West,Referral,664,22.1,61.0,14.0,778.26,55.59,10.0,At Risk,Platinum,2,6,0.42,3.9,0.0756,Low,Standard engagement / newsletter,0
CUST01277,2024-03-08,55,Male,South,Paid Ads,663,22.1,92.0,7.0,581.44,83.06,8.0,At Risk,Gold,1,4,0.28,4.6,0.88,High,Send targeted discount / re-engagement email,1
CUST01278,2025-11-27,18,Other,East,Referral,34,1.1,34.0,0.0,0.0,0.0,1.0,Hibernating,Bronze,1,0,0.16,3.3,0.0186,Low,Standard engagement / newsletter,0
CUST01279,2025-07-22,23,Other,North,Referral,162,5.4,124.0,1.0,29.91,29.91,3.0,Hibernating,Bronze,1,2,0.16,3.5,0.9446,High,Send targeted discount / re-engagement email,1
CUST01280,2025-04-15,25,Other,Central,Paid Ads,260,8.7,40.0,5.0,181.91,36.38,8.0,Needs Attention,Silver,1,3,0.32,3.5,0.0975,Low,Standard engagement / newsletter,0
CUST01281,2024-08-08,42,Other,South,Social Media,510,17.0,14.0,9.0,409.77,45.53,11.0,Loyal Customers,Gold,0,2,0.52,2.5,0.0633,Low,Standard engagement / newsletter,0
CUST01282,2025-02-08,26,Other,East,Paid Ads,326,10.9,17.0,9.0,494.12,54.9,12.0,Champions,Gold,0,9,0.45,4.4,0.0253,Low,Upsell / referral program invite,0
CUST01283,2025-05-05,44,Female,North,Organic Search,240,8.0,17.0,5.0,208.11,41.62,9.0,Others,Silver,0,2,0.67,5.0,0.048,Low,Standard engagement / newsletter,0
CUST01284,2025-05-26,42,Male,South,Email Campaign,219,7.3,2.0,6.0,311.83000000000004,51.97,11.0,Loyal Customers,Gold,2,2,0.46,4.1,0.1248,Low,Standard engagement / newsletter,0
CUST01285,2024-05-10,63,Male,North,Email Campaign,600,20.0,6.0,7.0,339.96000000000004,48.57,11.0,Loyal Customers,Gold,1,4,0.42,4.2,0.1622,Low,Standard engagement / newsletter,0
CUST01286,2024-05-17,25,Female,North,Referral,593,19.8,425.0,1.0,75.49,75.49,3.0,Hibernating,Bronze,0,0,0.32,3.6,0.9764,High,Send targeted discount / re-engagement email,1
CUST01287,2025-11-05,37,Other,South,Paid Ads,56,1.9,22.0,2.0,166.07999999999998,83.04,7.0,New Customers,Silver,0,9,0.52,4.5,0.0091,Low,Standard engagement / newsletter,0
CUST01288,2025-01-13,26,Female,South,Referral,352,11.7,284.0,3.0,60.52,20.17,4.0,Hibernating,Bronze,2,3,0.25,3.7,0.3646,Medium,Monitor + include in nurture campaign,1
CUST01289,2024-02-09,40,Male,North,Paid Ads,691,23.0,13.0,30.0,2035.14,67.84,14.0,Champions,Platinum,1,11,0.54,4.4,0.0033,Low,Upsell / referral program invite,0
CUST01290,2024-06-12,27,Other,South,Organic Search,567,18.9,54.0,7.0,395.62,56.52,8.0,At Risk,Gold,1,2,0.35,3.5,0.2463,Low,Standard engagement / newsletter,0
CUST01291,2025-07-28,37,Other,East,Organic Search,156,5.2,20.0,3.0,102.16,34.05,7.0,New Customers,Silver,1,1,0.43,4.7,0.2721,Low,Standard engagement / newsletter,0
CUST01292,2024-06-25,30,Female,West,Email Campaign,554,18.5,31.0,3.0,113.66,37.89,7.0,Promising,Silver,0,3,0.12,2.5,0.3986,Medium,Monitor + include in nurture campaign,0
CUST01293,2025-03-05,57,Male,East,Referral,301,10.0,9.0,9.0,543.66,60.41,13.0,Champions,Gold,1,7,0.14,3.9,0.0265,Low,Upsell / referral program invite,0
CUST01294,2025-03-24,44,Female,South,Paid Ads,282,9.4,31.0,6.0,233.7,38.95,8.0,Needs Attention,Silver,3,3,0.37,5.0,0.1685,Low,Standard engagement / newsletter,0
CUST01295,2024-05-12,44,Other,West,Social Media,598,19.9,31.0,6.0,333.24,55.54,9.0,Loyal Customers,Gold,0,5,0.4,4.3,0.2167,Low,Standard engagement / newsletter,0
CUST01296,2025-09-29,59,Other,East,Paid Ads,93,3.1,15.0,3.0,196.79,65.6,8.0,New Customers,Silver,0,4,0.04,5.0,0.0015,Low,Standard engagement / newsletter,0
CUST01297,2024-08-09,25,Other,Central,Email Campaign,509,17.0,5.0,18.0,1068.74,59.37,15.0,Champions,Platinum,0,13,0.45,4.4,0.0041,Low,Upsell / referral program invite,0
CUST01298,2024-10-04,52,Female,South,Email Campaign,453,15.1,2.0,9.0,374.86,41.65,12.0,Loyal Customers,Gold,1,1,0.11,4.5,0.2471,Low,Standard engagement / newsletter,0
CUST01299,2024-11-13,46,Male,West,Referral,413,13.8,307.0,3.0,102.09,34.03,4.0,Hibernating,Silver,0,4,0.42,2.8,0.8154,High,Send targeted discount / re-engagement email,1
CUST01300,2024-03-25,36,Other,East,Paid Ads,646,21.5,5.0,10.0,578.55,57.86,13.0,Champions,Gold,1,6,0.26,3.6,0.8029,High,Priority win-back: personal outreach + loyalty offer,0
CUST01301,2025-11-09,30,Male,North,Email Campaign,52,1.7,52.0,0.0,0.0,0.0,1.0,Hibernating,Bronze,1,1,0.69,4.0,0.0036,Low,Standard engagement / newsletter,0
CUST01302,2024-12-20,36,Female,Central,Organic Search,376,12.5,16.0,7.0,210.39,30.06,9.0,Others,Silver,1,6,0.35,4.6,0.211,Low,Standard engagement / newsletter,0
CUST01303,2025-04-05,24,Male,Central,Referral,270,9.0,35.0,10.0,837.2,83.72,12.0,Loyal Customers,Platinum,0,9,0.16,4.6,0.0586,Low,Standard engagement / newsletter,0
CUST01304,2025-09-10,18,Other,South,Email Campaign,112,3.7,26.0,9.0,734.12,81.57,11.0,Loyal Customers,Platinum,0,15,0.79,5.0,0.0014,Low,Standard engagement / newsletter,0
CUST01305,2024-09-28,29,Male,West,Paid Ads,459,15.3,39.0,10.0,423.1,42.31,11.0,Loyal Customers,Gold,0,3,0.09,4.0,0.1789,Low,Standard engagement / newsletter,0
CUST01306,2024-02-13,61,Female,North,Paid Ads,687,22.9,85.0,5.0,222.5,44.5,7.0,Others,Silver,1,2,0.17,3.4,0.3713,Medium,Monitor + include in nurture campaign,0
CUST01307,2025-10-20,42,Female,East,Paid Ads,72,2.4,72.0,0.0,0.0,0.0,1.0,Hibernating,Bronze,1,0,0.22,3.3,0.0143,Low,Standard engagement / newsletter,0
CUST01308,2024-11-30,39,Other,North,Referral,396,13.2,12.0,19.0,1384.24,72.85,14.0,Champions,Platinum,0,12,0.58,4.8,0.0003,Low,Upsell / referral program invite,0
CUST01309,2025-02-11,18,Female,North,Referral,323,10.8,9.0,2.0,120.46,60.23,8.0,New Customers,Silver,0,3,0.4,3.5,0.6096,Medium,Monitor + include in nurture campaign,0
CUST01310,2024-10-01,25,Male,South,Organic Search,456,15.2,7.0,17.0,1368.05,80.47,15.0,Champions,Platinum,0,13,0.84,4.4,0.002,Low,Upsell / referral program invite,0
CUST01311,2025-05-29,63,Female,East,Organic Search,216,7.2,4.0,17.0,1186.51,69.79,15.0,Champions,Platinum,0,8,0.41,4.1,0.0004,Low,Upsell / referral program invite,0
CUST01312,2025-02-07,52,Other,North,Organic Search,327,10.9,37.0,2.0,94.12,47.06,5.0,Promising,Silver,0,0,0.14,2.7,0.574,Medium,Monitor + include in nurture campaign,0
CUST01313,2025-07-16,28,Female,West,Social Media,168,5.6,2.0,7.0,294.78000000000003,42.11,11.0,Loyal Customers,Gold,1,7,0.12,4.3,0.1048,Low,Standard engagement / newsletter,0
CUST01314,2025-09-27,38,Male,West,Social Media,95,3.2,27.0,1.0,21.94,21.94,5.0,Promising,Bronze,2,5,0.21,2.7,0.1343,Low,Standard engagement / newsletter,0
CUST01315,2024-07-26,37,Female,East,Email Campaign,523,17.4,43.0,16.0,770.66,48.17,11.0,At Risk,Platinum,1,9,0.29,5.0,0.0242,Low,Standard engagement / newsletter,0
CUST01316,2025-02-20,37,Female,North,Social Media,314,10.5,25.0,6.0,363.64,60.61,9.0,Loyal Customers,Gold,0,5,0.08,4.8,0.2152,Low,Standard engagement / newsletter,0
CUST01317,2025-10-19,44,Other,South,Paid Ads,73,2.4,13.0,1.0,70.33,70.33,6.0,New Customers,Bronze,0,7,0.39,4.0,0.0013,Low,Standard engagement / newsletter,0
CUST01318,2024-02-26,55,Female,North,Organic Search,674,22.5,674.0,0.0,0.0,0.0,1.0,Hibernating,Bronze,0,0,0.08,5.0,0.9927,High,Send targeted discount / re-engagement email,1
CUST01319,2025-03-17,43,Female,North,Referral,289,9.6,9.0,11.0,450.84,40.99,13.0,Champions,Gold,0,8,0.42,4.3,0.0092,Low,Upsell / referral program invite,0
CUST01320,2025-10-20,44,Female,North,Organic Search,72,2.4,54.0,1.0,74.58,74.58,4.0,Hibernating,Bronze,0,4,0.34,4.1,0.001,Low,Standard engagement / newsletter,0
CUST01321,2025-09-04,43,Female,South,Social Media,118,3.9,4.0,8.0,663.26,82.91,12.0,Loyal Customers,Platinum,0,14,0.55,5.0,0.002,Low,Standard engagement / newsletter,0
CUST01322,2025-10-17,18,Male,North,Email Campaign,75,2.5,17.0,1.0,8.44,8.44,6.0,New Customers,Bronze,1,1,0.26,3.4,0.0091,Low,Standard engagement / newsletter,0
CUST01323,2024-12-02,29,Male,East,Email Campaign,394,13.1,87.0,8.0,400.53,50.07,7.0,At Risk,Gold,0,2,0.2,4.8,0.2114,Low,Standard engagement / newsletter,0
CUST01324,2025-03-26,33,Other,West,Organic Search,280,9.3,21.0,5.0,355.61,71.12,10.0,Loyal Customers,Gold,2,5,0.22,4.7,0.1721,Low,Standard engagement / newsletter,0
CUST01325,2024-02-08,48,Female,South,Email Campaign,692,23.1,79.0,18.0,1066.12,59.23,12.0,At Risk,Platinum,1,8,0.48,3.8,0.003,Low,Standard engagement / newsletter,0
CUST01326,2024-05-31,40,Female,South,Organic Search,579,19.3,2.0,17.0,1116.84,65.7,15.0,Champions,Platinum,0,6,0.52,5.0,0.0026,Low,Upsell / referral program invite,0
CUST01327,2024-02-03,43,Male,East,Paid Ads,697,23.2,8.0,22.0,1220.74,55.49,15.0,Champions,Platinum,0,3,0.49,3.1,0.0116,Low,Upsell / referral program invite,0
CUST01328,2024-09-04,43,Male,West,Email Campaign,483,16.1,58.0,7.0,305.1,43.59,8.0,At Risk,Gold,0,4,0.45,2.2,0.1919,Low,Standard engagement / newsletter,0
CUST01329,2025-01-23,43,Other,Central,Referral,342,11.4,96.0,1.0,42.38,42.38,3.0,Hibernating,Bronze,1,2,0.4,2.4,0.9812,High,Send targeted discount / re-engagement email,1
CUST01330,2025-02-22,51,Other,East,Referral,312,10.4,82.0,4.0,191.84,47.96,6.0,Hibernating,Silver,4,2,0.43,4.0,0.3268,Low,Standard engagement / newsletter,0
CUST01331,2025-11-01,65,Male,North,Organic Search,60,2.0,4.0,2.0,68.09,34.04,7.0,New Customers,Bronze,1,5,0.32,4.5,0.0003,Low,Standard engagement / newsletter,0
CUST01332,2025-03-13,48,Female,Central,Email Campaign,293,9.8,34.0,4.0,343.76,85.94,8.0,Others,Gold,0,9,0.26,3.3,0.0474,Low,Standard engagement / newsletter,0
CUST01333,2024-05-09,39,Female,South,Organic Search,601,20.0,2.0,10.0,461.56,46.16,13.0,Champions,Gold,1,1,0.18,2.5,0.0711,Low,Upsell / referral program invite,0
CUST01334,2025-01-01,30,Female,North,Social Media,364,12.1,121.0,1.0,23.98,23.98,3.0,Hibernating,Bronze,1,1,0.43,3.5,0.9488,High,Send targeted discount / re-engagement email,1
CUST01335,2025-04-11,36,Male,East,Email Campaign,264,8.8,15.0,11.0,477.51,43.41,12.0,Champions,Gold,1,3,0.42,2.6,0.0392,Low,Upsell / referral program invite,0
CUST01336,2024-05-09,28,Female,South,Organic Search,601,20.0,72.0,22.0,1590.83,72.31,12.0,At Risk,Platinum,0,11,0.35,4.3,0.0021,Low,Standard engagement / newsletter,0
CUST01337,2024-09-27,36,Male,South,Paid Ads,460,15.3,6.0,14.0,547.82,39.13,13.0,Champions,Gold,0,1,0.67,3.5,0.0118,Low,Upsell / referral program invite,0
CUST01338,2024-12-04,31,Other,East,Organic Search,392,13.1,63.0,6.0,240.21,40.04,7.0,Others,Silver,0,2,0.35,3.1,0.5031,Medium,Monitor + include in nurture campaign,0
CUST01339,2025-08-10,38,Female,North,Referral,143,4.8,37.0,3.0,244.41,81.47,8.0,Others,Silver,0,4,0.51,4.6,0.1151,Low,Standard engagement / newsletter,0
CUST01340,2024-02-19,23,Female,West,Social Media,681,22.7,5.0,29.0,2018.32,69.6,15.0,Champions,Platinum,0,7,0.69,5.0,0.0021,Low,Upsell / referral program invite,0
CUST01341,2025-01-31,39,Other,East,Organic Search,334,11.1,101.0,4.0,143.95,35.99,5.0,Hibernating,Silver,1,2,0.2,4.1,0.7371,High,Send targeted discount / re-engagement email,1
CUST01342,2025-12-28,50,Other,Central,Social Media,3,0.1,3.0,0.0,0.0,0.0,1.0,Hibernating,Bronze,0,6,0.55,2.3,0.0097,Low,Standard engagement / newsletter,0
CUST01343,2024-01-31,40,Male,East,Social Media,700,23.3,30.0,30.0,2378.09,79.27,13.0,Loyal Customers,Platinum,0,10,0.35,3.9,0.0016,Low,Standard engagement / newsletter,0
CUST01344,2024-02-01,21,Female,South,Social Media,699,23.3,3.0,12.0,494.12,41.18,13.0,Champions,Gold,1,3,0.48,3.8,0.4639,Medium,Monitor + include in nurture campaign,0
CUST01345,2025-11-11,32,Male,East,Social Media,50,1.7,23.0,4.0,142.05,35.51,8.0,New Customers,Silver,2,4,0.51,5.0,0.0152,Low,Standard engagement / newsletter,0
CUST01346,2024-03-29,35,Female,East,Paid Ads,642,21.4,10.0,29.0,2139.1,73.76,14.0,Champions,Platinum,0,11,0.49,4.5,0.0018,Low,Upsell / referral program invite,0
CUST01347,2024-12-28,29,Female,Central,Organic Search,368,12.3,12.0,18.0,1104.09,61.34,14.0,Champions,Platinum,0,8,0.85,3.5,0.0024,Low,Upsell / referral program invite,0
CUST01348,2025-11-20,22,Male,North,Organic Search,41,1.4,20.0,1.0,47.41,47.41,6.0,New Customers,Bronze,0,5,0.62,4.6,0.0072,Low,Standard engagement / newsletter,0
CUST01349,2025-12-22,49,Other,East,Email Campaign,9,0.3,9.0,0.0,0.0,0.0,1.0,Hibernating,Bronze,1,1,0.22,3.2,0.0084,Low,Standard engagement / newsletter,0
CUST01350,2024-01-03,18,Female,Central,Paid Ads,728,24.3,24.0,27.0,1869.82,69.25,13.0,Loyal Customers,Platinum,0,13,0.69,5.0,0.0007,Low,Standard engagement / newsletter,0
CUST01351,2025-03-25,34,Other,North,Social Media,281,9.4,46.0,2.0,132.29000000000002,66.15,5.0,Hibernating,Silver,0,2,0.04,4.5,0.4843,Medium,Monitor + include in nurture campaign,0
CUST01352,2024-01-17,18,Other,West,Email Campaign,714,23.8,68.0,14.0,682.89,48.78,10.0,At Risk,Platinum,0,14,0.36,4.2,0.7023,High,Send targeted discount / re-engagement email,0
CUST01353,2024-05-03,56,Other,West,Email Campaign,607,20.2,23.0,16.0,963.7,60.23,14.0,Champions,Platinum,0,8,0.42,4.5,0.0179,Low,Upsell / referral program invite,0
CUST01354,2024-10-02,45,Male,West,Referral,455,15.2,5.0,15.0,621.3,41.42,14.0,Champions,Platinum,0,6,0.49,4.2,0.0119,Low,Upsell / referral program invite,0
CUST01355,2024-03-08,43,Male,West,Organic Search,663,22.1,24.0,16.0,896.77,56.05,13.0,Loyal Customers,Platinum,1,3,0.44,3.7,0.2577,Low,Standard engagement / newsletter,0
CUST01356,2025-01-17,31,Other,Central,Email Campaign,348,11.6,74.0,3.0,60.78,20.26,5.0,Hibernating,Bronze,0,2,0.56,3.9,0.1609,Low,Standard engagement / newsletter,0
CUST01357,2025-10-07,35,Other,Central,Paid Ads,85,2.8,82.0,1.0,15.44,15.44,4.0,Hibernating,Bronze,1,5,0.44,3.4,0.0081,Low,Standard engagement / newsletter,0
CUST01358,2025-07-01,33,Male,West,Paid Ads,183,6.1,45.0,4.0,152.57,38.14,6.0,Hibernating,Silver,0,4,0.35,4.5,0.1167,Low,Standard engagement / newsletter,0
CUST01359,2025-12-16,38,Male,South,Paid Ads,15,0.5,15.0,0.0,0.0,0.0,1.0,Hibernating,Bronze,0,3,0.38,5.0,0.0065,Low,Standard engagement / newsletter,0
CUST01360,2024-10-06,38,Male,North,Social Media,451,15.0,66.0,3.0,144.9,48.3,6.0,Hibernating,Silver,0,5,0.66,3.7,0.7929,High,Send targeted discount / re-engagement email,0
CUST01361,2025-11-15,44,Male,West,Paid Ads,46,1.5,46.0,0.0,0.0,0.0,1.0,Hibernating,Bronze,3,2,0.38,4.3,0.0098,Low,Standard engagement / newsletter,0
CUST01362,2025-05-26,31,Other,South,Email Campaign,219,7.3,139.0,2.0,81.44,40.72,3.0,Hibernating,Silver,1,5,0.39,5.0,0.8182,High,Send targeted discount / re-engagement email,1
CUST01363,2025-02-08,43,Female,East,Organic Search,326,10.9,69.0,4.0,193.8,48.45,6.0,Hibernating,Silver,0,7,0.47,3.8,0.339,Medium,Monitor + include in nurture campaign,0
CUST01364,2024-02-11,43,Male,West,Email Campaign,689,23.0,68.0,3.0,217.24,72.41,6.0,Hibernating,Silver,0,0,0.58,4.0,0.1919,Low,Standard engagement / newsletter,0
CUST01365,2024-04-07,53,Female,Central,Referral,633,21.1,68.0,6.0,304.94,50.82,8.0,At Risk,Gold,1,0,0.61,4.5,0.2596,Low,Standard engagement / newsletter,0
CUST01366,2024-12-29,18,Female,Central,Social Media,367,12.2,33.0,5.0,301.99,60.4,9.0,Loyal Customers,Gold,0,7,0.42,3.2,0.4106,Medium,Monitor + include in nurture campaign,0
CUST01367,2025-12-23,26,Male,Central,Email Campaign,8,0.3,8.0,0.0,0.0,0.0,1.0,Hibernating,Bronze,4,4,0.48,4.7,0.0202,Low,Standard engagement / newsletter,0
CUST01368,2024-04-21,57,Other,West,Organic Search,619,20.6,11.0,34.0,2389.66,70.28,14.0,Champions,Platinum,0,5,0.41,4.3,0.0028,Low,Upsell / referral program invite,0
CUST01369,2025-11-09,31,Female,South,Paid Ads,52,1.7,45.0,2.0,100.15,50.08,4.0,Hibernating,Silver,2,10,0.39,3.9,0.0016,Low,Standard engagement / newsletter,0
CUST01370,2024-12-04,23,Other,Central,Email Campaign,392,13.1,27.0,4.0,74.12,18.53,6.0,Promising,Bronze,0,2,0.36,4.1,0.3398,Medium,Monitor + include in nurture campaign,0
CUST01371,2024-09-07,55,Male,North,Email Campaign,480,16.0,244.0,9.0,354.19,39.35,8.0,At Risk,Gold,4,8,0.31,3.1,0.8112,High,Send targeted discount / re-engagement email,1
CUST01372,2024-11-26,60,Male,East,Email Campaign,400,13.3,30.0,18.0,1273.61,70.76,13.0,Loyal Customers,Platinum,0,8,0.54,3.5,0.0004,Low,Standard engagement / newsletter,0
CUST01373,2025-02-03,46,Female,West,Referral,331,11.0,40.0,3.0,121.55,40.52,7.0,Promising,Silver,1,5,0.17,3.2,0.2718,Low,Standard engagement / newsletter,0
CUST01374,2024-09-05,28,Female,West,Email Campaign,482,16.1,5.0,27.0,2120.6,78.54,15.0,Champions,Platinum,0,10,0.38,5.0,0.0005,Low,Upsell / referral program invite,0
CUST01375,2025-01-29,48,Other,West,Organic Search,336,11.2,25.0,4.0,295.22,73.81,8.0,Others,Gold,3,3,0.22,5.0,0.1957,Low,Standard engagement / newsletter,0
CUST01376,2025-07-11,25,Male,East,Social Media,173,5.8,2.0,7.0,206.07,29.44,10.0,Others,Silver,0,4,0.23,4.7,0.0199,Low,Standard engagement / newsletter,0
CUST01377,2025-03-03,24,Male,Central,Email Campaign,303,10.1,60.0,6.0,365.14,60.86,8.0,At Risk,Gold,0,1,0.5,3.5,0.0649,Low,Standard engagement / newsletter,0
CUST01378,2024-10-20,37,Other,West,Organic Search,437,14.6,45.0,15.0,923.74,61.58,12.0,At Risk,Platinum,0,4,0.38,3.7,0.0193,Low,Standard engagement / newsletter,0
CUST01379,2024-12-25,18,Female,East,Paid Ads,371,12.4,10.0,5.0,162.53,32.51,9.0,Others,Silver,1,0,0.5,3.6,0.4071,Medium,Monitor + include in nurture campaign,0
CUST01380,2024-01-17,37,Male,West,Referral,714,23.8,236.0,6.0,374.63,62.44,7.0,At Risk,Gold,1,5,0.39,3.2,0.9158,High,Send targeted discount / re-engagement email,1
CUST01381,2025-10-21,36,Female,North,Referral,71,2.4,71.0,0.0,0.0,0.0,1.0,Hibernating,Bronze,0,4,0.17,2.5,0.0147,Low,Standard engagement / newsletter,0
CUST01382,2025-03-13,22,Female,East,Referral,293,9.8,56.0,12.0,792.0,66.0,10.0,At Risk,Platinum,1,7,0.48,3.8,0.0123,Low,Standard engagement / newsletter,0
CUST01383,2024-10-12,49,Female,North,Paid Ads,445,14.8,57.0,5.0,168.43,33.69,7.0,Others,Silver,0,1,0.27,4.0,0.1785,Low,Standard engagement / newsletter,0
CUST01384,2024-01-16,38,Male,East,Social Media,715,23.8,26.0,19.0,932.88,49.1,13.0,Loyal Customers,Platinum,0,5,0.29,3.7,0.0211,Low,Standard engagement / newsletter,0
CUST01385,2025-02-07,40,Female,East,Social Media,327,10.9,222.0,1.0,33.62,33.62,3.0,Hibernating,Bronze,3,0,0.0,3.1,0.9298,High,Send targeted discount / re-engagement email,1
CUST01386,2024-10-27,48,Other,North,Paid Ads,430,14.3,430.0,0.0,0.0,0.0,1.0,Hibernating,Bronze,1,0,0.25,4.4,0.9969,High,Send targeted discount / re-engagement email,1
CUST01387,2025-10-01,22,Female,South,Social Media,91,3.0,24.0,1.0,112.11,112.11,6.0,Promising,Silver,1,5,0.21,3.9,0.0043,Low,Standard engagement / newsletter,0
CUST01388,2024-05-19,41,Other,West,Email Campaign,591,19.7,15.0,6.0,383.28,63.88,10.0,Loyal Customers,Gold,0,5,0.43,4.7,0.5713,Medium,Monitor + include in nurture campaign,0
CUST01389,2024-08-02,63,Female,North,Email Campaign,516,17.2,116.0,9.0,557.98,62.0,9.0,At Risk,Gold,1,0,0.45,5.0,0.0298,Low,Standard engagement / newsletter,1
CUST01390,2025-03-06,53,Male,North,Referral,300,10.0,30.0,7.0,475.45,67.92,10.0,Loyal Customers,Gold,0,8,0.14,3.2,0.0196,Low,Standard engagement / newsletter,0
CUST01391,2024-03-02,38,Other,Central,Social Media,669,22.3,2.0,39.0,2957.64,75.84,15.0,Champions,Platinum,2,11,0.62,4.0,0.0009,Low,Upsell / referral program invite,0
CUST01392,2024-07-17,22,Male,Central,Email Campaign,532,17.7,15.0,10.0,501.45,50.14,12.0,Champions,Gold,0,9,0.5,3.4,0.147,Low,Upsell / referral program invite,0
CUST01393,2025-07-22,50,Male,South,Paid Ads,162,5.4,21.0,1.0,31.27,31.27,6.0,New Customers,Bronze,0,8,0.31,4.7,0.1731,Low,Standard engagement / newsletter,0
CUST01394,2025-12-29,45,Male,North,Paid Ads,2,0.1,2.0,0.0,0.0,0.0,1.0,Hibernating,Bronze,0,3,0.35,3.2,0.0056,Low,Standard engagement / newsletter,0
CUST01395,2025-09-12,65,Male,West,Organic Search,110,3.7,46.0,3.0,270.14,90.05,7.0,Others,Gold,0,8,0.13,5.0,0.0059,Low,Standard engagement / newsletter,0
CUST01396,2025-04-20,20,Female,South,Referral,255,8.5,150.0,1.0,101.66,101.66,3.0,Hibernating,Silver,1,2,0.34,2.5,0.9382,High,Send targeted discount / re-engagement email,1
CUST01397,2025-11-02,26,Female,West,Email Campaign,59,2.0,59.0,0.0,0.0,0.0,1.0,Hibernating,Bronze,0,3,0.39,4.7,0.0052,Low,Standard engagement / newsletter,0
CUST01398,2024-02-04,50,Female,North,Organic Search,696,23.2,91.0,2.0,69.45,34.72,3.0,Hibernating,Bronze,3,0,0.48,3.0,0.9829,High,Send targeted discount / re-engagement email,1
CUST01399,2025-09-20,28,Male,East,Social Media,102,3.4,94.0,2.0,134.43,67.22,4.0,Hibernating,Silver,0,5,0.45,2.5,0.8955,High,Send targeted discount / re-engagement email,1
CUST01400,2025-08-24,29,Other,West,Paid Ads,129,4.3,102.0,4.0,333.05,83.26,6.0,Lost,Gold,1,6,0.51,4.4,0.7743,High,Send targeted discount / re-engagement email,1
CUST01401,2025-04-17,47,Female,Central,Email Campaign,258,8.6,246.0,1.0,50.81,50.81,3.0,Hibernating,Bronze,1,3,0.29,3.9,0.8596,High,Send targeted discount / re-engagement email,1
CUST01402,2024-08-06,28,Female,East,Paid Ads,512,17.1,47.0,2.0,106.3,53.15,4.0,Hibernating,Silver,0,2,0.24,4.0,0.644,Medium,Monitor + include in nurture campaign,0
CUST01403,2024-05-26,38,Female,North,Referral,584,19.5,13.0,19.0,1159.75,61.04,14.0,Champions,Platinum,0,5,0.22,3.5,0.0114,Low,Upsell / referral program invite,0
CUST01404,2025-12-13,39,Male,West,Organic Search,18,0.6,18.0,0.0,0.0,0.0,1.0,Hibernating,Bronze,0,4,0.32,3.7,0.0052,Low,Standard engagement / newsletter,0
CUST01405,2025-06-20,26,Male,Central,Paid Ads,194,6.5,194.0,0.0,0.0,0.0,1.0,Hibernating,Bronze,1,0,0.2,3.6,0.9984,High,Send targeted discount / re-engagement email,1
CUST01406,2025-05-25,34,Male,South,Paid Ads,220,7.3,79.0,3.0,78.00999999999999,26.0,5.0,Hibernating,Bronze,0,1,0.4,4.2,0.1819,Low,Standard engagement / newsletter,0
CUST01407,2024-05-24,18,Female,West,Email Campaign,586,19.5,152.0,7.0,273.04,39.01,7.0,At Risk,Gold,2,2,0.25,2.7,0.8508,High,Send targeted discount / re-engagement email,1
CUST01408,2025-03-27,38,Male,North,Social Media,279,9.3,26.0,8.0,252.48,31.56,9.0,Loyal Customers,Silver,0,7,0.36,3.2,0.0263,Low,Standard engagement / newsletter,0
CUST01409,2024-06-11,19,Male,South,Email Campaign,568,18.9,176.0,4.0,246.63,61.66,6.0,Lost,Silver,2,1,0.23,3.0,0.4415,Medium,Monitor + include in nurture campaign,1
CUST01410,2025-07-02,30,Male,South,Referral,182,6.1,34.0,4.0,274.23,68.56,8.0,Others,Gold,0,8,0.33,4.5,0.0583,Low,Standard engagement / newsletter,0
CUST01411,2024-09-16,43,Other,East,Referral,471,15.7,471.0,0.0,0.0,0.0,1.0,Hibernating,Bronze,1,0,0.18,2.7,0.9983,High,Send targeted discount / re-engagement email,1
CUST01412,2024-05-07,41,Female,West,Referral,603,20.1,47.0,2.0,81.25,40.62,4.0,Hibernating,Silver,2,0,0.18,2.6,0.4285,Medium,Monitor + include in nurture campaign,0
CUST01413,2025-12-08,32,Female,East,Paid Ads,23,0.8,23.0,0.0,0.0,0.0,1.0,Hibernating,Bronze,1,5,0.46,4.7,0.0126,Low,Standard engagement / newsletter,0
CUST01414,2024-03-17,35,Female,East,Email Campaign,654,21.8,20.0,22.0,1065.51,48.43,14.0,Champions,Platinum,0,6,0.29,3.1,0.0039,Low,Upsell / referral program invite,0
CUST01415,2024-08-09,41,Other,West,Email Campaign,509,17.0,80.0,13.0,672.26,51.71,10.0,At Risk,Platinum,1,11,0.74,3.4,0.0395,Low,Standard engagement / newsletter,0
CUST01416,2025-08-24,40,Male,North,Email Campaign,129,4.3,67.0,2.0,131.70999999999998,65.85,5.0,Hibernating,Silver,1,10,0.27,4.3,0.0644,Low,Standard engagement / newsletter,0
CUST01417,2025-06-19,43,Other,East,Email Campaign,195,6.5,195.0,0.0,0.0,0.0,1.0,Hibernating,Bronze,5,0,0.14,3.3,0.9972,High,Send targeted discount / re-engagement email,1
CUST01418,2025-11-20,28,Other,Central,Email Campaign,41,1.4,16.0,2.0,113.33,56.66,7.0,New Customers,Silver,0,4,0.49,4.1,0.0035,Low,Standard engagement / newsletter,0
CUST01419,2024-12-16,39,Female,East,Organic Search,380,12.7,12.0,8.0,277.2,34.65,10.0,Loyal Customers,Gold,0,5,0.22,4.0,0.0836,Low,Standard engagement / newsletter,0
CUST01420,2024-08-06,64,Female,North,Referral,512,17.1,7.0,31.0,1591.97,51.35,15.0,Champions,Platinum,0,13,0.6,4.2,0.0022,Low,Upsell / referral program invite,0
CUST01421,2025-08-25,52,Female,East,Referral,128,4.3,38.0,1.0,34.98,34.98,5.0,Promising,Bronze,0,1,0.28,2.5,0.6899,High,Send targeted discount / re-engagement email,0
CUST01422,2025-07-22,22,Female,East,Paid Ads,162,5.4,76.0,2.0,67.19,33.6,4.0,Hibernating,Bronze,1,0,0.11,4.0,0.2263,Low,Standard engagement / newsletter,0
CUST01423,2025-12-12,50,Male,Central,Paid Ads,19,0.6,5.0,1.0,38.42,38.42,7.0,New Customers,Bronze,0,4,0.39,4.4,0.0046,Low,Standard engagement / newsletter,0
CUST01424,2024-06-25,48,Male,Central,Social Media,554,18.5,6.0,8.0,421.08,52.64,12.0,Loyal Customers,Gold,1,0,0.47,2.2,0.1345,Low,Standard engagement / newsletter,0
CUST01425,2024-04-28,38,Other,East,Paid Ads,612,20.4,36.0,2.0,55.91,27.96,5.0,Promising,Bronze,0,0,0.11,4.7,0.4512,Medium,Monitor + include in nurture campaign,0
CUST01426,2025-08-17,36,Other,North,Social Media,136,4.5,65.0,3.0,162.97,54.32,6.0,Hibernating,Silver,0,3,0.68,4.2,0.0791,Low,Standard engagement / newsletter,0
CUST01427,2024-04-27,40,Female,East,Social Media,613,20.4,3.0,15.0,602.3,40.15,14.0,Champions,Platinum,0,7,0.77,5.0,0.0149,Low,Upsell / referral program invite,0
CUST01428,2025-05-19,52,Female,West,Organic Search,226,7.5,10.0,3.0,178.44,59.48,8.0,New Customers,Silver,1,6,0.32,4.1,0.0366,Low,Standard engagement / newsletter,0
CUST01429,2025-02-27,53,Other,Central,Paid Ads,307,10.2,176.0,1.0,46.74,46.74,3.0,Hibernating,Bronze,2,2,0.63,2.9,0.941,High,Send targeted discount / re-engagement email,1
CUST01430,2025-05-11,36,Female,South,Email Campaign,234,7.8,31.0,3.0,159.01999999999998,53.01,7.0,Promising,Silver,0,0,0.19,3.4,0.262,Low,Standard engagement / newsletter,0
CUST01431,2025-08-10,52,Other,West,Referral,143,4.8,24.0,6.0,334.79,55.8,9.0,Loyal Customers,Gold,0,10,0.48,4.9,0.0279,Low,Standard engagement / newsletter,0
CUST01432,2025-09-07,50,Other,East,Paid Ads,115,3.8,81.0,3.0,171.24,57.08,6.0,Hibernating,Silver,1,5,0.68,4.6,0.0095,Low,Standard engagement / newsletter,0
CUST01433,2024-03-19,49,Other,Central,Paid Ads,652,21.7,199.0,9.0,404.54,44.95,8.0,At Risk,Gold,2,1,0.27,3.4,0.8334,High,Send targeted discount / re-engagement email,1
CUST01434,2025-11-03,35,Female,North,Social Media,58,1.9,2.0,4.0,167.57999999999998,41.9,9.0,New Customers,Silver,0,10,0.67,5.0,0.0023,Low,Standard engagement / newsletter,0
CUST01435,2025-03-17,27,Male,East,Email Campaign,289,9.6,75.0,5.0,254.62,50.92,8.0,At Risk,Silver,1,1,0.59,4.5,0.1137,Low,Standard engagement / newsletter,0
CUST01436,2025-12-13,27,Male,East,Organic Search,18,0.6,17.0,1.0,77.9,77.9,6.0,New Customers,Bronze,2,7,0.23,3.3,0.0179,Low,Standard engagement / newsletter,0
CUST01437,2024-10-02,43,Male,East,Paid Ads,455,15.2,37.0,2.0,112.27,56.14,6.0,Promising,Silver,0,0,0.34,4.1,0.4758,Medium,Monitor + include in nurture campaign,0
CUST01438,2024-09-07,38,Other,East,Social Media,480,16.0,61.0,15.0,1063.46,70.9,12.0,At Risk,Platinum,0,4,0.31,3.7,0.0064,Low,Standard engagement / newsletter,0
CUST01439,2024-12-30,50,Female,East,Referral,366,12.2,24.0,8.0,578.5,72.31,10.0,Loyal Customers,Gold,2,4,0.16,4.2,0.0221,Low,Standard engagement / newsletter,0
CUST01440,2024-12-21,36,Other,East,Social Media,375,12.5,157.0,3.0,100.78,33.59,4.0,Hibernating,Silver,1,1,0.27,2.2,0.7871,High,Send targeted discount / re-engagement email,1
CUST01441,2025-11-18,35,Male,West,Organic Search,43,1.4,18.0,2.0,55.73,27.86,6.0,New Customers,Bronze,0,9,0.56,4.6,0.0029,Low,Standard engagement / newsletter,0
CUST01442,2025-02-20,36,Other,Central,Email Campaign,314,10.5,114.0,5.0,219.19,43.84,6.0,Lost,Silver,0,2,0.13,2.5,0.7795,High,Send targeted discount / re-engagement email,1
CUST01443,2024-10-22,30,Other,North,Social Media,435,14.5,15.0,7.0,507.52,72.5,11.0,Loyal Customers,Gold,0,6,0.28,4.0,0.0388,Low,Standard engagement / newsletter,0
CUST01444,2025-03-30,44,Male,Central,Organic Search,276,9.2,69.0,1.0,79.32,79.32,4.0,Hibernating,Silver,0,0,0.18,2.8,0.943,High,Send targeted discount / re-engagement email,0
CUST01445,2024-11-16,48,Other,West,Email Campaign,410,13.7,37.0,9.0,699.19,77.69,11.0,Loyal Customers,Platinum,2,1,0.41,3.9,0.0091,Low,Standard engagement / newsletter,0
CUST01446,2024-08-12,28,Female,West,Organic Search,506,16.9,36.0,7.0,347.12,49.59,9.0,Loyal Customers,Gold,0,1,0.24,3.5,0.2277,Low,Standard engagement / newsletter,0
CUST01447,2025-11-28,47,Male,South,Paid Ads,33,1.1,33.0,0.0,0.0,0.0,1.0,Hibernating,Bronze,0,2,0.44,3.1,0.0062,Low,Standard engagement / newsletter,0
CUST01448,2024-02-08,36,Female,West,Email Campaign,692,23.1,52.0,16.0,969.31,60.58,12.0,At Risk,Platinum,0,6,0.19,4.6,0.0353,Low,Standard engagement / newsletter,0
CUST01449,2024-10-20,29,Female,South,Referral,437,14.6,26.0,10.0,607.71,60.77,11.0,Loyal Customers,Platinum,0,9,0.48,3.8,0.0325,Low,Standard engagement / newsletter,0
CUST01450,2024-02-17,44,Other,South,Organic Search,683,22.8,55.0,38.0,2430.13,63.95,12.0,At Risk,Platinum,0,16,0.47,4.8,0.0012,Low,Standard engagement / newsletter,0
CUST01451,2025-10-12,26,Female,East,Paid Ads,80,2.7,2.0,2.0,76.14,38.07,7.0,New Customers,Bronze,1,2,0.46,4.1,0.0026,Low,Standard engagement / newsletter,0
CUST01452,2024-09-01,35,Female,North,Organic Search,486,16.2,26.0,7.0,339.40000000000003,48.49,9.0,Loyal Customers,Gold,1,1,0.33,3.3,0.2566,Low,Standard engagement / newsletter,0
CUST01453,2025-03-10,30,Female,East,Paid Ads,296,9.9,2.0,8.0,381.03,47.63,11.0,Loyal Customers,Gold,2,6,0.3,3.8,0.1005,Low,Standard engagement / newsletter,0
CUST01454,2025-11-27,41,Male,Central,Paid Ads,34,1.1,6.0,3.0,287.26,95.75,10.0,New Customers,Gold,1,13,0.49,3.9,0.002,Low,Standard engagement / newsletter,0
CUST01455,2024-02-07,53,Female,North,Paid Ads,693,23.1,60.0,20.0,1006.07,50.3,12.0,At Risk,Platinum,1,7,0.42,3.3,0.0045,Low,Standard engagement / newsletter,0
CUST01456,2024-11-06,32,Other,West,Social Media,420,14.0,14.0,12.0,624.73,52.06,12.0,Champions,Platinum,2,6,0.53,3.5,0.1398,Low,Upsell / referral program invite,0
CUST01457,2024-12-22,41,Female,West,Social Media,374,12.5,200.0,2.0,43.37,21.68,3.0,Hibernating,Bronze,0,1,0.0,4.4,0.9177,High,Send targeted discount / re-engagement email,1
CUST01458,2025-11-21,37,Female,North,Organic Search,40,1.3,12.0,1.0,21.63,21.63,6.0,New Customers,Bronze,0,4,0.59,3.9,0.0031,Low,Standard engagement / newsletter,0
CUST01459,2024-06-23,40,Other,South,Referral,556,18.5,38.0,5.0,250.56,50.11,9.0,Loyal Customers,Silver,0,4,0.14,3.3,0.3924,Medium,Monitor + include in nurture campaign,0
CUST01460,2024-03-09,38,Male,East,Email Campaign,662,22.1,87.0,3.0,112.38,37.46,5.0,Hibernating,Silver,1,0,0.0,4.6,0.423,Medium,Monitor + include in nurture campaign,0
CUST01461,2024-08-29,45,Male,North,Organic Search,489,16.3,189.0,7.0,139.63,19.95,6.0,Lost,Silver,1,1,0.45,3.6,0.8509,High,Send targeted discount / re-engagement email,1
CUST01462,2025-08-02,31,Other,South,Paid Ads,151,5.0,69.0,1.0,30.77,30.77,4.0,Hibernating,Bronze,0,6,0.47,4.1,0.6796,High,Send targeted discount / re-engagement email,0
CUST01463,2024-08-03,28,Other,East,Referral,515,17.2,4.0,27.0,1936.64,71.73,15.0,Champions,Platinum,0,6,0.79,4.6,0.0031,Low,Upsell / referral program invite,0
CUST01464,2024-05-10,28,Male,North,Social Media,600,20.0,23.0,24.0,1735.43,72.31,14.0,Champions,Platinum,0,7,0.68,4.4,0.0025,Low,Upsell / referral program invite,0
CUST01465,2024-07-22,18,Other,Central,Referral,527,17.6,85.0,7.0,390.3,55.76,8.0,At Risk,Gold,1,2,0.43,2.9,0.1809,Low,Standard engagement / newsletter,0
CUST01466,2025-09-25,23,Male,North,Organic Search,97,3.2,97.0,0.0,0.0,0.0,1.0,Hibernating,Bronze,1,0,0.52,3.4,0.9808,High,Send targeted discount / re-engagement email,1
CUST01467,2024-08-19,36,Female,East,Social Media,499,16.6,23.0,21.0,940.81,44.8,14.0,Champions,Platinum,0,3,0.31,2.8,0.0164,Low,Upsell / referral program invite,0
CUST01468,2024-08-12,34,Other,Central,Email Campaign,506,16.9,96.0,18.0,1021.04,56.72,11.0,At Risk,Platinum,1,6,0.08,4.2,0.02,Low,Standard engagement / newsletter,1
CUST01469,2025-07-02,41,Other,East,Social Media,182,6.1,5.0,5.0,228.17,45.63,10.0,Others,Silver,0,17,0.46,5.0,0.0479,Low,Standard engagement / newsletter,0
CUST01470,2024-02-19,27,Other,South,Referral,681,22.7,5.0,24.0,1556.45,64.85,15.0,Champions,Platinum,0,13,0.47,3.8,0.0027,Low,Upsell / referral program invite,0
CUST01471,2024-05-13,40,Female,East,Paid Ads,597,19.9,597.0,0.0,0.0,0.0,1.0,Hibernating,Bronze,2,0,0.11,2.8,0.9979,High,Send targeted discount / re-engagement email,1
CUST01472,2025-10-30,53,Male,West,Organic Search,62,2.1,6.0,3.0,341.23,113.74,10.0,New Customers,Gold,0,10,0.54,5.0,0.0013,Low,Standard engagement / newsletter,0
CUST01473,2025-08-24,41,Male,South,Paid Ads,129,4.3,7.0,4.0,213.73,53.43,9.0,New Customers,Silver,1,3,0.43,3.5,0.0208,Low,Standard engagement / newsletter,0
CUST01474,2024-12-24,35,Male,North,Email Campaign,372,12.4,23.0,10.0,734.88,73.49,12.0,Champions,Platinum,0,15,0.48,4.2,0.0359,Low,Upsell / referral program invite,0
CUST01475,2025-10-16,36,Other,South,Organic Search,76,2.5,31.0,1.0,56.15,56.15,5.0,Promising,Bronze,0,0,0.58,2.0,0.007,Low,Standard engagement / newsletter,0
CUST01476,2024-07-21,40,Female,North,Social Media,528,17.6,39.0,17.0,829.56,48.8,12.0,Loyal Customers,Platinum,1,8,0.48,3.9,0.0203,Low,Standard engagement / newsletter,0
CUST01477,2024-10-02,23,Other,East,Email Campaign,455,15.2,178.0,8.0,347.70000000000005,43.46,7.0,At Risk,Gold,0,6,0.38,4.3,0.6157,Medium,Monitor + include in nurture campaign,1
CUST01478,2024-04-27,39,Other,North,Email Campaign,613,20.4,75.0,6.0,181.39,30.23,7.0,Others,Silver,1,3,0.37,4.5,0.2347,Low,Standard engagement / newsletter,0
CUST01479,2024-12-18,45,Male,North,Organic Search,378,12.6,67.0,12.0,610.58,50.88,10.0,At Risk,Platinum,2,5,0.31,3.7,0.045,Low,Standard engagement / newsletter,0
CUST01480,2024-04-19,47,Male,North,Social Media,621,20.7,15.0,6.0,374.1,62.35,10.0,Loyal Customers,Gold,2,2,0.34,4.2,0.5884,Medium,Monitor + include in nurture campaign,0
CUST01481,2024-03-02,22,Female,West,Organic Search,669,22.3,183.0,13.0,734.03,56.46,9.0,At Risk,Platinum,1,2,0.41,3.5,0.8426,High,Send targeted discount / re-engagement email,1
CUST01482,2024-07-10,18,Other,East,Social Media,539,18.0,8.0,25.0,1948.59,77.94,15.0,Champions,Platinum,0,7,0.19,4.4,0.0018,Low,Upsell / referral program invite,0
CUST01483,2025-11-04,33,Other,South,Paid Ads,57,1.9,36.0,2.0,129.78,64.89,7.0,Promising,Silver,1,5,0.44,3.8,0.0052,Low,Standard engagement / newsletter,0
CUST01484,2024-10-01,36,Other,North,Referral,456,15.2,15.0,25.0,1808.88,72.36,14.0,Champions,Platinum,0,6,0.66,5.0,0.0008,Low,Upsell / referral program invite,0
CUST01485,2025-12-22,33,Female,North,Email Campaign,9,0.3,2.0,1.0,82.0,82.0,7.0,New Customers,Silver,0,7,0.33,3.8,0.0015,Low,Standard engagement / newsletter,0
CUST01486,2025-12-08,41,Female,Central,Email Campaign,23,0.8,5.0,2.0,124.1,62.05,9.0,New Customers,Silver,0,9,0.48,3.1,0.0027,Low,Standard engagement / newsletter,0
CUST01487,2024-08-27,23,Other,South,Social Media,491,16.4,5.0,7.0,328.13,46.88,11.0,Loyal Customers,Gold,0,2,0.33,3.5,0.2274,Low,Standard engagement / newsletter,0
CUST01488,2025-10-18,43,Male,Central,Email Campaign,74,2.5,6.0,3.0,314.56,104.85,10.0,New Customers,Gold,0,10,0.48,3.9,0.001,Low,Standard engagement / newsletter,0
CUST01489,2025-09-13,52,Male,East,Organic Search,109,3.6,109.0,0.0,0.0,0.0,1.0,Hibernating,Bronze,0,0,0.24,2.4,0.9815,High,Send targeted discount / re-engagement email,1
CUST01490,2024-08-22,43,Male,West,Paid Ads,496,16.5,25.0,16.0,1455.79,90.99,13.0,Loyal Customers,Platinum,0,11,0.36,3.6,0.0098,Low,Standard engagement / newsletter,0
CUST01491,2025-03-20,26,Other,South,Referral,286,9.5,30.0,10.0,476.49,47.65,11.0,Loyal Customers,Gold,1,6,0.23,3.8,0.0588,Low,Standard engagement / newsletter,0
CUST01492,2025-07-24,33,Other,South,Referral,160,5.3,55.0,3.0,105.25,35.08,5.0,Hibernating,Silver,1,2,0.12,3.7,0.0215,Low,Standard engagement / newsletter,0
CUST01493,2024-04-02,30,Other,West,Referral,638,21.3,17.0,21.0,996.94,47.47,14.0,Champions,Platinum,0,6,0.46,3.5,0.0062,Low,Upsell / referral program invite,0
CUST01494,2025-03-25,29,Male,North,Email Campaign,281,9.4,2.0,10.0,470.45,47.04,13.0,Champions,Gold,1,6,0.08,3.8,0.0694,Low,Upsell / referral program invite,0
CUST01495,2025-05-02,51,Female,South,Social Media,243,8.1,11.0,2.0,58.78,29.39,7.0,New Customers,Bronze,0,1,0.26,3.3,0.2671,Low,Standard engagement / newsletter,0
CUST01496,2024-11-24,32,Female,South,Organic Search,402,13.4,13.0,11.0,713.57,64.87,12.0,Champions,Platinum,0,4,0.46,3.7,0.0238,Low,Upsell / referral program invite,0
CUST01497,2024-05-06,53,Male,North,Organic Search,604,20.1,604.0,0.0,0.0,0.0,1.0,Hibernating,Bronze,0,0,0.21,2.4,0.9972,High,Send targeted discount / re-engagement email,1
CUST01498,2025-04-28,24,Other,West,Paid Ads,247,8.2,18.0,16.0,913.79,57.11,14.0,Champions,Platinum,1,9,0.35,5.0,0.0029,Low,Upsell / referral program invite,0
CUST01499,2024-02-09,21,Male,Central,Organic Search,691,23.0,116.0,17.0,857.06,50.42,11.0,At Risk,Platinum,1,6,0.51,4.9,0.8422,High,Send targeted discount / re-engagement email,1
CUST01500,2024-02-26,45,Other,North,Referral,674,22.5,2.0,11.0,400.6,36.42,12.0,Loyal Customers,Gold,1,5,0.36,4.1,0.1713,Low,Standard engagement / newsletter,0
CUST01501,2024-07-27,37,Other,South,Social Media,522,17.4,32.0,28.0,2064.34,73.73,13.0,Loyal Customers,Platinum,1,11,0.63,5.0,0.0008,Low,Standard engagement / newsletter,0
CUST01502,2024-08-03,35,Female,East,Social Media,515,17.2,63.0,20.0,1432.34,71.62,12.0,At Risk,Platinum,0,15,0.59,4.6,0.0011,Low,Standard engagement / newsletter,0
CUST01503,2024-04-23,41,Male,North,Paid Ads,617,20.6,88.0,4.0,99.99,25.0,4.0,Hibernating,Silver,0,0,0.11,1.7,0.1791,Low,Standard engagement / newsletter,0
CUST01504,2025-01-22,57,Male,East,Referral,343,11.4,252.0,1.0,17.57,17.57,3.0,Hibernating,Bronze,0,0,0.2,3.7,0.9923,High,Send targeted discount / re-engagement email,1
CUST01505,2024-05-16,24,Other,East,Social Media,594,19.8,43.0,4.0,167.16,41.79,6.0,Hibernating,Silver,0,1,0.65,4.7,0.335,Medium,Monitor + include in nurture campaign,0
CUST01506,2024-08-25,20,Other,North,Organic Search,493,16.4,1.0,6.0,368.09,61.35,11.0,Loyal Customers,Gold,0,3,0.47,3.1,0.2953,Low,Standard engagement / newsletter,0
CUST01507,2025-11-17,49,Male,North,Paid Ads,44,1.5,3.0,2.0,103.8,51.9,8.0,New Customers,Silver,1,3,0.4,3.2,0.002,Low,Standard engagement / newsletter,0
CUST01508,2024-06-28,40,Other,South,Referral,551,18.4,21.0,16.0,983.51,61.47,14.0,Champions,Platinum,0,8,0.7,4.4,0.003,Low,Upsell / referral program invite,0
CUST01509,2024-06-07,41,Female,West,Email Campaign,572,19.1,60.0,8.0,413.88,51.74,8.0,At Risk,Gold,0,3,0.31,3.0,0.1292,Low,Standard engagement / newsletter,0
CUST01510,2024-08-27,40,Female,North,Referral,491,16.4,36.0,11.0,610.05,55.46,11.0,Loyal Customers,Platinum,0,3,0.29,3.3,0.0349,Low,Standard engagement / newsletter,0
CUST01511,2025-12-04,18,Female,South,Organic Search,27,0.9,16.0,2.0,83.49000000000001,41.74,7.0,New Customers,Silver,0,7,0.21,3.4,0.0029,Low,Standard engagement / newsletter,0
CUST01512,2025-02-02,36,Female,West,Social Media,332,11.1,332.0,0.0,0.0,0.0,1.0,Hibernating,Bronze,0,0,0.09,3.7,0.9944,High,Send targeted discount / re-engagement email,1
CUST01513,2025-07-22,28,Female,West,Social Media,162,5.4,160.0,1.0,50.68,50.68,3.0,Hibernating,Bronze,1,2,0.25,3.3,0.9151,High,Send targeted discount / re-engagement email,1
CUST01514,2024-09-11,18,Female,South,Organic Search,476,15.9,270.0,1.0,47.35,47.35,3.0,Hibernating,Bronze,1,0,0.0,2.4,0.9601,High,Send targeted discount / re-engagement email,1
CUST01515,2025-10-20,54,Male,North,Paid Ads,72,2.4,72.0,0.0,0.0,0.0,1.0,Hibernating,Bronze,1,3,0.34,3.9,0.005,Low,Standard engagement / newsletter,0
CUST01516,2025-08-14,46,Male,West,Email Campaign,139,4.6,139.0,0.0,0.0,0.0,1.0,Hibernating,Bronze,0,0,0.24,3.3,0.9882,High,Send targeted discount / re-engagement email,1
CUST01517,2024-02-05,58,Female,Central,Social Media,695,23.2,5.0,16.0,807.85,50.49,14.0,Champions,Platinum,0,5,0.21,3.6,0.2122,Low,Upsell / referral program invite,0
CUST01518,2025-06-08,26,Male,Central,Social Media,206,6.9,156.0,2.0,90.13,45.06,4.0,Hibernating,Silver,0,3,0.3,4.2,0.7581,High,Send targeted discount / re-engagement email,1
CUST01519,2025-03-20,45,Female,Central,Organic Search,286,9.5,15.0,9.0,502.14,55.79,12.0,Champions,Gold,1,4,0.17,3.7,0.0165,Low,Upsell / referral program invite,0
CUST01520,2024-05-22,29,Other,South,Social Media,588,19.6,40.0,11.0,453.53,41.23,11.0,Loyal Customers,Gold,1,1,0.23,3.3,0.1346,Low,Standard engagement / newsletter,0
CUST01521,2025-06-08,20,Female,North,Social Media,206,6.9,153.0,1.0,38.44,38.44,3.0,Hibernating,Bronze,0,3,0.26,3.2,0.9076,High,Send targeted discount / re-engagement email,1
CUST01522,2025-11-18,36,Female,North,Organic Search,43,1.4,43.0,0.0,0.0,0.0,1.0,Hibernating,Bronze,0,4,0.18,2.8,0.0058,Low,Standard engagement / newsletter,0
CUST01523,2025-12-05,49,Female,East,Organic Search,26,0.9,1.0,2.0,130.31,65.16,9.0,New Customers,Silver,0,5,0.18,5.0,0.0015,Low,Standard engagement / newsletter,0
CUST01524,2025-05-10,37,Other,Central,Email Campaign,235,7.8,13.0,5.0,196.0,39.2,9.0,Others,Silver,1,0,0.55,4.0,0.0746,Low,Standard engagement / newsletter,0
CUST01525,2024-11-08,34,Other,Central,Paid Ads,418,13.9,31.0,6.0,334.15,55.69,9.0,Loyal Customers,Gold,1,0,0.35,3.4,0.5677,Medium,Monitor + include in nurture campaign,0
CUST01526,2024-01-28,33,Other,East,Email Campaign,703,23.4,51.0,36.0,2345.39,65.15,12.0,At Risk,Platinum,0,9,0.47,4.3,0.0063,Low,Standard engagement / newsletter,0
CUST01527,2025-12-16,49,Other,Central,Organic Search,15,0.5,15.0,0.0,0.0,0.0,1.0,Hibernating,Bronze,1,4,0.47,4.1,0.0074,Low,Standard engagement / newsletter,0
CUST01528,2024-04-17,43,Female,South,Social Media,623,20.8,62.0,7.0,218.26,31.18,7.0,Others,Silver,0,2,0.18,2.5,0.1982,Low,Standard engagement / newsletter,0
CUST01529,2025-02-24,48,Female,West,Paid Ads,310,10.3,98.0,4.0,196.78,49.2,5.0,Hibernating,Silver,2,2,0.0,3.8,0.6411,Medium,Monitor + include in nurture campaign,1
CUST01530,2025-11-27,47,Other,Central,Organic Search,34,1.1,22.0,1.0,38.85,38.85,6.0,New Customers,Bronze,0,4,0.24,2.1,0.0093,Low,Standard engagement / newsletter,0
CUST01531,2025-03-29,33,Male,South,Email Campaign,277,9.2,47.0,5.0,453.65,90.73,9.0,At Risk,Gold,1,3,0.5,3.7,0.0555,Low,Standard engagement / newsletter,0
CUST01532,2025-02-22,28,Female,West,Paid Ads,312,10.4,312.0,0.0,0.0,0.0,1.0,Hibernating,Bronze,1,0,0.16,2.9,0.9963,High,Send targeted discount / re-engagement email,1
CUST01533,2024-11-27,33,Male,West,Referral,399,13.3,28.0,15.0,698.53,46.57,12.0,Loyal Customers,Platinum,0,5,0.38,3.2,0.0273,Low,Standard engagement / newsletter,0
CUST01534,2024-03-02,48,Male,East,Referral,669,22.3,396.0,1.0,132.81,132.81,4.0,Hibernating,Silver,2,0,0.17,3.7,0.9272,High,Send targeted discount / re-engagement email,1
CUST01535,2025-08-16,34,Male,Central,Paid Ads,137,4.6,74.0,1.0,80.01,80.01,4.0,Hibernating,Silver,1,2,0.67,4.2,0.7199,High,Send targeted discount / re-engagement email,0
CUST01536,2025-05-09,22,Other,West,Social Media,236,7.9,42.0,14.0,1012.43,72.32,12.0,Loyal Customers,Platinum,0,12,0.63,4.1,0.001,Low,Standard engagement / newsletter,0
CUST01537,2025-03-20,31,Male,North,Social Media,286,9.5,17.0,3.0,60.35,20.12,7.0,New Customers,Bronze,1,6,0.32,2.9,0.1073,Low,Standard engagement / newsletter,0
CUST01538,2024-08-13,30,Female,Central,Social Media,505,16.8,53.0,22.0,1320.3,60.01,12.0,At Risk,Platinum,0,15,0.69,5.0,0.0011,Low,Standard engagement / newsletter,0
CUST01539,2025-08-23,29,Male,West,Social Media,130,4.3,36.0,1.0,17.85,17.85,5.0,Promising,Bronze,1,3,0.35,3.9,0.1991,Low,Standard engagement / newsletter,0
CUST01540,2025-11-18,60,Female,North,Social Media,43,1.4,1.0,4.0,220.49,55.12,9.0,New Customers,Silver,0,7,0.19,3.4,0.0014,Low,Standard engagement / newsletter,0
CUST01541,2025-11-29,30,Other,North,Organic Search,32,1.1,1.0,1.0,101.0,101.0,7.0,New Customers,Silver,0,4,0.19,3.9,0.0018,Low,Standard engagement / newsletter,0
CUST01542,2025-01-07,42,Female,West,Organic Search,358,11.9,41.0,8.0,403.15,50.39,10.0,Loyal Customers,Gold,2,4,0.39,4.4,0.2339,Low,Standard engagement / newsletter,0
CUST01543,2025-02-24,33,Other,Central,Organic Search,310,10.3,10.0,8.0,310.34,38.79,11.0,Loyal Customers,Gold,1,1,0.28,3.3,0.109,Low,Standard engagement / newsletter,0
CUST01544,2025-11-09,24,Male,Central,Email Campaign,52,1.7,44.0,1.0,43.16,43.16,4.0,Hibernating,Bronze,2,1,0.26,3.4,0.0078,Low,Standard engagement / newsletter,0
CUST01545,2025-10-07,44,Other,East,Email Campaign,85,2.8,85.0,0.0,0.0,0.0,1.0,Hibernating,Bronze,0,1,0.23,4.3,0.0052,Low,Standard engagement / newsletter,0
CUST01546,2025-04-11,55,Other,South,Social Media,264,8.8,12.0,4.0,387.69000000000005,96.92,9.0,New Customers,Gold,1,4,0.32,3.7,0.0327,Low,Standard engagement / newsletter,0
CUST01547,2025-02-25,75,Female,East,Organic Search,309,10.3,39.0,5.0,360.61,72.12,9.0,Loyal Customers,Gold,1,3,0.4,4.1,0.0353,Low,Standard engagement / newsletter,0
CUST01548,2024-12-29,24,Male,West,Referral,367,12.2,68.0,7.0,480.69,68.67,9.0,At Risk,Gold,0,9,0.13,4.8,0.0079,Low,Standard engagement / newsletter,0
CUST01549,2025-07-17,61,Other,Central,Email Campaign,167,5.6,2.0,8.0,447.74,55.97,13.0,Champions,Gold,1,7,0.56,2.6,0.0057,Low,Upsell / referral program invite,0
CUST01550,2024-07-12,28,Female,East,Social Media,537,17.9,35.0,11.0,494.41,44.95,11.0,Loyal Customers,Gold,0,10,0.25,4.8,0.025,Low,Standard engagement / newsletter,0
CUST01551,2024-08-30,18,Male,North,Paid Ads,488,16.3,121.0,2.0,167.20999999999998,83.6,5.0,Hibernating,Silver,0,1,0.1,3.3,0.9492,High,Send targeted discount / re-engagement email,1
CUST01552,2024-01-26,38,Male,East,Referral,705,23.5,172.0,12.0,478.93,39.91,9.0,At Risk,Gold,0,2,0.27,4.2,0.8278,High,Send targeted discount / re-engagement email,1
CUST01553,2024-08-23,57,Other,East,Email Campaign,495,16.5,1.0,16.0,940.47,58.78,15.0,Champions,Platinum,1,8,0.43,4.5,0.0158,Low,Upsell / referral program invite,0
CUST01554,2024-02-29,42,Other,East,Organic Search,671,22.4,36.0,17.0,760.35,44.73,12.0,Loyal Customers,Platinum,0,8,0.5,4.2,0.0905,Low,Standard engagement / newsletter,0
CUST01555,2025-11-30,21,Male,South,Social Media,31,1.0,31.0,0.0,0.0,0.0,1.0,Hibernating,Bronze,1,4,0.18,4.0,0.0098,Low,Standard engagement / newsletter,0
CUST01556,2024-10-27,45,Male,West,Organic Search,430,14.3,20.0,8.0,571.29,71.41,12.0,Champions,Gold,0,8,0.38,4.4,0.0129,Low,Upsell / referral program invite,0
CUST01557,2024-03-15,32,Female,Central,Paid Ads,656,21.9,16.0,30.0,2214.47,73.82,14.0,Champions,Platinum,0,8,0.62,4.7,0.0032,Low,Upsell / referral program invite,0
CUST01558,2024-12-19,45,Male,North,Social Media,377,12.6,48.0,7.0,251.97,36.0,8.0,At Risk,Silver,0,5,0.3,5.0,0.1186,Low,Standard engagement / newsletter,0
CUST01559,2024-02-13,26,Male,West,Paid Ads,687,22.9,66.0,9.0,368.83,40.98,9.0,At Risk,Gold,1,2,0.24,3.2,0.4692,Medium,Monitor + include in nurture campaign,0
CUST01560,2024-02-06,40,Other,East,Organic Search,694,23.1,5.0,31.0,2247.59,72.5,15.0,Champions,Platinum,0,10,0.6,4.9,0.0008,Low,Upsell / referral program invite,0
CUST01561,2024-03-23,37,Female,North,Email Campaign,648,21.6,281.0,2.0,45.27,22.64,4.0,Hibernating,Bronze,0,0,0.24,3.0,0.9688,High,Send targeted discount / re-engagement email,1
CUST01562,2024-07-02,31,Male,West,Social Media,547,18.2,53.0,4.0,168.28,42.07,6.0,Hibernating,Silver,0,0,0.23,2.8,0.4398,Medium,Monitor + include in nurture campaign,0
CUST01563,2024-01-28,64,Other,Central,Email Campaign,703,23.4,108.0,11.0,592.0600000000001,53.82,9.0,At Risk,Gold,0,6,0.26,3.6,0.5677,Medium,Monitor + include in nurture campaign,1
CUST01564,2024-08-20,20,Male,West,Organic Search,498,16.6,74.0,9.0,502.22,55.8,10.0,At Risk,Gold,1,2,0.0,3.4,0.5512,Medium,Monitor + include in nurture campaign,0
CUST01565,2024-03-15,28,Other,North,Email Campaign,656,21.9,103.0,13.0,816.59,62.81,9.0,At Risk,Platinum,0,2,0.34,3.6,0.7551,High,Send targeted discount / re-engagement email,1
CUST01566,2025-11-07,34,Female,Central,Social Media,54,1.8,54.0,0.0,0.0,0.0,1.0,Hibernating,Bronze,0,3,0.29,4.8,0.0039,Low,Standard engagement / newsletter,0
CUST01567,2025-11-09,57,Other,South,Email Campaign,52,1.7,35.0,1.0,72.9,72.9,5.0,Promising,Bronze,0,2,0.24,3.8,0.0021,Low,Standard engagement / newsletter,0
CUST01568,2025-03-17,47,Male,South,Organic Search,289,9.6,29.0,3.0,118.67000000000002,39.56,7.0,Promising,Silver,0,9,0.56,3.2,0.1431,Low,Standard engagement / newsletter,0
CUST01569,2024-12-03,28,Female,Central,Email Campaign,393,13.1,5.0,10.0,621.03,62.1,13.0,Champions,Platinum,0,7,0.35,3.8,0.0374,Low,Upsell / referral program invite,0
CUST01570,2025-10-09,49,Female,Central,Social Media,83,2.8,3.0,2.0,85.36,42.68,8.0,New Customers,Silver,1,5,0.41,4.3,0.0098,Low,Standard engagement / newsletter,0
CUST01571,2024-12-05,40,Female,Central,Paid Ads,391,13.0,2.0,23.0,2008.67,87.33,15.0,Champions,Platinum,0,12,0.6,4.2,0.0025,Low,Upsell / referral program invite,0
CUST01572,2024-06-23,47,Female,West,Referral,556,18.5,61.0,5.0,171.67,34.33,7.0,Others,Silver,1,3,0.48,3.7,0.2518,Low,Standard engagement / newsletter,0
CUST01573,2025-08-19,46,Female,West,Paid Ads,134,4.5,11.0,4.0,258.67,64.67,9.0,New Customers,Silver,0,7,0.42,3.8,0.0141,Low,Standard engagement / newsletter,0
CUST01574,2024-01-12,71,Male,West,Email Campaign,719,24.0,18.0,39.0,2650.6,67.96,14.0,Champions,Platinum,0,12,0.23,4.8,0.0021,Low,Upsell / referral program invite,0
CUST01575,2025-12-08,29,Other,Central,Referral,23,0.8,19.0,1.0,41.86,41.86,6.0,New Customers,Bronze,1,4,0.0,2.7,0.0029,Low,Standard engagement / newsletter,0
CUST01576,2025-10-14,40,Other,Central,Referral,78,2.6,27.0,3.0,136.65,45.55,7.0,Promising,Silver,0,2,0.33,3.3,0.0026,Low,Standard engagement / newsletter,0
CUST01577,2024-03-29,55,Other,Central,Paid Ads,642,21.4,204.0,8.0,311.26,38.91,8.0,At Risk,Gold,1,2,0.32,4.6,0.9094,High,Send targeted discount / re-engagement email,1
CUST01578,2025-09-07,43,Male,South,Email Campaign,115,3.8,11.0,1.0,23.01,23.01,6.0,New Customers,Bronze,0,4,0.43,5.0,0.1087,Low,Standard engagement / newsletter,0
CUST01579,2025-09-21,26,Other,East,Referral,101,3.4,101.0,0.0,0.0,0.0,1.0,Hibernating,Bronze,0,2,0.33,3.5,0.9628,High,Send targeted discount / re-engagement email,1
CUST01580,2024-05-21,41,Other,South,Paid Ads,589,19.6,84.0,16.0,878.73,54.92,12.0,At Risk,Platinum,1,4,0.38,3.3,0.2207,Low,Standard engagement / newsletter,0
CUST01581,2025-06-16,23,Other,Central,Referral,198,6.6,198.0,0.0,0.0,0.0,1.0,Hibernating,Bronze,1,0,0.35,3.0,0.9932,High,Send targeted discount / re-engagement email,1
CUST01582,2025-06-13,50,Other,North,Referral,201,6.7,24.0,5.0,296.95,59.39,9.0,Loyal Customers,Gold,1,5,0.51,3.4,0.0264,Low,Standard engagement / newsletter,0
CUST01583,2024-06-07,32,Other,West,Email Campaign,572,19.1,46.0,19.0,876.12,46.11,12.0,At Risk,Platinum,0,4,0.48,3.6,0.0499,Low,Standard engagement / newsletter,0
CUST01584,2024-11-23,39,Other,West,Email Campaign,403,13.4,43.0,11.0,541.6,49.24,10.0,At Risk,Gold,1,2,0.27,2.1,0.0552,Low,Standard engagement / newsletter,0
CUST01585,2025-11-20,33,Female,West,Organic Search,41,1.4,3.0,3.0,186.78,62.26,9.0,New Customers,Silver,0,19,0.61,5.0,0.0021,Low,Standard engagement / newsletter,0
CUST01586,2025-06-22,34,Other,North,Organic Search,192,6.4,37.0,2.0,83.06,41.53,6.0,Promising,Silver,1,4,0.5,5.0,0.502,Medium,Monitor + include in nurture campaign,0
CUST01587,2025-01-30,53,Female,South,Organic Search,335,11.2,58.0,8.0,416.19,52.02,9.0,At Risk,Gold,1,4,0.47,3.3,0.0747,Low,Standard engagement / newsletter,0
CUST01588,2024-03-01,35,Other,North,Paid Ads,670,22.3,670.0,0.0,0.0,0.0,1.0,Hibernating,Bronze,0,0,0.11,4.1,0.9963,High,Send targeted discount / re-engagement email,1
CUST01589,2025-10-01,51,Female,South,Referral,91,3.0,27.0,1.0,33.89,33.89,5.0,Promising,Bronze,3,3,0.34,2.6,0.0042,Low,Standard engagement / newsletter,0
CUST01590,2025-10-16,33,Other,East,Paid Ads,76,2.5,8.0,4.0,318.16,79.54,10.0,New Customers,Gold,0,10,0.55,5.0,0.0023,Low,Standard engagement / newsletter,0
CUST01591,2025-10-20,24,Male,East,Paid Ads,72,2.4,72.0,0.0,0.0,0.0,1.0,Hibernating,Bronze,0,3,0.22,4.5,0.0061,Low,Standard engagement / newsletter,0
CUST01592,2025-12-14,55,Other,North,Referral,17,0.6,17.0,0.0,0.0,0.0,1.0,Hibernating,Bronze,0,2,0.37,3.6,0.0047,Low,Standard engagement / newsletter,0
CUST01593,2025-05-05,45,Female,North,Email Campaign,240,8.0,29.0,8.0,355.19,44.4,10.0,Loyal Customers,Gold,0,6,0.38,3.2,0.1017,Low,Standard engagement / newsletter,0
CUST01594,2024-02-14,30,Other,Central,Paid Ads,686,22.9,128.0,8.0,474.22,59.28,9.0,At Risk,Gold,3,1,0.3,3.6,0.7055,High,Send targeted discount / re-engagement email,1
CUST01595,2024-07-16,54,Other,Central,Social Media,533,17.8,42.0,11.0,701.22,63.75,11.0,Loyal Customers,Platinum,0,6,0.4,4.7,0.0496,Low,Standard engagement / newsletter,0
CUST01596,2025-12-08,48,Male,Central,Referral,23,0.8,12.0,2.0,100.97,50.48,7.0,New Customers,Silver,0,7,0.56,4.2,0.002,Low,Standard engagement / newsletter,0
CUST01597,2024-10-31,35,Other,North,Social Media,426,14.2,148.0,2.0,95.91,47.96,4.0,Hibernating,Silver,0,0,0.01,4.4,0.8923,High,Send targeted discount / re-engagement email,1
CUST01598,2025-12-18,40,Female,West,Referral,13,0.4,8.0,1.0,73.46,73.46,7.0,New Customers,Bronze,3,2,0.3,5.0,0.0026,Low,Standard engagement / newsletter,0
CUST01599,2025-06-13,56,Other,North,Organic Search,201,6.7,38.0,7.0,415.69,59.38,9.0,Loyal Customers,Gold,0,2,0.09,3.4,0.0226,Low,Standard engagement / newsletter,0
CUST01600,2025-06-03,19,Other,East,Paid Ads,211,7.0,164.0,1.0,55.19,55.19,3.0,Hibernating,Bronze,0,6,0.15,3.4,0.7316,High,Send targeted discount / re-engagement email,1
CUST01601,2024-02-10,35,Other,West,Paid Ads,690,23.0,60.0,13.0,692.98,53.31,10.0,At Risk,Platinum,0,6,0.44,3.9,0.557,Medium,Monitor + include in nurture campaign,0
CUST01602,2024-09-05,18,Other,East,Email Campaign,482,16.1,30.0,25.0,1466.7,58.67,13.0,Loyal Customers,Platinum,0,12,0.33,5.0,0.0006,Low,Standard engagement / newsletter,0
CUST01603,2024-02-10,49,Other,Central,Paid Ads,690,23.0,70.0,15.0,932.18,62.15,12.0,At Risk,Platinum,1,5,0.37,2.8,0.0852,Low,Standard engagement / newsletter,0
CUST01604,2025-02-22,40,Other,South,Referral,312,10.4,13.0,18.0,1171.0,65.06,14.0,Champions,Platinum,0,7,0.86,5.0,0.0005,Low,Upsell / referral program invite,0
CUST01605,2024-10-20,29,Female,South,Organic Search,437,14.6,23.0,7.0,300.23,42.89,10.0,Loyal Customers,Gold,0,0,0.31,3.5,0.0321,Low,Standard engagement / newsletter,0
CUST01606,2024-01-06,57,Male,South,Email Campaign,725,24.2,16.0,8.0,342.88,42.86,11.0,Loyal Customers,Gold,0,1,0.62,4.3,0.1008,Low,Standard engagement / newsletter,0
CUST01607,2025-04-07,36,Male,West,Organic Search,268,8.9,50.0,2.0,96.92,48.46,5.0,Hibernating,Silver,0,2,0.13,4.4,0.6111,Medium,Monitor + include in nurture campaign,0
CUST01608,2025-12-06,33,Female,East,Email Campaign,25,0.8,25.0,0.0,0.0,0.0,1.0,Hibernating,Bronze,0,5,0.4,4.2,0.0052,Low,Standard engagement / newsletter,0
CUST01609,2025-09-28,45,Female,South,Paid Ads,94,3.1,94.0,0.0,0.0,0.0,1.0,Hibernating,Bronze,1,4,0.47,2.6,0.8327,High,Send targeted discount / re-engagement email,1
CUST01610,2025-08-28,57,Other,East,Organic Search,125,4.2,118.0,1.0,77.23,77.23,3.0,Hibernating,Bronze,1,0,0.26,2.8,0.5366,Medium,Monitor + include in nurture campaign,1
CUST01611,2024-11-28,42,Female,West,Paid Ads,398,13.3,36.0,10.0,585.59,58.56,11.0,Loyal Customers,Gold,0,5,0.3,5.0,0.0261,Low,Standard engagement / newsletter,0
CUST01612,2024-02-28,36,Male,South,Referral,672,22.4,43.0,6.0,240.25,40.04,7.0,Others,Silver,0,1,0.31,3.8,0.5212,Medium,Monitor + include in nurture campaign,0
CUST01613,2024-12-02,39,Other,North,Email Campaign,394,13.1,394.0,0.0,0.0,0.0,1.0,Hibernating,Bronze,0,0,0.18,4.4,0.9964,High,Send targeted discount / re-engagement email,1
CUST01614,2025-09-06,29,Other,East,Social Media,116,3.9,26.0,4.0,305.47,76.37,8.0,Others,Gold,1,3,0.38,4.2,0.0687,Low,Standard engagement / newsletter,0
CUST01615,2025-08-01,30,Other,Central,Referral,152,5.1,63.0,2.0,167.11,83.56,6.0,Hibernating,Silver,1,8,0.62,4.2,0.0964,Low,Standard engagement / newsletter,0
CUST01616,2025-11-30,39,Male,East,Email Campaign,31,1.0,27.0,1.0,44.08,44.08,5.0,Promising,Bronze,0,6,0.38,3.9,0.0094,Low,Standard engagement / newsletter,0
CUST01617,2024-11-24,32,Male,South,Email Campaign,402,13.4,55.0,12.0,516.96,43.08,10.0,At Risk,Gold,1,4,0.45,5.0,0.1146,Low,Standard engagement / newsletter,0
CUST01618,2024-03-31,47,Male,Central,Paid Ads,640,21.3,127.0,14.0,829.03,59.22,9.0,At Risk,Platinum,0,10,0.44,4.1,0.0643,Low,Standard engagement / newsletter,1
CUST01619,2025-06-30,19,Female,Central,Email Campaign,184,6.1,28.0,3.0,135.95,45.32,7.0,Promising,Silver,1,6,0.63,4.2,0.1771,Low,Standard engagement / newsletter,0
CUST01620,2024-08-20,36,Female,North,Referral,498,16.6,13.0,36.0,2628.11,73.0,14.0,Champions,Platinum,2,13,0.37,4.8,0.001,Low,Upsell / referral program invite,0
CUST01621,2025-12-10,37,Male,South,Referral,21,0.7,21.0,0.0,0.0,0.0,1.0,Hibernating,Bronze,1,4,0.31,4.8,0.0073,Low,Standard engagement / newsletter,0
CUST01622,2025-09-15,41,Female,East,Referral,107,3.6,28.0,4.0,258.81,64.7,8.0,Others,Silver,0,10,0.48,3.9,0.009,Low,Standard engagement / newsletter,0
CUST01623,2025-05-11,41,Male,Central,Email Campaign,234,7.8,36.0,2.0,155.91,77.96,7.0,Promising,Silver,0,5,0.42,4.1,0.643,Medium,Monitor + include in nurture campaign,0
CUST01624,2024-05-09,31,Female,Central,Organic Search,601,20.0,137.0,17.0,870.23,51.19,11.0,At Risk,Platinum,0,4,0.35,4.3,0.8227,High,Send targeted discount / re-engagement email,1
CUST01625,2024-01-16,32,Male,East,Social Media,715,23.8,26.0,34.0,2502.51,73.6,13.0,Loyal Customers,Platinum,1,7,0.52,4.1,0.0019,Low,Standard engagement / newsletter,0
CUST01626,2025-02-28,42,Male,Central,Email Campaign,306,10.2,42.0,10.0,536.1999999999999,53.62,11.0,Loyal Customers,Gold,0,5,0.23,3.5,0.1192,Low,Standard engagement / newsletter,0
CUST01627,2024-01-19,42,Male,North,Referral,712,23.7,54.0,17.0,909.0,53.47,12.0,At Risk,Platinum,1,5,0.33,4.1,0.1958,Low,Standard engagement / newsletter,0
CUST01628,2025-01-09,41,Female,North,Social Media,356,11.9,20.0,7.0,326.64,46.66,10.0,Loyal Customers,Gold,1,7,0.72,3.0,0.1054,Low,Standard engagement / newsletter,0
CUST01629,2024-09-29,51,Female,Central,Referral,458,15.3,3.0,20.0,1387.15,69.36,15.0,Champions,Platinum,0,5,0.21,4.2,0.0018,Low,Upsell / referral program invite,0
CUST01630,2025-11-04,19,Male,Central,Referral,57,1.9,57.0,0.0,0.0,0.0,1.0,Hibernating,Bronze,0,0,0.23,2.8,0.0102,Low,Standard engagement / newsletter,0
CUST01631,2024-11-12,40,Other,Central,Social Media,414,13.8,342.0,1.0,16.31,16.31,3.0,Hibernating,Bronze,0,4,0.24,3.1,0.9958,High,Send targeted discount / re-engagement email,1
CUST01632,2024-07-14,24,Female,North,Referral,535,17.8,4.0,11.0,599.3,54.48,13.0,Champions,Platinum,0,9,0.29,3.2,0.0758,Low,Upsell / referral program invite,0
CUST01633,2025-11-30,39,Other,South,Referral,31,1.0,31.0,0.0,0.0,0.0,1.0,Hibernating,Bronze,1,6,0.47,3.2,0.0106,Low,Standard engagement / newsletter,0
CUST01634,2024-04-18,30,Other,North,Organic Search,622,20.7,11.0,29.0,1996.55,68.85,14.0,Champions,Platinum,0,11,0.62,5.0,0.0011,Low,Upsell / referral program invite,0
CUST01635,2024-12-23,27,Male,Central,Email Campaign,373,12.4,4.0,8.0,364.94,45.62,12.0,Loyal Customers,Gold,1,7,0.17,5.0,0.408,Medium,Monitor + include in nurture campaign,0
CUST01636,2024-07-31,24,Male,North,Paid Ads,518,17.3,18.0,24.0,1870.57,77.94,14.0,Champions,Platinum,0,12,0.28,4.4,0.002,Low,Upsell / referral program invite,0
CUST01637,2025-11-05,47,Other,South,Social Media,56,1.9,23.0,4.0,150.51,37.63,8.0,New Customers,Silver,2,2,0.16,3.6,0.0006,Low,Standard engagement / newsletter,0
CUST01638,2024-01-05,18,Male,South,Email Campaign,726,24.2,155.0,1.0,47.68,47.68,3.0,Hibernating,Bronze,2,0,0.12,3.3,0.9652,High,Send targeted discount / re-engagement email,1
CUST01639,2025-10-25,38,Other,West,Organic Search,67,2.2,44.0,1.0,81.47,81.47,4.0,Hibernating,Silver,0,0,0.31,3.7,0.001,Low,Standard engagement / newsletter,0
CUST01640,2024-06-29,44,Other,South,Organic Search,550,18.3,3.0,19.0,1308.79,68.88,15.0,Champions,Platinum,0,7,0.83,4.0,0.0004,Low,Upsell / referral program invite,0
CUST01641,2025-04-30,41,Female,East,Organic Search,245,8.2,60.0,10.0,541.83,54.18,10.0,At Risk,Gold,0,4,0.41,3.7,0.0133,Low,Standard engagement / newsletter,0
CUST01642,2024-10-10,18,Male,North,Organic Search,447,14.9,49.0,8.0,297.44,37.18,9.0,At Risk,Gold,1,3,0.4,4.3,0.4844,Medium,Monitor + include in nurture campaign,0
CUST01643,2025-11-15,37,Male,East,Email Campaign,46,1.5,37.0,1.0,63.54,63.54,5.0,Promising,Bronze,0,10,0.2,3.1,0.0043,Low,Standard engagement / newsletter,0
CUST01644,2024-06-08,52,Male,Central,Paid Ads,571,19.0,35.0,11.0,559.4,50.85,11.0,Loyal Customers,Gold,1,1,0.32,2.7,0.225,Low,Standard engagement / newsletter,0
CUST01645,2025-05-01,41,Female,West,Social Media,244,8.1,200.0,2.0,103.49,51.74,4.0,Hibernating,Silver,0,3,0.05,3.5,0.36,Medium,Monitor + include in nurture campaign,1
CUST01646,2024-09-16,38,Female,West,Social Media,471,15.7,25.0,9.0,349.26,38.81,10.0,Loyal Customers,Gold,1,2,0.29,3.5,0.1992,Low,Standard engagement / newsletter,0
CUST01647,2024-04-29,19,Female,North,Social Media,611,20.4,33.0,5.0,299.24,59.85,9.0,Loyal Customers,Gold,0,2,0.4,3.7,0.1336,Low,Standard engagement / newsletter,0
CUST01648,2025-07-01,23,Other,North,Email Campaign,183,6.1,8.0,5.0,241.24,48.25,10.0,Others,Silver,0,4,0.22,4.9,0.0677,Low,Standard engagement / newsletter,0
CUST01649,2025-07-09,18,Male,Central,Organic Search,175,5.8,22.0,3.0,158.04000000000002,52.68,8.0,New Customers,Silver,1,4,0.2,3.9,0.1551,Low,Standard engagement / newsletter,0
CUST01650,2024-06-15,48,Other,Central,Organic Search,564,18.8,128.0,1.0,65.48,65.48,3.0,Hibernating,Bronze,4,0,0.27,3.1,0.9914,High,Send targeted discount / re-engagement email,1
CUST01651,2024-12-19,39,Other,North,Referral,377,12.6,1.0,6.0,436.49,72.75,12.0,Loyal Customers,Gold,0,6,0.54,3.4,0.1063,Low,Standard engagement / newsletter,0
CUST01652,2025-11-07,64,Other,North,Referral,54,1.8,49.0,1.0,51.25,51.25,4.0,Hibernating,Bronze,0,5,0.34,4.1,0.0009,Low,Standard engagement / newsletter,0
CUST01653,2025-08-27,40,Other,East,Email Campaign,126,4.2,86.0,1.0,22.95,22.95,3.0,Hibernating,Bronze,2,0,0.45,4.5,0.3674,Medium,Monitor + include in nurture campaign,0
CUST01654,2025-02-12,24,Male,East,Social Media,322,10.7,208.0,2.0,216.42,108.21,5.0,Hibernating,Silver,0,0,0.23,4.2,0.941,High,Send targeted discount / re-engagement email,1
CUST01655,2024-09-17,36,Female,West,Organic Search,470,15.7,257.0,3.0,148.68,49.56,5.0,Hibernating,Silver,1,1,0.07,3.9,0.6764,High,Send targeted discount / re-engagement email,1
CUST01656,2025-08-29,27,Female,South,Email Campaign,124,4.1,30.0,6.0,365.91,60.99,9.0,Loyal Customers,Gold,0,4,0.32,4.0,0.0333,Low,Standard engagement / newsletter,0
CUST01657,2025-11-07,47,Male,South,Social Media,54,1.8,47.0,1.0,39.12,39.12,4.0,Hibernating,Bronze,0,8,0.54,3.6,0.0016,Low,Standard engagement / newsletter,0
CUST01658,2025-12-04,34,Other,East,Paid Ads,27,0.9,1.0,1.0,62.84,62.84,7.0,New Customers,Bronze,0,2,0.32,4.0,0.0033,Low,Standard engagement / newsletter,0
CUST01659,2025-01-03,24,Female,East,Organic Search,362,12.1,12.0,11.0,483.58,43.96,12.0,Champions,Gold,0,6,0.39,4.5,0.1077,Low,Upsell / referral program invite,0
CUST01660,2024-02-06,49,Other,Central,Paid Ads,694,23.1,68.0,8.0,375.55,46.94,9.0,At Risk,Gold,2,2,0.75,3.3,0.2832,Low,Standard engagement / newsletter,0
CUST01661,2024-09-27,21,Male,North,Organic Search,460,15.3,36.0,18.0,1350.74,75.04,13.0,Loyal Customers,Platinum,0,9,0.36,3.6,0.0014,Low,Standard engagement / newsletter,0
CUST01662,2024-08-12,25,Other,Central,Social Media,506,16.9,15.0,13.0,580.24,44.63,12.0,Champions,Gold,0,6,0.19,4.8,0.112,Low,Upsell / referral program invite,0
CUST01663,2024-08-04,37,Other,Central,Organic Search,514,17.1,3.0,10.0,517.65,51.76,13.0,Champions,Gold,0,5,0.7,4.3,0.1912,Low,Upsell / referral program invite,0
CUST01664,2025-02-07,42,Female,South,Referral,327,10.9,36.0,6.0,185.89,30.98,8.0,Needs Attention,Silver,0,4,0.18,5.0,0.094,Low,Standard engagement / newsletter,0
CUST01665,2025-12-16,51,Male,West,Email Campaign,15,0.5,15.0,0.0,0.0,0.0,1.0,Hibernating,Bronze,0,5,0.42,4.3,0.0043,Low,Standard engagement / newsletter,0
CUST01666,2024-03-03,49,Male,South,Paid Ads,668,22.3,41.0,3.0,163.45,54.48,7.0,Promising,Silver,0,3,0.54,4.3,0.4647,Medium,Monitor + include in nurture campaign,0
CUST01667,2024-02-14,56,Male,Central,Referral,686,22.9,77.0,8.0,324.04,40.51,9.0,At Risk,Gold,0,3,0.31,3.0,0.5052,Medium,Monitor + include in nurture campaign,0
CUST01668,2025-08-12,45,Male,North,Paid Ads,141,4.7,2.0,4.0,229.01,57.25,9.0,New Customers,Silver,2,5,0.61,4.8,0.0411,Low,Standard engagement / newsletter,0
CUST01669,2025-08-13,20,Other,Central,Organic Search,140,4.7,3.0,7.0,372.36,53.19,11.0,Loyal Customers,Gold,0,4,0.64,5.0,0.1201,Low,Standard engagement / newsletter,0
CUST01670,2025-10-29,35,Other,West,Email Campaign,63,2.1,9.0,1.0,122.68,122.68,8.0,New Customers,Silver,0,7,0.62,4.7,0.0044,Low,Standard engagement / newsletter,0
CUST01671,2024-05-19,52,Male,East,Organic Search,591,19.7,75.0,31.0,2397.64,77.34,12.0,At Risk,Platinum,0,14,0.58,5.0,0.0004,Low,Standard engagement / newsletter,0
CUST01672,2024-03-28,19,Female,North,Paid Ads,643,21.4,152.0,10.0,517.13,51.71,9.0,At Risk,Gold,1,2,0.18,3.1,0.6254,Medium,Monitor + include in nurture campaign,1
CUST01673,2024-06-16,32,Other,Central,Social Media,563,18.8,3.0,14.0,950.34,67.88,14.0,Champions,Platinum,1,5,0.2,3.9,0.0863,Low,Upsell / referral program invite,0
CUST01674,2024-06-01,21,Female,East,Paid Ads,578,19.3,26.0,8.0,318.22,39.78,10.0,Loyal Customers,Gold,0,1,0.14,4.1,0.2918,Low,Standard engagement / newsletter,0
CUST01675,2024-09-30,30,Other,South,Organic Search,457,15.2,45.0,11.0,779.7,70.88,10.0,At Risk,Platinum,2,6,0.46,3.7,0.0202,Low,Standard engagement / newsletter,0
CUST01676,2024-08-09,46,Female,Central,Organic Search,509,17.0,1.0,27.0,2128.31,78.83,15.0,Champions,Platinum,0,11,0.45,4.7,0.0005,Low,Upsell / referral program invite,0
CUST01677,2024-12-20,43,Male,East,Social Media,376,12.5,27.0,8.0,557.84,69.73,11.0,Loyal Customers,Gold,0,5,0.62,3.8,0.0069,Low,Standard engagement / newsletter,0
CUST01678,2024-09-08,42,Female,East,Email Campaign,479,16.0,206.0,2.0,80.44,40.22,4.0,Hibernating,Silver,0,1,0.38,2.6,0.981,High,Send targeted discount / re-engagement email,1
CUST01679,2024-08-06,39,Other,East,Email Campaign,512,17.1,104.0,6.0,146.66,24.44,6.0,Lost,Silver,1,0,0.36,4.4,0.8841,High,Send targeted discount / re-engagement email,1
CUST01680,2024-10-13,33,Male,Central,Email Campaign,444,14.8,10.0,27.0,1895.92,70.22,14.0,Champions,Platinum,0,9,0.65,5.0,0.0007,Low,Upsell / referral program invite,0
CUST01681,2025-04-30,28,Female,East,Social Media,245,8.2,25.0,4.0,155.5,38.88,7.0,Promising,Silver,1,4,0.37,4.1,0.1069,Low,Standard engagement / newsletter,0
CUST01682,2024-07-24,50,Male,North,Referral,525,17.5,270.0,2.0,24.86,12.43,4.0,Hibernating,Bronze,1,0,0.22,2.4,0.9662,High,Send targeted discount / re-engagement email,1
CUST01683,2025-05-23,46,Male,South,Social Media,222,7.4,4.0,3.0,222.25,74.08,9.0,New Customers,Silver,0,6,0.19,4.3,0.0236,Low,Standard engagement / newsletter,0
CUST01684,2025-10-02,24,Female,East,Paid Ads,90,3.0,49.0,1.0,63.42,63.42,4.0,Hibernating,Bronze,2,0,0.03,3.3,0.0084,Low,Standard engagement / newsletter,0
CUST01685,2025-06-10,18,Other,East,Social Media,204,6.8,81.0,4.0,249.84,62.46,7.0,Others,Silver,0,13,0.45,4.7,0.0385,Low,Standard engagement / newsletter,0
CUST01686,2024-08-21,44,Female,West,Referral,497,16.6,6.0,14.0,636.94,45.5,13.0,Champions,Platinum,1,7,0.33,3.5,0.0254,Low,Upsell / referral program invite,0
CUST01687,2025-09-14,61,Female,West,Email Campaign,108,3.6,64.0,1.0,31.92,31.92,4.0,Hibernating,Bronze,1,3,0.19,3.4,0.0871,Low,Standard engagement / newsletter,0
CUST01688,2024-02-05,50,Male,South,Email Campaign,695,23.2,125.0,9.0,455.06,50.56,9.0,At Risk,Gold,1,1,0.42,3.4,0.8508,High,Send targeted discount / re-engagement email,1
CUST01689,2024-12-10,26,Male,East,Paid Ads,386,12.9,45.0,7.0,452.59,64.66,9.0,At Risk,Gold,0,8,0.28,5.0,0.0165,Low,Standard engagement / newsletter,0
CUST01690,2024-08-13,31,Other,South,Referral,505,16.8,199.0,5.0,302.17,60.43,7.0,At Risk,Gold,0,3,0.39,4.5,0.8053,High,Send targeted discount / re-engagement email,1
CUST01691,2024-11-20,42,Other,North,Organic Search,406,13.5,53.0,12.0,512.63,42.72,10.0,At Risk,Gold,1,5,0.42,3.9,0.0552,Low,Standard engagement / newsletter,0
CUST01692,2025-06-27,46,Male,Central,Organic Search,187,6.2,11.0,8.0,525.08,65.64,12.0,Champions,Gold,0,10,0.5,4.7,0.0034,Low,Upsell / referral program invite,0
CUST01693,2025-06-21,41,Other,Central,Social Media,193,6.4,193.0,0.0,0.0,0.0,1.0,Hibernating,Bronze,2,0,0.17,2.5,0.9978,High,Send targeted discount / re-engagement email,1
CUST01694,2025-02-08,28,Other,South,Organic Search,326,10.9,5.0,3.0,245.79,81.93,10.0,New Customers,Silver,0,0,0.21,3.1,0.2015,Low,Standard engagement / newsletter,0
CUST01695,2024-11-16,31,Other,East,Email Campaign,410,13.7,64.0,6.0,235.5,39.25,7.0,Others,Silver,1,1,0.0,3.5,0.441,Medium,Monitor + include in nurture campaign,0
CUST01696,2024-02-27,38,Other,West,Paid Ads,673,22.4,67.0,8.0,349.24,43.66,9.0,At Risk,Gold,2,2,0.39,4.6,0.6066,Medium,Monitor + include in nurture campaign,0
CUST01697,2024-07-23,24,Female,West,Paid Ads,526,17.5,20.0,13.0,698.8199999999999,53.76,12.0,Champions,Platinum,1,8,0.43,4.4,0.1277,Low,Upsell / referral program invite,0
CUST01698,2025-07-10,39,Other,East,Paid Ads,174,5.8,159.0,1.0,59.63,59.63,3.0,Hibernating,Bronze,0,1,0.29,3.1,0.92,High,Send targeted discount / re-engagement email,1
CUST01699,2024-03-14,18,Female,Central,Email Campaign,657,21.9,2.0,32.0,2574.15,80.44,15.0,Champions,Platinum,2,20,0.32,5.0,0.0007,Low,Upsell / referral program invite,0
CUST01700,2025-03-30,62,Male,West,Referral,276,9.2,12.0,13.0,892.4399999999999,68.65,13.0,Champions,Platinum,0,19,0.75,4.2,0.0029,Low,Upsell / referral program invite,0
CUST01701,2025-08-02,29,Other,North,Paid Ads,151,5.0,151.0,0.0,0.0,0.0,1.0,Hibernating,Bronze,1,0,0.02,2.2,0.9962,High,Send targeted discount / re-engagement email,1
CUST01702,2024-02-04,40,Other,South,Email Campaign,696,23.2,1.0,30.0,2062.87,68.76,15.0,Champions,Platinum,0,7,0.48,4.2,0.0026,Low,Upsell / referral program invite,0
CUST01703,2024-04-04,29,Male,West,Paid Ads,636,21.2,36.0,15.0,672.13,44.81,12.0,Loyal Customers,Platinum,1,4,0.25,2.6,0.1415,Low,Standard engagement / newsletter,0
CUST01704,2025-11-24,20,Male,Central,Email Campaign,37,1.2,35.0,1.0,75.88,75.88,5.0,Promising,Bronze,0,4,0.27,4.1,0.0072,Low,Standard engagement / newsletter,0
CUST01705,2025-05-12,41,Other,South,Social Media,233,7.8,233.0,0.0,0.0,0.0,1.0,Hibernating,Bronze,0,0,0.16,4.3,0.9941,High,Send targeted discount / re-engagement email,1
CUST01706,2025-03-23,31,Female,North,Paid Ads,283,9.4,3.0,8.0,462.99,57.87,13.0,Champions,Gold,2,5,0.57,5.0,0.0568,Low,Upsell / referral program invite,0
CUST01707,2025-11-29,27,Female,South,Organic Search,32,1.1,32.0,0.0,0.0,0.0,1.0,Hibernating,Bronze,0,5,0.26,4.4,0.0053,Low,Standard engagement / newsletter,0
CUST01708,2025-12-29,26,Female,East,Paid Ads,2,0.1,2.0,0.0,0.0,0.0,1.0,Hibernating,Bronze,0,7,0.11,3.7,0.0034,Low,Standard engagement / newsletter,0
CUST01709,2025-05-22,43,Male,South,Email Campaign,223,7.4,16.0,4.0,180.59,45.15,8.0,New Customers,Silver,0,1,0.24,2.3,0.1157,Low,Standard engagement / newsletter,0
CUST01710,2024-03-30,50,Female,West,Social Media,641,21.4,274.0,4.0,228.8,57.2,5.0,Hibernating,Silver,0,0,0.18,4.1,0.5244,Medium,Monitor + include in nurture campaign,1
CUST01711,2025-11-18,36,Female,North,Organic Search,43,1.4,43.0,0.0,0.0,0.0,1.0,Hibernating,Bronze,0,2,0.29,4.9,0.0049,Low,Standard engagement / newsletter,0
CUST01712,2024-09-10,48,Other,East,Organic Search,477,15.9,6.0,25.0,1945.92,77.84,15.0,Champions,Platinum,0,7,0.43,3.7,0.0003,Low,Upsell / referral program invite,0
CUST01713,2025-05-06,29,Other,Central,Referral,239,8.0,239.0,0.0,0.0,0.0,1.0,Hibernating,Bronze,2,0,0.08,3.9,0.9847,High,Send targeted discount / re-engagement email,1
CUST01714,2024-11-24,37,Other,East,Email Campaign,402,13.4,137.0,11.0,515.97,46.91,9.0,At Risk,Gold,1,6,0.28,3.6,0.5142,Medium,Monitor + include in nurture campaign,1
CUST01715,2025-03-24,41,Other,Central,Paid Ads,282,9.4,111.0,1.0,38.5,38.5,3.0,Hibernating,Bronze,2,1,0.12,4.8,0.9466,High,Send targeted discount / re-engagement email,1
CUST01716,2025-11-11,18,Female,West,Referral,50,1.7,10.0,6.0,639.51,106.58,11.0,Loyal Customers,Platinum,0,13,0.34,4.1,0.001,Low,Standard engagement / newsletter,0
CUST01717,2024-11-30,54,Other,North,Email Campaign,396,13.2,47.0,8.0,529.26,66.16,10.0,At Risk,Gold,1,3,0.48,4.1,0.0244,Low,Standard engagement / newsletter,0
CUST01718,2025-05-15,24,Female,West,Paid Ads,230,7.7,42.0,3.0,129.12,43.04,7.0,Promising,Silver,1,2,0.3,2.6,0.2028,Low,Standard engagement / newsletter,0
CUST01719,2024-08-08,42,Other,West,Referral,510,17.0,59.0,10.0,597.14,59.71,10.0,At Risk,Platinum,0,5,0.48,4.0,0.0814,Low,Standard engagement / newsletter,0
CUST01720,2025-02-22,27,Female,West,Social Media,312,10.4,46.0,11.0,661.39,60.13,10.0,At Risk,Platinum,0,9,0.5,4.0,0.0222,Low,Standard engagement / newsletter,0
CUST01721,2025-09-15,18,Other,North,Email Campaign,107,3.6,107.0,0.0,0.0,0.0,1.0,Hibernating,Bronze,0,0,0.07,2.2,0.9877,High,Send targeted discount / re-engagement email,1
CUST01722,2025-04-14,18,Male,West,Paid Ads,261,8.7,34.0,9.0,688.22,76.47,11.0,Loyal Customers,Platinum,0,7,0.57,4.7,0.0116,Low,Standard engagement / newsletter,0
CUST01723,2024-06-20,52,Male,North,Email Campaign,559,18.6,435.0,2.0,84.78,42.39,4.0,Hibernating,Silver,2,0,0.19,2.9,0.9471,High,Send targeted discount / re-engagement email,1
CUST01724,2024-06-19,34,Other,East,Paid Ads,560,18.7,491.0,1.0,44.52,44.52,3.0,Hibernating,Bronze,0,0,0.15,3.5,0.9606,High,Send targeted discount / re-engagement email,1
CUST01725,2024-05-14,44,Male,South,Paid Ads,596,19.9,33.0,13.0,617.8,47.52,11.0,Loyal Customers,Platinum,0,4,0.38,3.0,0.0504,Low,Standard engagement / newsletter,0
CUST01726,2025-08-13,46,Female,Central,Organic Search,140,4.7,4.0,6.0,296.14,49.36,11.0,Loyal Customers,Gold,0,11,0.07,4.0,0.0159,Low,Standard engagement / newsletter,0
CUST01727,2024-08-27,27,Other,South,Social Media,491,16.4,20.0,13.0,772.97,59.46,12.0,Champions,Platinum,0,6,0.32,5.0,0.0402,Low,Upsell / referral program invite,0
CUST01728,2025-02-11,39,Female,North,Social Media,323,10.8,27.0,5.0,220.47,44.09,8.0,Needs Attention,Silver,0,3,0.31,3.4,0.2806,Low,Standard engagement / newsletter,0
CUST01729,2024-05-11,51,Other,West,Social Media,599,20.0,3.0,15.0,529.0,35.27,14.0,Champions,Gold,1,10,0.4,4.4,0.0165,Low,Upsell / referral program invite,0
CUST01730,2024-02-04,41,Male,Central,Paid Ads,696,23.2,15.0,28.0,1615.24,57.69,14.0,Champions,Platinum,1,3,0.35,5.0,0.0136,Low,Upsell / referral program invite,0
CUST01731,2025-07-27,24,Other,West,Organic Search,157,5.2,157.0,0.0,0.0,0.0,1.0,Hibernating,Bronze,3,2,0.36,3.7,0.988,High,Send targeted discount / re-engagement email,1
CUST01732,2024-07-10,22,Male,North,Paid Ads,539,18.0,47.0,4.0,254.29,63.57,7.0,Others,Silver,1,2,0.28,4.1,0.5088,Medium,Monitor + include in nurture campaign,0
CUST01733,2025-05-29,52,Other,Central,Paid Ads,216,7.2,36.0,9.0,441.29,49.03,11.0,Loyal Customers,Gold,0,8,0.62,4.7,0.0229,Low,Standard engagement / newsletter,0
CUST01734,2025-04-17,60,Male,Central,Organic Search,258,8.6,85.0,3.0,251.38,83.79,7.0,Others,Silver,1,2,0.51,4.0,0.116,Low,Standard engagement / newsletter,0
CUST01735,2024-09-03,48,Other,South,Organic Search,484,16.1,35.0,13.0,555.57,42.74,11.0,Loyal Customers,Gold,0,4,0.5,3.6,0.024,Low,Standard engagement / newsletter,0
CUST01736,2025-11-23,43,Male,East,Paid Ads,38,1.3,8.0,2.0,174.60000000000002,87.3,9.0,New Customers,Silver,2,4,0.46,5.0,0.0047,Low,Standard engagement / newsletter,0
CUST01737,2024-03-14,41,Other,West,Email Campaign,657,21.9,10.0,10.0,478.99,47.9,12.0,Champions,Gold,0,4,0.21,4.3,0.3192,Low,Upsell / referral program invite,0
CUST01738,2025-07-01,53,Other,North,Referral,183,6.1,183.0,0.0,0.0,0.0,1.0,Hibernating,Bronze,1,0,0.48,4.1,0.985,High,Send targeted discount / re-engagement email,1
CUST01739,2025-08-07,32,Male,South,Social Media,146,4.9,141.0,1.0,33.16,33.16,3.0,Hibernating,Bronze,0,1,0.19,4.3,0.9257,High,Send targeted discount / re-engagement email,1
CUST01740,2024-08-07,47,Other,West,Social Media,511,17.0,64.0,7.0,293.78000000000003,41.97,8.0,At Risk,Gold,0,3,0.35,4.8,0.1682,Low,Standard engagement / newsletter,0
CUST01741,2025-12-29,23,Male,South,Social Media,2,0.1,2.0,0.0,0.0,0.0,1.0,Hibernating,Bronze,2,2,0.49,5.0,0.0153,Low,Standard engagement / newsletter,0
CUST01742,2024-05-03,41,Other,South,Email Campaign,607,20.2,80.0,5.0,152.92,30.58,7.0,Others,Silver,2,1,0.13,4.0,0.1909,Low,Standard engagement / newsletter,0
CUST01743,2024-12-12,43,Male,Central,Email Campaign,384,12.8,17.0,10.0,551.33,55.13,12.0,Champions,Gold,1,5,0.44,3.9,0.0496,Low,Upsell / referral program invite,0
CUST01744,2025-09-30,31,Female,South,Referral,92,3.1,66.0,1.0,65.8,65.8,4.0,Hibernating,Bronze,2,2,0.22,4.2,0.0043,Low,Standard engagement / newsletter,0
CUST01745,2025-03-28,30,Female,Central,Email Campaign,278,9.3,19.0,17.0,803.05,47.24,13.0,Champions,Platinum,0,13,0.6,5.0,0.0041,Low,Upsell / referral program invite,0
CUST01746,2025-02-19,32,Male,South,Social Media,315,10.5,86.0,1.0,23.63,23.63,3.0,Hibernating,Bronze,0,2,0.31,2.9,0.6096,Medium,Monitor + include in nurture campaign,0
CUST01747,2024-08-04,18,Female,South,Organic Search,514,17.1,62.0,7.0,276.44,39.49,8.0,At Risk,Gold,0,1,0.27,2.2,0.1754,Low,Standard engagement / newsletter,0
CUST01748,2025-12-13,23,Male,South,Email Campaign,18,0.6,18.0,0.0,0.0,0.0,1.0,Hibernating,Bronze,0,4,0.44,2.3,0.0262,Low,Standard engagement / newsletter,0
CUST01749,2024-09-05,18,Other,West,Paid Ads,482,16.1,146.0,9.0,433.88,48.21,9.0,At Risk,Gold,0,1,0.11,4.0,0.7765,High,Send targeted discount / re-engagement email,1
CUST01750,2024-07-04,42,Other,North,Paid Ads,545,18.2,545.0,0.0,0.0,0.0,1.0,Hibernating,Bronze,2,0,0.11,3.7,0.996,High,Send targeted discount / re-engagement email,1
CUST01751,2024-03-13,46,Female,Central,Email Campaign,658,21.9,658.0,0.0,0.0,0.0,1.0,Hibernating,Bronze,1,0,0.0,4.3,0.9973,High,Send targeted discount / re-engagement email,1
CUST01752,2025-11-08,41,Male,Central,Email Campaign,53,1.8,23.0,2.0,84.36,42.18,7.0,New Customers,Silver,0,6,0.59,4.7,0.0141,Low,Standard engagement / newsletter,0
CUST01753,2025-10-24,23,Male,North,Social Media,68,2.3,19.0,1.0,165.6,165.6,7.0,New Customers,Silver,1,4,0.5,4.0,0.0055,Low,Standard engagement / newsletter,0
CUST01754,2024-07-31,50,Other,South,Email Campaign,518,17.3,43.0,18.0,1045.18,58.07,12.0,At Risk,Platinum,1,2,0.52,5.0,0.0029,Low,Standard engagement / newsletter,0
CUST01755,2024-04-10,35,Other,North,Social Media,630,21.0,41.0,29.0,2568.06,88.55,13.0,Loyal Customers,Platinum,0,13,0.5,5.0,0.0032,Low,Standard engagement / newsletter,0
CUST01756,2024-04-08,27,Other,West,Referral,632,21.1,283.0,1.0,40.77,40.77,3.0,Hibernating,Bronze,1,3,0.0,3.4,0.962,High,Send targeted discount / re-engagement email,1
CUST01757,2025-03-26,32,Male,Central,Social Media,280,9.3,1.0,11.0,703.51,63.96,13.0,Champions,Platinum,0,10,0.55,5.0,0.006,Low,Upsell / referral program invite,0
CUST01758,2025-01-11,50,Male,West,Social Media,354,11.8,35.0,4.0,143.06,35.76,7.0,Promising,Silver,0,3,0.12,3.1,0.1135,Low,Standard engagement / newsletter,0
CUST01759,2025-04-22,21,Female,Central,Email Campaign,253,8.4,3.0,4.0,236.16000000000005,59.04,9.0,New Customers,Silver,0,2,0.46,4.1,0.0622,Low,Standard engagement / newsletter,0
CUST01760,2024-11-14,47,Male,West,Paid Ads,412,13.7,16.0,19.0,1248.92,65.73,14.0,Champions,Platinum,0,11,0.39,3.7,0.0004,Low,Upsell / referral program invite,0
CUST01761,2025-02-02,44,Female,West,Paid Ads,332,11.1,332.0,0.0,0.0,0.0,1.0,Hibernating,Bronze,0,1,0.16,2.8,0.9961,High,Send targeted discount / re-engagement email,1
CUST01762,2025-11-16,27,Male,East,Email Campaign,45,1.5,45.0,0.0,0.0,0.0,1.0,Hibernating,Bronze,1,2,0.37,3.2,0.0117,Low,Standard engagement / newsletter,0
CUST01763,2025-11-20,46,Other,West,Referral,41,1.4,39.0,1.0,128.78,128.78,6.0,Promising,Silver,0,0,0.47,4.8,0.0009,Low,Standard engagement / newsletter,0
CUST01764,2025-06-30,30,Male,North,Organic Search,184,6.1,9.0,9.0,422.13,46.9,13.0,Champions,Gold,1,3,0.57,4.7,0.1739,Low,Upsell / referral program invite,0
CUST01765,2024-09-24,25,Other,Central,Organic Search,463,15.4,463.0,0.0,0.0,0.0,1.0,Hibernating,Bronze,1,0,0.24,3.1,0.9968,High,Send targeted discount / re-engagement email,1
CUST01766,2024-08-05,61,Other,North,Social Media,513,17.1,68.0,15.0,732.13,48.81,11.0,At Risk,Platinum,0,5,0.41,3.8,0.0105,Low,Standard engagement / newsletter,0
CUST01767,2025-10-17,42,Other,South,Referral,75,2.5,14.0,1.0,41.49,41.49,6.0,New Customers,Bronze,2,1,0.14,4.3,0.003,Low,Standard engagement / newsletter,0
CUST01768,2024-02-17,45,Female,East,Organic Search,683,22.8,13.0,14.0,901.04,64.36,13.0,Champions,Platinum,0,9,0.33,3.5,0.1251,Low,Upsell / referral program invite,0
CUST01769,2025-09-30,54,Male,West,Email Campaign,92,3.1,17.0,4.0,211.71,52.93,8.0,New Customers,Silver,0,6,0.44,4.7,0.0029,Low,Standard engagement / newsletter,0
CUST01770,2025-05-18,48,Female,East,Email Campaign,227,7.6,42.0,4.0,221.7,55.42,7.0,Promising,Silver,1,8,0.18,3.4,0.1014,Low,Standard engagement / newsletter,0
CUST01771,2024-09-19,25,Female,Central,Referral,468,15.6,5.0,29.0,1715.21,59.15,15.0,Champions,Platinum,0,8,0.57,4.8,0.0018,Low,Upsell / referral program invite,0
CUST01772,2024-06-13,42,Other,East,Social Media,566,18.9,371.0,1.0,32.53,32.53,3.0,Hibernating,Bronze,0,0,0.0,3.3,0.9837,High,Send targeted discount / re-engagement email,1
CUST01773,2024-10-10,27,Male,West,Email Campaign,447,14.9,35.0,7.0,470.97,67.28,10.0,Loyal Customers,Gold,1,4,0.34,4.0,0.0805,Low,Standard engagement / newsletter,0
CUST01774,2025-09-28,40,Other,West,Paid Ads,94,3.1,62.0,2.0,178.07999999999998,89.04,6.0,Hibernating,Silver,0,14,0.46,4.7,0.0118,Low,Standard engagement / newsletter,0
CUST01775,2025-07-27,48,Female,Central,Email Campaign,157,5.2,8.0,3.0,146.85,48.95,9.0,New Customers,Silver,0,8,0.37,4.5,0.3019,Low,Standard engagement / newsletter,0
CUST01776,2025-11-06,23,Female,East,Referral,55,1.8,4.0,3.0,266.86,88.95,10.0,New Customers,Gold,0,7,0.28,2.9,0.0071,Low,Standard engagement / newsletter,0
CUST01777,2025-07-10,30,Other,East,Social Media,174,5.8,21.0,7.0,418.17,59.74,11.0,Loyal Customers,Gold,0,2,0.32,3.5,0.0259,Low,Standard engagement / newsletter,0
CUST01778,2025-07-25,34,Other,South,Organic Search,159,5.3,135.0,2.0,130.98000000000002,65.49,5.0,Hibernating,Silver,0,4,0.4,4.4,0.8089,High,Send targeted discount / re-engagement email,1
CUST01779,2024-03-02,23,Other,South,Social Media,669,22.3,149.0,12.0,625.88,52.16,9.0,At Risk,Platinum,0,10,0.57,2.6,0.8031,High,Send targeted discount / re-engagement email,1
CUST01780,2025-11-21,59,Other,South,Organic Search,40,1.3,4.0,5.0,411.53,82.31,11.0,Loyal Customers,Gold,0,14,0.24,5.0,0.0017,Low,Standard engagement / newsletter,0
CUST01781,2024-07-16,40,Male,Central,Social Media,533,17.8,533.0,0.0,0.0,0.0,1.0,Hibernating,Bronze,1,0,0.09,2.7,0.9984,High,Send targeted discount / re-engagement email,1
CUST01782,2024-12-13,26,Female,Central,Email Campaign,383,12.8,383.0,0.0,0.0,0.0,1.0,Hibernating,Bronze,1,0,0.02,3.3,0.9931,High,Send targeted discount / re-engagement email,1
CUST01783,2024-11-08,50,Other,North,Paid Ads,418,13.9,91.0,2.0,170.83,85.42,5.0,Hibernating,Silver,2,0,0.17,3.7,0.8927,High,Send targeted discount / re-engagement email,1
CUST01784,2024-09-09,49,Female,North,Organic Search,478,15.9,24.0,20.0,1471.92,73.6,13.0,Loyal Customers,Platinum,0,4,0.44,5.0,0.0005,Low,Standard engagement / newsletter,0
CUST01785,2024-02-19,44,Male,West,Email Campaign,681,22.7,70.0,12.0,688.76,57.4,10.0,At Risk,Platinum,1,4,0.3,3.0,0.1412,Low,Standard engagement / newsletter,0
CUST01786,2025-12-03,18,Female,North,Organic Search,28,0.9,28.0,0.0,0.0,0.0,1.0,Hibernating,Bronze,0,4,0.42,3.6,0.0093,Low,Standard engagement / newsletter,0
CUST01787,2024-10-29,43,Female,South,Referral,428,14.3,59.0,1.0,16.77,16.77,4.0,Hibernating,Bronze,0,1,0.12,4.0,0.9882,High,Send targeted discount / re-engagement email,0
CUST01788,2024-10-14,53,Male,Central,Organic Search,443,14.8,153.0,2.0,107.28,53.64,5.0,Hibernating,Silver,3,0,0.21,2.8,0.9633,High,Send targeted discount / re-engagement email,1
CUST01789,2025-03-17,24,Other,West,Social Media,289,9.6,18.0,6.0,228.61,38.1,9.0,Others,Silver,0,1,0.56,3.9,0.0432,Low,Standard engagement / newsletter,0
CUST01790,2024-01-12,34,Other,Central,Referral,719,24.0,53.0,32.0,2261.33,70.67,12.0,At Risk,Platinum,0,8,0.52,3.6,0.0022,Low,Standard engagement / newsletter,0
CUST01791,2024-06-14,46,Other,Central,Organic Search,565,18.8,502.0,1.0,40.52,40.52,3.0,Hibernating,Bronze,1,0,0.18,2.8,0.9901,High,Send targeted discount / re-engagement email,1
CUST01792,2024-12-20,27,Male,West,Social Media,376,12.5,110.0,6.0,297.9,49.65,7.0,At Risk,Gold,0,4,0.49,4.4,0.7194,High,Send targeted discount / re-engagement email,1
CUST01793,2025-11-02,55,Male,South,Email Campaign,59,2.0,5.0,4.0,217.17,54.29,9.0,New Customers,Silver,1,11,0.55,3.9,0.0006,Low,Standard engagement / newsletter,0
CUST01794,2024-01-07,31,Female,South,Organic Search,724,24.1,34.0,34.0,2276.7,66.96,13.0,Loyal Customers,Platinum,0,10,0.17,5.0,0.0007,Low,Standard engagement / newsletter,0
CUST01795,2025-02-14,51,Other,Central,Email Campaign,320,10.7,6.0,17.0,1287.53,75.74,15.0,Champions,Platinum,0,8,0.83,4.4,0.0004,Low,Upsell / referral program invite,0
CUST01796,2024-10-22,18,Other,South,Email Campaign,435,14.5,5.0,15.0,943.42,62.89,15.0,Champions,Platinum,0,11,0.5,5.0,0.004,Low,Upsell / referral program invite,0
CUST01797,2024-11-05,27,Male,North,Referral,421,14.0,26.0,3.0,88.57000000000001,29.52,6.0,Promising,Silver,0,3,0.22,4.7,0.4071,Medium,Monitor + include in nurture campaign,0
CUST01798,2025-02-15,47,Male,North,Paid Ads,319,10.6,305.0,1.0,57.76,57.76,3.0,Hibernating,Bronze,0,0,0.09,3.3,0.9157,High,Send targeted discount / re-engagement email,1
CUST01799,2024-06-14,51,Male,East,Social Media,565,18.8,26.0,15.0,811.24,54.08,12.0,Loyal Customers,Platinum,0,7,0.55,5.0,0.0136,Low,Standard engagement / newsletter,0
CUST01800,2024-06-29,43,Female,West,Social Media,550,18.3,46.0,13.0,902.2,69.4,11.0,At Risk,Platinum,0,4,0.38,4.6,0.0462,Low,Standard engagement / newsletter,0
CUST01801,2025-04-13,29,Other,South,Email Campaign,262,8.7,211.0,2.0,105.39,52.7,4.0,Hibernating,Silver,0,0,0.19,2.1,0.8351,High,Send targeted discount / re-engagement email,1
CUST01802,2025-03-14,18,Male,North,Organic Search,292,9.7,18.0,14.0,849.4,60.67,14.0,Champions,Platinum,0,5,0.0,3.6,0.054,Low,Upsell / referral program invite,0
CUST01803,2025-11-27,18,Other,East,Email Campaign,34,1.1,12.0,1.0,37.33,37.33,6.0,New Customers,Bronze,0,2,0.38,3.6,0.0144,Low,Standard engagement / newsletter,0
CUST01804,2025-10-03,18,Other,East,Referral,89,3.0,79.0,1.0,66.75,66.75,4.0,Hibernating,Bronze,2,1,0.26,3.8,0.0047,Low,Standard engagement / newsletter,0
CUST01805,2024-11-11,45,Female,South,Email Campaign,415,13.8,415.0,0.0,0.0,0.0,1.0,Hibernating,Bronze,0,0,0.21,1.3,0.9966,High,Send targeted discount / re-engagement email,1
CUST01806,2024-05-14,57,Male,West,Social Media,596,19.9,54.0,20.0,988.86,49.44,12.0,At Risk,Platinum,1,7,0.36,4.4,0.017,Low,Standard engagement / newsletter,0
CUST01807,2024-06-21,35,Other,North,Referral,558,18.6,13.0,16.0,800.71,50.04,13.0,Champions,Platinum,0,7,0.2,4.5,0.2002,Low,Upsell / referral program invite,0
CUST01808,2025-11-29,45,Male,West,Email Campaign,32,1.1,8.0,2.0,102.91,51.46,8.0,New Customers,Silver,0,4,0.39,5.0,0.0018,Low,Standard engagement / newsletter,0
CUST01809,2025-01-15,34,Male,Central,Organic Search,350,11.7,23.0,6.0,225.87,37.65,9.0,Others,Silver,0,0,0.28,3.1,0.3746,Medium,Monitor + include in nurture campaign,0
CUST01810,2025-03-12,26,Other,East,Referral,294,9.8,8.0,14.0,853.47,60.96,15.0,Champions,Platinum,0,9,0.61,5.0,0.0061,Low,Upsell / referral program invite,0
CUST01811,2025-06-28,31,Male,Central,Referral,186,6.2,116.0,2.0,59.56,29.78,4.0,Hibernating,Bronze,1,3,0.57,5.0,0.8135,High,Send targeted discount / re-engagement email,1
CUST01812,2025-10-10,32,Other,Central,Referral,82,2.7,31.0,1.0,79.02,79.02,5.0,Promising,Bronze,0,6,0.5,3.9,0.0063,Low,Standard engagement / newsletter,0
CUST01813,2024-10-20,27,Other,West,Social Media,437,14.6,128.0,6.0,355.56,59.26,7.0,At Risk,Gold,2,4,0.19,3.6,0.5235,Medium,Monitor + include in nurture campaign,1
CUST01814,2025-11-21,38,Other,West,Paid Ads,40,1.3,12.0,2.0,97.9,48.95,7.0,New Customers,Silver,0,4,0.68,4.2,0.0044,Low,Standard engagement / newsletter,0
CUST01815,2025-02-14,43,Female,West,Social Media,320,10.7,76.0,9.0,295.92,32.88,9.0,At Risk,Gold,2,7,0.42,4.2,0.0766,Low,Standard engagement / newsletter,0
CUST01816,2025-05-17,25,Other,North,Social Media,228,7.6,41.0,6.0,477.07,79.51,10.0,Loyal Customers,Gold,1,4,0.64,3.2,0.0176,Low,Standard engagement / newsletter,0
CUST01817,2025-04-16,48,Male,East,Organic Search,259,8.6,23.0,6.0,476.13,79.36,11.0,Loyal Customers,Gold,0,1,0.25,3.9,0.0103,Low,Standard engagement / newsletter,0
CUST01818,2024-08-19,41,Female,South,Paid Ads,499,16.6,29.0,20.0,1371.24,68.56,13.0,Loyal Customers,Platinum,1,12,0.52,5.0,0.0007,Low,Standard engagement / newsletter,0
CUST01819,2025-11-22,55,Female,West,Referral,39,1.3,31.0,1.0,87.54,87.54,5.0,Promising,Silver,0,6,0.44,5.0,0.0015,Low,Standard engagement / newsletter,0
CUST01820,2024-05-28,29,Other,Central,Organic Search,582,19.4,139.0,6.0,342.16,57.03,7.0,At Risk,Gold,0,1,0.18,4.0,0.8277,High,Send targeted discount / re-engagement email,1
CUST01821,2024-07-15,20,Other,East,Paid Ads,534,17.8,6.0,14.0,712.34,50.88,14.0,Champions,Platinum,2,4,0.44,3.3,0.1024,Low,Upsell / referral program invite,0
CUST01822,2025-09-07,32,Female,North,Social Media,115,3.8,3.0,6.0,390.02,65.0,11.0,Loyal Customers,Gold,1,9,0.76,5.0,0.0075,Low,Standard engagement / newsletter,0
CUST01823,2025-12-10,49,Other,East,Organic Search,21,0.7,21.0,0.0,0.0,0.0,1.0,Hibernating,Bronze,1,6,0.16,4.2,0.0037,Low,Standard engagement / newsletter,0
CUST01824,2024-04-21,44,Other,South,Social Media,619,20.6,13.0,25.0,1654.66,66.19,14.0,Champions,Platinum,0,12,0.31,5.0,0.0004,Low,Upsell / referral program invite,0
CUST01825,2025-03-07,39,Female,East,Paid Ads,299,10.0,1.0,5.0,180.13,36.03,10.0,Others,Silver,1,2,0.47,3.5,0.2548,Low,Standard engagement / newsletter,0
CUST01826,2024-09-15,32,Other,East,Paid Ads,472,15.7,8.0,7.0,385.75,55.11,11.0,Loyal Customers,Gold,1,4,0.32,4.2,0.4872,Medium,Monitor + include in nurture campaign,0
CUST01827,2025-07-21,44,Other,South,Social Media,163,5.4,163.0,0.0,0.0,0.0,1.0,Hibernating,Bronze,2,2,0.72,3.2,0.9883,High,Send targeted discount / re-engagement email,1
CUST01828,2025-06-24,36,Other,South,Paid Ads,190,6.3,15.0,3.0,172.95,57.65,8.0,New Customers,Silver,1,6,0.39,5.0,0.1374,Low,Standard engagement / newsletter,0
CUST01829,2025-09-20,30,Other,South,Referral,102,3.4,28.0,3.0,217.83,72.61,7.0,Promising,Silver,0,6,0.58,2.9,0.0144,Low,Standard engagement / newsletter,0
CUST01830,2025-08-18,45,Male,South,Paid Ads,135,4.5,135.0,0.0,0.0,0.0,1.0,Hibernating,Bronze,0,0,0.31,3.5,0.9882,High,Send targeted discount / re-engagement email,1
CUST01831,2025-10-28,66,Male,Central,Referral,64,2.1,64.0,0.0,0.0,0.0,1.0,Hibernating,Bronze,0,6,0.52,4.3,0.0051,Low,Standard engagement / newsletter,0
CUST01832,2024-01-12,52,Male,North,Organic Search,719,24.0,25.0,4.0,168.37,42.09,7.0,Promising,Silver,0,2,0.33,4.3,0.7815,High,Send targeted discount / re-engagement email,0
CUST01833,2025-12-28,46,Male,West,Email Campaign,3,0.1,3.0,0.0,0.0,0.0,1.0,Hibernating,Bronze,1,4,0.57,4.6,0.0079,Low,Standard engagement / newsletter,0
CUST01834,2025-07-29,39,Male,Central,Organic Search,155,5.2,103.0,1.0,20.92,20.92,3.0,Hibernating,Bronze,1,1,0.24,4.3,0.8799,High,Send targeted discount / re-engagement email,1
CUST01835,2025-01-14,37,Female,East,Email Campaign,351,11.7,15.0,17.0,1213.29,71.37,14.0,Champions,Platinum,0,9,0.45,5.0,0.0007,Low,Upsell / referral program invite,0
CUST01836,2025-04-24,18,Female,West,Email Campaign,251,8.4,20.0,13.0,1025.8,78.91,13.0,Champions,Platinum,0,17,0.57,3.6,0.0015,Low,Upsell / referral program invite,0
CUST01837,2025-06-19,23,Female,West,Paid Ads,195,6.5,30.0,3.0,105.05,35.02,6.0,Promising,Silver,3,2,0.57,3.4,0.0662,Low,Standard engagement / newsletter,0
CUST01838,2024-04-30,37,Other,East,Social Media,610,20.3,194.0,6.0,281.94,46.99,7.0,At Risk,Gold,1,5,0.38,4.2,0.9379,High,Send targeted discount / re-engagement email,1
CUST01839,2025-03-05,28,Male,Central,Paid Ads,301,10.0,4.0,2.0,102.74,51.37,8.0,New Customers,Silver,1,0,0.13,2.1,0.8628,High,Send targeted discount / re-engagement email,0
CUST01840,2024-06-26,38,Male,Central,Social Media,553,18.4,10.0,7.0,281.61,40.23,10.0,Loyal Customers,Gold,0,4,0.27,4.1,0.2621,Low,Standard engagement / newsletter,0
CUST01841,2025-07-26,38,Female,Central,Organic Search,158,5.3,147.0,1.0,18.31,18.31,3.0,Hibernating,Bronze,2,0,0.13,3.4,0.9445,High,Send targeted discount / re-engagement email,1
CUST01842,2025-06-11,42,Other,East,Social Media,203,6.8,12.0,8.0,371.2,46.4,11.0,Loyal Customers,Gold,2,5,0.47,5.0,0.168,Low,Standard engagement / newsletter,0
CUST01843,2025-01-17,27,Other,South,Social Media,348,11.6,60.0,17.0,1422.36,83.67,12.0,At Risk,Platinum,0,18,0.59,4.8,0.0092,Low,Standard engagement / newsletter,0
CUST01844,2025-08-20,39,Male,Central,Social Media,133,4.4,45.0,2.0,148.01,74.0,6.0,Hibernating,Silver,0,7,0.46,4.9,0.148,Low,Standard engagement / newsletter,0
CUST01845,2024-03-10,35,Female,North,Organic Search,661,22.0,171.0,1.0,3.31,3.31,3.0,Hibernating,Bronze,2,0,0.19,3.4,0.9989,High,Send targeted discount / re-engagement email,1
CUST01846,2024-03-31,33,Other,South,Social Media,640,21.3,640.0,0.0,0.0,0.0,1.0,Hibernating,Bronze,0,0,0.28,3.9,0.998,High,Send targeted discount / re-engagement email,1
CUST01847,2024-03-11,20,Other,North,Referral,660,22.0,93.0,8.0,326.75,40.84,8.0,At Risk,Gold,1,2,0.47,3.1,0.8061,High,Send targeted discount / re-engagement email,1
CUST01848,2024-06-12,53,Female,Central,Referral,567,18.9,2.0,9.0,487.33,54.15,13.0,Champions,Gold,2,2,0.39,3.9,0.3771,Medium,Monitor + include in nurture campaign,0
CUST01849,2024-06-13,46,Male,Central,Referral,566,18.9,1.0,12.0,479.97,40.0,13.0,Champions,Gold,1,1,0.26,3.8,0.1076,Low,Upsell / referral program invite,0
CUST01850,2025-08-29,42,Male,East,Social Media,124,4.1,2.0,5.0,378.58,75.72,11.0,Loyal Customers,Gold,0,12,0.53,3.2,0.0041,Low,Standard engagement / newsletter,0
CUST01851,2024-03-29,23,Other,East,Referral,642,21.4,28.0,8.0,379.49,47.44,10.0,Loyal Customers,Gold,1,1,0.25,3.7,0.7473,High,Priority win-back: personal outreach + loyalty offer,0
CUST01852,2025-06-15,34,Male,West,Social Media,199,6.6,7.0,3.0,64.52,21.51,8.0,New Customers,Bronze,1,3,0.3,2.9,0.0809,Low,Standard engagement / newsletter,0
CUST01853,2024-12-20,45,Male,West,Referral,376,12.5,14.0,13.0,966.67,74.36,13.0,Champions,Platinum,0,9,0.52,3.0,0.0012,Low,Upsell / referral program invite,0
CUST01854,2024-10-02,38,Female,West,Referral,455,15.2,68.0,7.0,232.74,33.25,7.0,Others,Silver,0,3,0.28,2.5,0.1121,Low,Standard engagement / newsletter,0
CUST01855,2024-12-11,24,Female,South,Email Campaign,385,12.8,385.0,0.0,0.0,0.0,1.0,Hibernating,Bronze,3,0,0.44,3.4,0.9963,High,Send targeted discount / re-engagement email,1
CUST01856,2025-08-05,18,Male,Central,Paid Ads,148,4.9,148.0,0.0,0.0,0.0,1.0,Hibernating,Bronze,0,1,0.11,2.9,0.996,High,Send targeted discount / re-engagement email,1
CUST01857,2024-08-21,71,Male,East,Paid Ads,497,16.6,18.0,11.0,619.8199999999999,56.35,12.0,Champions,Platinum,0,3,0.38,5.0,0.0769,Low,Upsell / referral program invite,0
CUST01858,2025-07-09,34,Other,West,Social Media,175,5.8,36.0,3.0,121.96,40.65,7.0,Promising,Silver,1,10,0.06,3.1,0.0263,Low,Standard engagement / newsletter,0
CUST01859,2024-08-21,34,Male,South,Paid Ads,497,16.6,35.0,13.0,744.79,57.29,11.0,Loyal Customers,Platinum,0,6,0.3,4.3,0.1203,Low,Standard engagement / newsletter,0
CUST01860,2025-12-12,33,Female,North,Paid Ads,19,0.6,2.0,2.0,105.85,52.92,8.0,New Customers,Silver,0,2,0.26,4.3,0.0025,Low,Standard engagement / newsletter,0
CUST01861,2024-11-18,43,Female,West,Paid Ads,408,13.6,42.0,24.0,1857.84,77.41,13.0,Loyal Customers,Platinum,0,11,0.54,5.0,0.0003,Low,Standard engagement / newsletter,0
CUST01862,2024-09-06,18,Other,Central,Email Campaign,481,16.0,51.0,5.0,296.95000000000005,59.39,8.0,At Risk,Gold,2,2,0.47,3.4,0.3083,Low,Standard engagement / newsletter,0
CUST01863,2025-11-06,21,Other,East,Social Media,55,1.8,54.0,1.0,16.27,16.27,4.0,Hibernating,Bronze,0,6,0.12,4.0,0.0046,Low,Standard engagement / newsletter,0
CUST01864,2024-11-16,29,Female,East,Email Campaign,410,13.7,6.0,8.0,391.46,48.93,12.0,Loyal Customers,Gold,1,1,0.39,4.2,0.2861,Low,Standard engagement / newsletter,0
CUST01865,2024-05-24,55,Other,North,Social Media,586,19.5,39.0,8.0,382.95,47.87,10.0,Loyal Customers,Gold,0,5,0.38,3.8,0.4465,Medium,Monitor + include in nurture campaign,0
CUST01866,2025-01-29,32,Male,South,Organic Search,336,11.2,18.0,7.0,258.32,36.9,10.0,Loyal Customers,Silver,2,6,0.4,4.5,0.5763,Medium,Monitor + include in nurture campaign,0
CUST01867,2025-06-03,41,Male,East,Social Media,211,7.0,18.0,6.0,281.5,46.92,10.0,Loyal Customers,Gold,0,4,0.63,2.7,0.0756,Low,Standard engagement / newsletter,0
CUST01868,2025-05-20,35,Other,North,Social Media,225,7.5,21.0,3.0,189.94,63.31,8.0,New Customers,Silver,1,10,0.5,4.2,0.1157,Low,Standard engagement / newsletter,0
CUST01869,2025-09-26,36,Other,East,Referral,96,3.2,9.0,2.0,74.86,37.43,8.0,New Customers,Bronze,0,6,0.28,5.0,0.0209,Low,Standard engagement / newsletter,0
CUST01870,2024-02-27,35,Female,East,Email Campaign,673,22.4,11.0,18.0,878.3000000000001,48.79,14.0,Champions,Platinum,0,4,0.48,4.1,0.07,Low,Upsell / referral program invite,0
CUST01871,2025-10-22,37,Other,East,Referral,70,2.3,12.0,3.0,173.33,57.78,8.0,New Customers,Silver,0,3,0.31,3.9,0.0021,Low,Standard engagement / newsletter,0
CUST01872,2025-01-16,40,Male,West,Organic Search,349,11.6,349.0,0.0,0.0,0.0,1.0,Hibernating,Bronze,0,0,0.0,2.8,0.9958,High,Send targeted discount / re-engagement email,1
CUST01873,2025-05-06,48,Female,Central,Paid Ads,239,8.0,33.0,5.0,133.51,26.7,8.0,Needs Attention,Silver,0,8,0.45,4.4,0.0758,Low,Standard engagement / newsletter,0
CUST01874,2024-03-20,23,Other,Central,Email Campaign,651,21.7,32.0,32.0,2081.2,65.04,13.0,Loyal Customers,Platinum,0,13,0.45,4.6,0.0079,Low,Standard engagement / newsletter,0
CUST01875,2025-11-30,45,Male,East,Referral,31,1.0,2.0,1.0,85.68,85.68,7.0,New Customers,Silver,0,9,0.71,4.5,0.0004,Low,Standard engagement / newsletter,0
CUST01876,2024-07-29,45,Female,Central,Social Media,520,17.3,104.0,9.0,365.05,40.56,8.0,At Risk,Gold,2,1,0.37,3.1,0.7722,High,Send targeted discount / re-engagement email,1
CUST01877,2024-07-18,54,Other,West,Organic Search,531,17.7,22.0,16.0,1337.96,83.62,14.0,Champions,Platinum,0,10,0.62,4.0,0.004,Low,Upsell / referral program invite,0
CUST01878,2024-02-24,30,Female,Central,Referral,676,22.5,97.0,8.0,380.37,47.55,8.0,At Risk,Gold,0,2,0.19,3.8,0.8332,High,Send targeted discount / re-engagement email,1
CUST01879,2024-03-12,46,Female,South,Paid Ads,659,22.0,3.0,30.0,2289.88,76.33,15.0,Champions,Platinum,0,10,0.67,4.2,0.0006,Low,Upsell / referral program invite,0
CUST01880,2025-07-15,36,Other,East,Social Media,169,5.6,51.0,2.0,56.27,28.14,5.0,Hibernating,Bronze,0,4,0.38,3.8,0.2129,Low,Standard engagement / newsletter,0
CUST01881,2024-09-10,31,Other,Central,Email Campaign,477,15.9,36.0,10.0,663.69,66.37,11.0,Loyal Customers,Platinum,1,1,0.26,2.6,0.0744,Low,Standard engagement / newsletter,0
CUST01882,2024-12-07,43,Female,North,Organic Search,389,13.0,27.0,7.0,267.22,38.17,9.0,Loyal Customers,Gold,3,2,0.37,3.1,0.4063,Medium,Monitor + include in nurture campaign,0
CUST01883,2025-10-24,52,Male,East,Paid Ads,68,2.3,54.0,2.0,53.73,26.86,5.0,Hibernating,Bronze,1,1,0.33,4.7,0.0013,Low,Standard engagement / newsletter,0
CUST01884,2024-02-14,66,Female,East,Referral,686,22.9,5.0,33.0,1980.4,60.01,15.0,Champions,Platinum,0,11,0.53,5.0,0.0015,Low,Upsell / referral program invite,0
CUST01885,2024-01-23,48,Other,East,Email Campaign,708,23.6,26.0,13.0,678.15,52.17,11.0,Loyal Customers,Platinum,1,5,0.4,4.0,0.3598,Medium,Monitor + include in nurture campaign,0
CUST01886,2025-08-08,49,Other,West,Referral,145,4.8,26.0,5.0,330.74,66.15,9.0,Loyal Customers,Gold,0,18,0.25,3.4,0.0104,Low,Standard engagement / newsletter,0
CUST01887,2024-07-29,29,Female,East,Email Campaign,520,17.3,10.0,33.0,2885.88,87.45,14.0,Champions,Platinum,0,6,0.45,4.3,0.0049,Low,Upsell / referral program invite,0
CUST01888,2024-12-08,21,Other,West,Social Media,388,12.9,61.0,9.0,431.49,47.94,10.0,At Risk,Gold,1,6,0.29,4.3,0.2241,Low,Standard engagement / newsletter,0
CUST01889,2025-11-21,39,Male,South,Organic Search,40,1.3,25.0,1.0,36.46,36.46,5.0,Promising,Bronze,0,2,0.52,3.4,0.0054,Low,Standard engagement / newsletter,0
CUST01890,2025-08-08,31,Male,South,Referral,145,4.8,31.0,8.0,768.96,96.12,11.0,Loyal Customers,Platinum,0,15,0.2,5.0,0.0161,Low,Standard engagement / newsletter,0
CUST01891,2025-01-03,23,Other,North,Paid Ads,362,12.1,98.0,6.0,272.12,45.35,7.0,At Risk,Gold,3,6,0.5,3.8,0.8795,High,Send targeted discount / re-engagement email,1
CUST01892,2024-08-11,40,Male,West,Organic Search,507,16.9,56.0,8.0,464.26,58.03,10.0,At Risk,Gold,0,8,0.48,4.9,0.0437,Low,Standard engagement / newsletter,0
CUST01893,2024-05-27,29,Male,North,Social Media,583,19.4,220.0,8.0,412.73,51.59,8.0,At Risk,Gold,0,3,0.2,3.0,0.6543,Medium,Monitor + include in nurture campaign,1
CUST01894,2024-04-11,49,Other,North,Organic Search,629,21.0,17.0,23.0,1523.94,66.26,14.0,Champions,Platinum,0,14,0.43,3.8,0.0012,Low,Upsell / referral program invite,0
CUST01895,2025-03-25,27,Female,Central,Organic Search,281,9.4,30.0,8.0,380.25,47.53,10.0,Loyal Customers,Gold,0,4,0.37,3.4,0.1,Low,Standard engagement / newsletter,0
CUST01896,2025-08-12,43,Male,East,Email Campaign,141,4.7,50.0,2.0,50.33,25.16,5.0,Hibernating,Bronze,1,4,0.31,5.0,0.2136,Low,Standard engagement / newsletter,0
CUST01897,2024-02-20,28,Male,North,Social Media,680,22.7,74.0,13.0,602.08,46.31,10.0,At Risk,Platinum,0,10,0.21,4.9,0.1767,Low,Standard engagement / newsletter,0
CUST01898,2025-03-31,57,Female,South,Paid Ads,275,9.2,78.0,1.0,18.43,18.43,4.0,Hibernating,Bronze,0,0,0.36,2.6,0.9259,High,Send targeted discount / re-engagement email,0
CUST01899,2025-10-25,28,Other,East,Social Media,67,2.2,32.0,1.0,98.74,98.74,5.0,Promising,Silver,2,10,0.42,4.6,0.0051,Low,Standard engagement / newsletter,0
CUST01900,2024-02-05,23,Other,South,Paid Ads,695,23.2,49.0,20.0,929.21,46.46,12.0,At Risk,Platinum,0,9,0.18,4.5,0.033,Low,Standard engagement / newsletter,0
CUST01901,2024-03-27,18,Other,South,Organic Search,644,21.5,144.0,13.0,654.99,50.38,9.0,At Risk,Platinum,0,3,0.51,4.3,0.8366,High,Send targeted discount / re-engagement email,1
CUST01902,2025-07-16,24,Male,East,Referral,168,5.6,32.0,2.0,57.42,28.71,6.0,Promising,Bronze,0,2,0.49,2.8,0.3221,Low,Standard engagement / newsletter,0
CUST01903,2024-09-13,25,Female,West,Email Campaign,474,15.8,24.0,31.0,1887.71,60.89,13.0,Loyal Customers,Platinum,0,12,0.48,4.4,0.003,Low,Standard engagement / newsletter,0
CUST01904,2025-05-10,33,Female,Central,Social Media,235,7.8,31.0,8.0,305.69,38.21,10.0,Loyal Customers,Gold,0,1,0.31,3.3,0.0163,Low,Standard engagement / newsletter,0
CUST01905,2024-09-13,41,Male,Central,Paid Ads,474,15.8,11.0,12.0,725.28,60.44,12.0,Champions,Platinum,0,7,0.45,3.2,0.0701,Low,Upsell / referral program invite,0
CUST01906,2025-11-21,28,Other,Central,Social Media,40,1.3,15.0,2.0,130.05,65.03,8.0,New Customers,Silver,0,7,0.5,4.2,0.0123,Low,Standard engagement / newsletter,0
CUST01907,2024-09-30,47,Other,Central,Social Media,457,15.2,3.0,7.0,233.32,33.33,10.0,Others,Silver,1,2,0.43,3.9,0.2087,Low,Standard engagement / newsletter,0
CUST01908,2024-05-02,39,Other,Central,Referral,608,20.3,68.0,6.0,294.58,49.1,8.0,At Risk,Gold,2,3,0.59,4.1,0.2431,Low,Standard engagement / newsletter,0
CUST01909,2025-08-13,54,Female,West,Email Campaign,140,4.7,140.0,0.0,0.0,0.0,1.0,Hibernating,Bronze,1,6,0.49,3.6,0.9781,High,Send targeted discount / re-engagement email,1
CUST01910,2025-09-17,53,Male,North,Social Media,105,3.5,94.0,1.0,82.74,82.74,3.0,Hibernating,Silver,0,0,0.16,3.9,0.128,Low,Standard engagement / newsletter,1
CUST01911,2024-03-07,57,Female,East,Social Media,664,22.1,352.0,1.0,95.96,95.96,3.0,Hibernating,Silver,1,0,0.39,5.0,0.8964,High,Send targeted discount / re-engagement email,1
CUST01912,2025-02-28,41,Female,South,Referral,306,10.2,222.0,2.0,145.23,72.61,5.0,Hibernating,Silver,1,4,0.44,4.0,0.5515,Medium,Monitor + include in nurture campaign,1
CUST01913,2025-07-12,32,Male,North,Email Campaign,172,5.7,2.0,9.0,724.0799999999999,80.45,13.0,Champions,Platinum,1,18,0.81,5.0,0.0049,Low,Upsell / referral program invite,0
CUST01914,2024-05-01,40,Male,East,Referral,609,20.3,32.0,13.0,711.85,54.76,11.0,Loyal Customers,Platinum,3,3,0.39,4.6,0.2931,Low,Standard engagement / newsletter,0
CUST01915,2024-01-13,51,Female,Central,Organic Search,718,23.9,59.0,18.0,901.03,50.06,12.0,At Risk,Platinum,4,3,0.49,5.0,0.1007,Low,Standard engagement / newsletter,0
CUST01916,2025-04-09,18,Other,West,Social Media,266,8.9,20.0,6.0,225.43,37.57,9.0,Others,Silver,0,2,0.2,3.2,0.1628,Low,Standard engagement / newsletter,0
CUST01917,2024-05-30,38,Female,North,Social Media,580,19.3,106.0,3.0,112.53,37.51,5.0,Hibernating,Silver,2,0,0.34,2.3,0.8525,High,Send targeted discount / re-engagement email,1
CUST01918,2025-12-25,52,Female,Central,Paid Ads,6,0.2,6.0,0.0,0.0,0.0,1.0,Hibernating,Bronze,0,2,0.08,4.1,0.0062,Low,Standard engagement / newsletter,0
CUST01919,2025-03-22,45,Male,Central,Referral,284,9.5,60.0,7.0,352.88,50.41,8.0,At Risk,Gold,1,8,0.42,4.0,0.0448,Low,Standard engagement / newsletter,0
CUST01920,2025-01-19,35,Male,West,Email Campaign,346,11.5,53.0,12.0,1144.32,95.36,11.0,At Risk,Platinum,0,10,0.45,3.9,0.0199,Low,Standard engagement / newsletter,0
CUST01921,2025-04-01,29,Female,West,Paid Ads,274,9.1,75.0,5.0,145.4,29.08,7.0,Others,Silver,0,3,0.14,2.8,0.0351,Low,Standard engagement / newsletter,0
CUST01922,2024-05-16,21,Male,West,Social Media,594,19.8,594.0,0.0,0.0,0.0,1.0,Hibernating,Bronze,1,0,0.22,2.7,0.9983,High,Send targeted discount / re-engagement email,1
CUST01923,2025-01-28,47,Male,East,Organic Search,337,11.2,94.0,3.0,200.25,66.75,5.0,Hibernating,Silver,2,0,0.08,3.5,0.8471,High,Send targeted discount / re-engagement email,1
CUST01924,2025-02-02,49,Female,South,Email Campaign,332,11.1,1.0,9.0,428.64,47.63,13.0,Champions,Gold,1,6,0.55,5.0,0.0936,Low,Upsell / referral program invite,0
CUST01925,2024-10-29,37,Other,East,Referral,428,14.3,174.0,1.0,81.26,81.26,3.0,Hibernating,Silver,1,0,0.21,3.9,0.9121,High,Send targeted discount / re-engagement email,1
CUST01926,2024-09-29,44,Other,Central,Referral,458,15.3,27.0,21.0,1358.71,64.7,13.0,Loyal Customers,Platinum,1,10,0.32,4.5,0.0012,Low,Standard engagement / newsletter,0
CUST01927,2025-12-12,30,Female,South,Organic Search,19,0.6,13.0,1.0,53.58,53.58,6.0,New Customers,Bronze,0,0,0.49,3.8,0.0035,Low,Standard engagement / newsletter,0
CUST01928,2024-08-06,35,Male,South,Referral,512,17.1,22.0,11.0,666.07,60.55,12.0,Champions,Platinum,0,4,0.35,3.1,0.0573,Low,Upsell / referral program invite,0
CUST01929,2024-11-05,56,Male,West,Email Campaign,421,14.0,83.0,7.0,256.75,36.68,8.0,At Risk,Silver,1,0,0.49,3.8,0.16,Low,Standard engagement / newsletter,0
CUST01930,2024-11-06,37,Female,East,Email Campaign,420,14.0,28.0,8.0,401.91,50.24,10.0,Loyal Customers,Gold,0,4,0.35,4.3,0.291,Low,Standard engagement / newsletter,0
CUST01931,2024-09-14,54,Female,South,Referral,473,15.8,30.0,14.0,888.86,63.49,13.0,Loyal Customers,Platinum,1,4,0.41,3.7,0.0381,Low,Standard engagement / newsletter,0
CUST01932,2025-01-01,39,Male,South,Organic Search,364,12.1,105.0,3.0,148.78,49.59,5.0,Hibernating,Silver,0,2,0.25,4.3,0.8997,High,Send targeted discount / re-engagement email,1
CUST01933,2024-07-07,41,Other,North,Paid Ads,542,18.1,203.0,2.0,136.3,68.15,5.0,Hibernating,Silver,1,4,0.18,4.2,0.9475,High,Send targeted discount / re-engagement email,1
CUST01934,2025-02-08,36,Male,East,Referral,326,10.9,105.0,9.0,390.86,43.43,8.0,At Risk,Gold,0,2,0.21,4.2,0.6957,High,Send targeted discount / re-engagement email,1
CUST01935,2024-01-21,40,Male,West,Organic Search,710,23.7,119.0,7.0,304.27,43.47,7.0,At Risk,Gold,0,2,0.46,3.8,0.688,High,Send targeted discount / re-engagement email,1
CUST01936,2024-09-08,66,Male,North,Paid Ads,479,16.0,1.0,8.0,374.75,46.84,12.0,Loyal Customers,Gold,0,2,0.3,2.6,0.0985,Low,Standard engagement / newsletter,0
CUST01937,2024-05-15,36,Male,West,Paid Ads,595,19.8,24.0,25.0,1737.12,69.48,13.0,Loyal Customers,Platinum,0,7,0.42,4.5,0.0026,Low,Standard engagement / newsletter,0
CUST01938,2024-02-06,44,Female,West,Referral,694,23.1,71.0,17.0,825.02,48.53,11.0,At Risk,Platinum,0,5,0.22,4.1,0.0782,Low,Standard engagement / newsletter,0
CUST01939,2025-05-17,46,Female,East,Social Media,228,7.6,13.0,12.0,751.96,62.66,12.0,Champions,Platinum,0,7,0.47,4.6,0.0077,Low,Upsell / referral program invite,0
CUST01940,2025-06-05,75,Other,North,Referral,209,7.0,135.0,2.0,71.96000000000001,35.98,4.0,Hibernating,Bronze,0,3,0.45,4.0,0.2943,Low,Standard engagement / newsletter,1
CUST01941,2024-05-12,18,Male,South,Organic Search,598,19.9,9.0,29.0,2022.55,69.74,15.0,Champions,Platinum,0,12,0.67,3.5,0.0017,Low,Upsell / referral program invite,0
CUST01942,2025-03-27,34,Female,West,Organic Search,279,9.3,6.0,5.0,284.17,56.83,11.0,Loyal Customers,Gold,1,3,0.4,3.1,0.1056,Low,Standard engagement / newsletter,0
CUST01943,2025-07-31,29,Other,West,Paid Ads,153,5.1,153.0,0.0,0.0,0.0,1.0,Hibernating,Bronze,0,3,0.41,2.7,0.9896,High,Send targeted discount / re-engagement email,1
CUST01944,2025-11-17,36,Male,East,Social Media,44,1.5,44.0,0.0,0.0,0.0,1.0,Hibernating,Bronze,1,7,0.71,4.5,0.0085,Low,Standard engagement / newsletter,0
CUST01945,2025-05-11,38,Male,North,Paid Ads,234,7.8,33.0,6.0,340.38,56.73,9.0,Loyal Customers,Gold,0,2,0.32,4.4,0.1369,Low,Standard engagement / newsletter,0
CUST01946,2025-02-02,35,Female,West,Paid Ads,332,11.1,105.0,10.0,844.3,84.43,10.0,At Risk,Platinum,0,7,0.39,4.6,0.8161,High,Send targeted discount / re-engagement email,1
CUST01947,2025-11-08,18,Other,North,Paid Ads,53,1.8,53.0,0.0,0.0,0.0,1.0,Hibernating,Bronze,1,0,0.21,3.3,0.0139,Low,Standard engagement / newsletter,0
CUST01948,2025-11-21,62,Female,North,Email Campaign,40,1.3,40.0,0.0,0.0,0.0,1.0,Hibernating,Bronze,0,1,0.39,3.6,0.0059,Low,Standard engagement / newsletter,0
CUST01949,2024-11-22,35,Other,South,Social Media,404,13.5,13.0,14.0,1014.0,72.43,14.0,Champions,Platinum,0,7,0.55,3.8,0.0022,Low,Upsell / referral program invite,0
CUST01950,2025-02-11,18,Female,East,Referral,323,10.8,17.0,10.0,566.54,56.65,12.0,Champions,Gold,0,1,0.41,3.5,0.0312,Low,Upsell / referral program invite,0
CUST01951,2024-04-24,53,Male,North,Email Campaign,616,20.5,77.0,16.0,860.92,53.81,12.0,At Risk,Platinum,0,7,0.48,3.7,0.0932,Low,Standard engagement / newsletter,0
CUST01952,2024-08-24,38,Other,North,Referral,494,16.5,27.0,3.0,79.27,26.42,6.0,Promising,Bronze,2,1,0.23,4.2,0.8979,High,Send targeted discount / re-engagement email,0
CUST01953,2025-11-07,46,Female,East,Paid Ads,54,1.8,17.0,3.0,218.22000000000003,72.74,8.0,New Customers,Silver,0,6,0.59,3.9,0.0004,Low,Standard engagement / newsletter,0
CUST01954,2025-11-08,44,Female,North,Paid Ads,53,1.8,34.0,1.0,38.19,38.19,5.0,Promising,Bronze,0,2,0.37,4.7,0.0018,Low,Standard engagement / newsletter,0
CUST01955,2025-01-06,64,Male,South,Social Media,359,12.0,40.0,7.0,321.63,45.95,9.0,Loyal Customers,Gold,0,0,0.29,3.8,0.0774,Low,Standard engagement / newsletter,0
CUST01956,2025-06-03,29,Female,North,Paid Ads,211,7.0,48.0,4.0,125.09,31.27,6.0,Hibernating,Silver,1,3,0.35,4.0,0.0271,Low,Standard engagement / newsletter,0
CUST01957,2025-01-30,35,Female,Central,Organic Search,335,11.2,13.0,7.0,516.04,73.72,11.0,Loyal Customers,Gold,2,6,0.54,3.9,0.0488,Low,Standard engagement / newsletter,0
CUST01958,2025-04-30,28,Female,South,Organic Search,245,8.2,28.0,1.0,34.05,34.05,5.0,Promising,Bronze,0,3,0.12,3.8,0.4249,Medium,Monitor + include in nurture campaign,0
CUST01959,2025-12-14,18,Male,Central,Social Media,17,0.6,12.0,1.0,55.98,55.98,6.0,New Customers,Bronze,2,4,0.58,3.9,0.0032,Low,Standard engagement / newsletter,0
CUST01960,2025-08-22,37,Other,Central,Paid Ads,131,4.4,19.0,2.0,64.77,32.38,7.0,New Customers,Bronze,1,7,0.23,3.6,0.158,Low,Standard engagement / newsletter,0
CUST01961,2025-09-09,42,Female,North,Paid Ads,113,3.8,4.0,3.0,80.5,26.83,8.0,New Customers,Silver,0,2,0.37,4.5,0.021,Low,Standard engagement / newsletter,0
CUST01962,2025-09-14,34,Male,West,Organic Search,108,3.6,6.0,8.0,554.38,69.3,13.0,Champions,Gold,0,17,0.6,4.2,0.0016,Low,Upsell / referral program invite,0
CUST01963,2024-08-08,46,Other,Central,Referral,510,17.0,66.0,15.0,908.56,60.57,12.0,At Risk,Platinum,0,6,0.26,3.8,0.0151,Low,Standard engagement / newsletter,0
CUST01964,2024-09-03,38,Other,North,Organic Search,484,16.1,67.0,19.0,1196.71,62.98,12.0,At Risk,Platinum,0,16,0.64,5.0,0.0007,Low,Standard engagement / newsletter,0
CUST01965,2024-10-04,33,Female,South,Email Campaign,453,15.1,395.0,1.0,8.82,8.82,3.0,Hibernating,Bronze,1,0,0.18,2.8,0.9958,High,Send targeted discount / re-engagement email,1
CUST01966,2025-10-02,21,Male,South,Social Media,90,3.0,4.0,3.0,171.82,57.27,9.0,New Customers,Silver,3,7,0.2,3.9,0.0024,Low,Standard engagement / newsletter,0
CUST01967,2024-12-19,37,Male,East,Email Campaign,377,12.6,166.0,3.0,183.67,61.22,5.0,Hibernating,Silver,0,5,0.36,4.2,0.9653,High,Send targeted discount / re-engagement email,1
CUST01968,2024-07-02,41,Other,East,Social Media,547,18.2,20.0,25.0,2086.75,83.47,14.0,Champions,Platinum,1,8,0.62,4.8,0.0019,Low,Upsell / referral program invite,0
CUST01969,2024-04-19,45,Other,South,Organic Search,621,20.7,8.0,11.0,634.5699999999999,57.69,13.0,Champions,Platinum,0,4,0.55,5.0,0.0678,Low,Upsell / referral program invite,0
CUST01970,2025-10-20,19,Other,West,Referral,72,2.4,72.0,0.0,0.0,0.0,1.0,Hibernating,Bronze,1,3,0.04,2.2,0.0175,Low,Standard engagement / newsletter,0
CUST01971,2024-12-26,42,Other,South,Referral,370,12.3,12.0,1.0,82.44,82.44,6.0,New Customers,Silver,2,0,0.24,3.7,0.5816,Medium,Monitor + include in nurture campaign,0
CUST01972,2024-03-21,55,Male,West,Social Media,650,21.7,77.0,6.0,310.25,51.71,8.0,At Risk,Gold,0,2,0.32,3.1,0.4965,Medium,Monitor + include in nurture campaign,0
CUST01973,2025-01-05,49,Other,East,Email Campaign,360,12.0,134.0,9.0,324.85,36.09,8.0,At Risk,Gold,0,11,0.55,5.0,0.0648,Low,Standard engagement / newsletter,1
CUST01974,2025-12-02,65,Other,West,Paid Ads,29,1.0,9.0,2.0,184.89,92.44,9.0,New Customers,Silver,0,5,0.22,3.6,0.0008,Low,Standard engagement / newsletter,0
CUST01975,2025-01-21,18,Other,South,Email Campaign,344,11.5,14.0,19.0,1216.64,64.03,14.0,Champions,Platinum,1,10,0.35,5.0,0.001,Low,Upsell / referral program invite,0
CUST01976,2024-05-13,29,Female,East,Social Media,597,19.9,477.0,2.0,76.84,38.42,4.0,Hibernating,Bronze,0,0,0.1,3.2,0.9461,High,Send targeted discount / re-engagement email,1
CUST01977,2024-10-11,36,Female,Central,Email Campaign,446,14.9,6.0,4.0,109.7,27.42,9.0,New Customers,Silver,0,4,0.0,3.0,0.1882,Low,Standard engagement / newsletter,0
CUST01978,2025-04-25,33,Male,North,Email Campaign,250,8.3,21.0,8.0,356.41,44.55,11.0,Loyal Customers,Gold,1,3,0.62,3.9,0.0843,Low,Standard engagement / newsletter,0
CUST01979,2025-12-15,28,Male,West,Referral,16,0.5,16.0,0.0,0.0,0.0,1.0,Hibernating,Bronze,0,3,0.57,5.0,0.0065,Low,Standard engagement / newsletter,0
CUST01980,2025-11-15,38,Female,Central,Referral,46,1.5,46.0,0.0,0.0,0.0,1.0,Hibernating,Bronze,2,7,0.43,3.0,0.0181,Low,Standard engagement / newsletter,0
CUST01981,2025-07-30,40,Female,North,Email Campaign,154,5.1,154.0,0.0,0.0,0.0,1.0,Hibernating,Bronze,0,3,0.13,3.6,0.9904,High,Send targeted discount / re-engagement email,1
CUST01982,2025-10-09,38,Female,South,Organic Search,83,2.8,83.0,0.0,0.0,0.0,1.0,Hibernating,Bronze,1,2,0.56,3.5,0.0122,Low,Standard engagement / newsletter,0
CUST01983,2024-03-22,25,Other,East,Email Campaign,649,21.6,153.0,9.0,361.6,40.18,8.0,At Risk,Gold,1,1,0.41,4.2,0.9103,High,Send targeted discount / re-engagement email,1
CUST01984,2024-12-03,38,Male,East,Organic Search,393,13.1,33.0,8.0,430.16,53.77,11.0,Loyal Customers,Gold,2,2,0.41,2.6,0.1684,Low,Standard engagement / newsletter,0
CUST01985,2024-01-08,37,Other,Central,Social Media,723,24.1,54.0,9.0,408.9,45.43,9.0,At Risk,Gold,2,0,0.4,3.4,0.5695,Medium,Monitor + include in nurture campaign,0
CUST01986,2025-12-08,21,Male,Central,Social Media,23,0.8,8.0,2.0,176.45,88.22,9.0,New Customers,Silver,0,6,0.52,4.4,0.0105,Low,Standard engagement / newsletter,0
CUST01987,2025-05-15,19,Other,South,Email Campaign,230,7.7,30.0,3.0,174.95999999999998,58.32,7.0,Promising,Silver,1,4,0.27,3.5,0.1729,Low,Standard engagement / newsletter,0
CUST01988,2024-06-01,47,Female,East,Social Media,578,19.3,30.0,17.0,1010.18,59.42,13.0,Loyal Customers,Platinum,0,2,0.42,3.4,0.0342,Low,Standard engagement / newsletter,0
CUST01989,2025-12-23,34,Other,East,Organic Search,8,0.3,8.0,0.0,0.0,0.0,1.0,Hibernating,Bronze,0,1,0.2,5.0,0.0046,Low,Standard engagement / newsletter,0
CUST01990,2025-06-30,37,Male,Central,Organic Search,184,6.1,22.0,6.0,439.12,73.19,11.0,Loyal Customers,Gold,1,3,0.37,4.7,0.0699,Low,Standard engagement / newsletter,0
CUST01991,2024-02-26,34,Male,South,Paid Ads,674,22.5,13.0,21.0,1036.27,49.35,14.0,Champions,Platinum,0,5,0.49,3.2,0.0087,Low,Upsell / referral program invite,0
CUST01992,2025-07-19,37,Male,South,Organic Search,165,5.5,21.0,11.0,743.61,67.6,12.0,Champions,Platinum,0,6,0.42,4.7,0.0419,Low,Upsell / referral program invite,0
CUST01993,2025-10-02,43,Female,South,Organic Search,90,3.0,90.0,0.0,0.0,0.0,1.0,Hibernating,Bronze,1,2,0.35,4.5,0.0064,Low,Standard engagement / newsletter,0
CUST01994,2025-07-01,48,Male,Central,Social Media,183,6.1,26.0,8.0,478.66,59.83,11.0,Loyal Customers,Gold,1,15,0.57,3.9,0.0014,Low,Standard engagement / newsletter,0
CUST01995,2025-07-13,19,Other,West,Email Campaign,171,5.7,171.0,0.0,0.0,0.0,1.0,Hibernating,Bronze,2,0,0.32,3.1,0.9928,High,Send targeted discount / re-engagement email,1
CUST01996,2025-05-24,38,Other,Central,Referral,221,7.4,221.0,0.0,0.0,0.0,1.0,Hibernating,Bronze,1,0,0.29,3.2,0.9963,High,Send targeted discount / re-engagement email,1
CUST01997,2025-12-21,29,Male,East,Paid Ads,10,0.3,8.0,1.0,34.68,34.68,7.0,New Customers,Bronze,0,0,0.56,5.0,0.006,Low,Standard engagement / newsletter,0
CUST01998,2024-05-10,30,Other,North,Organic Search,600,20.0,43.0,12.0,681.46,56.79,10.0,At Risk,Platinum,0,1,0.7,5.0,0.0481,Low,Standard engagement / newsletter,0
CUST01999,2025-11-29,50,Male,West,Organic Search,32,1.1,9.0,3.0,341.88,113.96,10.0,New Customers,Gold,0,10,0.56,4.6,0.0008,Low,Standard engagement / newsletter,0
CUST02000,2025-09-23,33,Female,North,Referral,99,3.3,37.0,2.0,97.0,48.5,6.0,Promising,Silver,1,1,0.4,3.5,0.1449,Low,Standard engagement / newsletter,0
